<?xml version="1.0" encoding="UTF-8"?>
<gpx creator="Garmin Connect" version="1.1"
  xsi:schemaLocation="http://www.topografix.com/GPX/1/1 http://www.topografix.com/GPX/11.xsd"
  xmlns:ns3="http://www.garmin.com/xmlschemas/TrackPointExtension/v1"
  xmlns="http://www.topografix.com/GPX/1/1"
  xmlns:xsi="http://www.w3.org/2001/XMLSchema-instance" xmlns:ns2="http://www.garmin.com/xmlschemas/GpxExtensions/v3">
  <metadata>
    <link href="connect.garmin.com">
      <text>Garmin Connect</text>
    </link>
    <time>2025-05-30T08:50:01.000Z</time>
  </metadata>
  <trk>
    <name>Villard-sur-Doron Cyclisme sur route</name>
    <type>road_biking</type>
    <trkseg>
      <trkpt lat="45.7261482439935207366943359375" lon="6.53103201650083065032958984375">
        <ele>710.79998779296875</ele>
        <time>2025-05-30T08:50:01.000Z</time>
        <extensions>
          <ns3:TrackPointExtension>
            <ns3:atemp>40.0</ns3:atemp>
          </ns3:TrackPointExtension>
        </extensions>
      </trkpt>
      <trkpt lat="45.72620599530637264251708984375" lon="6.53127106837928295135498046875">
        <ele>706.20001220703125</ele>
        <time>2025-05-30T08:50:06.000Z</time>
        <extensions>
          <ns3:TrackPointExtension>
            <ns3:atemp>40.0</ns3:atemp>
          </ns3:TrackPointExtension>
        </extensions>
      </trkpt>
      <trkpt lat="45.726254023611545562744140625" lon="6.5313739143311977386474609375">
        <ele>706.4000244140625</ele>
        <time>2025-05-30T08:50:08.000Z</time>
        <extensions>
          <ns3:TrackPointExtension>
            <ns3:atemp>40.0</ns3:atemp>
          </ns3:TrackPointExtension>
        </extensions>
      </trkpt>
      <trkpt lat="45.72638520039618015289306640625" lon="6.5315784327685832977294921875">
        <ele>707</ele>
        <time>2025-05-30T08:50:12.000Z</time>
        <extensions>
          <ns3:TrackPointExtension>
            <ns3:atemp>39.0</ns3:atemp>
          </ns3:TrackPointExtension>
        </extensions>
      </trkpt>
      <trkpt lat="45.72641973383724689483642578125" lon="6.53163366951048374176025390625">
        <ele>706.79998779296875</ele>
        <time>2025-05-30T08:50:13.000Z</time>
        <extensions>
          <ns3:TrackPointExtension>
            <ns3:atemp>39.0</ns3:atemp>
          </ns3:TrackPointExtension>
        </extensions>
      </trkpt>
      <trkpt lat="45.72648636996746063232421875" lon="6.5317433886229991912841796875">
        <ele>706.5999755859375</ele>
        <time>2025-05-30T08:50:15.000Z</time>
        <extensions>
          <ns3:TrackPointExtension>
            <ns3:atemp>39.0</ns3:atemp>
          </ns3:TrackPointExtension>
        </extensions>
      </trkpt>
      <trkpt lat="45.72658318094909191131591796875" lon="6.53191295452415943145751953125">
        <ele>707</ele>
        <time>2025-05-30T08:50:18.000Z</time>
        <extensions>
          <ns3:TrackPointExtension>
            <ns3:atemp>39.0</ns3:atemp>
          </ns3:TrackPointExtension>
        </extensions>
      </trkpt>
      <trkpt lat="45.72665090672671794891357421875" lon="6.5320377610623836517333984375">
        <ele>707.4000244140625</ele>
        <time>2025-05-30T08:50:20.000Z</time>
        <extensions>
          <ns3:TrackPointExtension>
            <ns3:atemp>39.0</ns3:atemp>
          </ns3:TrackPointExtension>
        </extensions>
      </trkpt>
      <trkpt lat="45.7267726957798004150390625" lon="6.53236943297088146209716796875">
        <ele>707.79998779296875</ele>
        <time>2025-05-30T08:50:25.000Z</time>
        <extensions>
          <ns3:TrackPointExtension>
            <ns3:atemp>39.0</ns3:atemp>
          </ns3:TrackPointExtension>
        </extensions>
      </trkpt>
      <trkpt lat="45.72682642377912998199462890625" lon="6.53258300386369228363037109375">
        <ele>708.79998779296875</ele>
        <time>2025-05-30T08:50:28.000Z</time>
        <extensions>
          <ns3:TrackPointExtension>
            <ns3:atemp>39.0</ns3:atemp>
          </ns3:TrackPointExtension>
        </extensions>
      </trkpt>
      <trkpt lat="45.72685492224991321563720703125" lon="6.53272415511310100555419921875">
        <ele>709.20001220703125</ele>
        <time>2025-05-30T08:50:30.000Z</time>
        <extensions>
          <ns3:TrackPointExtension>
            <ns3:atemp>39.0</ns3:atemp>
          </ns3:TrackPointExtension>
        </extensions>
      </trkpt>
      <trkpt lat="45.72687738575041294097900390625" lon="6.532946191728115081787109375">
        <ele>709.5999755859375</ele>
        <time>2025-05-30T08:50:33.000Z</time>
        <extensions>
          <ns3:TrackPointExtension>
            <ns3:atemp>39.0</ns3:atemp>
          </ns3:TrackPointExtension>
        </extensions>
      </trkpt>
      <trkpt lat="45.72687906213104724884033203125" lon="6.53302053920924663543701171875">
        <ele>709.79998779296875</ele>
        <time>2025-05-30T08:50:34.000Z</time>
        <extensions>
          <ns3:TrackPointExtension>
            <ns3:atemp>39.0</ns3:atemp>
          </ns3:TrackPointExtension>
        </extensions>
      </trkpt>
      <trkpt lat="45.726865567266941070556640625" lon="6.53338531963527202606201171875">
        <ele>711</ele>
        <time>2025-05-30T08:50:39.000Z</time>
        <extensions>
          <ns3:TrackPointExtension>
            <ns3:atemp>38.0</ns3:atemp>
          </ns3:TrackPointExtension>
        </extensions>
      </trkpt>
      <trkpt lat="45.72685240767896175384521484375" lon="6.53352747671306133270263671875">
        <ele>711.4000244140625</ele>
        <time>2025-05-30T08:50:41.000Z</time>
        <extensions>
          <ns3:TrackPointExtension>
            <ns3:atemp>38.0</ns3:atemp>
          </ns3:TrackPointExtension>
        </extensions>
      </trkpt>
      <trkpt lat="45.7268315367400646209716796875" lon="6.533740460872650146484375">
        <ele>712</ele>
        <time>2025-05-30T08:50:44.000Z</time>
        <extensions>
          <ns3:TrackPointExtension>
            <ns3:atemp>38.0</ns3:atemp>
          </ns3:TrackPointExtension>
        </extensions>
      </trkpt>
      <trkpt lat="45.7268127612769603729248046875" lon="6.5338837914168834686279296875">
        <ele>712.5999755859375</ele>
        <time>2025-05-30T08:50:46.000Z</time>
        <extensions>
          <ns3:TrackPointExtension>
            <ns3:atemp>38.0</ns3:atemp>
          </ns3:TrackPointExtension>
        </extensions>
      </trkpt>
      <trkpt lat="45.72678317315876483917236328125" lon="6.5340993739664554595947265625">
        <ele>713.20001220703125</ele>
        <time>2025-05-30T08:50:49.000Z</time>
        <extensions>
          <ns3:TrackPointExtension>
            <ns3:atemp>38.0</ns3:atemp>
          </ns3:TrackPointExtension>
        </extensions>
      </trkpt>
      <trkpt lat="45.72676305659115314483642578125" lon="6.53424739837646484375">
        <ele>713.5999755859375</ele>
        <time>2025-05-30T08:50:51.000Z</time>
        <extensions>
          <ns3:TrackPointExtension>
            <ns3:atemp>38.0</ns3:atemp>
          </ns3:TrackPointExtension>
        </extensions>
      </trkpt>
      <trkpt lat="45.7267324626445770263671875" lon="6.53444311581552028656005859375">
        <ele>714.20001220703125</ele>
        <time>2025-05-30T08:50:54.000Z</time>
        <extensions>
          <ns3:TrackPointExtension>
            <ns3:atemp>38.0</ns3:atemp>
          </ns3:TrackPointExtension>
        </extensions>
      </trkpt>
      <trkpt lat="45.72668217122554779052734375" lon="6.5347484685480594635009765625">
        <ele>715.4000244140625</ele>
        <time>2025-05-30T08:50:58.000Z</time>
        <extensions>
          <ns3:TrackPointExtension>
            <ns3:atemp>38.0</ns3:atemp>
          </ns3:TrackPointExtension>
        </extensions>
      </trkpt>
      <trkpt lat="45.72661369107663631439208984375" lon="6.53500336222350597381591796875">
        <ele>716</ele>
        <time>2025-05-30T08:51:01.000Z</time>
        <extensions>
          <ns3:TrackPointExtension>
            <ns3:atemp>38.0</ns3:atemp>
          </ns3:TrackPointExtension>
        </extensions>
      </trkpt>
      <trkpt lat="45.726555101573467254638671875" lon="6.53514568693935871124267578125">
        <ele>716.20001220703125</ele>
        <time>2025-05-30T08:51:03.000Z</time>
        <extensions>
          <ns3:TrackPointExtension>
            <ns3:atemp>38.0</ns3:atemp>
          </ns3:TrackPointExtension>
        </extensions>
      </trkpt>
      <trkpt lat="45.7264660857617855072021484375" lon="6.53531349264085292816162109375">
        <ele>716.20001220703125</ele>
        <time>2025-05-30T08:51:05.000Z</time>
        <extensions>
          <ns3:TrackPointExtension>
            <ns3:atemp>38.0</ns3:atemp>
          </ns3:TrackPointExtension>
        </extensions>
      </trkpt>
      <trkpt lat="45.7264278642833232879638671875" lon="6.53537032194435596466064453125">
        <ele>716.20001220703125</ele>
        <time>2025-05-30T08:51:06.000Z</time>
        <extensions>
          <ns3:TrackPointExtension>
            <ns3:atemp>38.0</ns3:atemp>
          </ns3:TrackPointExtension>
        </extensions>
      </trkpt>
      <trkpt lat="45.72614162229001522064208984375" lon="6.53569621033966541290283203125">
        <ele>716</ele>
        <time>2025-05-30T08:51:11.000Z</time>
        <extensions>
          <ns3:TrackPointExtension>
            <ns3:atemp>37.0</ns3:atemp>
          </ns3:TrackPointExtension>
        </extensions>
      </trkpt>
      <trkpt lat="45.7258407957851886749267578125" lon="6.53617699630558490753173828125">
        <ele>715.79998779296875</ele>
        <time>2025-05-30T08:51:17.000Z</time>
        <extensions>
          <ns3:TrackPointExtension>
            <ns3:atemp>37.0</ns3:atemp>
          </ns3:TrackPointExtension>
        </extensions>
      </trkpt>
      <trkpt lat="45.72571649216115474700927734375" lon="6.53649316169321537017822265625">
        <ele>715.79998779296875</ele>
        <time>2025-05-30T08:51:20.000Z</time>
        <extensions>
          <ns3:TrackPointExtension>
            <ns3:atemp>37.0</ns3:atemp>
          </ns3:TrackPointExtension>
        </extensions>
      </trkpt>
      <trkpt lat="45.7256362773478031158447265625" lon="6.53671494685113430023193359375">
        <ele>715.5999755859375</ele>
        <time>2025-05-30T08:51:22.000Z</time>
        <extensions>
          <ns3:TrackPointExtension>
            <ns3:atemp>37.0</ns3:atemp>
          </ns3:TrackPointExtension>
        </extensions>
      </trkpt>
      <trkpt lat="45.72547157295048236846923828125" lon="6.53720579110085964202880859375">
        <ele>714.20001220703125</ele>
        <time>2025-05-30T08:51:26.000Z</time>
        <extensions>
          <ns3:TrackPointExtension>
            <ns3:atemp>37.0</ns3:atemp>
          </ns3:TrackPointExtension>
        </extensions>
      </trkpt>
      <trkpt lat="45.7253358699381351470947265625" lon="6.53758951462805271148681640625">
        <ele>713.4000244140625</ele>
        <time>2025-05-30T08:51:29.000Z</time>
        <extensions>
          <ns3:TrackPointExtension>
            <ns3:atemp>37.0</ns3:atemp>
          </ns3:TrackPointExtension>
        </extensions>
      </trkpt>
      <trkpt lat="45.725252889096736907958984375" lon="6.53783929534256458282470703125">
        <ele>713</ele>
        <time>2025-05-30T08:51:31.000Z</time>
        <extensions>
          <ns3:TrackPointExtension>
            <ns3:atemp>37.0</ns3:atemp>
          </ns3:TrackPointExtension>
        </extensions>
      </trkpt>
      <trkpt lat="45.725162029266357421875" lon="6.5382130444049835205078125">
        <ele>712.20001220703125</ele>
        <time>2025-05-30T08:51:34.000Z</time>
        <extensions>
          <ns3:TrackPointExtension>
            <ns3:atemp>37.0</ns3:atemp>
          </ns3:TrackPointExtension>
        </extensions>
      </trkpt>
      <trkpt lat="45.72514048777520656585693359375" lon="6.5383429639041423797607421875">
        <ele>712.20001220703125</ele>
        <time>2025-05-30T08:51:35.000Z</time>
        <extensions>
          <ns3:TrackPointExtension>
            <ns3:atemp>37.0</ns3:atemp>
          </ns3:TrackPointExtension>
        </extensions>
      </trkpt>
      <trkpt lat="45.72512623853981494903564453125" lon="6.5384787507355213165283203125">
        <ele>711.79998779296875</ele>
        <time>2025-05-30T08:51:36.000Z</time>
        <extensions>
          <ns3:TrackPointExtension>
            <ns3:atemp>37.0</ns3:atemp>
          </ns3:TrackPointExtension>
        </extensions>
      </trkpt>
      <trkpt lat="45.72511265985667705535888671875" lon="6.53875208459794521331787109375">
        <ele>711.4000244140625</ele>
        <time>2025-05-30T08:51:38.000Z</time>
        <extensions>
          <ns3:TrackPointExtension>
            <ns3:atemp>37.0</ns3:atemp>
          </ns3:TrackPointExtension>
        </extensions>
      </trkpt>
      <trkpt lat="45.72511668317019939422607421875" lon="6.53918811120092868804931640625">
        <ele>710.4000244140625</ele>
        <time>2025-05-30T08:51:41.000Z</time>
        <extensions>
          <ns3:TrackPointExtension>
            <ns3:atemp>36.0</ns3:atemp>
          </ns3:TrackPointExtension>
        </extensions>
      </trkpt>
      <trkpt lat="45.72513545863330364227294921875" lon="6.53978389687836170196533203125">
        <ele>709.20001220703125</ele>
        <time>2025-05-30T08:51:45.000Z</time>
        <extensions>
          <ns3:TrackPointExtension>
            <ns3:atemp>36.0</ns3:atemp>
          </ns3:TrackPointExtension>
        </extensions>
      </trkpt>
      <trkpt lat="45.7251472771167755126953125" lon="6.54006150551140308380126953125">
        <ele>708.5999755859375</ele>
        <time>2025-05-30T08:51:47.000Z</time>
        <extensions>
          <ns3:TrackPointExtension>
            <ns3:atemp>36.0</ns3:atemp>
          </ns3:TrackPointExtension>
        </extensions>
      </trkpt>
      <trkpt lat="45.72515624575316905975341796875" lon="6.54019511304795742034912109375">
        <ele>708.20001220703125</ele>
        <time>2025-05-30T08:51:48.000Z</time>
        <extensions>
          <ns3:TrackPointExtension>
            <ns3:atemp>36.0</ns3:atemp>
          </ns3:TrackPointExtension>
        </extensions>
      </trkpt>
      <trkpt lat="45.7252061180770397186279296875" lon="6.54059777967631816864013671875">
        <ele>707.20001220703125</ele>
        <time>2025-05-30T08:51:51.000Z</time>
        <extensions>
          <ns3:TrackPointExtension>
            <ns3:atemp>36.0</ns3:atemp>
          </ns3:TrackPointExtension>
        </extensions>
      </trkpt>
      <trkpt lat="45.72523503564298152923583984375" lon="6.54073323123157024383544921875">
        <ele>707</ele>
        <time>2025-05-30T08:51:52.000Z</time>
        <extensions>
          <ns3:TrackPointExtension>
            <ns3:atemp>36.0</ns3:atemp>
          </ns3:TrackPointExtension>
        </extensions>
      </trkpt>
      <trkpt lat="45.725302509963512420654296875" lon="6.54099290259182453155517578125">
        <ele>706.5999755859375</ele>
        <time>2025-05-30T08:51:54.000Z</time>
        <extensions>
          <ns3:TrackPointExtension>
            <ns3:atemp>36.0</ns3:atemp>
          </ns3:TrackPointExtension>
        </extensions>
      </trkpt>
      <trkpt lat="45.72539831511676311492919921875" lon="6.5412306971848011016845703125">
        <ele>705.79998779296875</ele>
        <time>2025-05-30T08:51:56.000Z</time>
        <extensions>
          <ns3:TrackPointExtension>
            <ns3:atemp>36.0</ns3:atemp>
          </ns3:TrackPointExtension>
        </extensions>
      </trkpt>
      <trkpt lat="45.72563300840556621551513671875" lon="6.54165641404688358306884765625">
        <ele>705.5999755859375</ele>
        <time>2025-05-30T08:52:00.000Z</time>
        <extensions>
          <ns3:TrackPointExtension>
            <ns3:atemp>36.0</ns3:atemp>
          </ns3:TrackPointExtension>
        </extensions>
      </trkpt>
      <trkpt lat="45.72569738142192363739013671875" lon="6.5417562425136566162109375">
        <ele>705.4000244140625</ele>
        <time>2025-05-30T08:52:01.000Z</time>
        <extensions>
          <ns3:TrackPointExtension>
            <ns3:atemp>36.0</ns3:atemp>
          </ns3:TrackPointExtension>
        </extensions>
      </trkpt>
      <trkpt lat="45.72582696564495563507080078125" lon="6.541961096227169036865234375">
        <ele>704.79998779296875</ele>
        <time>2025-05-30T08:52:03.000Z</time>
        <extensions>
          <ns3:TrackPointExtension>
            <ns3:atemp>35.0</ns3:atemp>
          </ns3:TrackPointExtension>
        </extensions>
      </trkpt>
      <trkpt lat="45.72620331309735774993896484375" lon="6.54257322661578655242919921875">
        <ele>704</ele>
        <time>2025-05-30T08:52:09.000Z</time>
        <extensions>
          <ns3:TrackPointExtension>
            <ns3:atemp>35.0</ns3:atemp>
          </ns3:TrackPointExtension>
        </extensions>
      </trkpt>
      <trkpt lat="45.726268105208873748779296875" lon="6.542671211063861846923828125">
        <ele>703.79998779296875</ele>
        <time>2025-05-30T08:52:10.000Z</time>
        <extensions>
          <ns3:TrackPointExtension>
            <ns3:atemp>35.0</ns3:atemp>
          </ns3:TrackPointExtension>
        </extensions>
      </trkpt>
      <trkpt lat="45.7263282872736454010009765625" lon="6.54277523048222064971923828125">
        <ele>703.4000244140625</ele>
        <time>2025-05-30T08:52:11.000Z</time>
        <extensions>
          <ns3:TrackPointExtension>
            <ns3:atemp>35.0</ns3:atemp>
          </ns3:TrackPointExtension>
        </extensions>
      </trkpt>
      <trkpt lat="45.7263805903494358062744140625" lon="6.54288587160408496856689453125">
        <ele>703.20001220703125</ele>
        <time>2025-05-30T08:52:12.000Z</time>
        <extensions>
          <ns3:TrackPointExtension>
            <ns3:atemp>35.0</ns3:atemp>
          </ns3:TrackPointExtension>
        </extensions>
      </trkpt>
      <trkpt lat="45.72647555731236934661865234375" lon="6.54311955906450748443603515625">
        <ele>702.5999755859375</ele>
        <time>2025-05-30T08:52:14.000Z</time>
        <extensions>
          <ns3:TrackPointExtension>
            <ns3:atemp>35.0</ns3:atemp>
          </ns3:TrackPointExtension>
        </extensions>
      </trkpt>
      <trkpt lat="45.72659432888031005859375" lon="6.54349498450756072998046875">
        <ele>702.4000244140625</ele>
        <time>2025-05-30T08:52:17.000Z</time>
        <extensions>
          <ns3:TrackPointExtension>
            <ns3:atemp>35.0</ns3:atemp>
          </ns3:TrackPointExtension>
        </extensions>
      </trkpt>
      <trkpt lat="45.7266270183026790618896484375" lon="6.5436292625963687896728515625">
        <ele>702.20001220703125</ele>
        <time>2025-05-30T08:52:18.000Z</time>
        <extensions>
          <ns3:TrackPointExtension>
            <ns3:atemp>35.0</ns3:atemp>
          </ns3:TrackPointExtension>
        </extensions>
      </trkpt>
      <trkpt lat="45.72672776877880096435546875" lon="6.54417701996862888336181640625">
        <ele>701.4000244140625</ele>
        <time>2025-05-30T08:52:22.000Z</time>
        <extensions>
          <ns3:TrackPointExtension>
            <ns3:atemp>34.0</ns3:atemp>
          </ns3:TrackPointExtension>
        </extensions>
      </trkpt>
      <trkpt lat="45.72676674462854862213134765625" lon="6.5444533713161945343017578125">
        <ele>700.79998779296875</ele>
        <time>2025-05-30T08:52:24.000Z</time>
        <extensions>
          <ns3:TrackPointExtension>
            <ns3:atemp>34.0</ns3:atemp>
          </ns3:TrackPointExtension>
        </extensions>
      </trkpt>
      <trkpt lat="45.72680932469666004180908203125" lon="6.54485796578228473663330078125">
        <ele>700.20001220703125</ele>
        <time>2025-05-30T08:52:27.000Z</time>
        <extensions>
          <ns3:TrackPointExtension>
            <ns3:atemp>34.0</ns3:atemp>
          </ns3:TrackPointExtension>
        </extensions>
      </trkpt>
      <trkpt lat="45.7268174551427364349365234375" lon="6.5451232530176639556884765625">
        <ele>699.79998779296875</ele>
        <time>2025-05-30T08:52:29.000Z</time>
        <extensions>
          <ns3:TrackPointExtension>
            <ns3:atemp>34.0</ns3:atemp>
          </ns3:TrackPointExtension>
        </extensions>
      </trkpt>
      <trkpt lat="45.72681670077145099639892578125" lon="6.54525375925004482269287109375">
        <ele>699.79998779296875</ele>
        <time>2025-05-30T08:52:30.000Z</time>
        <extensions>
          <ns3:TrackPointExtension>
            <ns3:atemp>34.0</ns3:atemp>
          </ns3:TrackPointExtension>
        </extensions>
      </trkpt>
      <trkpt lat="45.7267406769096851348876953125" lon="6.54585474170744419097900390625">
        <ele>699.5999755859375</ele>
        <time>2025-05-30T08:52:35.000Z</time>
        <extensions>
          <ns3:TrackPointExtension>
            <ns3:atemp>34.0</ns3:atemp>
          </ns3:TrackPointExtension>
        </extensions>
      </trkpt>
      <trkpt lat="45.726580917835235595703125" lon="6.54634357430040836334228515625">
        <ele>699.79998779296875</ele>
        <time>2025-05-30T08:52:40.000Z</time>
        <extensions>
          <ns3:TrackPointExtension>
            <ns3:atemp>34.0</ns3:atemp>
          </ns3:TrackPointExtension>
        </extensions>
      </trkpt>
      <trkpt lat="45.7263650000095367431640625" lon="6.546764262020587921142578125">
        <ele>700.5999755859375</ele>
        <time>2025-05-30T08:52:45.000Z</time>
        <extensions>
          <ns3:TrackPointExtension>
            <ns3:atemp>34.0</ns3:atemp>
          </ns3:TrackPointExtension>
        </extensions>
      </trkpt>
      <trkpt lat="45.7263175584375858306884765625" lon="6.5468425489962100982666015625">
        <ele>701</ele>
        <time>2025-05-30T08:52:46.000Z</time>
        <extensions>
          <ns3:TrackPointExtension>
            <ns3:atemp>34.0</ns3:atemp>
          </ns3:TrackPointExtension>
        </extensions>
      </trkpt>
      <trkpt lat="45.72605495341122150421142578125" lon="6.54728922061622142791748046875">
        <ele>701.5999755859375</ele>
        <time>2025-05-30T08:52:51.000Z</time>
        <extensions>
          <ns3:TrackPointExtension>
            <ns3:atemp>33.0</ns3:atemp>
          </ns3:TrackPointExtension>
        </extensions>
      </trkpt>
      <trkpt lat="45.72601254098117351531982421875" lon="6.54738795943558216094970703125">
        <ele>701.5999755859375</ele>
        <time>2025-05-30T08:52:52.000Z</time>
        <extensions>
          <ns3:TrackPointExtension>
            <ns3:atemp>33.0</ns3:atemp>
          </ns3:TrackPointExtension>
        </extensions>
      </trkpt>
      <trkpt lat="45.72597197256982326507568359375" lon="6.54749809764325618743896484375">
        <ele>701.4000244140625</ele>
        <time>2025-05-30T08:52:53.000Z</time>
        <extensions>
          <ns3:TrackPointExtension>
            <ns3:atemp>33.0</ns3:atemp>
          </ns3:TrackPointExtension>
        </extensions>
      </trkpt>
      <trkpt lat="45.7259095273911952972412109375" lon="6.54775290749967098236083984375">
        <ele>701.4000244140625</ele>
        <time>2025-05-30T08:52:55.000Z</time>
        <extensions>
          <ns3:TrackPointExtension>
            <ns3:atemp>33.0</ns3:atemp>
          </ns3:TrackPointExtension>
        </extensions>
      </trkpt>
      <trkpt lat="45.7258434779942035675048828125" lon="6.54833343811333179473876953125">
        <ele>700.5999755859375</ele>
        <time>2025-05-30T08:52:59.000Z</time>
        <extensions>
          <ns3:TrackPointExtension>
            <ns3:atemp>33.0</ns3:atemp>
          </ns3:TrackPointExtension>
        </extensions>
      </trkpt>
      <trkpt lat="45.7258146442472934722900390625" lon="6.54864239506423473358154296875">
        <ele>699.4000244140625</ele>
        <time>2025-05-30T08:53:01.000Z</time>
        <extensions>
          <ns3:TrackPointExtension>
            <ns3:atemp>33.0</ns3:atemp>
          </ns3:TrackPointExtension>
        </extensions>
      </trkpt>
      <trkpt lat="45.72576820850372314453125" lon="6.54910809360444545745849609375">
        <ele>697.79998779296875</ele>
        <time>2025-05-30T08:53:04.000Z</time>
        <extensions>
          <ns3:TrackPointExtension>
            <ns3:atemp>33.0</ns3:atemp>
          </ns3:TrackPointExtension>
        </extensions>
      </trkpt>
      <trkpt lat="45.72572353295981884002685546875" lon="6.54955015517771244049072265625">
        <ele>696.79998779296875</ele>
        <time>2025-05-30T08:53:07.000Z</time>
        <extensions>
          <ns3:TrackPointExtension>
            <ns3:atemp>33.0</ns3:atemp>
          </ns3:TrackPointExtension>
        </extensions>
      </trkpt>
      <trkpt lat="45.72564457543194293975830078125" lon="6.55022732913494110107421875">
        <ele>696</ele>
        <time>2025-05-30T08:53:12.000Z</time>
        <extensions>
          <ns3:TrackPointExtension>
            <ns3:atemp>33.0</ns3:atemp>
          </ns3:TrackPointExtension>
        </extensions>
      </trkpt>
      <trkpt lat="45.725480876863002777099609375" lon="6.550953201949596405029296875">
        <ele>696</ele>
        <time>2025-05-30T08:53:18.000Z</time>
        <extensions>
          <ns3:TrackPointExtension>
            <ns3:atemp>33.0</ns3:atemp>
          </ns3:TrackPointExtension>
        </extensions>
      </trkpt>
      <trkpt lat="45.72530829347670078277587890625" lon="6.551496349275112152099609375">
        <ele>696.20001220703125</ele>
        <time>2025-05-30T08:53:23.000Z</time>
        <extensions>
          <ns3:TrackPointExtension>
            <ns3:atemp>33.0</ns3:atemp>
          </ns3:TrackPointExtension>
        </extensions>
      </trkpt>
      <trkpt lat="45.72523000650107860565185546875" lon="6.5516973473131656646728515625">
        <ele>696.20001220703125</ele>
        <time>2025-05-30T08:53:25.000Z</time>
        <extensions>
          <ns3:TrackPointExtension>
            <ns3:atemp>32.0</ns3:atemp>
          </ns3:TrackPointExtension>
        </extensions>
      </trkpt>
      <trkpt lat="45.7249219715595245361328125" lon="6.55235155485570430755615234375">
        <ele>696.79998779296875</ele>
        <time>2025-05-30T08:53:32.000Z</time>
        <extensions>
          <ns3:TrackPointExtension>
            <ns3:atemp>32.0</ns3:atemp>
          </ns3:TrackPointExtension>
        </extensions>
      </trkpt>
      <trkpt lat="45.72456683032214641571044921875" lon="6.55293275602161884307861328125">
        <ele>697.5999755859375</ele>
        <time>2025-05-30T08:53:39.000Z</time>
        <extensions>
          <ns3:TrackPointExtension>
            <ns3:atemp>32.0</ns3:atemp>
          </ns3:TrackPointExtension>
        </extensions>
      </trkpt>
      <trkpt lat="45.72446088306605815887451171875" lon="6.55309402383863925933837890625">
        <ele>697.79998779296875</ele>
        <time>2025-05-30T08:53:41.000Z</time>
        <extensions>
          <ns3:TrackPointExtension>
            <ns3:atemp>32.0</ns3:atemp>
          </ns3:TrackPointExtension>
        </extensions>
      </trkpt>
      <trkpt lat="45.72440857999026775360107421875" lon="6.5531772561371326446533203125">
        <ele>697.79998779296875</ele>
        <time>2025-05-30T08:53:42.000Z</time>
        <extensions>
          <ns3:TrackPointExtension>
            <ns3:atemp>32.0</ns3:atemp>
          </ns3:TrackPointExtension>
        </extensions>
      </trkpt>
      <trkpt lat="45.7240556180477142333984375" lon="6.5537421964108943939208984375">
        <ele>698</ele>
        <time>2025-05-30T08:53:49.000Z</time>
        <extensions>
          <ns3:TrackPointExtension>
            <ns3:atemp>32.0</ns3:atemp>
          </ns3:TrackPointExtension>
        </extensions>
      </trkpt>
      <trkpt lat="45.723653621971607208251953125" lon="6.5543653070926666259765625">
        <ele>698.79998779296875</ele>
        <time>2025-05-30T08:53:57.000Z</time>
        <extensions>
          <ns3:TrackPointExtension>
            <ns3:atemp>32.0</ns3:atemp>
          </ns3:TrackPointExtension>
        </extensions>
      </trkpt>
      <trkpt lat="45.72336536832153797149658203125" lon="6.55482061207294464111328125">
        <ele>699.5999755859375</ele>
        <time>2025-05-30T08:54:03.000Z</time>
        <extensions>
          <ns3:TrackPointExtension>
            <ns3:atemp>32.0</ns3:atemp>
          </ns3:TrackPointExtension>
        </extensions>
      </trkpt>
      <trkpt lat="45.72331868112087249755859375" lon="6.55489428900182247161865234375">
        <ele>699.79998779296875</ele>
        <time>2025-05-30T08:54:04.000Z</time>
        <extensions>
          <ns3:TrackPointExtension>
            <ns3:atemp>31.0</ns3:atemp>
          </ns3:TrackPointExtension>
        </extensions>
      </trkpt>
      <trkpt lat="45.723182223737239837646484375" lon="6.5551121346652507781982421875">
        <ele>700.20001220703125</ele>
        <time>2025-05-30T08:54:07.000Z</time>
        <extensions>
          <ns3:TrackPointExtension>
            <ns3:atemp>31.0</ns3:atemp>
          </ns3:TrackPointExtension>
        </extensions>
      </trkpt>
      <trkpt lat="45.7229076325893402099609375" lon="6.5555493347346782684326171875">
        <ele>700.79998779296875</ele>
        <time>2025-05-30T08:54:13.000Z</time>
        <extensions>
          <ns3:TrackPointExtension>
            <ns3:atemp>31.0</ns3:atemp>
          </ns3:TrackPointExtension>
        </extensions>
      </trkpt>
      <trkpt lat="45.722726248204708099365234375" lon="6.5558349899947643280029296875">
        <ele>701.4000244140625</ele>
        <time>2025-05-30T08:54:17.000Z</time>
        <extensions>
          <ns3:TrackPointExtension>
            <ns3:atemp>31.0</ns3:atemp>
          </ns3:TrackPointExtension>
        </extensions>
      </trkpt>
      <trkpt lat="45.72258836589753627777099609375" lon="6.55605115927755832672119140625">
        <ele>702</ele>
        <time>2025-05-30T08:54:20.000Z</time>
        <extensions>
          <ns3:TrackPointExtension>
            <ns3:atemp>31.0</ns3:atemp>
          </ns3:TrackPointExtension>
        </extensions>
      </trkpt>
      <trkpt lat="45.72236758656799793243408203125" lon="6.5564042888581752777099609375">
        <ele>702.20001220703125</ele>
        <time>2025-05-30T08:54:25.000Z</time>
        <extensions>
          <ns3:TrackPointExtension>
            <ns3:atemp>31.0</ns3:atemp>
          </ns3:TrackPointExtension>
        </extensions>
      </trkpt>
      <trkpt lat="45.72223397903144359588623046875" lon="6.55661576427519321441650390625">
        <ele>702.5999755859375</ele>
        <time>2025-05-30T08:54:28.000Z</time>
        <extensions>
          <ns3:TrackPointExtension>
            <ns3:atemp>31.0</ns3:atemp>
          </ns3:TrackPointExtension>
        </extensions>
      </trkpt>
      <trkpt lat="45.72187825106084346771240234375" lon="6.5571881644427776336669921875">
        <ele>703.5999755859375</ele>
        <time>2025-05-30T08:54:36.000Z</time>
        <extensions>
          <ns3:TrackPointExtension>
            <ns3:atemp>31.0</ns3:atemp>
          </ns3:TrackPointExtension>
        </extensions>
      </trkpt>
      <trkpt lat="45.721835754811763763427734375" lon="6.5572565607726573944091796875">
        <ele>703.5999755859375</ele>
        <time>2025-05-30T08:54:37.000Z</time>
        <extensions>
          <ns3:TrackPointExtension>
            <ns3:atemp>31.0</ns3:atemp>
          </ns3:TrackPointExtension>
        </extensions>
      </trkpt>
      <trkpt lat="45.72150860913097858428955078125" lon="6.55783466063439846038818359375">
        <ele>704.79998779296875</ele>
        <time>2025-05-30T08:54:45.000Z</time>
        <extensions>
          <ns3:TrackPointExtension>
            <ns3:atemp>31.0</ns3:atemp>
          </ns3:TrackPointExtension>
        </extensions>
      </trkpt>
      <trkpt lat="45.72126352228224277496337890625" lon="6.55839742161333560943603515625">
        <ele>705.4000244140625</ele>
        <time>2025-05-30T08:54:52.000Z</time>
        <extensions>
          <ns3:TrackPointExtension>
            <ns3:atemp>30.0</ns3:atemp>
          </ns3:TrackPointExtension>
        </extensions>
      </trkpt>
      <trkpt lat="45.7211955450475215911865234375" lon="6.55856690369546413421630859375">
        <ele>705.79998779296875</ele>
        <time>2025-05-30T08:54:54.000Z</time>
        <extensions>
          <ns3:TrackPointExtension>
            <ns3:atemp>30.0</ns3:atemp>
          </ns3:TrackPointExtension>
        </extensions>
      </trkpt>
      <trkpt lat="45.72116226889193058013916015625" lon="6.5586476214230060577392578125">
        <ele>706</ele>
        <time>2025-05-30T08:54:55.000Z</time>
        <extensions>
          <ns3:TrackPointExtension>
            <ns3:atemp>30.0</ns3:atemp>
          </ns3:TrackPointExtension>
        </extensions>
      </trkpt>
      <trkpt lat="45.7210275717079639434814453125" lon="6.5589768625795841217041015625">
        <ele>707.20001220703125</ele>
        <time>2025-05-30T08:54:59.000Z</time>
        <extensions>
          <ns3:TrackPointExtension>
            <ns3:atemp>30.0</ns3:atemp>
          </ns3:TrackPointExtension>
        </extensions>
      </trkpt>
      <trkpt lat="45.72092841379344463348388671875" lon="6.55921868048608303070068359375">
        <ele>708</ele>
        <time>2025-05-30T08:55:02.000Z</time>
        <extensions>
          <ns3:TrackPointExtension>
            <ns3:atemp>30.0</ns3:atemp>
          </ns3:TrackPointExtension>
        </extensions>
      </trkpt>
      <trkpt lat="45.72085817344486713409423828125" lon="6.55937944538891315460205078125">
        <ele>708.20001220703125</ele>
        <time>2025-05-30T08:55:04.000Z</time>
        <extensions>
          <ns3:TrackPointExtension>
            <ns3:atemp>30.0</ns3:atemp>
          </ns3:TrackPointExtension>
        </extensions>
      </trkpt>
      <trkpt lat="45.7206926308572292327880859375" lon="6.5597969479858875274658203125">
        <ele>708.79998779296875</ele>
        <time>2025-05-30T08:55:09.000Z</time>
        <extensions>
          <ns3:TrackPointExtension>
            <ns3:atemp>30.0</ns3:atemp>
          </ns3:TrackPointExtension>
        </extensions>
      </trkpt>
      <trkpt lat="45.720627419650554656982421875" lon="6.55996643006801605224609375">
        <ele>709.4000244140625</ele>
        <time>2025-05-30T08:55:11.000Z</time>
        <extensions>
          <ns3:TrackPointExtension>
            <ns3:atemp>30.0</ns3:atemp>
          </ns3:TrackPointExtension>
        </extensions>
      </trkpt>
      <trkpt lat="45.7204337976872920989990234375" lon="6.56048602424561977386474609375">
        <ele>710.4000244140625</ele>
        <time>2025-05-30T08:55:17.000Z</time>
        <extensions>
          <ns3:TrackPointExtension>
            <ns3:atemp>30.0</ns3:atemp>
          </ns3:TrackPointExtension>
        </extensions>
      </trkpt>
      <trkpt lat="45.7202685065567493438720703125" lon="6.560920290648937225341796875">
        <ele>711.5999755859375</ele>
        <time>2025-05-30T08:55:22.000Z</time>
        <extensions>
          <ns3:TrackPointExtension>
            <ns3:atemp>30.0</ns3:atemp>
          </ns3:TrackPointExtension>
        </extensions>
      </trkpt>
      <trkpt lat="45.7200958393514156341552734375" lon="6.5613730810582637786865234375">
        <ele>712.20001220703125</ele>
        <time>2025-05-30T08:55:27.000Z</time>
        <extensions>
          <ns3:TrackPointExtension>
            <ns3:atemp>30.0</ns3:atemp>
          </ns3:TrackPointExtension>
        </extensions>
      </trkpt>
      <trkpt lat="45.720035992562770843505859375" lon="6.561537198722362518310546875">
        <ele>712.4000244140625</ele>
        <time>2025-05-30T08:55:29.000Z</time>
        <extensions>
          <ns3:TrackPointExtension>
            <ns3:atemp>30.0</ns3:atemp>
          </ns3:TrackPointExtension>
        </extensions>
      </trkpt>
      <trkpt lat="45.71992996148765087127685546875" lon="6.561827547848224639892578125">
        <ele>712.5999755859375</ele>
        <time>2025-05-30T08:55:32.000Z</time>
        <extensions>
          <ns3:TrackPointExtension>
            <ns3:atemp>30.0</ns3:atemp>
          </ns3:TrackPointExtension>
        </extensions>
      </trkpt>
      <trkpt lat="45.71983071975409984588623046875" lon="6.56210272572934627532958984375">
        <ele>712.79998779296875</ele>
        <time>2025-05-30T08:55:35.000Z</time>
        <extensions>
          <ns3:TrackPointExtension>
            <ns3:atemp>30.0</ns3:atemp>
          </ns3:TrackPointExtension>
        </extensions>
      </trkpt>
      <trkpt lat="45.7196123711764812469482421875" lon="6.562839411199092864990234375">
        <ele>713.5999755859375</ele>
        <time>2025-05-30T08:55:43.000Z</time>
        <extensions>
          <ns3:TrackPointExtension>
            <ns3:atemp>30.0</ns3:atemp>
          </ns3:TrackPointExtension>
        </extensions>
      </trkpt>
      <trkpt lat="45.71959451772272586822509765625" lon="6.56293504871428012847900390625">
        <ele>713.79998779296875</ele>
        <time>2025-05-30T08:55:44.000Z</time>
        <extensions>
          <ns3:TrackPointExtension>
            <ns3:atemp>30.0</ns3:atemp>
          </ns3:TrackPointExtension>
        </extensions>
      </trkpt>
      <trkpt lat="45.7195134647190570831298828125" lon="6.56359814107418060302734375">
        <ele>714.5999755859375</ele>
        <time>2025-05-30T08:55:51.000Z</time>
        <extensions>
          <ns3:TrackPointExtension>
            <ns3:atemp>30.0</ns3:atemp>
          </ns3:TrackPointExtension>
        </extensions>
      </trkpt>
      <trkpt lat="45.7195064239203929901123046875" lon="6.56379126012325286865234375">
        <ele>715</ele>
        <time>2025-05-30T08:55:53.000Z</time>
        <extensions>
          <ns3:TrackPointExtension>
            <ns3:atemp>30.0</ns3:atemp>
          </ns3:TrackPointExtension>
        </extensions>
      </trkpt>
      <trkpt lat="45.71950952522456645965576171875" lon="6.5642774105072021484375">
        <ele>715.5999755859375</ele>
        <time>2025-05-30T08:55:58.000Z</time>
        <extensions>
          <ns3:TrackPointExtension>
            <ns3:atemp>30.0</ns3:atemp>
          </ns3:TrackPointExtension>
        </extensions>
      </trkpt>
      <trkpt lat="45.71953902952373027801513671875" lon="6.5646524168550968170166015625">
        <ele>716</ele>
        <time>2025-05-30T08:56:02.000Z</time>
        <extensions>
          <ns3:TrackPointExtension>
            <ns3:atemp>30.0</ns3:atemp>
          </ns3:TrackPointExtension>
        </extensions>
      </trkpt>
      <trkpt lat="45.719563253223896026611328125" lon="6.56505600549280643463134765625">
        <ele>716.4000244140625</ele>
        <time>2025-05-30T08:56:06.000Z</time>
        <extensions>
          <ns3:TrackPointExtension>
            <ns3:atemp>29.0</ns3:atemp>
          </ns3:TrackPointExtension>
        </extensions>
      </trkpt>
      <trkpt lat="45.7195536978542804718017578125" lon="6.5654530562460422515869140625">
        <ele>716.5999755859375</ele>
        <time>2025-05-30T08:56:10.000Z</time>
        <extensions>
          <ns3:TrackPointExtension>
            <ns3:atemp>29.0</ns3:atemp>
          </ns3:TrackPointExtension>
        </extensions>
      </trkpt>
      <trkpt lat="45.7195563800632953643798828125" lon="6.565549112856388092041015625">
        <ele>716.5999755859375</ele>
        <time>2025-05-30T08:56:11.000Z</time>
        <extensions>
          <ns3:TrackPointExtension>
            <ns3:atemp>29.0</ns3:atemp>
          </ns3:TrackPointExtension>
        </extensions>
      </trkpt>
      <trkpt lat="45.71956819854676723480224609375" lon="6.5656659565865993499755859375">
        <ele>716.79998779296875</ele>
        <time>2025-05-30T08:56:12.000Z</time>
        <extensions>
          <ns3:TrackPointExtension>
            <ns3:atemp>29.0</ns3:atemp>
          </ns3:TrackPointExtension>
        </extensions>
      </trkpt>
      <trkpt lat="45.7195989601314067840576171875" lon="6.56583636067807674407958984375">
        <ele>716.79998779296875</ele>
        <time>2025-05-30T08:56:14.000Z</time>
        <extensions>
          <ns3:TrackPointExtension>
            <ns3:atemp>29.0</ns3:atemp>
          </ns3:TrackPointExtension>
        </extensions>
      </trkpt>
      <trkpt lat="45.719625614583492279052734375" lon="6.5661199204623699188232421875">
        <ele>717.20001220703125</ele>
        <time>2025-05-30T08:56:17.000Z</time>
        <extensions>
          <ns3:TrackPointExtension>
            <ns3:atemp>29.0</ns3:atemp>
          </ns3:TrackPointExtension>
        </extensions>
      </trkpt>
      <trkpt lat="45.71965201757848262786865234375" lon="6.5665976889431476593017578125">
        <ele>717.79998779296875</ele>
        <time>2025-05-30T08:56:22.000Z</time>
        <extensions>
          <ns3:TrackPointExtension>
            <ns3:atemp>29.0</ns3:atemp>
          </ns3:TrackPointExtension>
        </extensions>
      </trkpt>
      <trkpt lat="45.71965805254876613616943359375" lon="6.56668997369706630706787109375">
        <ele>718</ele>
        <time>2025-05-30T08:56:23.000Z</time>
        <extensions>
          <ns3:TrackPointExtension>
            <ns3:atemp>29.0</ns3:atemp>
          </ns3:TrackPointExtension>
        </extensions>
      </trkpt>
      <trkpt lat="45.7196862995624542236328125" lon="6.56714226119220256805419921875">
        <ele>719</ele>
        <time>2025-05-30T08:56:28.000Z</time>
        <extensions>
          <ns3:TrackPointExtension>
            <ns3:atemp>29.0</ns3:atemp>
          </ns3:TrackPointExtension>
        </extensions>
      </trkpt>
      <trkpt lat="45.71969677694141864776611328125" lon="6.56732783652842044830322265625">
        <ele>719.20001220703125</ele>
        <time>2025-05-30T08:56:30.000Z</time>
        <extensions>
          <ns3:TrackPointExtension>
            <ns3:atemp>29.0</ns3:atemp>
          </ns3:TrackPointExtension>
        </extensions>
      </trkpt>
      <trkpt lat="45.71972929872572422027587890625" lon="6.5676799602806568145751953125">
        <ele>720</ele>
        <time>2025-05-30T08:56:34.000Z</time>
        <extensions>
          <ns3:TrackPointExtension>
            <ns3:atemp>29.0</ns3:atemp>
          </ns3:TrackPointExtension>
        </extensions>
      </trkpt>
      <trkpt lat="45.71977573446929454803466796875" lon="6.568288318812847137451171875">
        <ele>720.79998779296875</ele>
        <time>2025-05-30T08:56:41.000Z</time>
        <extensions>
          <ns3:TrackPointExtension>
            <ns3:atemp>29.0</ns3:atemp>
          </ns3:TrackPointExtension>
        </extensions>
      </trkpt>
      <trkpt lat="45.71978394873440265655517578125" lon="6.56839267350733280181884765625">
        <ele>721.20001220703125</ele>
        <time>2025-05-30T08:56:42.000Z</time>
        <extensions>
          <ns3:TrackPointExtension>
            <ns3:atemp>29.0</ns3:atemp>
          </ns3:TrackPointExtension>
        </extensions>
      </trkpt>
      <trkpt lat="45.71982233785092830657958984375" lon="6.56906775198876857757568359375">
        <ele>722.20001220703125</ele>
        <time>2025-05-30T08:56:50.000Z</time>
        <extensions>
          <ns3:TrackPointExtension>
            <ns3:atemp>29.0</ns3:atemp>
          </ns3:TrackPointExtension>
        </extensions>
      </trkpt>
      <trkpt lat="45.7198284566402435302734375" lon="6.56915433704853057861328125">
        <ele>722.4000244140625</ele>
        <time>2025-05-30T08:56:51.000Z</time>
        <extensions>
          <ns3:TrackPointExtension>
            <ns3:atemp>29.0</ns3:atemp>
          </ns3:TrackPointExtension>
        </extensions>
      </trkpt>
      <trkpt lat="45.7198785804212093353271484375" lon="6.56985766254365444183349609375">
        <ele>723.4000244140625</ele>
        <time>2025-05-30T08:56:59.000Z</time>
        <extensions>
          <ns3:TrackPointExtension>
            <ns3:atemp>29.0</ns3:atemp>
          </ns3:TrackPointExtension>
        </extensions>
      </trkpt>
      <trkpt lat="45.71988352574408054351806640625" lon="6.5699266456067562103271484375">
        <ele>723.5999755859375</ele>
        <time>2025-05-30T08:57:00.000Z</time>
        <extensions>
          <ns3:TrackPointExtension>
            <ns3:atemp>29.0</ns3:atemp>
          </ns3:TrackPointExtension>
        </extensions>
      </trkpt>
      <trkpt lat="45.71991755627095699310302734375" lon="6.57045663334429264068603515625">
        <ele>724.5999755859375</ele>
        <time>2025-05-30T08:57:06.000Z</time>
        <extensions>
          <ns3:TrackPointExtension>
            <ns3:atemp>29.0</ns3:atemp>
          </ns3:TrackPointExtension>
        </extensions>
      </trkpt>
      <trkpt lat="45.71992794983088970184326171875" lon="6.5706273727118968963623046875">
        <ele>724.79998779296875</ele>
        <time>2025-05-30T08:57:08.000Z</time>
        <extensions>
          <ns3:TrackPointExtension>
            <ns3:atemp>29.0</ns3:atemp>
          </ns3:TrackPointExtension>
        </extensions>
      </trkpt>
      <trkpt lat="45.719952173531055450439453125" lon="6.57096340321004390716552734375">
        <ele>725.79998779296875</ele>
        <time>2025-05-30T08:57:12.000Z</time>
        <extensions>
          <ns3:TrackPointExtension>
            <ns3:atemp>29.0</ns3:atemp>
          </ns3:TrackPointExtension>
        </extensions>
      </trkpt>
      <trkpt lat="45.71997790597379207611083984375" lon="6.57138467766344547271728515625">
        <ele>726.79998779296875</ele>
        <time>2025-05-30T08:57:17.000Z</time>
        <extensions>
          <ns3:TrackPointExtension>
            <ns3:atemp>29.0</ns3:atemp>
          </ns3:TrackPointExtension>
        </extensions>
      </trkpt>
      <trkpt lat="45.71998075582087039947509765625" lon="6.57153387553989887237548828125">
        <ele>727.20001220703125</ele>
        <time>2025-05-30T08:57:19.000Z</time>
        <extensions>
          <ns3:TrackPointExtension>
            <ns3:atemp>29.0</ns3:atemp>
          </ns3:TrackPointExtension>
        </extensions>
      </trkpt>
      <trkpt lat="45.71997639723122119903564453125" lon="6.57179656438529491424560546875">
        <ele>727.79998779296875</ele>
        <time>2025-05-30T08:57:22.000Z</time>
        <extensions>
          <ns3:TrackPointExtension>
            <ns3:atemp>29.0</ns3:atemp>
          </ns3:TrackPointExtension>
        </extensions>
      </trkpt>
      <trkpt lat="45.71995653212070465087890625" lon="6.5719493664801120758056640625">
        <ele>728.20001220703125</ele>
        <time>2025-05-30T08:57:24.000Z</time>
        <extensions>
          <ns3:TrackPointExtension>
            <ns3:atemp>29.0</ns3:atemp>
          </ns3:TrackPointExtension>
        </extensions>
      </trkpt>
      <trkpt lat="45.71991269476711750030517578125" lon="6.57209311611950397491455078125">
        <ele>728.4000244140625</ele>
        <time>2025-05-30T08:57:26.000Z</time>
        <extensions>
          <ns3:TrackPointExtension>
            <ns3:atemp>29.0</ns3:atemp>
          </ns3:TrackPointExtension>
        </extensions>
      </trkpt>
      <trkpt lat="45.719827450811862945556640625" lon="6.5723946131765842437744140625">
        <ele>728.79998779296875</ele>
        <time>2025-05-30T08:57:30.000Z</time>
        <extensions>
          <ns3:TrackPointExtension>
            <ns3:atemp>29.0</ns3:atemp>
          </ns3:TrackPointExtension>
        </extensions>
      </trkpt>
      <trkpt lat="45.71976986713707447052001953125" lon="6.57253702171146869659423828125">
        <ele>729</ele>
        <time>2025-05-30T08:57:32.000Z</time>
        <extensions>
          <ns3:TrackPointExtension>
            <ns3:atemp>29.0</ns3:atemp>
          </ns3:TrackPointExtension>
        </extensions>
      </trkpt>
      <trkpt lat="45.71953701786696910858154296875" lon="6.573038510978221893310546875">
        <ele>729.79998779296875</ele>
        <time>2025-05-30T08:57:40.000Z</time>
        <extensions>
          <ns3:TrackPointExtension>
            <ns3:atemp>29.0</ns3:atemp>
          </ns3:TrackPointExtension>
        </extensions>
      </trkpt>
      <trkpt lat="45.71950231678783893585205078125" lon="6.573102213442325592041015625">
        <ele>730.20001220703125</ele>
        <time>2025-05-30T08:57:41.000Z</time>
        <extensions>
          <ns3:TrackPointExtension>
            <ns3:atemp>29.0</ns3:atemp>
          </ns3:TrackPointExtension>
        </extensions>
      </trkpt>
      <trkpt lat="45.7194239459931850433349609375" lon="6.5731996111571788787841796875">
        <ele>730.5999755859375</ele>
        <time>2025-05-30T08:57:43.000Z</time>
        <extensions>
          <ns3:TrackPointExtension>
            <ns3:atemp>29.0</ns3:atemp>
          </ns3:TrackPointExtension>
        </extensions>
      </trkpt>
      <trkpt lat="45.71937759406864643096923828125" lon="6.57323121093213558197021484375">
        <ele>730.5999755859375</ele>
        <time>2025-05-30T08:57:44.000Z</time>
        <extensions>
          <ns3:TrackPointExtension>
            <ns3:atemp>29.0</ns3:atemp>
          </ns3:TrackPointExtension>
        </extensions>
      </trkpt>
      <trkpt lat="45.7192774303257465362548828125" lon="6.57330011017620563507080078125">
        <ele>731.20001220703125</ele>
        <time>2025-05-30T08:57:46.000Z</time>
        <extensions>
          <ns3:TrackPointExtension>
            <ns3:atemp>29.0</ns3:atemp>
          </ns3:TrackPointExtension>
        </extensions>
      </trkpt>
      <trkpt lat="45.719129405915737152099609375" lon="6.57339666970074176788330078125">
        <ele>731.5999755859375</ele>
        <time>2025-05-30T08:57:49.000Z</time>
        <extensions>
          <ns3:TrackPointExtension>
            <ns3:atemp>29.0</ns3:atemp>
          </ns3:TrackPointExtension>
        </extensions>
      </trkpt>
      <trkpt lat="45.71908623911440372467041015625" lon="6.57343857921659946441650390625">
        <ele>731.79998779296875</ele>
        <time>2025-05-30T08:57:50.000Z</time>
        <extensions>
          <ns3:TrackPointExtension>
            <ns3:atemp>29.0</ns3:atemp>
          </ns3:TrackPointExtension>
        </extensions>
      </trkpt>
      <trkpt lat="45.7190450839698314666748046875" lon="6.573486439883708953857421875">
        <ele>731.79998779296875</ele>
        <time>2025-05-30T08:57:51.000Z</time>
        <extensions>
          <ns3:TrackPointExtension>
            <ns3:atemp>29.0</ns3:atemp>
          </ns3:TrackPointExtension>
        </extensions>
      </trkpt>
      <trkpt lat="45.71898154914379119873046875" lon="6.5735861845314502716064453125">
        <ele>732</ele>
        <time>2025-05-30T08:57:53.000Z</time>
        <extensions>
          <ns3:TrackPointExtension>
            <ns3:atemp>29.0</ns3:atemp>
          </ns3:TrackPointExtension>
        </extensions>
      </trkpt>
      <trkpt lat="45.7189565710723400115966796875" lon="6.57363630831241607666015625">
        <ele>732</ele>
        <time>2025-05-30T08:57:54.000Z</time>
        <extensions>
          <ns3:TrackPointExtension>
            <ns3:atemp>29.0</ns3:atemp>
          </ns3:TrackPointExtension>
        </extensions>
      </trkpt>
      <trkpt lat="45.71893117390573024749755859375" lon="6.5736840851604938507080078125">
        <ele>732.20001220703125</ele>
        <time>2025-05-30T08:57:55.000Z</time>
        <extensions>
          <ns3:TrackPointExtension>
            <ns3:atemp>29.0</ns3:atemp>
          </ns3:TrackPointExtension>
        </extensions>
      </trkpt>
      <trkpt lat="45.71882153861224651336669921875" lon="6.573853231966495513916015625">
        <ele>732.79998779296875</ele>
        <time>2025-05-30T08:57:59.000Z</time>
        <extensions>
          <ns3:TrackPointExtension>
            <ns3:atemp>28.0</ns3:atemp>
          </ns3:TrackPointExtension>
        </extensions>
      </trkpt>
      <trkpt lat="45.71878801099956035614013671875" lon="6.57390880398452281951904296875">
        <ele>732.79998779296875</ele>
        <time>2025-05-30T08:58:00.000Z</time>
        <extensions>
          <ns3:TrackPointExtension>
            <ns3:atemp>29.0</ns3:atemp>
          </ns3:TrackPointExtension>
        </extensions>
      </trkpt>
      <trkpt lat="45.718705616891384124755859375" lon="6.5741078741848468780517578125">
        <ele>733</ele>
        <time>2025-05-30T08:58:03.000Z</time>
        <extensions>
          <ns3:TrackPointExtension>
            <ns3:atemp>28.0</ns3:atemp>
          </ns3:TrackPointExtension>
        </extensions>
      </trkpt>
      <trkpt lat="45.7185297645628452301025390625" lon="6.57434265129268169403076171875">
        <ele>733.4000244140625</ele>
        <time>2025-05-30T08:58:08.000Z</time>
        <extensions>
          <ns3:TrackPointExtension>
            <ns3:atemp>28.0</ns3:atemp>
          </ns3:TrackPointExtension>
        </extensions>
      </trkpt>
      <trkpt lat="45.7182870246469974517822265625" lon="6.57467775978147983551025390625">
        <ele>734.5999755859375</ele>
        <time>2025-05-30T08:58:15.000Z</time>
        <extensions>
          <ns3:TrackPointExtension>
            <ns3:atemp>28.0</ns3:atemp>
          </ns3:TrackPointExtension>
        </extensions>
      </trkpt>
      <trkpt lat="45.7182481326162815093994140625" lon="6.57473224215209484100341796875">
        <ele>734.79998779296875</ele>
        <time>2025-05-30T08:58:16.000Z</time>
        <extensions>
          <ns3:TrackPointExtension>
            <ns3:atemp>28.0</ns3:atemp>
          </ns3:TrackPointExtension>
        </extensions>
      </trkpt>
      <trkpt lat="45.71805593557655811309814453125" lon="6.575000546872615814208984375">
        <ele>735.5999755859375</ele>
        <time>2025-05-30T08:58:21.000Z</time>
        <extensions>
          <ns3:TrackPointExtension>
            <ns3:atemp>28.0</ns3:atemp>
          </ns3:TrackPointExtension>
        </extensions>
      </trkpt>
      <trkpt lat="45.71802240796387195587158203125" lon="6.575050167739391326904296875">
        <ele>735.79998779296875</ele>
        <time>2025-05-30T08:58:22.000Z</time>
        <extensions>
          <ns3:TrackPointExtension>
            <ns3:atemp>28.0</ns3:atemp>
          </ns3:TrackPointExtension>
        </extensions>
      </trkpt>
      <trkpt lat="45.7179477252066135406494140625" lon="6.575119234621524810791015625">
        <ele>736.20001220703125</ele>
        <time>2025-05-30T08:58:24.000Z</time>
        <extensions>
          <ns3:TrackPointExtension>
            <ns3:atemp>28.0</ns3:atemp>
          </ns3:TrackPointExtension>
        </extensions>
      </trkpt>
      <trkpt lat="45.71790707297623157501220703125" lon="6.5751271136105060577392578125">
        <ele>736.5999755859375</ele>
        <time>2025-05-30T08:58:25.000Z</time>
        <extensions>
          <ns3:TrackPointExtension>
            <ns3:atemp>29.0</ns3:atemp>
          </ns3:TrackPointExtension>
        </extensions>
      </trkpt>
      <trkpt lat="45.7178689353168010711669921875" lon="6.57511697150766849517822265625">
        <ele>736.79998779296875</ele>
        <time>2025-05-30T08:58:26.000Z</time>
        <extensions>
          <ns3:TrackPointExtension>
            <ns3:atemp>29.0</ns3:atemp>
          </ns3:TrackPointExtension>
        </extensions>
      </trkpt>
      <trkpt lat="45.71780749596655368804931640625" lon="6.5750382654368877410888671875">
        <ele>737.4000244140625</ele>
        <time>2025-05-30T08:58:28.000Z</time>
        <extensions>
          <ns3:TrackPointExtension>
            <ns3:atemp>29.0</ns3:atemp>
          </ns3:TrackPointExtension>
        </extensions>
      </trkpt>
      <trkpt lat="45.71774563752114772796630859375" lon="6.57493759877979755401611328125">
        <ele>737.79998779296875</ele>
        <time>2025-05-30T08:58:30.000Z</time>
        <extensions>
          <ns3:TrackPointExtension>
            <ns3:atemp>29.0</ns3:atemp>
          </ns3:TrackPointExtension>
        </extensions>
      </trkpt>
      <trkpt lat="45.7176835276186466217041015625" lon="6.57484464347362518310546875">
        <ele>737.79998779296875</ele>
        <time>2025-05-30T08:58:32.000Z</time>
        <extensions>
          <ns3:TrackPointExtension>
            <ns3:atemp>29.0</ns3:atemp>
          </ns3:TrackPointExtension>
        </extensions>
      </trkpt>
      <trkpt lat="45.71765787899494171142578125" lon="6.57478940673172473907470703125">
        <ele>738</ele>
        <time>2025-05-30T08:58:33.000Z</time>
        <extensions>
          <ns3:TrackPointExtension>
            <ns3:atemp>29.0</ns3:atemp>
          </ns3:TrackPointExtension>
        </extensions>
      </trkpt>
      <trkpt lat="45.7175943441689014434814453125" lon="6.57466669566929340362548828125">
        <ele>738</ele>
        <time>2025-05-30T08:58:35.000Z</time>
        <extensions>
          <ns3:TrackPointExtension>
            <ns3:atemp>28.0</ns3:atemp>
          </ns3:TrackPointExtension>
        </extensions>
      </trkpt>
      <trkpt lat="45.71751706302165985107421875" lon="6.57457952387630939483642578125">
        <ele>738.79998779296875</ele>
        <time>2025-05-30T08:58:37.000Z</time>
        <extensions>
          <ns3:TrackPointExtension>
            <ns3:atemp>29.0</ns3:atemp>
          </ns3:TrackPointExtension>
        </extensions>
      </trkpt>
      <trkpt lat="45.717424862086772918701171875" lon="6.57454918138682842254638671875">
        <ele>739</ele>
        <time>2025-05-30T08:58:39.000Z</time>
        <extensions>
          <ns3:TrackPointExtension>
            <ns3:atemp>28.0</ns3:atemp>
          </ns3:TrackPointExtension>
        </extensions>
      </trkpt>
      <trkpt lat="45.7173261232674121856689453125" lon="6.5745568089187145233154296875">
        <ele>739.4000244140625</ele>
        <time>2025-05-30T08:58:41.000Z</time>
        <extensions>
          <ns3:TrackPointExtension>
            <ns3:atemp>28.0</ns3:atemp>
          </ns3:TrackPointExtension>
        </extensions>
      </trkpt>
      <trkpt lat="45.71728513576090335845947265625" lon="6.57455085776746273040771484375">
        <ele>739.4000244140625</ele>
        <time>2025-05-30T08:58:42.000Z</time>
        <extensions>
          <ns3:TrackPointExtension>
            <ns3:atemp>29.0</ns3:atemp>
          </ns3:TrackPointExtension>
        </extensions>
      </trkpt>
      <trkpt lat="45.71724305860698223114013671875" lon="6.57451313920319080352783203125">
        <ele>739.79998779296875</ele>
        <time>2025-05-30T08:58:44.000Z</time>
        <extensions>
          <ns3:TrackPointExtension>
            <ns3:atemp>29.0</ns3:atemp>
          </ns3:TrackPointExtension>
        </extensions>
      </trkpt>
      <trkpt lat="45.71722629480063915252685546875" lon="6.5744672901928424835205078125">
        <ele>740.20001220703125</ele>
        <time>2025-05-30T08:58:45.000Z</time>
        <extensions>
          <ns3:TrackPointExtension>
            <ns3:atemp>29.0</ns3:atemp>
          </ns3:TrackPointExtension>
        </extensions>
      </trkpt>
      <trkpt lat="45.7172106206417083740234375" lon="6.574410460889339447021484375">
        <ele>740.4000244140625</ele>
        <time>2025-05-30T08:58:46.000Z</time>
        <extensions>
          <ns3:TrackPointExtension>
            <ns3:atemp>29.0</ns3:atemp>
          </ns3:TrackPointExtension>
        </extensions>
      </trkpt>
      <trkpt lat="45.71717130951583385467529296875" lon="6.574305184185504913330078125">
        <ele>741.4000244140625</ele>
        <time>2025-05-30T08:58:48.000Z</time>
        <extensions>
          <ns3:TrackPointExtension>
            <ns3:atemp>29.0</ns3:atemp>
          </ns3:TrackPointExtension>
        </extensions>
      </trkpt>
      <trkpt lat="45.71698321960866451263427734375" lon="6.57413679175078868865966796875">
        <ele>742.20001220703125</ele>
        <time>2025-05-30T08:58:52.000Z</time>
        <extensions>
          <ns3:TrackPointExtension>
            <ns3:atemp>29.0</ns3:atemp>
          </ns3:TrackPointExtension>
        </extensions>
      </trkpt>
      <trkpt lat="45.7169315032660961151123046875" lon="6.57409454695880413055419921875">
        <ele>742.20001220703125</ele>
        <time>2025-05-30T08:58:53.000Z</time>
        <extensions>
          <ns3:TrackPointExtension>
            <ns3:atemp>29.0</ns3:atemp>
          </ns3:TrackPointExtension>
        </extensions>
      </trkpt>
      <trkpt lat="45.7167665474116802215576171875" lon="6.57391349785029888153076171875">
        <ele>742.5999755859375</ele>
        <time>2025-05-30T08:58:57.000Z</time>
        <extensions>
          <ns3:TrackPointExtension>
            <ns3:atemp>29.0</ns3:atemp>
          </ns3:TrackPointExtension>
        </extensions>
      </trkpt>
      <trkpt lat="45.716694630682468414306640625" lon="6.5738292597234249114990234375">
        <ele>743.5999755859375</ele>
        <time>2025-05-30T08:58:59.000Z</time>
        <extensions>
          <ns3:TrackPointExtension>
            <ns3:atemp>29.0</ns3:atemp>
          </ns3:TrackPointExtension>
        </extensions>
      </trkpt>
      <trkpt lat="45.71660737507045269012451171875" lon="6.57375826500356197357177734375">
        <ele>744</ele>
        <time>2025-05-30T08:59:01.000Z</time>
        <extensions>
          <ns3:TrackPointExtension>
            <ns3:atemp>29.0</ns3:atemp>
          </ns3:TrackPointExtension>
        </extensions>
      </trkpt>
      <trkpt lat="45.71657250635325908660888671875" lon="6.573719792068004608154296875">
        <ele>744</ele>
        <time>2025-05-30T08:59:02.000Z</time>
        <extensions>
          <ns3:TrackPointExtension>
            <ns3:atemp>29.0</ns3:atemp>
          </ns3:TrackPointExtension>
        </extensions>
      </trkpt>
      <trkpt lat="45.71653964929282665252685546875" lon="6.57368014566600322723388671875">
        <ele>744.4000244140625</ele>
        <time>2025-05-30T08:59:03.000Z</time>
        <extensions>
          <ns3:TrackPointExtension>
            <ns3:atemp>29.0</ns3:atemp>
          </ns3:TrackPointExtension>
        </extensions>
      </trkpt>
      <trkpt lat="45.7163571752607822418212890625" lon="6.57346523366868495941162109375">
        <ele>745.5999755859375</ele>
        <time>2025-05-30T08:59:09.000Z</time>
        <extensions>
          <ns3:TrackPointExtension>
            <ns3:atemp>28.0</ns3:atemp>
          </ns3:TrackPointExtension>
        </extensions>
      </trkpt>
      <trkpt lat="45.716262795031070709228515625" lon="6.573355011641979217529296875">
        <ele>746.79998779296875</ele>
        <time>2025-05-30T08:59:12.000Z</time>
        <extensions>
          <ns3:TrackPointExtension>
            <ns3:atemp>28.0</ns3:atemp>
          </ns3:TrackPointExtension>
        </extensions>
      </trkpt>
      <trkpt lat="45.7162016071379184722900390625" lon="6.573281250894069671630859375">
        <ele>747.20001220703125</ele>
        <time>2025-05-30T08:59:14.000Z</time>
        <extensions>
          <ns3:TrackPointExtension>
            <ns3:atemp>28.0</ns3:atemp>
          </ns3:TrackPointExtension>
        </extensions>
      </trkpt>
      <trkpt lat="45.716144777834415435791015625" lon="6.57321243546903133392333984375">
        <ele>747.79998779296875</ele>
        <time>2025-05-30T08:59:16.000Z</time>
        <extensions>
          <ns3:TrackPointExtension>
            <ns3:atemp>28.0</ns3:atemp>
          </ns3:TrackPointExtension>
        </extensions>
      </trkpt>
      <trkpt lat="45.7160317897796630859375" lon="6.57306809909641742706298828125">
        <ele>749</ele>
        <time>2025-05-30T08:59:20.000Z</time>
        <extensions>
          <ns3:TrackPointExtension>
            <ns3:atemp>28.0</ns3:atemp>
          </ns3:TrackPointExtension>
        </extensions>
      </trkpt>
      <trkpt lat="45.71595375426113605499267578125" lon="6.5729556977748870849609375">
        <ele>749.79998779296875</ele>
        <time>2025-05-30T08:59:23.000Z</time>
        <extensions>
          <ns3:TrackPointExtension>
            <ns3:atemp>28.0</ns3:atemp>
          </ns3:TrackPointExtension>
        </extensions>
      </trkpt>
      <trkpt lat="45.7159303687512874603271484375" lon="6.57291806302964687347412109375">
        <ele>750</ele>
        <time>2025-05-30T08:59:24.000Z</time>
        <extensions>
          <ns3:TrackPointExtension>
            <ns3:atemp>28.0</ns3:atemp>
          </ns3:TrackPointExtension>
        </extensions>
      </trkpt>
      <trkpt lat="45.71584663353860378265380859375" lon="6.5727674402296543121337890625">
        <ele>751.20001220703125</ele>
        <time>2025-05-30T08:59:28.000Z</time>
        <extensions>
          <ns3:TrackPointExtension>
            <ns3:atemp>28.0</ns3:atemp>
          </ns3:TrackPointExtension>
        </extensions>
      </trkpt>
      <trkpt lat="45.7158086635172367095947265625" lon="6.57268387265503406524658203125">
        <ele>752</ele>
        <time>2025-05-30T08:59:30.000Z</time>
        <extensions>
          <ns3:TrackPointExtension>
            <ns3:atemp>28.0</ns3:atemp>
          </ns3:TrackPointExtension>
        </extensions>
      </trkpt>
      <trkpt lat="45.71577136404812335968017578125" lon="6.5726078487932682037353515625">
        <ele>752.5999755859375</ele>
        <time>2025-05-30T08:59:32.000Z</time>
        <extensions>
          <ns3:TrackPointExtension>
            <ns3:atemp>28.0</ns3:atemp>
          </ns3:TrackPointExtension>
        </extensions>
      </trkpt>
      <trkpt lat="45.71570791304111480712890625" lon="6.5725696273148059844970703125">
        <ele>753</ele>
        <time>2025-05-30T08:59:34.000Z</time>
        <extensions>
          <ns3:TrackPointExtension>
            <ns3:atemp>28.0</ns3:atemp>
          </ns3:TrackPointExtension>
        </extensions>
      </trkpt>
      <trkpt lat="45.71563775651156902313232421875" lon="6.5725853852927684783935546875">
        <ele>753.5999755859375</ele>
        <time>2025-05-30T08:59:36.000Z</time>
        <extensions>
          <ns3:TrackPointExtension>
            <ns3:atemp>28.0</ns3:atemp>
          </ns3:TrackPointExtension>
        </extensions>
      </trkpt>
      <trkpt lat="45.71558813564479351043701171875" lon="6.57264699228107929229736328125">
        <ele>754.20001220703125</ele>
        <time>2025-05-30T08:59:38.000Z</time>
        <extensions>
          <ns3:TrackPointExtension>
            <ns3:atemp>28.0</ns3:atemp>
          </ns3:TrackPointExtension>
        </extensions>
      </trkpt>
      <trkpt lat="45.71558310650289058685302734375" lon="6.5727491676807403564453125">
        <ele>754.79998779296875</ele>
        <time>2025-05-30T08:59:40.000Z</time>
        <extensions>
          <ns3:TrackPointExtension>
            <ns3:atemp>28.0</ns3:atemp>
          </ns3:TrackPointExtension>
        </extensions>
      </trkpt>
      <trkpt lat="45.71559601463377475738525390625" lon="6.57280054874718189239501953125">
        <ele>755</ele>
        <time>2025-05-30T08:59:41.000Z</time>
        <extensions>
          <ns3:TrackPointExtension>
            <ns3:atemp>28.0</ns3:atemp>
          </ns3:TrackPointExtension>
        </extensions>
      </trkpt>
      <trkpt lat="45.71570095606148242950439453125" lon="6.57301512546837329864501953125">
        <ele>755.79998779296875</ele>
        <time>2025-05-30T08:59:46.000Z</time>
        <extensions>
          <ns3:TrackPointExtension>
            <ns3:atemp>28.0</ns3:atemp>
          </ns3:TrackPointExtension>
        </extensions>
      </trkpt>
      <trkpt lat="45.71578913368284702301025390625" lon="6.57309995032846927642822265625">
        <ele>756.4000244140625</ele>
        <time>2025-05-30T08:59:49.000Z</time>
        <extensions>
          <ns3:TrackPointExtension>
            <ns3:atemp>28.0</ns3:atemp>
          </ns3:TrackPointExtension>
        </extensions>
      </trkpt>
      <trkpt lat="45.715804807841777801513671875" lon="6.57317739911377429962158203125">
        <ele>756.5999755859375</ele>
        <time>2025-05-30T08:59:51.000Z</time>
        <extensions>
          <ns3:TrackPointExtension>
            <ns3:atemp>28.0</ns3:atemp>
          </ns3:TrackPointExtension>
        </extensions>
      </trkpt>
      <trkpt lat="45.71579298935830593109130859375" lon="6.57321193255484104156494140625">
        <ele>756.79998779296875</ele>
        <time>2025-05-30T08:59:52.000Z</time>
        <extensions>
          <ns3:TrackPointExtension>
            <ns3:atemp>28.0</ns3:atemp>
          </ns3:TrackPointExtension>
        </extensions>
      </trkpt>
      <trkpt lat="45.715749152004718780517578125" lon="6.57324143685400485992431640625">
        <ele>757.20001220703125</ele>
        <time>2025-05-30T08:59:54.000Z</time>
        <extensions>
          <ns3:TrackPointExtension>
            <ns3:atemp>28.0</ns3:atemp>
          </ns3:TrackPointExtension>
        </extensions>
      </trkpt>
      <trkpt lat="45.715669356286525726318359375" lon="6.57313414849340915679931640625">
        <ele>758.20001220703125</ele>
        <time>2025-05-30T08:59:58.000Z</time>
        <extensions>
          <ns3:TrackPointExtension>
            <ns3:atemp>28.0</ns3:atemp>
          </ns3:TrackPointExtension>
        </extensions>
      </trkpt>
      <trkpt lat="45.7156095094978809356689453125" lon="6.57297656871378421783447265625">
        <ele>759.4000244140625</ele>
        <time>2025-05-30T09:00:02.000Z</time>
        <extensions>
          <ns3:TrackPointExtension>
            <ns3:atemp>28.0</ns3:atemp>
          </ns3:TrackPointExtension>
        </extensions>
      </trkpt>
      <trkpt lat="45.71556332521140575408935546875" lon="6.57280080020427703857421875">
        <ele>760.4000244140625</ele>
        <time>2025-05-30T09:00:06.000Z</time>
        <extensions>
          <ns3:TrackPointExtension>
            <ns3:atemp>28.0</ns3:atemp>
          </ns3:TrackPointExtension>
        </extensions>
      </trkpt>
      <trkpt lat="45.71550783701241016387939453125" lon="6.57257406972348690032958984375">
        <ele>762</ele>
        <time>2025-05-30T09:00:11.000Z</time>
        <extensions>
          <ns3:TrackPointExtension>
            <ns3:atemp>28.0</ns3:atemp>
          </ns3:TrackPointExtension>
        </extensions>
      </trkpt>
      <trkpt lat="45.715470872819423675537109375" lon="6.572439372539520263671875">
        <ele>762.79998779296875</ele>
        <time>2025-05-30T09:00:14.000Z</time>
        <extensions>
          <ns3:TrackPointExtension>
            <ns3:atemp>28.0</ns3:atemp>
          </ns3:TrackPointExtension>
        </extensions>
      </trkpt>
      <trkpt lat="45.71545167826116085052490234375" lon="6.57235831953585147857666015625">
        <ele>763.20001220703125</ele>
        <time>2025-05-30T09:00:16.000Z</time>
        <extensions>
          <ns3:TrackPointExtension>
            <ns3:atemp>28.0</ns3:atemp>
          </ns3:TrackPointExtension>
        </extensions>
      </trkpt>
      <trkpt lat="45.71538227610290050506591796875" lon="6.57218229956924915313720703125">
        <ele>764</ele>
        <time>2025-05-30T09:00:21.000Z</time>
        <extensions>
          <ns3:TrackPointExtension>
            <ns3:atemp>28.0</ns3:atemp>
          </ns3:TrackPointExtension>
        </extensions>
      </trkpt>
      <trkpt lat="45.7152660191059112548828125" lon="6.5721552260220050811767578125">
        <ele>765.4000244140625</ele>
        <time>2025-05-30T09:00:25.000Z</time>
        <extensions>
          <ns3:TrackPointExtension>
            <ns3:atemp>28.0</ns3:atemp>
          </ns3:TrackPointExtension>
        </extensions>
      </trkpt>
      <trkpt lat="45.7151977904140949249267578125" lon="6.57226108945906162261962890625">
        <ele>766.5999755859375</ele>
        <time>2025-05-30T09:00:28.000Z</time>
        <extensions>
          <ns3:TrackPointExtension>
            <ns3:atemp>28.0</ns3:atemp>
          </ns3:TrackPointExtension>
        </extensions>
      </trkpt>
      <trkpt lat="45.71519385091960430145263671875" lon="6.5723128058016300201416015625">
        <ele>767</ele>
        <time>2025-05-30T09:00:29.000Z</time>
        <extensions>
          <ns3:TrackPointExtension>
            <ns3:atemp>28.0</ns3:atemp>
          </ns3:TrackPointExtension>
        </extensions>
      </trkpt>
      <trkpt lat="45.71523391641676425933837890625" lon="6.57246158458292484283447265625">
        <ele>767.4000244140625</ele>
        <time>2025-05-30T09:00:32.000Z</time>
        <extensions>
          <ns3:TrackPointExtension>
            <ns3:atemp>28.0</ns3:atemp>
          </ns3:TrackPointExtension>
        </extensions>
      </trkpt>
      <trkpt lat="45.71529795415699481964111328125" lon="6.5726453997194766998291015625">
        <ele>768.20001220703125</ele>
        <time>2025-05-30T09:00:36.000Z</time>
        <extensions>
          <ns3:TrackPointExtension>
            <ns3:atemp>28.0</ns3:atemp>
          </ns3:TrackPointExtension>
        </extensions>
      </trkpt>
      <trkpt lat="45.71534740738570690155029296875" lon="6.5728787519037723541259765625">
        <ele>769.20001220703125</ele>
        <time>2025-05-30T09:00:41.000Z</time>
        <extensions>
          <ns3:TrackPointExtension>
            <ns3:atemp>28.0</ns3:atemp>
          </ns3:TrackPointExtension>
        </extensions>
      </trkpt>
      <trkpt lat="45.71536098606884479522705078125" lon="6.57301747240126132965087890625">
        <ele>770.20001220703125</ele>
        <time>2025-05-30T09:00:44.000Z</time>
        <extensions>
          <ns3:TrackPointExtension>
            <ns3:atemp>28.0</ns3:atemp>
          </ns3:TrackPointExtension>
        </extensions>
      </trkpt>
      <trkpt lat="45.7153848744928836822509765625" lon="6.573243029415607452392578125">
        <ele>771.79998779296875</ele>
        <time>2025-05-30T09:00:49.000Z</time>
        <extensions>
          <ns3:TrackPointExtension>
            <ns3:atemp>28.0</ns3:atemp>
          </ns3:TrackPointExtension>
        </extensions>
      </trkpt>
      <trkpt lat="45.71539853699505329132080078125" lon="6.5733310393989086151123046875">
        <ele>772.20001220703125</ele>
        <time>2025-05-30T09:00:51.000Z</time>
        <extensions>
          <ns3:TrackPointExtension>
            <ns3:atemp>28.0</ns3:atemp>
          </ns3:TrackPointExtension>
        </extensions>
      </trkpt>
      <trkpt lat="45.7154133729636669158935546875" lon="6.57346171326935291290283203125">
        <ele>772.79998779296875</ele>
        <time>2025-05-30T09:00:54.000Z</time>
        <extensions>
          <ns3:TrackPointExtension>
            <ns3:atemp>28.0</ns3:atemp>
          </ns3:TrackPointExtension>
        </extensions>
      </trkpt>
      <trkpt lat="45.715400464832782745361328125" lon="6.5735342167317867279052734375">
        <ele>773</ele>
        <time>2025-05-30T09:00:56.000Z</time>
        <extensions>
          <ns3:TrackPointExtension>
            <ns3:atemp>28.0</ns3:atemp>
          </ns3:TrackPointExtension>
        </extensions>
      </trkpt>
      <trkpt lat="45.71538479067385196685791015625" lon="6.5735513158142566680908203125">
        <ele>773</ele>
        <time>2025-05-30T09:00:57.000Z</time>
        <extensions>
          <ns3:TrackPointExtension>
            <ns3:atemp>28.0</ns3:atemp>
          </ns3:TrackPointExtension>
        </extensions>
      </trkpt>
      <trkpt lat="45.7153625786304473876953125" lon="6.5735570155084133148193359375">
        <ele>773.4000244140625</ele>
        <time>2025-05-30T09:00:58.000Z</time>
        <extensions>
          <ns3:TrackPointExtension>
            <ns3:atemp>28.0</ns3:atemp>
          </ns3:TrackPointExtension>
        </extensions>
      </trkpt>
      <trkpt lat="45.71532360278069972991943359375" lon="6.573522649705410003662109375">
        <ele>774.20001220703125</ele>
        <time>2025-05-30T09:01:00.000Z</time>
        <extensions>
          <ns3:TrackPointExtension>
            <ns3:atemp>28.0</ns3:atemp>
          </ns3:TrackPointExtension>
        </extensions>
      </trkpt>
      <trkpt lat="45.7152879796922206878662109375" lon="6.573410332202911376953125">
        <ele>775.20001220703125</ele>
        <time>2025-05-30T09:01:03.000Z</time>
        <extensions>
          <ns3:TrackPointExtension>
            <ns3:atemp>28.0</ns3:atemp>
          </ns3:TrackPointExtension>
        </extensions>
      </trkpt>
      <trkpt lat="45.7152366824448108673095703125" lon="6.57324604690074920654296875">
        <ele>776.20001220703125</ele>
        <time>2025-05-30T09:01:07.000Z</time>
        <extensions>
          <ns3:TrackPointExtension>
            <ns3:atemp>28.0</ns3:atemp>
          </ns3:TrackPointExtension>
        </extensions>
      </trkpt>
      <trkpt lat="45.71516568772494792938232421875" lon="6.57310732640326023101806640625">
        <ele>777.20001220703125</ele>
        <time>2025-05-30T09:01:11.000Z</time>
        <extensions>
          <ns3:TrackPointExtension>
            <ns3:atemp>28.0</ns3:atemp>
          </ns3:TrackPointExtension>
        </extensions>
      </trkpt>
      <trkpt lat="45.71509863249957561492919921875" lon="6.57302199862897396087646484375">
        <ele>777.79998779296875</ele>
        <time>2025-05-30T09:01:14.000Z</time>
        <extensions>
          <ns3:TrackPointExtension>
            <ns3:atemp>28.0</ns3:atemp>
          </ns3:TrackPointExtension>
        </extensions>
      </trkpt>
      <trkpt lat="45.71504800580441951751708984375" lon="6.572966091334819793701171875">
        <ele>778.20001220703125</ele>
        <time>2025-05-30T09:01:16.000Z</time>
        <extensions>
          <ns3:TrackPointExtension>
            <ns3:atemp>28.0</ns3:atemp>
          </ns3:TrackPointExtension>
        </extensions>
      </trkpt>
      <trkpt lat="45.71490450762212276458740234375" lon="6.5727976150810718536376953125">
        <ele>779.5999755859375</ele>
        <time>2025-05-30T09:01:22.000Z</time>
        <extensions>
          <ns3:TrackPointExtension>
            <ns3:atemp>28.0</ns3:atemp>
          </ns3:TrackPointExtension>
        </extensions>
      </trkpt>
      <trkpt lat="45.71486108936369419097900390625" lon="6.572741456329822540283203125">
        <ele>780.20001220703125</ele>
        <time>2025-05-30T09:01:24.000Z</time>
        <extensions>
          <ns3:TrackPointExtension>
            <ns3:atemp>28.0</ns3:atemp>
          </ns3:TrackPointExtension>
        </extensions>
      </trkpt>
      <trkpt lat="45.71482119150459766387939453125" lon="6.57268236391246318817138671875">
        <ele>780.5999755859375</ele>
        <time>2025-05-30T09:01:26.000Z</time>
        <extensions>
          <ns3:TrackPointExtension>
            <ns3:atemp>28.0</ns3:atemp>
          </ns3:TrackPointExtension>
        </extensions>
      </trkpt>
      <trkpt lat="45.71475111879408359527587890625" lon="6.57256543636322021484375">
        <ele>781.79998779296875</ele>
        <time>2025-05-30T09:01:30.000Z</time>
        <extensions>
          <ns3:TrackPointExtension>
            <ns3:atemp>28.0</ns3:atemp>
          </ns3:TrackPointExtension>
        </extensions>
      </trkpt>
      <trkpt lat="45.71470099501311779022216796875" lon="6.57247717492282390594482421875">
        <ele>782.79998779296875</ele>
        <time>2025-05-30T09:01:33.000Z</time>
        <extensions>
          <ns3:TrackPointExtension>
            <ns3:atemp>28.0</ns3:atemp>
          </ns3:TrackPointExtension>
        </extensions>
      </trkpt>
      <trkpt lat="45.71459152735769748687744140625" lon="6.572345830500125885009765625">
        <ele>784.20001220703125</ele>
        <time>2025-05-30T09:01:38.000Z</time>
        <extensions>
          <ns3:TrackPointExtension>
            <ns3:atemp>29.0</ns3:atemp>
          </ns3:TrackPointExtension>
        </extensions>
      </trkpt>
      <trkpt lat="45.714565627276897430419921875" lon="6.5723325870931148529052734375">
        <ele>784.4000244140625</ele>
        <time>2025-05-30T09:01:39.000Z</time>
        <extensions>
          <ns3:TrackPointExtension>
            <ns3:atemp>29.0</ns3:atemp>
          </ns3:TrackPointExtension>
        </extensions>
      </trkpt>
      <trkpt lat="45.7144638709723949432373046875" lon="6.5723661147058010101318359375">
        <ele>785.4000244140625</ele>
        <time>2025-05-30T09:01:43.000Z</time>
        <extensions>
          <ns3:TrackPointExtension>
            <ns3:atemp>29.0</ns3:atemp>
          </ns3:TrackPointExtension>
        </extensions>
      </trkpt>
      <trkpt lat="45.71444065310060977935791015625" lon="6.57239469699561595916748046875">
        <ele>785.5999755859375</ele>
        <time>2025-05-30T09:01:44.000Z</time>
        <extensions>
          <ns3:TrackPointExtension>
            <ns3:atemp>29.0</ns3:atemp>
          </ns3:TrackPointExtension>
        </extensions>
      </trkpt>
      <trkpt lat="45.7144333608448505401611328125" lon="6.57254506833851337432861328125">
        <ele>786.20001220703125</ele>
        <time>2025-05-30T09:01:48.000Z</time>
        <extensions>
          <ns3:TrackPointExtension>
            <ns3:atemp>29.0</ns3:atemp>
          </ns3:TrackPointExtension>
        </extensions>
      </trkpt>
      <trkpt lat="45.714446268975734710693359375" lon="6.57259787432849407196044921875">
        <ele>786.4000244140625</ele>
        <time>2025-05-30T09:01:49.000Z</time>
        <extensions>
          <ns3:TrackPointExtension>
            <ns3:atemp>29.0</ns3:atemp>
          </ns3:TrackPointExtension>
        </extensions>
      </trkpt>
      <trkpt lat="45.7144980691373348236083984375" lon="6.57280457206070423126220703125">
        <ele>787.4000244140625</ele>
        <time>2025-05-30T09:01:54.000Z</time>
        <extensions>
          <ns3:TrackPointExtension>
            <ns3:atemp>29.0</ns3:atemp>
          </ns3:TrackPointExtension>
        </extensions>
      </trkpt>
      <trkpt lat="45.71449966169893741607666015625" lon="6.5728381834924221038818359375">
        <ele>787.79998779296875</ele>
        <time>2025-05-30T09:01:55.000Z</time>
        <extensions>
          <ns3:TrackPointExtension>
            <ns3:atemp>29.0</ns3:atemp>
          </ns3:TrackPointExtension>
        </extensions>
      </trkpt>
      <trkpt lat="45.7145222090184688568115234375" lon="6.57301596365869045257568359375">
        <ele>788.79998779296875</ele>
        <time>2025-05-30T09:01:59.000Z</time>
        <extensions>
          <ns3:TrackPointExtension>
            <ns3:atemp>29.0</ns3:atemp>
          </ns3:TrackPointExtension>
        </extensions>
      </trkpt>
      <trkpt lat="45.71453302167356014251708984375" lon="6.57310028560459613800048828125">
        <ele>789.20001220703125</ele>
        <time>2025-05-30T09:02:01.000Z</time>
        <extensions>
          <ns3:TrackPointExtension>
            <ns3:atemp>29.0</ns3:atemp>
          </ns3:TrackPointExtension>
        </extensions>
      </trkpt>
      <trkpt lat="45.71454911492764949798583984375" lon="6.57322551123797893524169921875">
        <ele>789.79998779296875</ele>
        <time>2025-05-30T09:02:04.000Z</time>
        <extensions>
          <ns3:TrackPointExtension>
            <ns3:atemp>29.0</ns3:atemp>
          </ns3:TrackPointExtension>
        </extensions>
      </trkpt>
      <trkpt lat="45.71457157842814922332763671875" lon="6.57334906049072742462158203125">
        <ele>790.5999755859375</ele>
        <time>2025-05-30T09:02:07.000Z</time>
        <extensions>
          <ns3:TrackPointExtension>
            <ns3:atemp>29.0</ns3:atemp>
          </ns3:TrackPointExtension>
        </extensions>
      </trkpt>
      <trkpt lat="45.71458331309258937835693359375" lon="6.57343187369406223297119140625">
        <ele>791</ele>
        <time>2025-05-30T09:02:09.000Z</time>
        <extensions>
          <ns3:TrackPointExtension>
            <ns3:atemp>29.0</ns3:atemp>
          </ns3:TrackPointExtension>
        </extensions>
      </trkpt>
      <trkpt lat="45.71459211409091949462890625" lon="6.573637984693050384521484375">
        <ele>792.20001220703125</ele>
        <time>2025-05-30T09:02:14.000Z</time>
        <extensions>
          <ns3:TrackPointExtension>
            <ns3:atemp>29.0</ns3:atemp>
          </ns3:TrackPointExtension>
        </extensions>
      </trkpt>
      <trkpt lat="45.71459102444350719451904296875" lon="6.5736793912947177886962890625">
        <ele>792.5999755859375</ele>
        <time>2025-05-30T09:02:15.000Z</time>
        <extensions>
          <ns3:TrackPointExtension>
            <ns3:atemp>29.0</ns3:atemp>
          </ns3:TrackPointExtension>
        </extensions>
      </trkpt>
      <trkpt lat="45.7145678065717220306396484375" lon="6.5738728456199169158935546875">
        <ele>793.4000244140625</ele>
        <time>2025-05-30T09:02:20.000Z</time>
        <extensions>
          <ns3:TrackPointExtension>
            <ns3:atemp>28.0</ns3:atemp>
          </ns3:TrackPointExtension>
        </extensions>
      </trkpt>
      <trkpt lat="45.7145319320261478424072265625" lon="6.57399781979620456695556640625">
        <ele>794</ele>
        <time>2025-05-30T09:02:23.000Z</time>
        <extensions>
          <ns3:TrackPointExtension>
            <ns3:atemp>29.0</ns3:atemp>
          </ns3:TrackPointExtension>
        </extensions>
      </trkpt>
      <trkpt lat="45.7144839875400066375732421875" lon="6.57409203238785266876220703125">
        <ele>794.79998779296875</ele>
        <time>2025-05-30T09:02:26.000Z</time>
        <extensions>
          <ns3:TrackPointExtension>
            <ns3:atemp>28.0</ns3:atemp>
          </ns3:TrackPointExtension>
        </extensions>
      </trkpt>
      <trkpt lat="45.7143988274037837982177734375" lon="6.57425296492874622344970703125">
        <ele>796</ele>
        <time>2025-05-30T09:02:31.000Z</time>
        <extensions>
          <ns3:TrackPointExtension>
            <ns3:atemp>28.0</ns3:atemp>
          </ns3:TrackPointExtension>
        </extensions>
      </trkpt>
      <trkpt lat="45.71436421014368534088134765625" lon="6.5743133984506130218505859375">
        <ele>796.4000244140625</ele>
        <time>2025-05-30T09:02:33.000Z</time>
        <extensions>
          <ns3:TrackPointExtension>
            <ns3:atemp>29.0</ns3:atemp>
          </ns3:TrackPointExtension>
        </extensions>
      </trkpt>
      <trkpt lat="45.71430218406021595001220703125" lon="6.5744121372699737548828125">
        <ele>797.20001220703125</ele>
        <time>2025-05-30T09:02:36.000Z</time>
        <extensions>
          <ns3:TrackPointExtension>
            <ns3:atemp>28.0</ns3:atemp>
          </ns3:TrackPointExtension>
        </extensions>
      </trkpt>
      <trkpt lat="45.7141825743019580841064453125" lon="6.57458983361721038818359375">
        <ele>798.4000244140625</ele>
        <time>2025-05-30T09:02:42.000Z</time>
        <extensions>
          <ns3:TrackPointExtension>
            <ns3:atemp>28.0</ns3:atemp>
          </ns3:TrackPointExtension>
        </extensions>
      </trkpt>
      <trkpt lat="45.71414276026189327239990234375" lon="6.57464724965393543243408203125">
        <ele>798.79998779296875</ele>
        <time>2025-05-30T09:02:44.000Z</time>
        <extensions>
          <ns3:TrackPointExtension>
            <ns3:atemp>29.0</ns3:atemp>
          </ns3:TrackPointExtension>
        </extensions>
      </trkpt>
      <trkpt lat="45.7140850089490413665771484375" lon="6.5747505985200405120849609375">
        <ele>799.5999755859375</ele>
        <time>2025-05-30T09:02:47.000Z</time>
        <extensions>
          <ns3:TrackPointExtension>
            <ns3:atemp>29.0</ns3:atemp>
          </ns3:TrackPointExtension>
        </extensions>
      </trkpt>
      <trkpt lat="45.714010410010814666748046875" lon="6.57488663680851459503173828125">
        <ele>800.4000244140625</ele>
        <time>2025-05-30T09:02:51.000Z</time>
        <extensions>
          <ns3:TrackPointExtension>
            <ns3:atemp>29.0</ns3:atemp>
          </ns3:TrackPointExtension>
        </extensions>
      </trkpt>
      <trkpt lat="45.71399171836674213409423828125" lon="6.57491966150701045989990234375">
        <ele>800.5999755859375</ele>
        <time>2025-05-30T09:02:52.000Z</time>
        <extensions>
          <ns3:TrackPointExtension>
            <ns3:atemp>29.0</ns3:atemp>
          </ns3:TrackPointExtension>
        </extensions>
      </trkpt>
      <trkpt lat="45.71390010416507720947265625" lon="6.57507891766726970672607421875">
        <ele>802</ele>
        <time>2025-05-30T09:02:57.000Z</time>
        <extensions>
          <ns3:TrackPointExtension>
            <ns3:atemp>29.0</ns3:atemp>
          </ns3:TrackPointExtension>
        </extensions>
      </trkpt>
      <trkpt lat="45.7138586975634098052978515625" lon="6.5751365013420581817626953125">
        <ele>802.4000244140625</ele>
        <time>2025-05-30T09:02:59.000Z</time>
        <extensions>
          <ns3:TrackPointExtension>
            <ns3:atemp>29.0</ns3:atemp>
          </ns3:TrackPointExtension>
        </extensions>
      </trkpt>
      <trkpt lat="45.71379390545189380645751953125" lon="6.575228869915008544921875">
        <ele>803</ele>
        <time>2025-05-30T09:03:02.000Z</time>
        <extensions>
          <ns3:TrackPointExtension>
            <ns3:atemp>29.0</ns3:atemp>
          </ns3:TrackPointExtension>
        </extensions>
      </trkpt>
      <trkpt lat="45.71370656602084636688232421875" lon="6.5753329731523990631103515625">
        <ele>804</ele>
        <time>2025-05-30T09:03:06.000Z</time>
        <extensions>
          <ns3:TrackPointExtension>
            <ns3:atemp>29.0</ns3:atemp>
          </ns3:TrackPointExtension>
        </extensions>
      </trkpt>
      <trkpt lat="45.713652670383453369140625" lon="6.575372032821178436279296875">
        <ele>804.79998779296875</ele>
        <time>2025-05-30T09:03:08.000Z</time>
        <extensions>
          <ns3:TrackPointExtension>
            <ns3:atemp>29.0</ns3:atemp>
          </ns3:TrackPointExtension>
        </extensions>
      </trkpt>
      <trkpt lat="45.71362609975039958953857421875" lon="6.57538318075239658355712890625">
        <ele>805.20001220703125</ele>
        <time>2025-05-30T09:03:09.000Z</time>
        <extensions>
          <ns3:TrackPointExtension>
            <ns3:atemp>29.0</ns3:atemp>
          </ns3:TrackPointExtension>
        </extensions>
      </trkpt>
      <trkpt lat="45.7135212421417236328125" lon="6.57540614716708660125732421875">
        <ele>806</ele>
        <time>2025-05-30T09:03:13.000Z</time>
        <extensions>
          <ns3:TrackPointExtension>
            <ns3:atemp>29.0</ns3:atemp>
          </ns3:TrackPointExtension>
        </extensions>
      </trkpt>
      <trkpt lat="45.7134955935180187225341796875" lon="6.57539315521717071533203125">
        <ele>806.20001220703125</ele>
        <time>2025-05-30T09:03:14.000Z</time>
        <extensions>
          <ns3:TrackPointExtension>
            <ns3:atemp>29.0</ns3:atemp>
          </ns3:TrackPointExtension>
        </extensions>
      </trkpt>
      <trkpt lat="45.71346952579915523529052734375" lon="6.5753742121160030364990234375">
        <ele>806.4000244140625</ele>
        <time>2025-05-30T09:03:15.000Z</time>
        <extensions>
          <ns3:TrackPointExtension>
            <ns3:atemp>29.0</ns3:atemp>
          </ns3:TrackPointExtension>
        </extensions>
      </trkpt>
      <trkpt lat="45.7134018838405609130859375" lon="6.57529785297811031341552734375">
        <ele>807.20001220703125</ele>
        <time>2025-05-30T09:03:18.000Z</time>
        <extensions>
          <ns3:TrackPointExtension>
            <ns3:atemp>29.0</ns3:atemp>
          </ns3:TrackPointExtension>
        </extensions>
      </trkpt>
      <trkpt lat="45.71334765292704105377197265625" lon="6.57521353103220462799072265625">
        <ele>808</ele>
        <time>2025-05-30T09:03:21.000Z</time>
        <extensions>
          <ns3:TrackPointExtension>
            <ns3:atemp>29.0</ns3:atemp>
          </ns3:TrackPointExtension>
        </extensions>
      </trkpt>
      <trkpt lat="45.71331446059048175811767578125" lon="6.5751524269580841064453125">
        <ele>808.4000244140625</ele>
        <time>2025-05-30T09:03:23.000Z</time>
        <extensions>
          <ns3:TrackPointExtension>
            <ns3:atemp>29.0</ns3:atemp>
          </ns3:TrackPointExtension>
        </extensions>
      </trkpt>
      <trkpt lat="45.713250674307346343994140625" lon="6.574967019259929656982421875">
        <ele>809.4000244140625</ele>
        <time>2025-05-30T09:03:28.000Z</time>
        <extensions>
          <ns3:TrackPointExtension>
            <ns3:atemp>29.0</ns3:atemp>
          </ns3:TrackPointExtension>
        </extensions>
      </trkpt>
      <trkpt lat="45.71324069984257221221923828125" lon="6.57492376863956451416015625">
        <ele>809.5999755859375</ele>
        <time>2025-05-30T09:03:29.000Z</time>
        <extensions>
          <ns3:TrackPointExtension>
            <ns3:atemp>29.0</ns3:atemp>
          </ns3:TrackPointExtension>
        </extensions>
      </trkpt>
      <trkpt lat="45.71321354247629642486572265625" lon="6.57474129460752010345458984375">
        <ele>810.79998779296875</ele>
        <time>2025-05-30T09:03:33.000Z</time>
        <extensions>
          <ns3:TrackPointExtension>
            <ns3:atemp>29.0</ns3:atemp>
          </ns3:TrackPointExtension>
        </extensions>
      </trkpt>
      <trkpt lat="45.71320365183055400848388671875" lon="6.57459779642522335052490234375">
        <ele>811</ele>
        <time>2025-05-30T09:03:36.000Z</time>
        <extensions>
          <ns3:TrackPointExtension>
            <ns3:atemp>29.0</ns3:atemp>
          </ns3:TrackPointExtension>
        </extensions>
      </trkpt>
      <trkpt lat="45.713191330432891845703125" lon="6.574415825307369232177734375">
        <ele>811.79998779296875</ele>
        <time>2025-05-30T09:03:40.000Z</time>
        <extensions>
          <ns3:TrackPointExtension>
            <ns3:atemp>28.0</ns3:atemp>
          </ns3:TrackPointExtension>
        </extensions>
      </trkpt>
      <trkpt lat="45.7131837867200374603271484375" lon="6.57419496215879917144775390625">
        <ele>812.79998779296875</ele>
        <time>2025-05-30T09:03:45.000Z</time>
        <extensions>
          <ns3:TrackPointExtension>
            <ns3:atemp>28.0</ns3:atemp>
          </ns3:TrackPointExtension>
        </extensions>
      </trkpt>
      <trkpt lat="45.713174231350421905517578125" lon="6.57406546175479888916015625">
        <ele>813.5999755859375</ele>
        <time>2025-05-30T09:03:48.000Z</time>
        <extensions>
          <ns3:TrackPointExtension>
            <ns3:atemp>29.0</ns3:atemp>
          </ns3:TrackPointExtension>
        </extensions>
      </trkpt>
      <trkpt lat="45.71317079477012157440185546875" lon="6.57398306764662265777587890625">
        <ele>813.79998779296875</ele>
        <time>2025-05-30T09:03:50.000Z</time>
        <extensions>
          <ns3:TrackPointExtension>
            <ns3:atemp>29.0</ns3:atemp>
          </ns3:TrackPointExtension>
        </extensions>
      </trkpt>
      <trkpt lat="45.7131636701524257659912109375" lon="6.57376907765865325927734375">
        <ele>814.79998779296875</ele>
        <time>2025-05-30T09:03:55.000Z</time>
        <extensions>
          <ns3:TrackPointExtension>
            <ns3:atemp>29.0</ns3:atemp>
          </ns3:TrackPointExtension>
        </extensions>
      </trkpt>
      <trkpt lat="45.71316090412437915802001953125" lon="6.57364443875849246978759765625">
        <ele>815.4000244140625</ele>
        <time>2025-05-30T09:03:58.000Z</time>
        <extensions>
          <ns3:TrackPointExtension>
            <ns3:atemp>29.0</ns3:atemp>
          </ns3:TrackPointExtension>
        </extensions>
      </trkpt>
      <trkpt lat="45.7131470739841461181640625" lon="6.5735144354403018951416015625">
        <ele>816</ele>
        <time>2025-05-30T09:04:01.000Z</time>
        <extensions>
          <ns3:TrackPointExtension>
            <ns3:atemp>29.0</ns3:atemp>
          </ns3:TrackPointExtension>
        </extensions>
      </trkpt>
      <trkpt lat="45.71312896907329559326171875" lon="6.57338778488337993621826171875">
        <ele>817</ele>
        <time>2025-05-30T09:04:04.000Z</time>
        <extensions>
          <ns3:TrackPointExtension>
            <ns3:atemp>29.0</ns3:atemp>
          </ns3:TrackPointExtension>
        </extensions>
      </trkpt>
      <trkpt lat="45.7131127081811428070068359375" lon="6.57330430112779140472412109375">
        <ele>817.4000244140625</ele>
        <time>2025-05-30T09:04:06.000Z</time>
        <extensions>
          <ns3:TrackPointExtension>
            <ns3:atemp>29.0</ns3:atemp>
          </ns3:TrackPointExtension>
        </extensions>
      </trkpt>
      <trkpt lat="45.71308395825326442718505859375" lon="6.5731758065521717071533203125">
        <ele>818</ele>
        <time>2025-05-30T09:04:09.000Z</time>
        <extensions>
          <ns3:TrackPointExtension>
            <ns3:atemp>29.0</ns3:atemp>
          </ns3:TrackPointExtension>
        </extensions>
      </trkpt>
      <trkpt lat="45.71301857940852642059326171875" lon="6.57297807745635509490966796875">
        <ele>819.20001220703125</ele>
        <time>2025-05-30T09:04:14.000Z</time>
        <extensions>
          <ns3:TrackPointExtension>
            <ns3:atemp>29.0</ns3:atemp>
          </ns3:TrackPointExtension>
        </extensions>
      </trkpt>
      <trkpt lat="45.712993182241916656494140625" lon="6.5729015506803989410400390625">
        <ele>819.4000244140625</ele>
        <time>2025-05-30T09:04:16.000Z</time>
        <extensions>
          <ns3:TrackPointExtension>
            <ns3:atemp>29.0</ns3:atemp>
          </ns3:TrackPointExtension>
        </extensions>
      </trkpt>
      <trkpt lat="45.712939538061618804931640625" lon="6.57278898172080516815185546875">
        <ele>820.20001220703125</ele>
        <time>2025-05-30T09:04:19.000Z</time>
        <extensions>
          <ns3:TrackPointExtension>
            <ns3:atemp>29.0</ns3:atemp>
          </ns3:TrackPointExtension>
        </extensions>
      </trkpt>
      <trkpt lat="45.71281087584793567657470703125" lon="6.57258127816021442413330078125">
        <ele>821.20001220703125</ele>
        <time>2025-05-30T09:04:25.000Z</time>
        <extensions>
          <ns3:TrackPointExtension>
            <ns3:atemp>29.0</ns3:atemp>
          </ns3:TrackPointExtension>
        </extensions>
      </trkpt>
      <trkpt lat="45.712785981595516204833984375" lon="6.57255009748041629791259765625">
        <ele>821.5999755859375</ele>
        <time>2025-05-30T09:04:26.000Z</time>
        <extensions>
          <ns3:TrackPointExtension>
            <ns3:atemp>29.0</ns3:atemp>
          </ns3:TrackPointExtension>
        </extensions>
      </trkpt>
      <trkpt lat="45.71266360580921173095703125" lon="6.57239176332950592041015625">
        <ele>822.5999755859375</ele>
        <time>2025-05-30T09:04:31.000Z</time>
        <extensions>
          <ns3:TrackPointExtension>
            <ns3:atemp>29.0</ns3:atemp>
          </ns3:TrackPointExtension>
        </extensions>
      </trkpt>
      <trkpt lat="45.71260191500186920166015625" lon="6.57228908501565456390380859375">
        <ele>823</ele>
        <time>2025-05-30T09:04:34.000Z</time>
        <extensions>
          <ns3:TrackPointExtension>
            <ns3:atemp>29.0</ns3:atemp>
          </ns3:TrackPointExtension>
        </extensions>
      </trkpt>
      <trkpt lat="45.71254516951739788055419921875" lon="6.57215866260230541229248046875">
        <ele>823.5999755859375</ele>
        <time>2025-05-30T09:04:37.000Z</time>
        <extensions>
          <ns3:TrackPointExtension>
            <ns3:atemp>29.0</ns3:atemp>
          </ns3:TrackPointExtension>
        </extensions>
      </trkpt>
      <trkpt lat="45.71247207932174205780029296875" lon="6.5719423256814479827880859375">
        <ele>824.5999755859375</ele>
        <time>2025-05-30T09:04:42.000Z</time>
        <extensions>
          <ns3:TrackPointExtension>
            <ns3:atemp>29.0</ns3:atemp>
          </ns3:TrackPointExtension>
        </extensions>
      </trkpt>
      <trkpt lat="45.7124129869043827056884765625" lon="6.5717877633869647979736328125">
        <ele>825.79998779296875</ele>
        <time>2025-05-30T09:04:46.000Z</time>
        <extensions>
          <ns3:TrackPointExtension>
            <ns3:atemp>29.0</ns3:atemp>
          </ns3:TrackPointExtension>
        </extensions>
      </trkpt>
      <trkpt lat="45.71233293972909450531005859375" lon="6.5716161020100116729736328125">
        <ele>826.79998779296875</ele>
        <time>2025-05-30T09:04:51.000Z</time>
        <extensions>
          <ns3:TrackPointExtension>
            <ns3:atemp>29.0</ns3:atemp>
          </ns3:TrackPointExtension>
        </extensions>
      </trkpt>
      <trkpt lat="45.7123102247714996337890625" lon="6.57157746143639087677001953125">
        <ele>827</ele>
        <time>2025-05-30T09:04:52.000Z</time>
        <extensions>
          <ns3:TrackPointExtension>
            <ns3:atemp>29.0</ns3:atemp>
          </ns3:TrackPointExtension>
        </extensions>
      </trkpt>
      <trkpt lat="45.71223101578652858734130859375" lon="6.5714524872601032257080078125">
        <ele>828</ele>
        <time>2025-05-30T09:04:56.000Z</time>
        <extensions>
          <ns3:TrackPointExtension>
            <ns3:atemp>29.0</ns3:atemp>
          </ns3:TrackPointExtension>
        </extensions>
      </trkpt>
      <trkpt lat="45.71219279430806636810302734375" lon="6.571381576359272003173828125">
        <ele>828.4000244140625</ele>
        <time>2025-05-30T09:04:58.000Z</time>
        <extensions>
          <ns3:TrackPointExtension>
            <ns3:atemp>29.0</ns3:atemp>
          </ns3:TrackPointExtension>
        </extensions>
      </trkpt>
      <trkpt lat="45.71215507574379444122314453125" lon="6.5713110007345676422119140625">
        <ele>829</ele>
        <time>2025-05-30T09:05:00.000Z</time>
        <extensions>
          <ns3:TrackPointExtension>
            <ns3:atemp>29.0</ns3:atemp>
          </ns3:TrackPointExtension>
        </extensions>
      </trkpt>
      <trkpt lat="45.7120642997324466705322265625" lon="6.57114428468048572540283203125">
        <ele>830</ele>
        <time>2025-05-30T09:05:05.000Z</time>
        <extensions>
          <ns3:TrackPointExtension>
            <ns3:atemp>29.0</ns3:atemp>
          </ns3:TrackPointExtension>
        </extensions>
      </trkpt>
      <trkpt lat="45.7120066322386264801025390625" lon="6.5710568614304065704345703125">
        <ele>830.79998779296875</ele>
        <time>2025-05-30T09:05:08.000Z</time>
        <extensions>
          <ns3:TrackPointExtension>
            <ns3:atemp>29.0</ns3:atemp>
          </ns3:TrackPointExtension>
        </extensions>
      </trkpt>
      <trkpt lat="45.71197385899722576141357421875" lon="6.57100615091621875762939453125">
        <ele>831.20001220703125</ele>
        <time>2025-05-30T09:05:10.000Z</time>
        <extensions>
          <ns3:TrackPointExtension>
            <ns3:atemp>29.0</ns3:atemp>
          </ns3:TrackPointExtension>
        </extensions>
      </trkpt>
      <trkpt lat="45.71186992339789867401123046875" lon="6.57094278372824192047119140625">
        <ele>832</ele>
        <time>2025-05-30T09:05:14.000Z</time>
        <extensions>
          <ns3:TrackPointExtension>
            <ns3:atemp>29.0</ns3:atemp>
          </ns3:TrackPointExtension>
        </extensions>
      </trkpt>
      <trkpt lat="45.7118410058319568634033203125" lon="6.57094798050820827484130859375">
        <ele>832.20001220703125</ele>
        <time>2025-05-30T09:05:15.000Z</time>
        <extensions>
          <ns3:TrackPointExtension>
            <ns3:atemp>29.0</ns3:atemp>
          </ns3:TrackPointExtension>
        </extensions>
      </trkpt>
      <trkpt lat="45.71181309409439563751220703125" lon="6.5709636546671390533447265625">
        <ele>832.4000244140625</ele>
        <time>2025-05-30T09:05:16.000Z</time>
        <extensions>
          <ns3:TrackPointExtension>
            <ns3:atemp>29.0</ns3:atemp>
          </ns3:TrackPointExtension>
        </extensions>
      </trkpt>
      <trkpt lat="45.71176112629473209381103515625" lon="6.571016125380992889404296875">
        <ele>833</ele>
        <time>2025-05-30T09:05:18.000Z</time>
        <extensions>
          <ns3:TrackPointExtension>
            <ns3:atemp>29.0</ns3:atemp>
          </ns3:TrackPointExtension>
        </extensions>
      </trkpt>
      <trkpt lat="45.71173715405166149139404296875" lon="6.57108795829117298126220703125">
        <ele>833.4000244140625</ele>
        <time>2025-05-30T09:05:20.000Z</time>
        <extensions>
          <ns3:TrackPointExtension>
            <ns3:atemp>29.0</ns3:atemp>
          </ns3:TrackPointExtension>
        </extensions>
      </trkpt>
      <trkpt lat="45.7117286883294582366943359375" lon="6.57116792164742946624755859375">
        <ele>833.79998779296875</ele>
        <time>2025-05-30T09:05:22.000Z</time>
        <extensions>
          <ns3:TrackPointExtension>
            <ns3:atemp>29.0</ns3:atemp>
          </ns3:TrackPointExtension>
        </extensions>
      </trkpt>
      <trkpt lat="45.71174603886902332305908203125" lon="6.57126213423907756805419921875">
        <ele>834.4000244140625</ele>
        <time>2025-05-30T09:05:24.000Z</time>
        <extensions>
          <ns3:TrackPointExtension>
            <ns3:atemp>29.0</ns3:atemp>
          </ns3:TrackPointExtension>
        </extensions>
      </trkpt>
      <trkpt lat="45.7118024490773677825927734375" lon="6.57143211923539638519287109375">
        <ele>835</ele>
        <time>2025-05-30T09:05:28.000Z</time>
        <extensions>
          <ns3:TrackPointExtension>
            <ns3:atemp>29.0</ns3:atemp>
          </ns3:TrackPointExtension>
        </extensions>
      </trkpt>
      <trkpt lat="45.71184645406901836395263671875" lon="6.57154996879398822784423828125">
        <ele>835.5999755859375</ele>
        <time>2025-05-30T09:05:31.000Z</time>
        <extensions>
          <ns3:TrackPointExtension>
            <ns3:atemp>29.0</ns3:atemp>
          </ns3:TrackPointExtension>
        </extensions>
      </trkpt>
      <trkpt lat="45.71191434748470783233642578125" lon="6.5717361308634281158447265625">
        <ele>836.5999755859375</ele>
        <time>2025-05-30T09:05:36.000Z</time>
        <extensions>
          <ns3:TrackPointExtension>
            <ns3:atemp>29.0</ns3:atemp>
          </ns3:TrackPointExtension>
        </extensions>
      </trkpt>
      <trkpt lat="45.71195256896317005157470703125" lon="6.57184459269046783447265625">
        <ele>837.4000244140625</ele>
        <time>2025-05-30T09:05:39.000Z</time>
        <extensions>
          <ns3:TrackPointExtension>
            <ns3:atemp>29.0</ns3:atemp>
          </ns3:TrackPointExtension>
        </extensions>
      </trkpt>
      <trkpt lat="45.71195240132510662078857421875" lon="6.57192011363804340362548828125">
        <ele>837.79998779296875</ele>
        <time>2025-05-30T09:05:41.000Z</time>
        <extensions>
          <ns3:TrackPointExtension>
            <ns3:atemp>29.0</ns3:atemp>
          </ns3:TrackPointExtension>
        </extensions>
      </trkpt>
      <trkpt lat="45.7119298540055751800537109375" lon="6.57198197208344936370849609375">
        <ele>838.20001220703125</ele>
        <time>2025-05-30T09:05:43.000Z</time>
        <extensions>
          <ns3:TrackPointExtension>
            <ns3:atemp>29.0</ns3:atemp>
          </ns3:TrackPointExtension>
        </extensions>
      </trkpt>
      <trkpt lat="45.7118862681090831756591796875" lon="6.57199035398662090301513671875">
        <ele>838.79998779296875</ele>
        <time>2025-05-30T09:05:45.000Z</time>
        <extensions>
          <ns3:TrackPointExtension>
            <ns3:atemp>29.0</ns3:atemp>
          </ns3:TrackPointExtension>
        </extensions>
      </trkpt>
      <trkpt lat="45.711870677769184112548828125" lon="6.57196872867643833160400390625">
        <ele>839.20001220703125</ele>
        <time>2025-05-30T09:05:46.000Z</time>
        <extensions>
          <ns3:TrackPointExtension>
            <ns3:atemp>29.0</ns3:atemp>
          </ns3:TrackPointExtension>
        </extensions>
      </trkpt>
      <trkpt lat="45.71182684041559696197509765625" lon="6.571810729801654815673828125">
        <ele>840.4000244140625</ele>
        <time>2025-05-30T09:05:50.000Z</time>
        <extensions>
          <ns3:TrackPointExtension>
            <ns3:atemp>29.0</ns3:atemp>
          </ns3:TrackPointExtension>
        </extensions>
      </trkpt>
      <trkpt lat="45.71176372468471527099609375" lon="6.57165759243071079254150390625">
        <ele>841.5999755859375</ele>
        <time>2025-05-30T09:05:54.000Z</time>
        <extensions>
          <ns3:TrackPointExtension>
            <ns3:atemp>29.0</ns3:atemp>
          </ns3:TrackPointExtension>
        </extensions>
      </trkpt>
      <trkpt lat="45.711682923138141632080078125" lon="6.5715091489255428314208984375">
        <ele>842.5999755859375</ele>
        <time>2025-05-30T09:05:58.000Z</time>
        <extensions>
          <ns3:TrackPointExtension>
            <ns3:atemp>29.0</ns3:atemp>
          </ns3:TrackPointExtension>
        </extensions>
      </trkpt>
      <trkpt lat="45.71159868501126766204833984375" lon="6.5713767148554325103759765625">
        <ele>843.5999755859375</ele>
        <time>2025-05-30T09:06:02.000Z</time>
        <extensions>
          <ns3:TrackPointExtension>
            <ns3:atemp>29.0</ns3:atemp>
          </ns3:TrackPointExtension>
        </extensions>
      </trkpt>
      <trkpt lat="45.711458623409271240234375" lon="6.57121083699166774749755859375">
        <ele>845</ele>
        <time>2025-05-30T09:06:08.000Z</time>
        <extensions>
          <ns3:TrackPointExtension>
            <ns3:atemp>29.0</ns3:atemp>
          </ns3:TrackPointExtension>
        </extensions>
      </trkpt>
      <trkpt lat="45.71139349602162837982177734375" lon="6.57112039625644683837890625">
        <ele>845.79998779296875</ele>
        <time>2025-05-30T09:06:11.000Z</time>
        <extensions>
          <ns3:TrackPointExtension>
            <ns3:atemp>29.0</ns3:atemp>
          </ns3:TrackPointExtension>
        </extensions>
      </trkpt>
      <trkpt lat="45.7113498263061046600341796875" lon="6.57106599770486354827880859375">
        <ele>846.20001220703125</ele>
        <time>2025-05-30T09:06:13.000Z</time>
        <extensions>
          <ns3:TrackPointExtension>
            <ns3:atemp>29.0</ns3:atemp>
          </ns3:TrackPointExtension>
        </extensions>
      </trkpt>
      <trkpt lat="45.7112539373338222503662109375" lon="6.5709147043526172637939453125">
        <ele>847.4000244140625</ele>
        <time>2025-05-30T09:06:18.000Z</time>
        <extensions>
          <ns3:TrackPointExtension>
            <ns3:atemp>29.0</ns3:atemp>
          </ns3:TrackPointExtension>
        </extensions>
      </trkpt>
      <trkpt lat="45.711217224597930908203125" lon="6.57085259445011615753173828125">
        <ele>847.79998779296875</ele>
        <time>2025-05-30T09:06:20.000Z</time>
        <extensions>
          <ns3:TrackPointExtension>
            <ns3:atemp>29.0</ns3:atemp>
          </ns3:TrackPointExtension>
        </extensions>
      </trkpt>
      <trkpt lat="45.711161904036998748779296875" lon="6.57075670547783374786376953125">
        <ele>848.5999755859375</ele>
        <time>2025-05-30T09:06:23.000Z</time>
        <extensions>
          <ns3:TrackPointExtension>
            <ns3:atemp>29.0</ns3:atemp>
          </ns3:TrackPointExtension>
        </extensions>
      </trkpt>
      <trkpt lat="45.71104531176388263702392578125" lon="6.570557467639446258544921875">
        <ele>849.5999755859375</ele>
        <time>2025-05-30T09:06:29.000Z</time>
        <extensions>
          <ns3:TrackPointExtension>
            <ns3:atemp>29.0</ns3:atemp>
          </ns3:TrackPointExtension>
        </extensions>
      </trkpt>
      <trkpt lat="45.71102678775787353515625" lon="6.5705234371125698089599609375">
        <ele>850</ele>
        <time>2025-05-30T09:06:30.000Z</time>
        <extensions>
          <ns3:TrackPointExtension>
            <ns3:atemp>29.0</ns3:atemp>
          </ns3:TrackPointExtension>
        </extensions>
      </trkpt>
      <trkpt lat="45.71096987463533878326416015625" lon="6.57042645849287509918212890625">
        <ele>850.79998779296875</ele>
        <time>2025-05-30T09:06:33.000Z</time>
        <extensions>
          <ns3:TrackPointExtension>
            <ns3:atemp>29.0</ns3:atemp>
          </ns3:TrackPointExtension>
        </extensions>
      </trkpt>
      <trkpt lat="45.710929222404956817626953125" lon="6.57036309130489826202392578125">
        <ele>851.20001220703125</ele>
        <time>2025-05-30T09:06:35.000Z</time>
        <extensions>
          <ns3:TrackPointExtension>
            <ns3:atemp>29.0</ns3:atemp>
          </ns3:TrackPointExtension>
        </extensions>
      </trkpt>
      <trkpt lat="45.710871219635009765625" lon="6.57026250846683979034423828125">
        <ele>852</ele>
        <time>2025-05-30T09:06:38.000Z</time>
        <extensions>
          <ns3:TrackPointExtension>
            <ns3:atemp>29.0</ns3:atemp>
          </ns3:TrackPointExtension>
        </extensions>
      </trkpt>
      <trkpt lat="45.71082763373851776123046875" lon="6.570204086601734161376953125">
        <ele>852.4000244140625</ele>
        <time>2025-05-30T09:06:40.000Z</time>
        <extensions>
          <ns3:TrackPointExtension>
            <ns3:atemp>29.0</ns3:atemp>
          </ns3:TrackPointExtension>
        </extensions>
      </trkpt>
      <trkpt lat="45.71076191961765289306640625" lon="6.57012529671192169189453125">
        <ele>853.20001220703125</ele>
        <time>2025-05-30T09:06:43.000Z</time>
        <extensions>
          <ns3:TrackPointExtension>
            <ns3:atemp>30.0</ns3:atemp>
          </ns3:TrackPointExtension>
        </extensions>
      </trkpt>
      <trkpt lat="45.7106846384704113006591796875" lon="6.5700171701610088348388671875">
        <ele>854.20001220703125</ele>
        <time>2025-05-30T09:06:47.000Z</time>
        <extensions>
          <ns3:TrackPointExtension>
            <ns3:atemp>30.0</ns3:atemp>
          </ns3:TrackPointExtension>
        </extensions>
      </trkpt>
      <trkpt lat="45.71060911752283573150634765625" lon="6.5698954649269580841064453125">
        <ele>855.20001220703125</ele>
        <time>2025-05-30T09:06:51.000Z</time>
        <extensions>
          <ns3:TrackPointExtension>
            <ns3:atemp>30.0</ns3:atemp>
          </ns3:TrackPointExtension>
        </extensions>
      </trkpt>
      <trkpt lat="45.710589922964572906494140625" lon="6.5698649547994136810302734375">
        <ele>855.4000244140625</ele>
        <time>2025-05-30T09:06:52.000Z</time>
        <extensions>
          <ns3:TrackPointExtension>
            <ns3:atemp>30.0</ns3:atemp>
          </ns3:TrackPointExtension>
        </extensions>
      </trkpt>
      <trkpt lat="45.71048389188945293426513671875" lon="6.5697124041616916656494140625">
        <ele>856.5999755859375</ele>
        <time>2025-05-30T09:06:57.000Z</time>
        <extensions>
          <ns3:TrackPointExtension>
            <ns3:atemp>30.0</ns3:atemp>
          </ns3:TrackPointExtension>
        </extensions>
      </trkpt>
      <trkpt lat="45.7103986479341983795166015625" lon="6.56958843581378459930419921875">
        <ele>857.79998779296875</ele>
        <time>2025-05-30T09:07:01.000Z</time>
        <extensions>
          <ns3:TrackPointExtension>
            <ns3:atemp>30.0</ns3:atemp>
          </ns3:TrackPointExtension>
        </extensions>
      </trkpt>
      <trkpt lat="45.7102997414767742156982421875" lon="6.56942951492965221405029296875">
        <ele>859</ele>
        <time>2025-05-30T09:07:06.000Z</time>
        <extensions>
          <ns3:TrackPointExtension>
            <ns3:atemp>30.0</ns3:atemp>
          </ns3:TrackPointExtension>
        </extensions>
      </trkpt>
      <trkpt lat="45.7102038525044918060302734375" lon="6.56927411444485187530517578125">
        <ele>860</ele>
        <time>2025-05-30T09:07:11.000Z</time>
        <extensions>
          <ns3:TrackPointExtension>
            <ns3:atemp>30.0</ns3:atemp>
          </ns3:TrackPointExtension>
        </extensions>
      </trkpt>
      <trkpt lat="45.7101260684430599212646484375" lon="6.56914704479277133941650390625">
        <ele>861</ele>
        <time>2025-05-30T09:07:15.000Z</time>
        <extensions>
          <ns3:TrackPointExtension>
            <ns3:atemp>30.0</ns3:atemp>
          </ns3:TrackPointExtension>
        </extensions>
      </trkpt>
      <trkpt lat="45.7100741006433963775634765625" lon="6.56904595904052257537841796875">
        <ele>861.5999755859375</ele>
        <time>2025-05-30T09:07:18.000Z</time>
        <extensions>
          <ns3:TrackPointExtension>
            <ns3:atemp>30.0</ns3:atemp>
          </ns3:TrackPointExtension>
        </extensions>
      </trkpt>
      <trkpt lat="45.7100435905158519744873046875" lon="6.56897705979645252227783203125">
        <ele>862.20001220703125</ele>
        <time>2025-05-30T09:07:20.000Z</time>
        <extensions>
          <ns3:TrackPointExtension>
            <ns3:atemp>30.0</ns3:atemp>
          </ns3:TrackPointExtension>
        </extensions>
      </trkpt>
      <trkpt lat="45.71000176481902599334716796875" lon="6.56886390410363674163818359375">
        <ele>862.79998779296875</ele>
        <time>2025-05-30T09:07:23.000Z</time>
        <extensions>
          <ns3:TrackPointExtension>
            <ns3:atemp>30.0</ns3:atemp>
          </ns3:TrackPointExtension>
        </extensions>
      </trkpt>
      <trkpt lat="45.70998164825141429901123046875" lon="6.56878595240414142608642578125">
        <ele>863.20001220703125</ele>
        <time>2025-05-30T09:07:25.000Z</time>
        <extensions>
          <ns3:TrackPointExtension>
            <ns3:atemp>30.0</ns3:atemp>
          </ns3:TrackPointExtension>
        </extensions>
      </trkpt>
      <trkpt lat="45.7099302671849727630615234375" lon="6.568594761192798614501953125">
        <ele>864.4000244140625</ele>
        <time>2025-05-30T09:07:30.000Z</time>
        <extensions>
          <ns3:TrackPointExtension>
            <ns3:atemp>30.0</ns3:atemp>
          </ns3:TrackPointExtension>
        </extensions>
      </trkpt>
      <trkpt lat="45.70991702377796173095703125" lon="6.56855695880949497222900390625">
        <ele>864.5999755859375</ele>
        <time>2025-05-30T09:07:31.000Z</time>
        <extensions>
          <ns3:TrackPointExtension>
            <ns3:atemp>30.0</ns3:atemp>
          </ns3:TrackPointExtension>
        </extensions>
      </trkpt>
      <trkpt lat="45.7098586857318878173828125" lon="6.5684658475220203399658203125">
        <ele>865.4000244140625</ele>
        <time>2025-05-30T09:07:34.000Z</time>
        <extensions>
          <ns3:TrackPointExtension>
            <ns3:atemp>30.0</ns3:atemp>
          </ns3:TrackPointExtension>
        </extensions>
      </trkpt>
      <trkpt lat="45.7098035328090190887451171875" lon="6.56843952834606170654296875">
        <ele>866</ele>
        <time>2025-05-30T09:07:36.000Z</time>
        <extensions>
          <ns3:TrackPointExtension>
            <ns3:atemp>30.0</ns3:atemp>
          </ns3:TrackPointExtension>
        </extensions>
      </trkpt>
      <trkpt lat="45.709745697677135467529296875" lon="6.56845302321016788482666015625">
        <ele>866.5999755859375</ele>
        <time>2025-05-30T09:07:38.000Z</time>
        <extensions>
          <ns3:TrackPointExtension>
            <ns3:atemp>30.0</ns3:atemp>
          </ns3:TrackPointExtension>
        </extensions>
      </trkpt>
      <trkpt lat="45.70969934575259685516357421875" lon="6.56849945895373821258544921875">
        <ele>867.20001220703125</ele>
        <time>2025-05-30T09:07:40.000Z</time>
        <extensions>
          <ns3:TrackPointExtension>
            <ns3:atemp>30.0</ns3:atemp>
          </ns3:TrackPointExtension>
        </extensions>
      </trkpt>
      <trkpt lat="45.709677301347255706787109375" lon="6.56857623718678951263427734375">
        <ele>867.5999755859375</ele>
        <time>2025-05-30T09:07:42.000Z</time>
        <extensions>
          <ns3:TrackPointExtension>
            <ns3:atemp>30.0</ns3:atemp>
          </ns3:TrackPointExtension>
        </extensions>
      </trkpt>
      <trkpt lat="45.7096778042614459991455078125" lon="6.56866751611232757568359375">
        <ele>868</ele>
        <time>2025-05-30T09:07:44.000Z</time>
        <extensions>
          <ns3:TrackPointExtension>
            <ns3:atemp>30.0</ns3:atemp>
          </ns3:TrackPointExtension>
        </extensions>
      </trkpt>
      <trkpt lat="45.70971895940601825714111328125" lon="6.56885233707726001739501953125">
        <ele>868.79998779296875</ele>
        <time>2025-05-30T09:07:48.000Z</time>
        <extensions>
          <ns3:TrackPointExtension>
            <ns3:atemp>30.0</ns3:atemp>
          </ns3:TrackPointExtension>
        </extensions>
      </trkpt>
      <trkpt lat="45.7097629643976688385009765625" lon="6.56897689215838909149169921875">
        <ele>869.20001220703125</ele>
        <time>2025-05-30T09:07:51.000Z</time>
        <extensions>
          <ns3:TrackPointExtension>
            <ns3:atemp>30.0</ns3:atemp>
          </ns3:TrackPointExtension>
        </extensions>
      </trkpt>
      <trkpt lat="45.70979707874357700347900390625" lon="6.56909407116472721099853515625">
        <ele>870</ele>
        <time>2025-05-30T09:07:54.000Z</time>
        <extensions>
          <ns3:TrackPointExtension>
            <ns3:atemp>30.0</ns3:atemp>
          </ns3:TrackPointExtension>
        </extensions>
      </trkpt>
      <trkpt lat="45.70983362384140491485595703125" lon="6.5692936442792415618896484375">
        <ele>871.4000244140625</ele>
        <time>2025-05-30T09:07:59.000Z</time>
        <extensions>
          <ns3:TrackPointExtension>
            <ns3:atemp>30.0</ns3:atemp>
          </ns3:TrackPointExtension>
        </extensions>
      </trkpt>
      <trkpt lat="45.7098417542874813079833984375" lon="6.5694448538124561309814453125">
        <ele>872.5999755859375</ele>
        <time>2025-05-30T09:08:03.000Z</time>
        <extensions>
          <ns3:TrackPointExtension>
            <ns3:atemp>30.0</ns3:atemp>
          </ns3:TrackPointExtension>
        </extensions>
      </trkpt>
      <trkpt lat="45.70984133519232273101806640625" lon="6.56960218213498592376708984375">
        <ele>873.5999755859375</ele>
        <time>2025-05-30T09:08:07.000Z</time>
        <extensions>
          <ns3:TrackPointExtension>
            <ns3:atemp>30.0</ns3:atemp>
          </ns3:TrackPointExtension>
        </extensions>
      </trkpt>
      <trkpt lat="45.70983613841235637664794921875" lon="6.56980074942111968994140625">
        <ele>874.79998779296875</ele>
        <time>2025-05-30T09:08:12.000Z</time>
        <extensions>
          <ns3:TrackPointExtension>
            <ns3:atemp>30.0</ns3:atemp>
          </ns3:TrackPointExtension>
        </extensions>
      </trkpt>
      <trkpt lat="45.709831528365612030029296875" lon="6.56992589123547077178955078125">
        <ele>875</ele>
        <time>2025-05-30T09:08:15.000Z</time>
        <extensions>
          <ns3:TrackPointExtension>
            <ns3:atemp>30.0</ns3:atemp>
          </ns3:TrackPointExtension>
        </extensions>
      </trkpt>
      <trkpt lat="45.7098239846527576446533203125" lon="6.57005379907786846160888671875">
        <ele>876</ele>
        <time>2025-05-30T09:08:18.000Z</time>
        <extensions>
          <ns3:TrackPointExtension>
            <ns3:atemp>30.0</ns3:atemp>
          </ns3:TrackPointExtension>
        </extensions>
      </trkpt>
      <trkpt lat="45.70981518365442752838134765625" lon="6.57024725340306758880615234375">
        <ele>877</ele>
        <time>2025-05-30T09:08:23.000Z</time>
        <extensions>
          <ns3:TrackPointExtension>
            <ns3:atemp>30.0</ns3:atemp>
          </ns3:TrackPointExtension>
        </extensions>
      </trkpt>
      <trkpt lat="45.709806047379970550537109375" lon="6.5704366005957126617431640625">
        <ele>878.20001220703125</ele>
        <time>2025-05-30T09:08:28.000Z</time>
        <extensions>
          <ns3:TrackPointExtension>
            <ns3:atemp>30.0</ns3:atemp>
          </ns3:TrackPointExtension>
        </extensions>
      </trkpt>
      <trkpt lat="45.70981686003506183624267578125" lon="6.5705546177923679351806640625">
        <ele>878.79998779296875</ele>
        <time>2025-05-30T09:08:31.000Z</time>
        <extensions>
          <ns3:TrackPointExtension>
            <ns3:atemp>30.0</ns3:atemp>
          </ns3:TrackPointExtension>
        </extensions>
      </trkpt>
      <trkpt lat="45.70983043871819972991943359375" lon="6.5706310607492923736572265625">
        <ele>879.4000244140625</ele>
        <time>2025-05-30T09:08:33.000Z</time>
        <extensions>
          <ns3:TrackPointExtension>
            <ns3:atemp>30.0</ns3:atemp>
          </ns3:TrackPointExtension>
        </extensions>
      </trkpt>
      <trkpt lat="45.70985659025609493255615234375" lon="6.570745892822742462158203125">
        <ele>880.4000244140625</ele>
        <time>2025-05-30T09:08:36.000Z</time>
        <extensions>
          <ns3:TrackPointExtension>
            <ns3:atemp>30.0</ns3:atemp>
          </ns3:TrackPointExtension>
        </extensions>
      </trkpt>
      <trkpt lat="45.70988022722303867340087890625" lon="6.57082401216030120849609375">
        <ele>881</ele>
        <time>2025-05-30T09:08:38.000Z</time>
        <extensions>
          <ns3:TrackPointExtension>
            <ns3:atemp>30.0</ns3:atemp>
          </ns3:TrackPointExtension>
        </extensions>
      </trkpt>
      <trkpt lat="45.709903948009014129638671875" lon="6.57089710235595703125">
        <ele>881.4000244140625</ele>
        <time>2025-05-30T09:08:40.000Z</time>
        <extensions>
          <ns3:TrackPointExtension>
            <ns3:atemp>30.0</ns3:atemp>
          </ns3:TrackPointExtension>
        </extensions>
      </trkpt>
      <trkpt lat="45.70998935960233211517333984375" lon="6.57106147147715091705322265625">
        <ele>882.4000244140625</ele>
        <time>2025-05-30T09:08:45.000Z</time>
        <extensions>
          <ns3:TrackPointExtension>
            <ns3:atemp>30.0</ns3:atemp>
          </ns3:TrackPointExtension>
        </extensions>
      </trkpt>
      <trkpt lat="45.7100083865225315093994140625" lon="6.57109131105244159698486328125">
        <ele>882.79998779296875</ele>
        <time>2025-05-30T09:08:46.000Z</time>
        <extensions>
          <ns3:TrackPointExtension>
            <ns3:atemp>30.0</ns3:atemp>
          </ns3:TrackPointExtension>
        </extensions>
      </trkpt>
      <trkpt lat="45.71007334627211093902587890625" lon="6.57117404043674468994140625">
        <ele>883.4000244140625</ele>
        <time>2025-05-30T09:08:49.000Z</time>
        <extensions>
          <ns3:TrackPointExtension>
            <ns3:atemp>30.0</ns3:atemp>
          </ns3:TrackPointExtension>
        </extensions>
      </trkpt>
      <trkpt lat="45.7101847417652606964111328125" lon="6.5713073126971721649169921875">
        <ele>884.5999755859375</ele>
        <time>2025-05-30T09:08:54.000Z</time>
        <extensions>
          <ns3:TrackPointExtension>
            <ns3:atemp>30.0</ns3:atemp>
          </ns3:TrackPointExtension>
        </extensions>
      </trkpt>
      <trkpt lat="45.710246600210666656494140625" lon="6.57138870097696781158447265625">
        <ele>885</ele>
        <time>2025-05-30T09:08:57.000Z</time>
        <extensions>
          <ns3:TrackPointExtension>
            <ns3:atemp>30.0</ns3:atemp>
          </ns3:TrackPointExtension>
        </extensions>
      </trkpt>
      <trkpt lat="45.71028641425073146820068359375" lon="6.57144150696694850921630859375">
        <ele>885.5999755859375</ele>
        <time>2025-05-30T09:08:59.000Z</time>
        <extensions>
          <ns3:TrackPointExtension>
            <ns3:atemp>30.0</ns3:atemp>
          </ns3:TrackPointExtension>
        </extensions>
      </trkpt>
      <trkpt lat="45.71033687330782413482666015625" lon="6.5715235657989978790283203125">
        <ele>886.4000244140625</ele>
        <time>2025-05-30T09:09:02.000Z</time>
        <extensions>
          <ns3:TrackPointExtension>
            <ns3:atemp>30.0</ns3:atemp>
          </ns3:TrackPointExtension>
        </extensions>
      </trkpt>
      <trkpt lat="45.7103406451642513275146484375" lon="6.5715527348220348358154296875">
        <ele>886.79998779296875</ele>
        <time>2025-05-30T09:09:03.000Z</time>
        <extensions>
          <ns3:TrackPointExtension>
            <ns3:atemp>30.0</ns3:atemp>
          </ns3:TrackPointExtension>
        </extensions>
      </trkpt>
      <trkpt lat="45.71033402346074581146240234375" lon="6.57157645560801029205322265625">
        <ele>887</ele>
        <time>2025-05-30T09:09:04.000Z</time>
        <extensions>
          <ns3:TrackPointExtension>
            <ns3:atemp>30.0</ns3:atemp>
          </ns3:TrackPointExtension>
        </extensions>
      </trkpt>
      <trkpt lat="45.7102937065064907073974609375" lon="6.5716120786964893341064453125">
        <ele>887.79998779296875</ele>
        <time>2025-05-30T09:09:07.000Z</time>
        <extensions>
          <ns3:TrackPointExtension>
            <ns3:atemp>29.0</ns3:atemp>
          </ns3:TrackPointExtension>
        </extensions>
      </trkpt>
      <trkpt lat="45.71025188080966472625732421875" lon="6.57159388996660709381103515625">
        <ele>888.4000244140625</ele>
        <time>2025-05-30T09:09:09.000Z</time>
        <extensions>
          <ns3:TrackPointExtension>
            <ns3:atemp>29.0</ns3:atemp>
          </ns3:TrackPointExtension>
        </extensions>
      </trkpt>
      <trkpt lat="45.71022690273821353912353515625" lon="6.5715788863599300384521484375">
        <ele>889</ele>
        <time>2025-05-30T09:09:10.000Z</time>
        <extensions>
          <ns3:TrackPointExtension>
            <ns3:atemp>29.0</ns3:atemp>
          </ns3:TrackPointExtension>
        </extensions>
      </trkpt>
      <trkpt lat="45.71013218723237514495849609375" lon="6.571497581899166107177734375">
        <ele>890.20001220703125</ele>
        <time>2025-05-30T09:09:14.000Z</time>
        <extensions>
          <ns3:TrackPointExtension>
            <ns3:atemp>29.0</ns3:atemp>
          </ns3:TrackPointExtension>
        </extensions>
      </trkpt>
      <trkpt lat="45.710082314908504486083984375" lon="6.57145273871719837188720703125">
        <ele>890.79998779296875</ele>
        <time>2025-05-30T09:09:16.000Z</time>
        <extensions>
          <ns3:TrackPointExtension>
            <ns3:atemp>29.0</ns3:atemp>
          </ns3:TrackPointExtension>
        </extensions>
      </trkpt>
      <trkpt lat="45.710035376250743865966796875" lon="6.57141217030584812164306640625">
        <ele>891.4000244140625</ele>
        <time>2025-05-30T09:09:18.000Z</time>
        <extensions>
          <ns3:TrackPointExtension>
            <ns3:atemp>29.0</ns3:atemp>
          </ns3:TrackPointExtension>
        </extensions>
      </trkpt>
      <trkpt lat="45.70991191081702709197998046875" lon="6.57131485641002655029296875">
        <ele>892.5999755859375</ele>
        <time>2025-05-30T09:09:23.000Z</time>
        <extensions>
          <ns3:TrackPointExtension>
            <ns3:atemp>29.0</ns3:atemp>
          </ns3:TrackPointExtension>
        </extensions>
      </trkpt>
      <trkpt lat="45.709859691560268402099609375" lon="6.57127202488481998443603515625">
        <ele>893.20001220703125</ele>
        <time>2025-05-30T09:09:25.000Z</time>
        <extensions>
          <ns3:TrackPointExtension>
            <ns3:atemp>29.0</ns3:atemp>
          </ns3:TrackPointExtension>
        </extensions>
      </trkpt>
      <trkpt lat="45.70977930910885334014892578125" lon="6.571210920810699462890625">
        <ele>893.5999755859375</ele>
        <time>2025-05-30T09:09:28.000Z</time>
        <extensions>
          <ns3:TrackPointExtension>
            <ns3:atemp>29.0</ns3:atemp>
          </ns3:TrackPointExtension>
        </extensions>
      </trkpt>
      <trkpt lat="45.70967696607112884521484375" lon="6.57112601213157176971435546875">
        <ele>894.5999755859375</ele>
        <time>2025-05-30T09:09:32.000Z</time>
        <extensions>
          <ns3:TrackPointExtension>
            <ns3:atemp>29.0</ns3:atemp>
          </ns3:TrackPointExtension>
        </extensions>
      </trkpt>
      <trkpt lat="45.70962541736662387847900390625" lon="6.57108577899634838104248046875">
        <ele>894.79998779296875</ele>
        <time>2025-05-30T09:09:34.000Z</time>
        <extensions>
          <ns3:TrackPointExtension>
            <ns3:atemp>29.0</ns3:atemp>
          </ns3:TrackPointExtension>
        </extensions>
      </trkpt>
      <trkpt lat="45.70952181704342365264892578125" lon="6.571008749306201934814453125">
        <ele>895.79998779296875</ele>
        <time>2025-05-30T09:09:38.000Z</time>
        <extensions>
          <ns3:TrackPointExtension>
            <ns3:atemp>29.0</ns3:atemp>
          </ns3:TrackPointExtension>
        </extensions>
      </trkpt>
      <trkpt lat="45.70944956503808498382568359375" lon="6.57094898633658885955810546875">
        <ele>896.4000244140625</ele>
        <time>2025-05-30T09:09:41.000Z</time>
        <extensions>
          <ns3:TrackPointExtension>
            <ns3:atemp>29.0</ns3:atemp>
          </ns3:TrackPointExtension>
        </extensions>
      </trkpt>
      <trkpt lat="45.70940044708549976348876953125" lon="6.5709069930016994476318359375">
        <ele>897</ele>
        <time>2025-05-30T09:09:43.000Z</time>
        <extensions>
          <ns3:TrackPointExtension>
            <ns3:atemp>29.0</ns3:atemp>
          </ns3:TrackPointExtension>
        </extensions>
      </trkpt>
      <trkpt lat="45.7093168795108795166015625" lon="6.570808254182338714599609375">
        <ele>898.20001220703125</ele>
        <time>2025-05-30T09:09:47.000Z</time>
        <extensions>
          <ns3:TrackPointExtension>
            <ns3:atemp>29.0</ns3:atemp>
          </ns3:TrackPointExtension>
        </extensions>
      </trkpt>
      <trkpt lat="45.7092955894768238067626953125" lon="6.570778749883174896240234375">
        <ele>898.20001220703125</ele>
        <time>2025-05-30T09:09:48.000Z</time>
        <extensions>
          <ns3:TrackPointExtension>
            <ns3:atemp>29.0</ns3:atemp>
          </ns3:TrackPointExtension>
        </extensions>
      </trkpt>
      <trkpt lat="45.7092523388564586639404296875" lon="6.5707178972661495208740234375">
        <ele>899.20001220703125</ele>
        <time>2025-05-30T09:09:50.000Z</time>
        <extensions>
          <ns3:TrackPointExtension>
            <ns3:atemp>29.0</ns3:atemp>
          </ns3:TrackPointExtension>
        </extensions>
      </trkpt>
      <trkpt lat="45.70915100164711475372314453125" lon="6.5705224312841892242431640625">
        <ele>900.4000244140625</ele>
        <time>2025-05-30T09:09:56.000Z</time>
        <extensions>
          <ns3:TrackPointExtension>
            <ns3:atemp>29.0</ns3:atemp>
          </ns3:TrackPointExtension>
        </extensions>
      </trkpt>
      <trkpt lat="45.70910121314227581024169921875" lon="6.57038471661508083343505859375">
        <ele>901.4000244140625</ele>
        <time>2025-05-30T09:10:00.000Z</time>
        <extensions>
          <ns3:TrackPointExtension>
            <ns3:atemp>29.0</ns3:atemp>
          </ns3:TrackPointExtension>
        </extensions>
      </trkpt>
      <trkpt lat="45.7090674340724945068359375" lon="6.570274829864501953125">
        <ele>902</ele>
        <time>2025-05-30T09:10:03.000Z</time>
        <extensions>
          <ns3:TrackPointExtension>
            <ns3:atemp>29.0</ns3:atemp>
          </ns3:TrackPointExtension>
        </extensions>
      </trkpt>
      <trkpt lat="45.7090451382100582122802734375" lon="6.57020702026784420013427734375">
        <ele>902.5999755859375</ele>
        <time>2025-05-30T09:10:05.000Z</time>
        <extensions>
          <ns3:TrackPointExtension>
            <ns3:atemp>29.0</ns3:atemp>
          </ns3:TrackPointExtension>
        </extensions>
      </trkpt>
      <trkpt lat="45.70894564501941204071044921875" lon="6.569971404969692230224609375">
        <ele>903.79998779296875</ele>
        <time>2025-05-30T09:10:12.000Z</time>
        <extensions>
          <ns3:TrackPointExtension>
            <ns3:atemp>29.0</ns3:atemp>
          </ns3:TrackPointExtension>
        </extensions>
      </trkpt>
      <trkpt lat="45.708912871778011322021484375" lon="6.569914408028125762939453125">
        <ele>904.20001220703125</ele>
        <time>2025-05-30T09:10:14.000Z</time>
        <extensions>
          <ns3:TrackPointExtension>
            <ns3:atemp>29.0</ns3:atemp>
          </ns3:TrackPointExtension>
        </extensions>
      </trkpt>
      <trkpt lat="45.70886082015931606292724609375" lon="6.56982715241611003875732421875">
        <ele>904.79998779296875</ele>
        <time>2025-05-30T09:10:17.000Z</time>
        <extensions>
          <ns3:TrackPointExtension>
            <ns3:atemp>29.0</ns3:atemp>
          </ns3:TrackPointExtension>
        </extensions>
      </trkpt>
      <trkpt lat="45.7087494246661663055419921875" lon="6.56966772861778736114501953125">
        <ele>906</ele>
        <time>2025-05-30T09:10:23.000Z</time>
        <extensions>
          <ns3:TrackPointExtension>
            <ns3:atemp>28.0</ns3:atemp>
          </ns3:TrackPointExtension>
        </extensions>
      </trkpt>
      <trkpt lat="45.7086904160678386688232421875" lon="6.56959480606019496917724609375">
        <ele>906.5999755859375</ele>
        <time>2025-05-30T09:10:26.000Z</time>
        <extensions>
          <ns3:TrackPointExtension>
            <ns3:atemp>29.0</ns3:atemp>
          </ns3:TrackPointExtension>
        </extensions>
      </trkpt>
      <trkpt lat="45.7086464948952198028564453125" lon="6.56954736448824405670166015625">
        <ele>907</ele>
        <time>2025-05-30T09:10:28.000Z</time>
        <extensions>
          <ns3:TrackPointExtension>
            <ns3:atemp>29.0</ns3:atemp>
          </ns3:TrackPointExtension>
        </extensions>
      </trkpt>
      <trkpt lat="45.7085596583783626556396484375" lon="6.5694505535066127777099609375">
        <ele>908.20001220703125</ele>
        <time>2025-05-30T09:10:32.000Z</time>
        <extensions>
          <ns3:TrackPointExtension>
            <ns3:atemp>29.0</ns3:atemp>
          </ns3:TrackPointExtension>
        </extensions>
      </trkpt>
      <trkpt lat="45.70842169225215911865234375" lon="6.569318287074565887451171875">
        <ele>909.20001220703125</ele>
        <time>2025-05-30T09:10:38.000Z</time>
        <extensions>
          <ns3:TrackPointExtension>
            <ns3:atemp>29.0</ns3:atemp>
          </ns3:TrackPointExtension>
        </extensions>
      </trkpt>
      <trkpt lat="45.70831842720508575439453125" lon="6.5692021138966083526611328125">
        <ele>910.4000244140625</ele>
        <time>2025-05-30T09:10:43.000Z</time>
        <extensions>
          <ns3:TrackPointExtension>
            <ns3:atemp>29.0</ns3:atemp>
          </ns3:TrackPointExtension>
        </extensions>
      </trkpt>
      <trkpt lat="45.7081958837807178497314453125" lon="6.56907311640679836273193359375">
        <ele>911.5999755859375</ele>
        <time>2025-05-30T09:10:49.000Z</time>
        <extensions>
          <ns3:TrackPointExtension>
            <ns3:atemp>29.0</ns3:atemp>
          </ns3:TrackPointExtension>
        </extensions>
      </trkpt>
      <trkpt lat="45.708084404468536376953125" lon="6.5689694322645664215087890625">
        <ele>912.79998779296875</ele>
        <time>2025-05-30T09:10:54.000Z</time>
        <extensions>
          <ns3:TrackPointExtension>
            <ns3:atemp>29.0</ns3:atemp>
          </ns3:TrackPointExtension>
        </extensions>
      </trkpt>
      <trkpt lat="45.70799882523715496063232421875" lon="6.568878404796123504638671875">
        <ele>914</ele>
        <time>2025-05-30T09:10:58.000Z</time>
        <extensions>
          <ns3:TrackPointExtension>
            <ns3:atemp>29.0</ns3:atemp>
          </ns3:TrackPointExtension>
        </extensions>
      </trkpt>
      <trkpt lat="45.7079521380364894866943359375" lon="6.5688292868435382843017578125">
        <ele>914.4000244140625</ele>
        <time>2025-05-30T09:11:00.000Z</time>
        <extensions>
          <ns3:TrackPointExtension>
            <ns3:atemp>29.0</ns3:atemp>
          </ns3:TrackPointExtension>
        </extensions>
      </trkpt>
      <trkpt lat="45.7078834064304828643798828125" lon="6.56875812448561191558837890625">
        <ele>915.20001220703125</ele>
        <time>2025-05-30T09:11:03.000Z</time>
        <extensions>
          <ns3:TrackPointExtension>
            <ns3:atemp>29.0</ns3:atemp>
          </ns3:TrackPointExtension>
        </extensions>
      </trkpt>
      <trkpt lat="45.707815848290920257568359375" lon="6.56868855468928813934326171875">
        <ele>916</ele>
        <time>2025-05-30T09:11:06.000Z</time>
        <extensions>
          <ns3:TrackPointExtension>
            <ns3:atemp>29.0</ns3:atemp>
          </ns3:TrackPointExtension>
        </extensions>
      </trkpt>
      <trkpt lat="45.7077933847904205322265625" lon="6.56866759993135929107666015625">
        <ele>916.20001220703125</ele>
        <time>2025-05-30T09:11:07.000Z</time>
        <extensions>
          <ns3:TrackPointExtension>
            <ns3:atemp>29.0</ns3:atemp>
          </ns3:TrackPointExtension>
        </extensions>
      </trkpt>
      <trkpt lat="45.70768031291663646697998046875" lon="6.56855293549597263336181640625">
        <ele>917.4000244140625</ele>
        <time>2025-05-30T09:11:12.000Z</time>
        <extensions>
          <ns3:TrackPointExtension>
            <ns3:atemp>29.0</ns3:atemp>
          </ns3:TrackPointExtension>
        </extensions>
      </trkpt>
      <trkpt lat="45.7076386548578739166259765625" lon="6.56850465573370456695556640625">
        <ele>917.5999755859375</ele>
        <time>2025-05-30T09:11:14.000Z</time>
        <extensions>
          <ns3:TrackPointExtension>
            <ns3:atemp>29.0</ns3:atemp>
          </ns3:TrackPointExtension>
        </extensions>
      </trkpt>
      <trkpt lat="45.7075273431837558746337890625" lon="6.56839652918279170989990234375">
        <ele>918.5999755859375</ele>
        <time>2025-05-30T09:11:19.000Z</time>
        <extensions>
          <ns3:TrackPointExtension>
            <ns3:atemp>29.0</ns3:atemp>
          </ns3:TrackPointExtension>
        </extensions>
      </trkpt>
      <trkpt lat="45.70741745643317699432373046875" lon="6.56829225830733776092529296875">
        <ele>919.5999755859375</ele>
        <time>2025-05-30T09:11:24.000Z</time>
        <extensions>
          <ns3:TrackPointExtension>
            <ns3:atemp>29.0</ns3:atemp>
          </ns3:TrackPointExtension>
        </extensions>
      </trkpt>
      <trkpt lat="45.70739666931331157684326171875" lon="6.5682698786258697509765625">
        <ele>920</ele>
        <time>2025-05-30T09:11:25.000Z</time>
        <extensions>
          <ns3:TrackPointExtension>
            <ns3:atemp>29.0</ns3:atemp>
          </ns3:TrackPointExtension>
        </extensions>
      </trkpt>
      <trkpt lat="45.7073224894702434539794921875" lon="6.56821631826460361480712890625">
        <ele>920.79998779296875</ele>
        <time>2025-05-30T09:11:28.000Z</time>
        <extensions>
          <ns3:TrackPointExtension>
            <ns3:atemp>29.0</ns3:atemp>
          </ns3:TrackPointExtension>
        </extensions>
      </trkpt>
      <trkpt lat="45.7072262652218341827392578125" lon="6.56816954724490642547607421875">
        <ele>921.79998779296875</ele>
        <time>2025-05-30T09:11:32.000Z</time>
        <extensions>
          <ns3:TrackPointExtension>
            <ns3:atemp>29.0</ns3:atemp>
          </ns3:TrackPointExtension>
        </extensions>
      </trkpt>
      <trkpt lat="45.7071991078555583953857421875" lon="6.56816435046494007110595703125">
        <ele>922</ele>
        <time>2025-05-30T09:11:33.000Z</time>
        <extensions>
          <ns3:TrackPointExtension>
            <ns3:atemp>29.0</ns3:atemp>
          </ns3:TrackPointExtension>
        </extensions>
      </trkpt>
      <trkpt lat="45.70708519779145717620849609375" lon="6.56814582645893096923828125">
        <ele>923</ele>
        <time>2025-05-30T09:11:37.000Z</time>
        <extensions>
          <ns3:TrackPointExtension>
            <ns3:atemp>29.0</ns3:atemp>
          </ns3:TrackPointExtension>
        </extensions>
      </trkpt>
      <trkpt lat="45.706972964107990264892578125" lon="6.5681491792201995849609375">
        <ele>924</ele>
        <time>2025-05-30T09:11:41.000Z</time>
        <extensions>
          <ns3:TrackPointExtension>
            <ns3:atemp>29.0</ns3:atemp>
          </ns3:TrackPointExtension>
        </extensions>
      </trkpt>
      <trkpt lat="45.70683005265891551971435546875" lon="6.5681651048362255096435546875">
        <ele>925.20001220703125</ele>
        <time>2025-05-30T09:11:46.000Z</time>
        <extensions>
          <ns3:TrackPointExtension>
            <ns3:atemp>29.0</ns3:atemp>
          </ns3:TrackPointExtension>
        </extensions>
      </trkpt>
      <trkpt lat="45.70675025694072246551513671875" lon="6.568167619407176971435546875">
        <ele>926.20001220703125</ele>
        <time>2025-05-30T09:11:49.000Z</time>
        <extensions>
          <ns3:TrackPointExtension>
            <ns3:atemp>29.0</ns3:atemp>
          </ns3:TrackPointExtension>
        </extensions>
      </trkpt>
      <trkpt lat="45.70666660554707050323486328125" lon="6.568170301616191864013671875">
        <ele>927.20001220703125</ele>
        <time>2025-05-30T09:11:52.000Z</time>
        <extensions>
          <ns3:TrackPointExtension>
            <ns3:atemp>29.0</ns3:atemp>
          </ns3:TrackPointExtension>
        </extensions>
      </trkpt>
      <trkpt lat="45.70663726888597011566162109375" lon="6.5681721456348896026611328125">
        <ele>927.4000244140625</ele>
        <time>2025-05-30T09:11:53.000Z</time>
        <extensions>
          <ns3:TrackPointExtension>
            <ns3:atemp>29.0</ns3:atemp>
          </ns3:TrackPointExtension>
        </extensions>
      </trkpt>
      <trkpt lat="45.70651573128998279571533203125" lon="6.5681828744709491729736328125">
        <ele>928.5999755859375</ele>
        <time>2025-05-30T09:11:57.000Z</time>
        <extensions>
          <ns3:TrackPointExtension>
            <ns3:atemp>29.0</ns3:atemp>
          </ns3:TrackPointExtension>
        </extensions>
      </trkpt>
      <trkpt lat="45.70639796555042266845703125" lon="6.568218581378459930419921875">
        <ele>929.4000244140625</ele>
        <time>2025-05-30T09:12:01.000Z</time>
        <extensions>
          <ns3:TrackPointExtension>
            <ns3:atemp>29.0</ns3:atemp>
          </ns3:TrackPointExtension>
        </extensions>
      </trkpt>
      <trkpt lat="45.70634004659950733184814453125" lon="6.568240709602832794189453125">
        <ele>929.79998779296875</ele>
        <time>2025-05-30T09:12:03.000Z</time>
        <extensions>
          <ns3:TrackPointExtension>
            <ns3:atemp>29.0</ns3:atemp>
          </ns3:TrackPointExtension>
        </extensions>
      </trkpt>
      <trkpt lat="45.706160254776477813720703125" lon="6.56832042150199413299560546875">
        <ele>930.5999755859375</ele>
        <time>2025-05-30T09:12:09.000Z</time>
        <extensions>
          <ns3:TrackPointExtension>
            <ns3:atemp>29.0</ns3:atemp>
          </ns3:TrackPointExtension>
        </extensions>
      </trkpt>
      <trkpt lat="45.70612840354442596435546875" lon="6.568330228328704833984375">
        <ele>931</ele>
        <time>2025-05-30T09:12:10.000Z</time>
        <extensions>
          <ns3:TrackPointExtension>
            <ns3:atemp>29.0</ns3:atemp>
          </ns3:TrackPointExtension>
        </extensions>
      </trkpt>
      <trkpt lat="45.70590770803391933441162109375" lon="6.568399965763092041015625">
        <ele>932</ele>
        <time>2025-05-30T09:12:17.000Z</time>
        <extensions>
          <ns3:TrackPointExtension>
            <ns3:atemp>30.0</ns3:atemp>
          </ns3:TrackPointExtension>
        </extensions>
      </trkpt>
      <trkpt lat="45.70587904192507266998291015625" lon="6.5684071741998195648193359375">
        <ele>932.4000244140625</ele>
        <time>2025-05-30T09:12:18.000Z</time>
        <extensions>
          <ns3:TrackPointExtension>
            <ns3:atemp>30.0</ns3:atemp>
          </ns3:TrackPointExtension>
        </extensions>
      </trkpt>
      <trkpt lat="45.705729760229587554931640625" lon="6.56843106262385845184326171875">
        <ele>933.4000244140625</ele>
        <time>2025-05-30T09:12:23.000Z</time>
        <extensions>
          <ns3:TrackPointExtension>
            <ns3:atemp>30.0</ns3:atemp>
          </ns3:TrackPointExtension>
        </extensions>
      </trkpt>
      <trkpt lat="45.7056095637381076812744140625" lon="6.568458639085292816162109375">
        <ele>934.4000244140625</ele>
        <time>2025-05-30T09:12:27.000Z</time>
        <extensions>
          <ns3:TrackPointExtension>
            <ns3:atemp>30.0</ns3:atemp>
          </ns3:TrackPointExtension>
        </extensions>
      </trkpt>
      <trkpt lat="45.70557813160121440887451171875" lon="6.56846408732235431671142578125">
        <ele>934.4000244140625</ele>
        <time>2025-05-30T09:12:28.000Z</time>
        <extensions>
          <ns3:TrackPointExtension>
            <ns3:atemp>30.0</ns3:atemp>
          </ns3:TrackPointExtension>
        </extensions>
      </trkpt>
      <trkpt lat="45.7053919695317745208740234375" lon="6.56846106983721256256103515625">
        <ele>935.5999755859375</ele>
        <time>2025-05-30T09:12:34.000Z</time>
        <extensions>
          <ns3:TrackPointExtension>
            <ns3:atemp>30.0</ns3:atemp>
          </ns3:TrackPointExtension>
        </extensions>
      </trkpt>
      <trkpt lat="45.70522206835448741912841796875" lon="6.5684095211327075958251953125">
        <ele>936.79998779296875</ele>
        <time>2025-05-30T09:12:40.000Z</time>
        <extensions>
          <ns3:TrackPointExtension>
            <ns3:atemp>30.0</ns3:atemp>
          </ns3:TrackPointExtension>
        </extensions>
      </trkpt>
      <trkpt lat="45.7051991857588291168212890625" lon="6.56839217059314250946044921875">
        <ele>937</ele>
        <time>2025-05-30T09:12:41.000Z</time>
        <extensions>
          <ns3:TrackPointExtension>
            <ns3:atemp>30.0</ns3:atemp>
          </ns3:TrackPointExtension>
        </extensions>
      </trkpt>
      <trkpt lat="45.70512735284864902496337890625" lon="6.56834171153604984283447265625">
        <ele>938</ele>
        <time>2025-05-30T09:12:44.000Z</time>
        <extensions>
          <ns3:TrackPointExtension>
            <ns3:atemp>30.0</ns3:atemp>
          </ns3:TrackPointExtension>
        </extensions>
      </trkpt>
      <trkpt lat="45.70505141280591487884521484375" lon="6.5682908333837985992431640625">
        <ele>939</ele>
        <time>2025-05-30T09:12:47.000Z</time>
        <extensions>
          <ns3:TrackPointExtension>
            <ns3:atemp>30.0</ns3:atemp>
          </ns3:TrackPointExtension>
        </extensions>
      </trkpt>
      <trkpt lat="45.70491931401193141937255859375" lon="6.56821715645492076873779296875">
        <ele>940.20001220703125</ele>
        <time>2025-05-30T09:12:52.000Z</time>
        <extensions>
          <ns3:TrackPointExtension>
            <ns3:atemp>30.0</ns3:atemp>
          </ns3:TrackPointExtension>
        </extensions>
      </trkpt>
      <trkpt lat="45.70489416830241680145263671875" lon="6.56820693053305149078369140625">
        <ele>940.4000244140625</ele>
        <time>2025-05-30T09:12:53.000Z</time>
        <extensions>
          <ns3:TrackPointExtension>
            <ns3:atemp>30.0</ns3:atemp>
          </ns3:TrackPointExtension>
        </extensions>
      </trkpt>
      <trkpt lat="45.7047893106937408447265625" lon="6.56815521419048309326171875">
        <ele>941.20001220703125</ele>
        <time>2025-05-30T09:12:57.000Z</time>
        <extensions>
          <ns3:TrackPointExtension>
            <ns3:atemp>30.0</ns3:atemp>
          </ns3:TrackPointExtension>
        </extensions>
      </trkpt>
      <trkpt lat="45.70468512363731861114501953125" lon="6.56808690167963504791259765625">
        <ele>942.4000244140625</ele>
        <time>2025-05-30T09:13:01.000Z</time>
        <extensions>
          <ns3:TrackPointExtension>
            <ns3:atemp>30.0</ns3:atemp>
          </ns3:TrackPointExtension>
        </extensions>
      </trkpt>
      <trkpt lat="45.70458236150443553924560546875" lon="6.5680229477584362030029296875">
        <ele>943.4000244140625</ele>
        <time>2025-05-30T09:13:05.000Z</time>
        <extensions>
          <ns3:TrackPointExtension>
            <ns3:atemp>30.0</ns3:atemp>
          </ns3:TrackPointExtension>
        </extensions>
      </trkpt>
      <trkpt lat="45.70450834929943084716796875" lon="6.5679770149290561676025390625">
        <ele>943.79998779296875</ele>
        <time>2025-05-30T09:13:08.000Z</time>
        <extensions>
          <ns3:TrackPointExtension>
            <ns3:atemp>30.0</ns3:atemp>
          </ns3:TrackPointExtension>
        </extensions>
      </trkpt>
      <trkpt lat="45.70443634875118732452392578125" lon="6.5679344348609447479248046875">
        <ele>944.79998779296875</ele>
        <time>2025-05-30T09:13:11.000Z</time>
        <extensions>
          <ns3:TrackPointExtension>
            <ns3:atemp>30.0</ns3:atemp>
          </ns3:TrackPointExtension>
        </extensions>
      </trkpt>
      <trkpt lat="45.70435906760394573211669921875" lon="6.5679015778005123138427734375">
        <ele>945.79998779296875</ele>
        <time>2025-05-30T09:13:14.000Z</time>
        <extensions>
          <ns3:TrackPointExtension>
            <ns3:atemp>30.0</ns3:atemp>
          </ns3:TrackPointExtension>
        </extensions>
      </trkpt>
      <trkpt lat="45.70433643646538257598876953125" lon="6.56789177097380161285400390625">
        <ele>946</ele>
        <time>2025-05-30T09:13:15.000Z</time>
        <extensions>
          <ns3:TrackPointExtension>
            <ns3:atemp>30.0</ns3:atemp>
          </ns3:TrackPointExtension>
        </extensions>
      </trkpt>
      <trkpt lat="45.7042402960360050201416015625" lon="6.56784097664058208465576171875">
        <ele>947</ele>
        <time>2025-05-30T09:13:19.000Z</time>
        <extensions>
          <ns3:TrackPointExtension>
            <ns3:atemp>30.0</ns3:atemp>
          </ns3:TrackPointExtension>
        </extensions>
      </trkpt>
      <trkpt lat="45.70411213673651218414306640625" lon="6.56778532080352306365966796875">
        <ele>948.20001220703125</ele>
        <time>2025-05-30T09:13:24.000Z</time>
        <extensions>
          <ns3:TrackPointExtension>
            <ns3:atemp>30.0</ns3:atemp>
          </ns3:TrackPointExtension>
        </extensions>
      </trkpt>
      <trkpt lat="45.70405832491815090179443359375" lon="6.567761935293674468994140625">
        <ele>949</ele>
        <time>2025-05-30T09:13:26.000Z</time>
        <extensions>
          <ns3:TrackPointExtension>
            <ns3:atemp>30.0</ns3:atemp>
          </ns3:TrackPointExtension>
        </extensions>
      </trkpt>
      <trkpt lat="45.70403116755187511444091796875" lon="6.567751877009868621826171875">
        <ele>949.20001220703125</ele>
        <time>2025-05-30T09:13:27.000Z</time>
        <extensions>
          <ns3:TrackPointExtension>
            <ns3:atemp>30.0</ns3:atemp>
          </ns3:TrackPointExtension>
        </extensions>
      </trkpt>
      <trkpt lat="45.703891776502132415771484375" lon="6.5677044354379177093505859375">
        <ele>950.4000244140625</ele>
        <time>2025-05-30T09:13:32.000Z</time>
        <extensions>
          <ns3:TrackPointExtension>
            <ns3:atemp>30.0</ns3:atemp>
          </ns3:TrackPointExtension>
        </extensions>
      </trkpt>
      <trkpt lat="45.7038634456694126129150390625" lon="6.56769563443958759307861328125">
        <ele>950.5999755859375</ele>
        <time>2025-05-30T09:13:33.000Z</time>
        <extensions>
          <ns3:TrackPointExtension>
            <ns3:atemp>30.0</ns3:atemp>
          </ns3:TrackPointExtension>
        </extensions>
      </trkpt>
      <trkpt lat="45.70377971045672893524169921875" lon="6.56767903827130794525146484375">
        <ele>951.4000244140625</ele>
        <time>2025-05-30T09:13:36.000Z</time>
        <extensions>
          <ns3:TrackPointExtension>
            <ns3:atemp>30.0</ns3:atemp>
          </ns3:TrackPointExtension>
        </extensions>
      </trkpt>
      <trkpt lat="45.7036629505455493927001953125" lon="6.567662693560123443603515625">
        <ele>952.5999755859375</ele>
        <time>2025-05-30T09:13:40.000Z</time>
        <extensions>
          <ns3:TrackPointExtension>
            <ns3:atemp>30.0</ns3:atemp>
          </ns3:TrackPointExtension>
        </extensions>
      </trkpt>
      <trkpt lat="45.7035425864160060882568359375" lon="6.567640565335750579833984375">
        <ele>953.79998779296875</ele>
        <time>2025-05-30T09:13:44.000Z</time>
        <extensions>
          <ns3:TrackPointExtension>
            <ns3:atemp>30.0</ns3:atemp>
          </ns3:TrackPointExtension>
        </extensions>
      </trkpt>
      <trkpt lat="45.70341107435524463653564453125" lon="6.5676283277571201324462890625">
        <ele>954.79998779296875</ele>
        <time>2025-05-30T09:13:48.000Z</time>
        <extensions>
          <ns3:TrackPointExtension>
            <ns3:atemp>30.0</ns3:atemp>
          </ns3:TrackPointExtension>
        </extensions>
      </trkpt>
      <trkpt lat="45.70337939076125621795654296875" lon="6.56762254424393177032470703125">
        <ele>955</ele>
        <time>2025-05-30T09:13:49.000Z</time>
        <extensions>
          <ns3:TrackPointExtension>
            <ns3:atemp>30.0</ns3:atemp>
          </ns3:TrackPointExtension>
        </extensions>
      </trkpt>
      <trkpt lat="45.70334770716726779937744140625" lon="6.5676189400255680084228515625">
        <ele>955.4000244140625</ele>
        <time>2025-05-30T09:13:50.000Z</time>
        <extensions>
          <ns3:TrackPointExtension>
            <ns3:atemp>30.0</ns3:atemp>
          </ns3:TrackPointExtension>
        </extensions>
      </trkpt>
      <trkpt lat="45.703283585608005523681640625" lon="6.56761382706463336944580078125">
        <ele>955.79998779296875</ele>
        <time>2025-05-30T09:13:52.000Z</time>
        <extensions>
          <ns3:TrackPointExtension>
            <ns3:atemp>30.0</ns3:atemp>
          </ns3:TrackPointExtension>
        </extensions>
      </trkpt>
      <trkpt lat="45.703191049396991729736328125" lon="6.5675912797451019287109375">
        <ele>957</ele>
        <time>2025-05-30T09:13:55.000Z</time>
        <extensions>
          <ns3:TrackPointExtension>
            <ns3:atemp>30.0</ns3:atemp>
          </ns3:TrackPointExtension>
        </extensions>
      </trkpt>
      <trkpt lat="45.70309055037796497344970703125" lon="6.56755867414176464080810546875">
        <ele>957.4000244140625</ele>
        <time>2025-05-30T09:13:58.000Z</time>
        <extensions>
          <ns3:TrackPointExtension>
            <ns3:atemp>30.0</ns3:atemp>
          </ns3:TrackPointExtension>
        </extensions>
      </trkpt>
      <trkpt lat="45.702948309481143951416015625" lon="6.56751223839819431304931640625">
        <ele>958.20001220703125</ele>
        <time>2025-05-30T09:14:02.000Z</time>
        <extensions>
          <ns3:TrackPointExtension>
            <ns3:atemp>30.0</ns3:atemp>
          </ns3:TrackPointExtension>
        </extensions>
      </trkpt>
      <trkpt lat="45.70276751182973384857177734375" lon="6.567455828189849853515625">
        <ele>958.79998779296875</ele>
        <time>2025-05-30T09:14:07.000Z</time>
        <extensions>
          <ns3:TrackPointExtension>
            <ns3:atemp>30.0</ns3:atemp>
          </ns3:TrackPointExtension>
        </extensions>
      </trkpt>
      <trkpt lat="45.7026923261582851409912109375" lon="6.56743763945996761322021484375">
        <ele>959.20001220703125</ele>
        <time>2025-05-30T09:14:09.000Z</time>
        <extensions>
          <ns3:TrackPointExtension>
            <ns3:atemp>30.0</ns3:atemp>
          </ns3:TrackPointExtension>
        </extensions>
      </trkpt>
      <trkpt lat="45.7025067508220672607421875" lon="6.56734795309603214263916015625">
        <ele>960.20001220703125</ele>
        <time>2025-05-30T09:14:14.000Z</time>
        <extensions>
          <ns3:TrackPointExtension>
            <ns3:atemp>30.0</ns3:atemp>
          </ns3:TrackPointExtension>
        </extensions>
      </trkpt>
      <trkpt lat="45.70235855877399444580078125" lon="6.5672746114432811737060546875">
        <ele>961.20001220703125</ele>
        <time>2025-05-30T09:14:18.000Z</time>
        <extensions>
          <ns3:TrackPointExtension>
            <ns3:atemp>30.0</ns3:atemp>
          </ns3:TrackPointExtension>
        </extensions>
      </trkpt>
      <trkpt lat="45.702136941254138946533203125" lon="6.56716723926365375518798828125">
        <ele>962.20001220703125</ele>
        <time>2025-05-30T09:14:24.000Z</time>
        <extensions>
          <ns3:TrackPointExtension>
            <ns3:atemp>30.0</ns3:atemp>
          </ns3:TrackPointExtension>
        </extensions>
      </trkpt>
      <trkpt lat="45.70209947414696216583251953125" lon="6.56715198419988155364990234375">
        <ele>962.4000244140625</ele>
        <time>2025-05-30T09:14:25.000Z</time>
        <extensions>
          <ns3:TrackPointExtension>
            <ns3:atemp>30.0</ns3:atemp>
          </ns3:TrackPointExtension>
        </extensions>
      </trkpt>
      <trkpt lat="45.7018340192735195159912109375" lon="6.5670865215361118316650390625">
        <ele>963.20001220703125</ele>
        <time>2025-05-30T09:14:32.000Z</time>
        <extensions>
          <ns3:TrackPointExtension>
            <ns3:atemp>30.0</ns3:atemp>
          </ns3:TrackPointExtension>
        </extensions>
      </trkpt>
      <trkpt lat="45.7017961330711841583251953125" lon="6.5670845098793506622314453125">
        <ele>963.5999755859375</ele>
        <time>2025-05-30T09:14:33.000Z</time>
        <extensions>
          <ns3:TrackPointExtension>
            <ns3:atemp>30.0</ns3:atemp>
          </ns3:TrackPointExtension>
        </extensions>
      </trkpt>
      <trkpt lat="45.701643414795398712158203125" lon="6.5670804865658283233642578125">
        <ele>964.5999755859375</ele>
        <time>2025-05-30T09:14:37.000Z</time>
        <extensions>
          <ns3:TrackPointExtension>
            <ns3:atemp>30.0</ns3:atemp>
          </ns3:TrackPointExtension>
        </extensions>
      </trkpt>
      <trkpt lat="45.70141769014298915863037109375" lon="6.567088700830936431884765625">
        <ele>965.5999755859375</ele>
        <time>2025-05-30T09:14:43.000Z</time>
        <extensions>
          <ns3:TrackPointExtension>
            <ns3:atemp>30.0</ns3:atemp>
          </ns3:TrackPointExtension>
        </extensions>
      </trkpt>
      <trkpt lat="45.70119179785251617431640625" lon="6.56702826730906963348388671875">
        <ele>966.79998779296875</ele>
        <time>2025-05-30T09:14:49.000Z</time>
        <extensions>
          <ns3:TrackPointExtension>
            <ns3:atemp>30.0</ns3:atemp>
          </ns3:TrackPointExtension>
        </extensions>
      </trkpt>
      <trkpt lat="45.701118372380733489990234375" lon="6.5670130960643291473388671875">
        <ele>967.20001220703125</ele>
        <time>2025-05-30T09:14:51.000Z</time>
        <extensions>
          <ns3:TrackPointExtension>
            <ns3:atemp>30.0</ns3:atemp>
          </ns3:TrackPointExtension>
        </extensions>
      </trkpt>
      <trkpt lat="45.70100940763950347900390625" lon="6.5669899620115756988525390625">
        <ele>967.79998779296875</ele>
        <time>2025-05-30T09:14:54.000Z</time>
        <extensions>
          <ns3:TrackPointExtension>
            <ns3:atemp>30.0</ns3:atemp>
          </ns3:TrackPointExtension>
        </extensions>
      </trkpt>
      <trkpt lat="45.7007835991680622100830078125" lon="6.56693338416516780853271484375">
        <ele>969</ele>
        <time>2025-05-30T09:15:00.000Z</time>
        <extensions>
          <ns3:TrackPointExtension>
            <ns3:atemp>30.0</ns3:atemp>
          </ns3:TrackPointExtension>
        </extensions>
      </trkpt>
      <trkpt lat="45.7007440365850925445556640625" lon="6.5669229067862033843994140625">
        <ele>969.20001220703125</ele>
        <time>2025-05-30T09:15:01.000Z</time>
        <extensions>
          <ns3:TrackPointExtension>
            <ns3:atemp>30.0</ns3:atemp>
          </ns3:TrackPointExtension>
        </extensions>
      </trkpt>
      <trkpt lat="45.7005985267460346221923828125" lon="6.56688845716416835784912109375">
        <ele>970</ele>
        <time>2025-05-30T09:15:05.000Z</time>
        <extensions>
          <ns3:TrackPointExtension>
            <ns3:atemp>30.0</ns3:atemp>
          </ns3:TrackPointExtension>
        </extensions>
      </trkpt>
      <trkpt lat="45.70046014152467250823974609375" lon="6.56684671528637409210205078125">
        <ele>971</ele>
        <time>2025-05-30T09:15:09.000Z</time>
        <extensions>
          <ns3:TrackPointExtension>
            <ns3:atemp>30.0</ns3:atemp>
          </ns3:TrackPointExtension>
        </extensions>
      </trkpt>
      <trkpt lat="45.7004261948168277740478515625" lon="6.5668330527842044830322265625">
        <ele>971.20001220703125</ele>
        <time>2025-05-30T09:15:10.000Z</time>
        <extensions>
          <ns3:TrackPointExtension>
            <ns3:atemp>30.0</ns3:atemp>
          </ns3:TrackPointExtension>
        </extensions>
      </trkpt>
      <trkpt lat="45.700289905071258544921875" lon="6.5667839348316192626953125">
        <ele>972</ele>
        <time>2025-05-30T09:15:14.000Z</time>
        <extensions>
          <ns3:TrackPointExtension>
            <ns3:atemp>30.0</ns3:atemp>
          </ns3:TrackPointExtension>
        </extensions>
      </trkpt>
      <trkpt lat="45.7001532800495624542236328125" lon="6.56673674471676349639892578125">
        <ele>973.20001220703125</ele>
        <time>2025-05-30T09:15:18.000Z</time>
        <extensions>
          <ns3:TrackPointExtension>
            <ns3:atemp>30.0</ns3:atemp>
          </ns3:TrackPointExtension>
        </extensions>
      </trkpt>
      <trkpt lat="45.700048506259918212890625" lon="6.56670774333178997039794921875">
        <ele>973.79998779296875</ele>
        <time>2025-05-30T09:15:21.000Z</time>
        <extensions>
          <ns3:TrackPointExtension>
            <ns3:atemp>30.0</ns3:atemp>
          </ns3:TrackPointExtension>
        </extensions>
      </trkpt>
      <trkpt lat="45.69998991675674915313720703125" lon="6.56668913550674915313720703125">
        <ele>974.4000244140625</ele>
        <time>2025-05-30T09:15:23.000Z</time>
        <extensions>
          <ns3:TrackPointExtension>
            <ns3:atemp>30.0</ns3:atemp>
          </ns3:TrackPointExtension>
        </extensions>
      </trkpt>
      <trkpt lat="45.69986418820917606353759765625" lon="6.56665443442761898040771484375">
        <ele>975.5999755859375</ele>
        <time>2025-05-30T09:15:27.000Z</time>
        <extensions>
          <ns3:TrackPointExtension>
            <ns3:atemp>30.0</ns3:atemp>
          </ns3:TrackPointExtension>
        </extensions>
      </trkpt>
      <trkpt lat="45.69976259954273700714111328125" lon="6.5666230022907257080078125">
        <ele>976.4000244140625</ele>
        <time>2025-05-30T09:15:30.000Z</time>
        <extensions>
          <ns3:TrackPointExtension>
            <ns3:atemp>30.0</ns3:atemp>
          </ns3:TrackPointExtension>
        </extensions>
      </trkpt>
      <trkpt lat="45.6997304968535900115966796875" lon="6.56661755405366420745849609375">
        <ele>976.79998779296875</ele>
        <time>2025-05-30T09:15:31.000Z</time>
        <extensions>
          <ns3:TrackPointExtension>
            <ns3:atemp>30.0</ns3:atemp>
          </ns3:TrackPointExtension>
        </extensions>
      </trkpt>
      <trkpt lat="45.69960300810635089874267578125" lon="6.5665886364877223968505859375">
        <ele>978</ele>
        <time>2025-05-30T09:15:35.000Z</time>
        <extensions>
          <ns3:TrackPointExtension>
            <ns3:atemp>30.0</ns3:atemp>
          </ns3:TrackPointExtension>
        </extensions>
      </trkpt>
      <trkpt lat="45.69947543554008007049560546875" lon="6.56656038947403430938720703125">
        <ele>979</ele>
        <time>2025-05-30T09:15:39.000Z</time>
        <extensions>
          <ns3:TrackPointExtension>
            <ns3:atemp>30.0</ns3:atemp>
          </ns3:TrackPointExtension>
        </extensions>
      </trkpt>
      <trkpt lat="45.69941123016178607940673828125" lon="6.56654144637286663055419921875">
        <ele>979.5999755859375</ele>
        <time>2025-05-30T09:15:41.000Z</time>
        <extensions>
          <ns3:TrackPointExtension>
            <ns3:atemp>30.0</ns3:atemp>
          </ns3:TrackPointExtension>
        </extensions>
      </trkpt>
      <trkpt lat="45.699311234056949615478515625" lon="6.5665148757398128509521484375">
        <ele>980.5999755859375</ele>
        <time>2025-05-30T09:15:44.000Z</time>
        <extensions>
          <ns3:TrackPointExtension>
            <ns3:atemp>30.0</ns3:atemp>
          </ns3:TrackPointExtension>
        </extensions>
      </trkpt>
      <trkpt lat="45.699178464710712432861328125" lon="6.56647958792746067047119140625">
        <ele>981.5999755859375</ele>
        <time>2025-05-30T09:15:48.000Z</time>
        <extensions>
          <ns3:TrackPointExtension>
            <ns3:atemp>30.0</ns3:atemp>
          </ns3:TrackPointExtension>
        </extensions>
      </trkpt>
      <trkpt lat="45.69903454743325710296630859375" lon="6.56645745970308780670166015625">
        <ele>982.4000244140625</ele>
        <time>2025-05-30T09:15:52.000Z</time>
        <extensions>
          <ns3:TrackPointExtension>
            <ns3:atemp>30.0</ns3:atemp>
          </ns3:TrackPointExtension>
        </extensions>
      </trkpt>
      <trkpt lat="45.6989211402833461761474609375" lon="6.5664515085518360137939453125">
        <ele>982.79998779296875</ele>
        <time>2025-05-30T09:15:55.000Z</time>
        <extensions>
          <ns3:TrackPointExtension>
            <ns3:atemp>30.0</ns3:atemp>
          </ns3:TrackPointExtension>
        </extensions>
      </trkpt>
      <trkpt lat="45.6987353973090648651123046875" lon="6.56644388101994991302490234375">
        <ele>984.20001220703125</ele>
        <time>2025-05-30T09:16:00.000Z</time>
        <extensions>
          <ns3:TrackPointExtension>
            <ns3:atemp>30.0</ns3:atemp>
          </ns3:TrackPointExtension>
        </extensions>
      </trkpt>
      <trkpt lat="45.69865979254245758056640625" lon="6.56644304282963275909423828125">
        <ele>984.20001220703125</ele>
        <time>2025-05-30T09:16:02.000Z</time>
        <extensions>
          <ns3:TrackPointExtension>
            <ns3:atemp>30.0</ns3:atemp>
          </ns3:TrackPointExtension>
        </extensions>
      </trkpt>
      <trkpt lat="45.69851419888436794281005859375" lon="6.566442959010601043701171875">
        <ele>985.20001220703125</ele>
        <time>2025-05-30T09:16:06.000Z</time>
        <extensions>
          <ns3:TrackPointExtension>
            <ns3:atemp>30.0</ns3:atemp>
          </ns3:TrackPointExtension>
        </extensions>
      </trkpt>
      <trkpt lat="45.69840858690440654754638671875" lon="6.5664424560964107513427734375">
        <ele>986.20001220703125</ele>
        <time>2025-05-30T09:16:09.000Z</time>
        <extensions>
          <ns3:TrackPointExtension>
            <ns3:atemp>30.0</ns3:atemp>
          </ns3:TrackPointExtension>
        </extensions>
      </trkpt>
      <trkpt lat="45.69826844148337841033935546875" lon="6.56644287519156932830810546875">
        <ele>987</ele>
        <time>2025-05-30T09:16:13.000Z</time>
        <extensions>
          <ns3:TrackPointExtension>
            <ns3:atemp>30.0</ns3:atemp>
          </ns3:TrackPointExtension>
        </extensions>
      </trkpt>
      <trkpt lat="45.698194764554500579833984375" lon="6.5664327330887317657470703125">
        <ele>987.4000244140625</ele>
        <time>2025-05-30T09:16:15.000Z</time>
        <extensions>
          <ns3:TrackPointExtension>
            <ns3:atemp>30.0</ns3:atemp>
          </ns3:TrackPointExtension>
        </extensions>
      </trkpt>
      <trkpt lat="45.6980172358453273773193359375" lon="6.5663968585431575775146484375">
        <ele>988.5999755859375</ele>
        <time>2025-05-30T09:16:20.000Z</time>
        <extensions>
          <ns3:TrackPointExtension>
            <ns3:atemp>30.0</ns3:atemp>
          </ns3:TrackPointExtension>
        </extensions>
      </trkpt>
      <trkpt lat="45.69795127026736736297607421875" lon="6.5663757361471652984619140625">
        <ele>989.20001220703125</ele>
        <time>2025-05-30T09:16:22.000Z</time>
        <extensions>
          <ns3:TrackPointExtension>
            <ns3:atemp>30.0</ns3:atemp>
          </ns3:TrackPointExtension>
        </extensions>
      </trkpt>
      <trkpt lat="45.69788790307939052581787109375" lon="6.566355116665363311767578125">
        <ele>989.79998779296875</ele>
        <time>2025-05-30T09:16:24.000Z</time>
        <extensions>
          <ns3:TrackPointExtension>
            <ns3:atemp>30.0</ns3:atemp>
          </ns3:TrackPointExtension>
        </extensions>
      </trkpt>
      <trkpt lat="45.69776183925569057464599609375" lon="6.5663438849151134490966796875">
        <ele>990.79998779296875</ele>
        <time>2025-05-30T09:16:28.000Z</time>
        <extensions>
          <ns3:TrackPointExtension>
            <ns3:atemp>30.0</ns3:atemp>
          </ns3:TrackPointExtension>
        </extensions>
      </trkpt>
      <trkpt lat="45.6977309100329875946044921875" lon="6.566340364515781402587890625">
        <ele>991</ele>
        <time>2025-05-30T09:16:29.000Z</time>
        <extensions>
          <ns3:TrackPointExtension>
            <ns3:atemp>30.0</ns3:atemp>
          </ns3:TrackPointExtension>
        </extensions>
      </trkpt>
      <trkpt lat="45.69764432497322559356689453125" lon="6.5663360059261322021484375">
        <ele>992</ele>
        <time>2025-05-30T09:16:32.000Z</time>
        <extensions>
          <ns3:TrackPointExtension>
            <ns3:atemp>30.0</ns3:atemp>
          </ns3:TrackPointExtension>
        </extensions>
      </trkpt>
      <trkpt lat="45.69747584871947765350341796875" lon="6.56633608974516391754150390625">
        <ele>993</ele>
        <time>2025-05-30T09:16:37.000Z</time>
        <extensions>
          <ns3:TrackPointExtension>
            <ns3:atemp>30.0</ns3:atemp>
          </ns3:TrackPointExtension>
        </extensions>
      </trkpt>
      <trkpt lat="45.697443075478076934814453125" lon="6.56634245999157428741455078125">
        <ele>993.20001220703125</ele>
        <time>2025-05-30T09:16:38.000Z</time>
        <extensions>
          <ns3:TrackPointExtension>
            <ns3:atemp>30.0</ns3:atemp>
          </ns3:TrackPointExtension>
        </extensions>
      </trkpt>
      <trkpt lat="45.69731106050312519073486328125" lon="6.56637489795684814453125">
        <ele>994.5999755859375</ele>
        <time>2025-05-30T09:16:42.000Z</time>
        <extensions>
          <ns3:TrackPointExtension>
            <ns3:atemp>30.0</ns3:atemp>
          </ns3:TrackPointExtension>
        </extensions>
      </trkpt>
      <trkpt lat="45.69714543409645557403564453125" lon="6.56640834175050258636474609375">
        <ele>995.4000244140625</ele>
        <time>2025-05-30T09:16:47.000Z</time>
        <extensions>
          <ns3:TrackPointExtension>
            <ns3:atemp>30.0</ns3:atemp>
          </ns3:TrackPointExtension>
        </extensions>
      </trkpt>
      <trkpt lat="45.69711291231215000152587890625" lon="6.56641555018723011016845703125">
        <ele>995.5999755859375</ele>
        <time>2025-05-30T09:16:48.000Z</time>
        <extensions>
          <ns3:TrackPointExtension>
            <ns3:atemp>30.0</ns3:atemp>
          </ns3:TrackPointExtension>
        </extensions>
      </trkpt>
      <trkpt lat="45.69698617793619632720947265625" lon="6.56645075418055057525634765625">
        <ele>996.5999755859375</ele>
        <time>2025-05-30T09:16:52.000Z</time>
        <extensions>
          <ns3:TrackPointExtension>
            <ns3:atemp>30.0</ns3:atemp>
          </ns3:TrackPointExtension>
        </extensions>
      </trkpt>
      <trkpt lat="45.6968917138874530792236328125" lon="6.56647355295717716217041015625">
        <ele>997.4000244140625</ele>
        <time>2025-05-30T09:16:55.000Z</time>
        <extensions>
          <ns3:TrackPointExtension>
            <ns3:atemp>30.0</ns3:atemp>
          </ns3:TrackPointExtension>
        </extensions>
      </trkpt>
      <trkpt lat="45.69682926870882511138916015625" lon="6.56649065203964710235595703125">
        <ele>997.79998779296875</ele>
        <time>2025-05-30T09:16:57.000Z</time>
        <extensions>
          <ns3:TrackPointExtension>
            <ns3:atemp>30.0</ns3:atemp>
          </ns3:TrackPointExtension>
        </extensions>
      </trkpt>
      <trkpt lat="45.696705467998981475830078125" lon="6.5665306337177753448486328125">
        <ele>998.79998779296875</ele>
        <time>2025-05-30T09:17:01.000Z</time>
        <extensions>
          <ns3:TrackPointExtension>
            <ns3:atemp>30.0</ns3:atemp>
          </ns3:TrackPointExtension>
        </extensions>
      </trkpt>
      <trkpt lat="45.69658904336392879486083984375" lon="6.56658905558288097381591796875">
        <ele>999.79998779296875</ele>
        <time>2025-05-30T09:17:05.000Z</time>
        <extensions>
          <ns3:TrackPointExtension>
            <ns3:atemp>30.0</ns3:atemp>
          </ns3:TrackPointExtension>
        </extensions>
      </trkpt>
      <trkpt lat="45.6965601257979869842529296875" lon="6.566602885723114013671875">
        <ele>1000</ele>
        <time>2025-05-30T09:17:06.000Z</time>
        <extensions>
          <ns3:TrackPointExtension>
            <ns3:atemp>30.0</ns3:atemp>
          </ns3:TrackPointExtension>
        </extensions>
      </trkpt>
      <trkpt lat="45.69641687907278537750244140625" lon="6.56669131480157375335693359375">
        <ele>1001.20001220703125</ele>
        <time>2025-05-30T09:17:11.000Z</time>
        <extensions>
          <ns3:TrackPointExtension>
            <ns3:atemp>30.0</ns3:atemp>
          </ns3:TrackPointExtension>
        </extensions>
      </trkpt>
      <trkpt lat="45.69633163511753082275390625" lon="6.56674462370574474334716796875">
        <ele>1001.79998779296875</ele>
        <time>2025-05-30T09:17:14.000Z</time>
        <extensions>
          <ns3:TrackPointExtension>
            <ns3:atemp>30.0</ns3:atemp>
          </ns3:TrackPointExtension>
        </extensions>
      </trkpt>
      <trkpt lat="45.69627220742404460906982421875" lon="6.5667854435741901397705078125">
        <ele>1002.4000244140625</ele>
        <time>2025-05-30T09:17:16.000Z</time>
        <extensions>
          <ns3:TrackPointExtension>
            <ns3:atemp>30.0</ns3:atemp>
          </ns3:TrackPointExtension>
        </extensions>
      </trkpt>
      <trkpt lat="45.69609920494258403778076171875" lon="6.566913016140460968017578125">
        <ele>1003.5999755859375</ele>
        <time>2025-05-30T09:17:22.000Z</time>
        <extensions>
          <ns3:TrackPointExtension>
            <ns3:atemp>30.0</ns3:atemp>
          </ns3:TrackPointExtension>
        </extensions>
      </trkpt>
      <trkpt lat="45.69604086689651012420654296875" lon="6.5669550932943820953369140625">
        <ele>1004</ele>
        <time>2025-05-30T09:17:24.000Z</time>
        <extensions>
          <ns3:TrackPointExtension>
            <ns3:atemp>30.0</ns3:atemp>
          </ns3:TrackPointExtension>
        </extensions>
      </trkpt>
      <trkpt lat="45.69592737592756748199462890625" lon="6.5670365653932094573974609375">
        <ele>1005</ele>
        <time>2025-05-30T09:17:28.000Z</time>
        <extensions>
          <ns3:TrackPointExtension>
            <ns3:atemp>30.0</ns3:atemp>
          </ns3:TrackPointExtension>
        </extensions>
      </trkpt>
      <trkpt lat="45.69578706286847591400146484375" lon="6.5671099908649921417236328125">
        <ele>1006.4000244140625</ele>
        <time>2025-05-30T09:17:33.000Z</time>
        <extensions>
          <ns3:TrackPointExtension>
            <ns3:atemp>30.0</ns3:atemp>
          </ns3:TrackPointExtension>
        </extensions>
      </trkpt>
      <trkpt lat="45.6957272998988628387451171875" lon="6.56713723205029964447021484375">
        <ele>1007</ele>
        <time>2025-05-30T09:17:35.000Z</time>
        <extensions>
          <ns3:TrackPointExtension>
            <ns3:atemp>30.0</ns3:atemp>
          </ns3:TrackPointExtension>
        </extensions>
      </trkpt>
      <trkpt lat="45.69563099183142185211181640625" lon="6.56718148849904537200927734375">
        <ele>1007.4000244140625</ele>
        <time>2025-05-30T09:17:38.000Z</time>
        <extensions>
          <ns3:TrackPointExtension>
            <ns3:atemp>30.0</ns3:atemp>
          </ns3:TrackPointExtension>
        </extensions>
      </trkpt>
      <trkpt lat="45.6955321691930294036865234375" lon="6.567212082445621490478515625">
        <ele>1008.20001220703125</ele>
        <time>2025-05-30T09:17:41.000Z</time>
        <extensions>
          <ns3:TrackPointExtension>
            <ns3:atemp>30.0</ns3:atemp>
          </ns3:TrackPointExtension>
        </extensions>
      </trkpt>
      <trkpt lat="45.69550073705613613128662109375" lon="6.5672286786139011383056640625">
        <ele>1008.5999755859375</ele>
        <time>2025-05-30T09:17:42.000Z</time>
        <extensions>
          <ns3:TrackPointExtension>
            <ns3:atemp>30.0</ns3:atemp>
          </ns3:TrackPointExtension>
        </extensions>
      </trkpt>
      <trkpt lat="45.69537316448986530303955078125" lon="6.5672866813838481903076171875">
        <ele>1009.5999755859375</ele>
        <time>2025-05-30T09:17:46.000Z</time>
        <extensions>
          <ns3:TrackPointExtension>
            <ns3:atemp>30.0</ns3:atemp>
          </ns3:TrackPointExtension>
        </extensions>
      </trkpt>
      <trkpt lat="45.69524542428553104400634765625" lon="6.56735591590404510498046875">
        <ele>1010.5999755859375</ele>
        <time>2025-05-30T09:17:50.000Z</time>
        <extensions>
          <ns3:TrackPointExtension>
            <ns3:atemp>30.0</ns3:atemp>
          </ns3:TrackPointExtension>
        </extensions>
      </trkpt>
      <trkpt lat="45.69507828913629055023193359375" lon="6.56744048930704593658447265625">
        <ele>1011.5999755859375</ele>
        <time>2025-05-30T09:17:55.000Z</time>
        <extensions>
          <ns3:TrackPointExtension>
            <ns3:atemp>30.0</ns3:atemp>
          </ns3:TrackPointExtension>
        </extensions>
      </trkpt>
      <trkpt lat="45.6949427537620067596435546875" lon="6.56751106493175029754638671875">
        <ele>1012.4000244140625</ele>
        <time>2025-05-30T09:17:59.000Z</time>
        <extensions>
          <ns3:TrackPointExtension>
            <ns3:atemp>30.0</ns3:atemp>
          </ns3:TrackPointExtension>
        </extensions>
      </trkpt>
      <trkpt lat="45.69487410597503185272216796875" lon="6.56751860864460468292236328125">
        <ele>1012.79998779296875</ele>
        <time>2025-05-30T09:18:01.000Z</time>
        <extensions>
          <ns3:TrackPointExtension>
            <ns3:atemp>30.0</ns3:atemp>
          </ns3:TrackPointExtension>
        </extensions>
      </trkpt>
      <trkpt lat="45.6947281770408153533935546875" lon="6.5675129927694797515869140625">
        <ele>1013.5999755859375</ele>
        <time>2025-05-30T09:18:05.000Z</time>
        <extensions>
          <ns3:TrackPointExtension>
            <ns3:atemp>30.0</ns3:atemp>
          </ns3:TrackPointExtension>
        </extensions>
      </trkpt>
      <trkpt lat="45.69466740824282169342041015625" lon="6.567482315003871917724609375">
        <ele>1013.79998779296875</ele>
        <time>2025-05-30T09:18:07.000Z</time>
        <extensions>
          <ns3:TrackPointExtension>
            <ns3:atemp>30.0</ns3:atemp>
          </ns3:TrackPointExtension>
        </extensions>
      </trkpt>
      <trkpt lat="45.69458417594432830810546875" lon="6.5674303472042083740234375">
        <ele>1014</ele>
        <time>2025-05-30T09:18:10.000Z</time>
        <extensions>
          <ns3:TrackPointExtension>
            <ns3:atemp>30.0</ns3:atemp>
          </ns3:TrackPointExtension>
        </extensions>
      </trkpt>
      <trkpt lat="45.69435778073966503143310546875" lon="6.56727067194879055023193359375">
        <ele>1014.79998779296875</ele>
        <time>2025-05-30T09:18:16.000Z</time>
        <extensions>
          <ns3:TrackPointExtension>
            <ns3:atemp>30.0</ns3:atemp>
          </ns3:TrackPointExtension>
        </extensions>
      </trkpt>
      <trkpt lat="45.69431168027222156524658203125" lon="6.56724971719086170196533203125">
        <ele>1015.20001220703125</ele>
        <time>2025-05-30T09:18:17.000Z</time>
        <extensions>
          <ns3:TrackPointExtension>
            <ns3:atemp>30.0</ns3:atemp>
          </ns3:TrackPointExtension>
        </extensions>
      </trkpt>
      <trkpt lat="45.69400213658809661865234375" lon="6.567173860967159271240234375">
        <ele>1015.79998779296875</ele>
        <time>2025-05-30T09:18:23.000Z</time>
        <extensions>
          <ns3:TrackPointExtension>
            <ns3:atemp>30.0</ns3:atemp>
          </ns3:TrackPointExtension>
        </extensions>
      </trkpt>
      <trkpt lat="45.6939463131129741668701171875" lon="6.5671666525304317474365234375">
        <ele>1015.79998779296875</ele>
        <time>2025-05-30T09:18:24.000Z</time>
        <extensions>
          <ns3:TrackPointExtension>
            <ns3:atemp>30.0</ns3:atemp>
          </ns3:TrackPointExtension>
        </extensions>
      </trkpt>
      <trkpt lat="45.69355077110230922698974609375" lon="6.567118205130100250244140625">
        <ele>1016.5999755859375</ele>
        <time>2025-05-30T09:18:31.000Z</time>
        <extensions>
          <ns3:TrackPointExtension>
            <ns3:atemp>30.0</ns3:atemp>
          </ns3:TrackPointExtension>
        </extensions>
      </trkpt>
      <trkpt lat="45.69320744834840297698974609375" lon="6.5671084821224212646484375">
        <ele>1017</ele>
        <time>2025-05-30T09:18:37.000Z</time>
        <extensions>
          <ns3:TrackPointExtension>
            <ns3:atemp>30.0</ns3:atemp>
          </ns3:TrackPointExtension>
        </extensions>
      </trkpt>
      <trkpt lat="45.6931510381400585174560546875" lon="6.567120887339115142822265625">
        <ele>1017.20001220703125</ele>
        <time>2025-05-30T09:18:38.000Z</time>
        <extensions>
          <ns3:TrackPointExtension>
            <ns3:atemp>30.0</ns3:atemp>
          </ns3:TrackPointExtension>
        </extensions>
      </trkpt>
      <trkpt lat="45.69309546612203121185302734375" lon="6.56714058481156826019287109375">
        <ele>1017.4000244140625</ele>
        <time>2025-05-30T09:18:39.000Z</time>
        <extensions>
          <ns3:TrackPointExtension>
            <ns3:atemp>30.0</ns3:atemp>
          </ns3:TrackPointExtension>
        </extensions>
      </trkpt>
      <trkpt lat="45.69282330572605133056640625" lon="6.56727813184261322021484375">
        <ele>1017.79998779296875</ele>
        <time>2025-05-30T09:18:44.000Z</time>
        <extensions>
          <ns3:TrackPointExtension>
            <ns3:atemp>30.0</ns3:atemp>
          </ns3:TrackPointExtension>
        </extensions>
      </trkpt>
      <trkpt lat="45.6925951503217220306396484375" lon="6.56740930862724781036376953125">
        <ele>1018</ele>
        <time>2025-05-30T09:18:48.000Z</time>
        <extensions>
          <ns3:TrackPointExtension>
            <ns3:atemp>30.0</ns3:atemp>
          </ns3:TrackPointExtension>
        </extensions>
      </trkpt>
      <trkpt lat="45.6924288533627986907958984375" lon="6.5675022639334201812744140625">
        <ele>1018.4000244140625</ele>
        <time>2025-05-30T09:18:51.000Z</time>
        <extensions>
          <ns3:TrackPointExtension>
            <ns3:atemp>30.0</ns3:atemp>
          </ns3:TrackPointExtension>
        </extensions>
      </trkpt>
      <trkpt lat="45.6922045536339282989501953125" lon="6.567598320543766021728515625">
        <ele>1019.20001220703125</ele>
        <time>2025-05-30T09:18:55.000Z</time>
        <extensions>
          <ns3:TrackPointExtension>
            <ns3:atemp>30.0</ns3:atemp>
          </ns3:TrackPointExtension>
        </extensions>
      </trkpt>
      <trkpt lat="45.69198469631373882293701171875" lon="6.56770636327564716339111328125">
        <ele>1019.79998779296875</ele>
        <time>2025-05-30T09:18:59.000Z</time>
        <extensions>
          <ns3:TrackPointExtension>
            <ns3:atemp>30.0</ns3:atemp>
          </ns3:TrackPointExtension>
        </extensions>
      </trkpt>
      <trkpt lat="45.6917790882289409637451171875" lon="6.567862518131732940673828125">
        <ele>1020.4000244140625</ele>
        <time>2025-05-30T09:19:03.000Z</time>
        <extensions>
          <ns3:TrackPointExtension>
            <ns3:atemp>30.0</ns3:atemp>
          </ns3:TrackPointExtension>
        </extensions>
      </trkpt>
      <trkpt lat="45.69162075407803058624267578125" lon="6.567985229194164276123046875">
        <ele>1020.79998779296875</ele>
        <time>2025-05-30T09:19:06.000Z</time>
        <extensions>
          <ns3:TrackPointExtension>
            <ns3:atemp>30.0</ns3:atemp>
          </ns3:TrackPointExtension>
        </extensions>
      </trkpt>
      <trkpt lat="45.6915096938610076904296875" lon="6.56805840320885181427001953125">
        <ele>1020.79998779296875</ele>
        <time>2025-05-30T09:19:08.000Z</time>
        <extensions>
          <ns3:TrackPointExtension>
            <ns3:atemp>30.0</ns3:atemp>
          </ns3:TrackPointExtension>
        </extensions>
      </trkpt>
      <trkpt lat="45.69138589315116405487060546875" lon="6.568095199763774871826171875">
        <ele>1020.79998779296875</ele>
        <time>2025-05-30T09:19:10.000Z</time>
        <extensions>
          <ns3:TrackPointExtension>
            <ns3:atemp>30.0</ns3:atemp>
          </ns3:TrackPointExtension>
        </extensions>
      </trkpt>
      <trkpt lat="45.6913224421441555023193359375" lon="6.568103246390819549560546875">
        <ele>1021</ele>
        <time>2025-05-30T09:19:11.000Z</time>
        <extensions>
          <ns3:TrackPointExtension>
            <ns3:atemp>30.0</ns3:atemp>
          </ns3:TrackPointExtension>
        </extensions>
      </trkpt>
      <trkpt lat="45.691123120486736297607421875" lon="6.56809411011636257171630859375">
        <ele>1021.4000244140625</ele>
        <time>2025-05-30T09:19:14.000Z</time>
        <extensions>
          <ns3:TrackPointExtension>
            <ns3:atemp>30.0</ns3:atemp>
          </ns3:TrackPointExtension>
        </extensions>
      </trkpt>
      <trkpt lat="45.6909905187785625457763671875" lon="6.5680809505283832550048828125">
        <ele>1021.5999755859375</ele>
        <time>2025-05-30T09:19:16.000Z</time>
        <extensions>
          <ns3:TrackPointExtension>
            <ns3:atemp>30.0</ns3:atemp>
          </ns3:TrackPointExtension>
        </extensions>
      </trkpt>
      <trkpt lat="45.69050612859427928924560546875" lon="6.56811590306460857391357421875">
        <ele>1021.79998779296875</ele>
        <time>2025-05-30T09:19:23.000Z</time>
        <extensions>
          <ns3:TrackPointExtension>
            <ns3:atemp>30.0</ns3:atemp>
          </ns3:TrackPointExtension>
        </extensions>
      </trkpt>
      <trkpt lat="45.68996943533420562744140625" lon="6.5682824514806270599365234375">
        <ele>1022</ele>
        <time>2025-05-30T09:19:31.000Z</time>
        <extensions>
          <ns3:TrackPointExtension>
            <ns3:atemp>30.0</ns3:atemp>
          </ns3:TrackPointExtension>
        </extensions>
      </trkpt>
      <trkpt lat="45.68990103900432586669921875" lon="6.568308435380458831787109375">
        <ele>1022</ele>
        <time>2025-05-30T09:19:32.000Z</time>
        <extensions>
          <ns3:TrackPointExtension>
            <ns3:atemp>30.0</ns3:atemp>
          </ns3:TrackPointExtension>
        </extensions>
      </trkpt>
      <trkpt lat="45.68934305571019649505615234375" lon="6.56846769154071807861328125">
        <ele>1021.4000244140625</ele>
        <time>2025-05-30T09:19:40.000Z</time>
        <extensions>
          <ns3:TrackPointExtension>
            <ns3:atemp>30.0</ns3:atemp>
          </ns3:TrackPointExtension>
        </extensions>
      </trkpt>
      <trkpt lat="45.68920358084142208099365234375" lon="6.56849459744989871978759765625">
        <ele>1021.20001220703125</ele>
        <time>2025-05-30T09:19:42.000Z</time>
        <extensions>
          <ns3:TrackPointExtension>
            <ns3:atemp>30.0</ns3:atemp>
          </ns3:TrackPointExtension>
        </extensions>
      </trkpt>
      <trkpt lat="45.688668899238109588623046875" lon="6.568606831133365631103515625">
        <ele>1020.4000244140625</ele>
        <time>2025-05-30T09:19:50.000Z</time>
        <extensions>
          <ns3:TrackPointExtension>
            <ns3:atemp>30.0</ns3:atemp>
          </ns3:TrackPointExtension>
        </extensions>
      </trkpt>
      <trkpt lat="45.68844082765281200408935546875" lon="6.568660475313663482666015625">
        <ele>1020.20001220703125</ele>
        <time>2025-05-30T09:19:54.000Z</time>
        <extensions>
          <ns3:TrackPointExtension>
            <ns3:atemp>30.0</ns3:atemp>
          </ns3:TrackPointExtension>
        </extensions>
      </trkpt>
      <trkpt lat="45.68838735111057758331298828125" lon="6.5686737187206745147705078125">
        <ele>1020.20001220703125</ele>
        <time>2025-05-30T09:19:55.000Z</time>
        <extensions>
          <ns3:TrackPointExtension>
            <ns3:atemp>30.0</ns3:atemp>
          </ns3:TrackPointExtension>
        </extensions>
      </trkpt>
      <trkpt lat="45.68806548602879047393798828125" lon="6.5687545202672481536865234375">
        <ele>1020</ele>
        <time>2025-05-30T09:20:01.000Z</time>
        <extensions>
          <ns3:TrackPointExtension>
            <ns3:atemp>29.0</ns3:atemp>
          </ns3:TrackPointExtension>
        </extensions>
      </trkpt>
      <trkpt lat="45.68801268003880977630615234375" lon="6.5687682665884494781494140625">
        <ele>1020</ele>
        <time>2025-05-30T09:20:02.000Z</time>
        <extensions>
          <ns3:TrackPointExtension>
            <ns3:atemp>29.0</ns3:atemp>
          </ns3:TrackPointExtension>
        </extensions>
      </trkpt>
      <trkpt lat="45.68795870058238506317138671875" lon="6.5687897242605686187744140625">
        <ele>1020</ele>
        <time>2025-05-30T09:20:03.000Z</time>
        <extensions>
          <ns3:TrackPointExtension>
            <ns3:atemp>29.0</ns3:atemp>
          </ns3:TrackPointExtension>
        </extensions>
      </trkpt>
      <trkpt lat="45.68780112080276012420654296875" lon="6.56883842311799526214599609375">
        <ele>1019.79998779296875</ele>
        <time>2025-05-30T09:20:06.000Z</time>
        <extensions>
          <ns3:TrackPointExtension>
            <ns3:atemp>29.0</ns3:atemp>
          </ns3:TrackPointExtension>
        </extensions>
      </trkpt>
      <trkpt lat="45.68753038533031940460205078125" lon="6.56885929405689239501953125">
        <ele>1019.4000244140625</ele>
        <time>2025-05-30T09:20:12.000Z</time>
        <extensions>
          <ns3:TrackPointExtension>
            <ns3:atemp>29.0</ns3:atemp>
          </ns3:TrackPointExtension>
        </extensions>
      </trkpt>
      <trkpt lat="45.6872515194118022918701171875" lon="6.56892458908259868621826171875">
        <ele>1020</ele>
        <time>2025-05-30T09:20:19.000Z</time>
        <extensions>
          <ns3:TrackPointExtension>
            <ns3:atemp>29.0</ns3:atemp>
          </ns3:TrackPointExtension>
        </extensions>
      </trkpt>
      <trkpt lat="45.6870231963694095611572265625" lon="6.5689037181437015533447265625">
        <ele>1021.20001220703125</ele>
        <time>2025-05-30T09:20:25.000Z</time>
        <extensions>
          <ns3:TrackPointExtension>
            <ns3:atemp>29.0</ns3:atemp>
          </ns3:TrackPointExtension>
        </extensions>
      </trkpt>
      <trkpt lat="45.6868337653577327728271484375" lon="6.56887144781649112701416015625">
        <ele>1022.4000244140625</ele>
        <time>2025-05-30T09:20:30.000Z</time>
        <extensions>
          <ns3:TrackPointExtension>
            <ns3:atemp>29.0</ns3:atemp>
          </ns3:TrackPointExtension>
        </extensions>
      </trkpt>
      <trkpt lat="45.68672605790197849273681640625" lon="6.56885325908660888671875">
        <ele>1022.79998779296875</ele>
        <time>2025-05-30T09:20:33.000Z</time>
        <extensions>
          <ns3:TrackPointExtension>
            <ns3:atemp>29.0</ns3:atemp>
          </ns3:TrackPointExtension>
        </extensions>
      </trkpt>
      <trkpt lat="45.68668683059513568878173828125" lon="6.56884856522083282470703125">
        <ele>1023</ele>
        <time>2025-05-30T09:20:34.000Z</time>
        <extensions>
          <ns3:TrackPointExtension>
            <ns3:atemp>29.0</ns3:atemp>
          </ns3:TrackPointExtension>
        </extensions>
      </trkpt>
      <trkpt lat="45.68658222444355487823486328125" lon="6.56881461851298809051513671875">
        <ele>1023.5999755859375</ele>
        <time>2025-05-30T09:20:37.000Z</time>
        <extensions>
          <ns3:TrackPointExtension>
            <ns3:atemp>29.0</ns3:atemp>
          </ns3:TrackPointExtension>
        </extensions>
      </trkpt>
      <trkpt lat="45.686355493962764739990234375" lon="6.5687374211847782135009765625">
        <ele>1024.800048828125</ele>
        <time>2025-05-30T09:20:43.000Z</time>
        <extensions>
          <ns3:TrackPointExtension>
            <ns3:atemp>29.0</ns3:atemp>
          </ns3:TrackPointExtension>
        </extensions>
      </trkpt>
      <trkpt lat="45.68617838434875011444091796875" lon="6.56870372593402862548828125">
        <ele>1025.800048828125</ele>
        <time>2025-05-30T09:20:48.000Z</time>
        <extensions>
          <ns3:TrackPointExtension>
            <ns3:atemp>29.0</ns3:atemp>
          </ns3:TrackPointExtension>
        </extensions>
      </trkpt>
      <trkpt lat="45.68597705103456974029541015625" lon="6.56875996850430965423583984375">
        <ele>1027.199951171875</ele>
        <time>2025-05-30T09:20:54.000Z</time>
        <extensions>
          <ns3:TrackPointExtension>
            <ns3:atemp>29.0</ns3:atemp>
          </ns3:TrackPointExtension>
        </extensions>
      </trkpt>
      <trkpt lat="45.6859442777931690216064453125" lon="6.568771116435527801513671875">
        <ele>1027.4000244140625</ele>
        <time>2025-05-30T09:20:55.000Z</time>
        <extensions>
          <ns3:TrackPointExtension>
            <ns3:atemp>29.0</ns3:atemp>
          </ns3:TrackPointExtension>
        </extensions>
      </trkpt>
      <trkpt lat="45.68581871688365936279296875" lon="6.5687890537083148956298828125">
        <ele>1028.4000244140625</ele>
        <time>2025-05-30T09:20:59.000Z</time>
        <extensions>
          <ns3:TrackPointExtension>
            <ns3:atemp>29.0</ns3:atemp>
          </ns3:TrackPointExtension>
        </extensions>
      </trkpt>
      <trkpt lat="45.68572492338716983795166015625" lon="6.5687756426632404327392578125">
        <ele>1029</ele>
        <time>2025-05-30T09:21:02.000Z</time>
        <extensions>
          <ns3:TrackPointExtension>
            <ns3:atemp>29.0</ns3:atemp>
          </ns3:TrackPointExtension>
        </extensions>
      </trkpt>
      <trkpt lat="45.6856931559741497039794921875" lon="6.5687687695026397705078125">
        <ele>1029.4000244140625</ele>
        <time>2025-05-30T09:21:03.000Z</time>
        <extensions>
          <ns3:TrackPointExtension>
            <ns3:atemp>29.0</ns3:atemp>
          </ns3:TrackPointExtension>
        </extensions>
      </trkpt>
      <trkpt lat="45.6855335645377635955810546875" lon="6.56872660852968692779541015625">
        <ele>1030.5999755859375</ele>
        <time>2025-05-30T09:21:08.000Z</time>
        <extensions>
          <ns3:TrackPointExtension>
            <ns3:atemp>29.0</ns3:atemp>
          </ns3:TrackPointExtension>
        </extensions>
      </trkpt>
      <trkpt lat="45.685500539839267730712890625" lon="6.56872610561549663543701171875">
        <ele>1030.800048828125</ele>
        <time>2025-05-30T09:21:09.000Z</time>
        <extensions>
          <ns3:TrackPointExtension>
            <ns3:atemp>29.0</ns3:atemp>
          </ns3:TrackPointExtension>
        </extensions>
      </trkpt>
      <trkpt lat="45.6853810139000415802001953125" lon="6.5687940828502178192138671875">
        <ele>1031.5999755859375</ele>
        <time>2025-05-30T09:21:13.000Z</time>
        <extensions>
          <ns3:TrackPointExtension>
            <ns3:atemp>29.0</ns3:atemp>
          </ns3:TrackPointExtension>
        </extensions>
      </trkpt>
      <trkpt lat="45.68535737693309783935546875" lon="6.56883020885288715362548828125">
        <ele>1031.800048828125</ele>
        <time>2025-05-30T09:21:14.000Z</time>
        <extensions>
          <ns3:TrackPointExtension>
            <ns3:atemp>29.0</ns3:atemp>
          </ns3:TrackPointExtension>
        </extensions>
      </trkpt>
      <trkpt lat="45.68533181212842464447021484375" lon="6.5689620561897754669189453125">
        <ele>1032.5999755859375</ele>
        <time>2025-05-30T09:21:17.000Z</time>
        <extensions>
          <ns3:TrackPointExtension>
            <ns3:atemp>29.0</ns3:atemp>
          </ns3:TrackPointExtension>
        </extensions>
      </trkpt>
      <trkpt lat="45.68533633835613727569580078125" lon="6.569007150828838348388671875">
        <ele>1032.800048828125</ele>
        <time>2025-05-30T09:21:18.000Z</time>
        <extensions>
          <ns3:TrackPointExtension>
            <ns3:atemp>29.0</ns3:atemp>
          </ns3:TrackPointExtension>
        </extensions>
      </trkpt>
      <trkpt lat="45.685381181538105010986328125" lon="6.5691415965557098388671875">
        <ele>1033.800048828125</ele>
        <time>2025-05-30T09:21:21.000Z</time>
        <extensions>
          <ns3:TrackPointExtension>
            <ns3:atemp>29.0</ns3:atemp>
          </ns3:TrackPointExtension>
        </extensions>
      </trkpt>
      <trkpt lat="45.68540339358150959014892578125" lon="6.569231450557708740234375">
        <ele>1034.4000244140625</ele>
        <time>2025-05-30T09:21:23.000Z</time>
        <extensions>
          <ns3:TrackPointExtension>
            <ns3:atemp>29.0</ns3:atemp>
          </ns3:TrackPointExtension>
        </extensions>
      </trkpt>
      <trkpt lat="45.68543105386197566986083984375" lon="6.56937017105519771575927734375">
        <ele>1035</ele>
        <time>2025-05-30T09:21:26.000Z</time>
        <extensions>
          <ns3:TrackPointExtension>
            <ns3:atemp>29.0</ns3:atemp>
          </ns3:TrackPointExtension>
        </extensions>
      </trkpt>
      <trkpt lat="45.68544966168701648712158203125" lon="6.56949506141245365142822265625">
        <ele>1035.4000244140625</ele>
        <time>2025-05-30T09:21:29.000Z</time>
        <extensions>
          <ns3:TrackPointExtension>
            <ns3:atemp>29.0</ns3:atemp>
          </ns3:TrackPointExtension>
        </extensions>
      </trkpt>
      <trkpt lat="45.6854765675961971282958984375" lon="6.569625400006771087646484375">
        <ele>1036</ele>
        <time>2025-05-30T09:21:32.000Z</time>
        <extensions>
          <ns3:TrackPointExtension>
            <ns3:atemp>29.0</ns3:atemp>
          </ns3:TrackPointExtension>
        </extensions>
      </trkpt>
      <trkpt lat="45.6855203211307525634765625" lon="6.56968616880476474761962890625">
        <ele>1036.5999755859375</ele>
        <time>2025-05-30T09:21:34.000Z</time>
        <extensions>
          <ns3:TrackPointExtension>
            <ns3:atemp>29.0</ns3:atemp>
          </ns3:TrackPointExtension>
        </extensions>
      </trkpt>
      <trkpt lat="45.68560003302991390228271484375" lon="6.56972522847354412078857421875">
        <ele>1037.199951171875</ele>
        <time>2025-05-30T09:21:37.000Z</time>
        <extensions>
          <ns3:TrackPointExtension>
            <ns3:atemp>29.0</ns3:atemp>
          </ns3:TrackPointExtension>
        </extensions>
      </trkpt>
      <trkpt lat="45.68563104607164859771728515625" lon="6.56972707249224185943603515625">
        <ele>1037.4000244140625</ele>
        <time>2025-05-30T09:21:38.000Z</time>
        <extensions>
          <ns3:TrackPointExtension>
            <ns3:atemp>29.0</ns3:atemp>
          </ns3:TrackPointExtension>
        </extensions>
      </trkpt>
      <trkpt lat="45.68572794087231159210205078125" lon="6.56972564756870269775390625">
        <ele>1038.199951171875</ele>
        <time>2025-05-30T09:21:41.000Z</time>
        <extensions>
          <ns3:TrackPointExtension>
            <ns3:atemp>29.0</ns3:atemp>
          </ns3:TrackPointExtension>
        </extensions>
      </trkpt>
      <trkpt lat="45.68585350178182125091552734375" lon="6.56974668614566326141357421875">
        <ele>1039.4000244140625</ele>
        <time>2025-05-30T09:21:45.000Z</time>
        <extensions>
          <ns3:TrackPointExtension>
            <ns3:atemp>29.0</ns3:atemp>
          </ns3:TrackPointExtension>
        </extensions>
      </trkpt>
      <trkpt lat="45.6858825869858264923095703125" lon="6.56976009719073772430419921875">
        <ele>1039.4000244140625</ele>
        <time>2025-05-30T09:21:46.000Z</time>
        <extensions>
          <ns3:TrackPointExtension>
            <ns3:atemp>29.0</ns3:atemp>
          </ns3:TrackPointExtension>
        </extensions>
      </trkpt>
      <trkpt lat="45.68599331192672252655029296875" lon="6.56983536668121814727783203125">
        <ele>1040.199951171875</ele>
        <time>2025-05-30T09:21:50.000Z</time>
        <extensions>
          <ns3:TrackPointExtension>
            <ns3:atemp>29.0</ns3:atemp>
          </ns3:TrackPointExtension>
        </extensions>
      </trkpt>
      <trkpt lat="45.68607143126428127288818359375" lon="6.56989999115467071533203125">
        <ele>1040.5999755859375</ele>
        <time>2025-05-30T09:21:53.000Z</time>
        <extensions>
          <ns3:TrackPointExtension>
            <ns3:atemp>29.0</ns3:atemp>
          </ns3:TrackPointExtension>
        </extensions>
      </trkpt>
      <trkpt lat="45.68615742959082126617431640625" lon="6.56993175856769084930419921875">
        <ele>1041.5999755859375</ele>
        <time>2025-05-30T09:21:56.000Z</time>
        <extensions>
          <ns3:TrackPointExtension>
            <ns3:atemp>29.0</ns3:atemp>
          </ns3:TrackPointExtension>
        </extensions>
      </trkpt>
      <trkpt lat="45.68624426610767841339111328125" lon="6.56994818709790706634521484375">
        <ele>1042.199951171875</ele>
        <time>2025-05-30T09:21:59.000Z</time>
        <extensions>
          <ns3:TrackPointExtension>
            <ns3:atemp>29.0</ns3:atemp>
          </ns3:TrackPointExtension>
        </extensions>
      </trkpt>
      <trkpt lat="45.686299502849578857421875" lon="6.56998657621443271636962890625">
        <ele>1042.800048828125</ele>
        <time>2025-05-30T09:22:01.000Z</time>
        <extensions>
          <ns3:TrackPointExtension>
            <ns3:atemp>29.0</ns3:atemp>
          </ns3:TrackPointExtension>
        </extensions>
      </trkpt>
      <trkpt lat="45.68633160553872585296630859375" lon="6.570045165717601776123046875">
        <ele>1043.199951171875</ele>
        <time>2025-05-30T09:22:03.000Z</time>
        <extensions>
          <ns3:TrackPointExtension>
            <ns3:atemp>29.0</ns3:atemp>
          </ns3:TrackPointExtension>
        </extensions>
      </trkpt>
      <trkpt lat="45.686339400708675384521484375" lon="6.57011548988521099090576171875">
        <ele>1043.5999755859375</ele>
        <time>2025-05-30T09:22:05.000Z</time>
        <extensions>
          <ns3:TrackPointExtension>
            <ns3:atemp>29.0</ns3:atemp>
          </ns3:TrackPointExtension>
        </extensions>
      </trkpt>
      <trkpt lat="45.6863134168088436126708984375" lon="6.57017164863646030426025390625">
        <ele>1044</ele>
        <time>2025-05-30T09:22:07.000Z</time>
        <extensions>
          <ns3:TrackPointExtension>
            <ns3:atemp>29.0</ns3:atemp>
          </ns3:TrackPointExtension>
        </extensions>
      </trkpt>
      <trkpt lat="45.68629170767962932586669921875" lon="6.570189334452152252197265625">
        <ele>1044</ele>
        <time>2025-05-30T09:22:08.000Z</time>
        <extensions>
          <ns3:TrackPointExtension>
            <ns3:atemp>29.0</ns3:atemp>
          </ns3:TrackPointExtension>
        </extensions>
      </trkpt>
      <trkpt lat="45.68621392361819744110107421875" lon="6.5701824612915515899658203125">
        <ele>1045.199951171875</ele>
        <time>2025-05-30T09:22:11.000Z</time>
        <extensions>
          <ns3:TrackPointExtension>
            <ns3:atemp>29.0</ns3:atemp>
          </ns3:TrackPointExtension>
        </extensions>
      </trkpt>
      <trkpt lat="45.6861077249050140380859375" lon="6.57015019096434116363525390625">
        <ele>1046.199951171875</ele>
        <time>2025-05-30T09:22:15.000Z</time>
        <extensions>
          <ns3:TrackPointExtension>
            <ns3:atemp>29.0</ns3:atemp>
          </ns3:TrackPointExtension>
        </extensions>
      </trkpt>
      <trkpt lat="45.6859995983541011810302734375" lon="6.5701402164995670318603515625">
        <ele>1047.4000244140625</ele>
        <time>2025-05-30T09:22:19.000Z</time>
        <extensions>
          <ns3:TrackPointExtension>
            <ns3:atemp>29.0</ns3:atemp>
          </ns3:TrackPointExtension>
        </extensions>
      </trkpt>
      <trkpt lat="45.68594746291637420654296875" lon="6.570151112973690032958984375">
        <ele>1048</ele>
        <time>2025-05-30T09:22:21.000Z</time>
        <extensions>
          <ns3:TrackPointExtension>
            <ns3:atemp>29.0</ns3:atemp>
          </ns3:TrackPointExtension>
        </extensions>
      </trkpt>
      <trkpt lat="45.685883425176143646240234375" lon="6.570177264511585235595703125">
        <ele>1048.5999755859375</ele>
        <time>2025-05-30T09:22:23.000Z</time>
        <extensions>
          <ns3:TrackPointExtension>
            <ns3:atemp>29.0</ns3:atemp>
          </ns3:TrackPointExtension>
        </extensions>
      </trkpt>
      <trkpt lat="45.685739926993846893310546875" lon="6.570299975574016571044921875">
        <ele>1049.800048828125</ele>
        <time>2025-05-30T09:22:29.000Z</time>
        <extensions>
          <ns3:TrackPointExtension>
            <ns3:atemp>29.0</ns3:atemp>
          </ns3:TrackPointExtension>
        </extensions>
      </trkpt>
      <trkpt lat="45.6856284476816654205322265625" lon="6.5704228542745113372802734375">
        <ele>1051.199951171875</ele>
        <time>2025-05-30T09:22:34.000Z</time>
        <extensions>
          <ns3:TrackPointExtension>
            <ns3:atemp>29.0</ns3:atemp>
          </ns3:TrackPointExtension>
        </extensions>
      </trkpt>
      <trkpt lat="45.68553063087165355682373046875" lon="6.57054950483143329620361328125">
        <ele>1052.199951171875</ele>
        <time>2025-05-30T09:22:39.000Z</time>
        <extensions>
          <ns3:TrackPointExtension>
            <ns3:atemp>29.0</ns3:atemp>
          </ns3:TrackPointExtension>
        </extensions>
      </trkpt>
      <trkpt lat="45.6854473985731601715087890625" lon="6.5706521831452846527099609375">
        <ele>1053.4000244140625</ele>
        <time>2025-05-30T09:22:43.000Z</time>
        <extensions>
          <ns3:TrackPointExtension>
            <ns3:atemp>29.0</ns3:atemp>
          </ns3:TrackPointExtension>
        </extensions>
      </trkpt>
      <trkpt lat="45.68533717654645442962646484375" lon="6.5707782469689846038818359375">
        <ele>1054.199951171875</ele>
        <time>2025-05-30T09:22:48.000Z</time>
        <extensions>
          <ns3:TrackPointExtension>
            <ns3:atemp>29.0</ns3:atemp>
          </ns3:TrackPointExtension>
        </extensions>
      </trkpt>
      <trkpt lat="45.6853169761598110198974609375" lon="6.5708017162978649139404296875">
        <ele>1054.4000244140625</ele>
        <time>2025-05-30T09:22:49.000Z</time>
        <extensions>
          <ns3:TrackPointExtension>
            <ns3:atemp>29.0</ns3:atemp>
          </ns3:TrackPointExtension>
        </extensions>
      </trkpt>
      <trkpt lat="45.68520189262926578521728515625" lon="6.57091445289552211761474609375">
        <ele>1055.800048828125</ele>
        <time>2025-05-30T09:22:54.000Z</time>
        <extensions>
          <ns3:TrackPointExtension>
            <ns3:atemp>29.0</ns3:atemp>
          </ns3:TrackPointExtension>
        </extensions>
      </trkpt>
      <trkpt lat="45.6851832009851932525634765625" lon="6.57093255780637264251708984375">
        <ele>1055.800048828125</ele>
        <time>2025-05-30T09:22:55.000Z</time>
        <extensions>
          <ns3:TrackPointExtension>
            <ns3:atemp>29.0</ns3:atemp>
          </ns3:TrackPointExtension>
        </extensions>
      </trkpt>
      <trkpt lat="45.6850819475948810577392578125" lon="6.57101335935294628143310546875">
        <ele>1057</ele>
        <time>2025-05-30T09:22:59.000Z</time>
        <extensions>
          <ns3:TrackPointExtension>
            <ns3:atemp>29.0</ns3:atemp>
          </ns3:TrackPointExtension>
        </extensions>
      </trkpt>
      <trkpt lat="45.685005672276020050048828125" lon="6.57106515951454639434814453125">
        <ele>1058</ele>
        <time>2025-05-30T09:23:02.000Z</time>
        <extensions>
          <ns3:TrackPointExtension>
            <ns3:atemp>29.0</ns3:atemp>
          </ns3:TrackPointExtension>
        </extensions>
      </trkpt>
      <trkpt lat="45.68497809581458568572998046875" lon="6.571081168949604034423828125">
        <ele>1058.4000244140625</ele>
        <time>2025-05-30T09:23:03.000Z</time>
        <extensions>
          <ns3:TrackPointExtension>
            <ns3:atemp>29.0</ns3:atemp>
          </ns3:TrackPointExtension>
        </extensions>
      </trkpt>
      <trkpt lat="45.68488338030874729156494140625" lon="6.57114453613758087158203125">
        <ele>1059.199951171875</ele>
        <time>2025-05-30T09:23:07.000Z</time>
        <extensions>
          <ns3:TrackPointExtension>
            <ns3:atemp>29.0</ns3:atemp>
          </ns3:TrackPointExtension>
        </extensions>
      </trkpt>
      <trkpt lat="45.68479084409773349761962890625" lon="6.5711976774036884307861328125">
        <ele>1060.4000244140625</ele>
        <time>2025-05-30T09:23:11.000Z</time>
        <extensions>
          <ns3:TrackPointExtension>
            <ns3:atemp>29.0</ns3:atemp>
          </ns3:TrackPointExtension>
        </extensions>
      </trkpt>
      <trkpt lat="45.6846920214593410491943359375" lon="6.5712643973529338836669921875">
        <ele>1061</ele>
        <time>2025-05-30T09:23:15.000Z</time>
        <extensions>
          <ns3:TrackPointExtension>
            <ns3:atemp>29.0</ns3:atemp>
          </ns3:TrackPointExtension>
        </extensions>
      </trkpt>
      <trkpt lat="45.68467031233012676239013671875" lon="6.5712841786444187164306640625">
        <ele>1061.4000244140625</ele>
        <time>2025-05-30T09:23:16.000Z</time>
        <extensions>
          <ns3:TrackPointExtension>
            <ns3:atemp>29.0</ns3:atemp>
          </ns3:TrackPointExtension>
        </extensions>
      </trkpt>
      <trkpt lat="45.68456034176051616668701171875" lon="6.57137746922671794891357421875">
        <ele>1062.800048828125</ele>
        <time>2025-05-30T09:23:21.000Z</time>
        <extensions>
          <ns3:TrackPointExtension>
            <ns3:atemp>29.0</ns3:atemp>
          </ns3:TrackPointExtension>
        </extensions>
      </trkpt>
      <trkpt lat="45.684487335383892059326171875" lon="6.57144284807145595550537109375">
        <ele>1063.199951171875</ele>
        <time>2025-05-30T09:23:24.000Z</time>
        <extensions>
          <ns3:TrackPointExtension>
            <ns3:atemp>29.0</ns3:atemp>
          </ns3:TrackPointExtension>
        </extensions>
      </trkpt>
      <trkpt lat="45.68442128598690032958984375" lon="6.5715088136494159698486328125">
        <ele>1064</ele>
        <time>2025-05-30T09:23:27.000Z</time>
        <extensions>
          <ns3:TrackPointExtension>
            <ns3:atemp>29.0</ns3:atemp>
          </ns3:TrackPointExtension>
        </extensions>
      </trkpt>
      <trkpt lat="45.68431475199759006500244140625" lon="6.57161518000066280364990234375">
        <ele>1065.199951171875</ele>
        <time>2025-05-30T09:23:32.000Z</time>
        <extensions>
          <ns3:TrackPointExtension>
            <ns3:atemp>29.0</ns3:atemp>
          </ns3:TrackPointExtension>
        </extensions>
      </trkpt>
      <trkpt lat="45.6842274963855743408203125" lon="6.57169681973755359649658203125">
        <ele>1066.199951171875</ele>
        <time>2025-05-30T09:23:36.000Z</time>
        <extensions>
          <ns3:TrackPointExtension>
            <ns3:atemp>29.0</ns3:atemp>
          </ns3:TrackPointExtension>
        </extensions>
      </trkpt>
      <trkpt lat="45.6841441802680492401123046875" lon="6.5717733465135097503662109375">
        <ele>1067.199951171875</ele>
        <time>2025-05-30T09:23:40.000Z</time>
        <extensions>
          <ns3:TrackPointExtension>
            <ns3:atemp>29.0</ns3:atemp>
          </ns3:TrackPointExtension>
        </extensions>
      </trkpt>
      <trkpt lat="45.68404602818191051483154296875" lon="6.57184660434722900390625">
        <ele>1068.4000244140625</ele>
        <time>2025-05-30T09:23:44.000Z</time>
        <extensions>
          <ns3:TrackPointExtension>
            <ns3:atemp>29.0</ns3:atemp>
          </ns3:TrackPointExtension>
        </extensions>
      </trkpt>
      <trkpt lat="45.68399389274418354034423828125" lon="6.57188105396926403045654296875">
        <ele>1069</ele>
        <time>2025-05-30T09:23:46.000Z</time>
        <extensions>
          <ns3:TrackPointExtension>
            <ns3:atemp>29.0</ns3:atemp>
          </ns3:TrackPointExtension>
        </extensions>
      </trkpt>
      <trkpt lat="45.68394829519093036651611328125" lon="6.57191240228712558746337890625">
        <ele>1069.4000244140625</ele>
        <time>2025-05-30T09:23:48.000Z</time>
        <extensions>
          <ns3:TrackPointExtension>
            <ns3:atemp>29.0</ns3:atemp>
          </ns3:TrackPointExtension>
        </extensions>
      </trkpt>
      <trkpt lat="45.68385475315153598785400390625" lon="6.57197828404605388641357421875">
        <ele>1070.800048828125</ele>
        <time>2025-05-30T09:23:52.000Z</time>
        <extensions>
          <ns3:TrackPointExtension>
            <ns3:atemp>29.0</ns3:atemp>
          </ns3:TrackPointExtension>
        </extensions>
      </trkpt>
      <trkpt lat="45.68376858718693256378173828125" lon="6.57205942086875438690185546875">
        <ele>1071.800048828125</ele>
        <time>2025-05-30T09:23:56.000Z</time>
        <extensions>
          <ns3:TrackPointExtension>
            <ns3:atemp>29.0</ns3:atemp>
          </ns3:TrackPointExtension>
        </extensions>
      </trkpt>
      <trkpt lat="45.68374696187674999237060546875" lon="6.57208330929279327392578125">
        <ele>1072</ele>
        <time>2025-05-30T09:23:57.000Z</time>
        <extensions>
          <ns3:TrackPointExtension>
            <ns3:atemp>29.0</ns3:atemp>
          </ns3:TrackPointExtension>
        </extensions>
      </trkpt>
      <trkpt lat="45.683659203350543975830078125" lon="6.5721699781715869903564453125">
        <ele>1072.800048828125</ele>
        <time>2025-05-30T09:24:01.000Z</time>
        <extensions>
          <ns3:TrackPointExtension>
            <ns3:atemp>29.0</ns3:atemp>
          </ns3:TrackPointExtension>
        </extensions>
      </trkpt>
      <trkpt lat="45.6835654936730861663818359375" lon="6.5722514502704143524169921875">
        <ele>1073.800048828125</ele>
        <time>2025-05-30T09:24:05.000Z</time>
        <extensions>
          <ns3:TrackPointExtension>
            <ns3:atemp>29.0</ns3:atemp>
          </ns3:TrackPointExtension>
        </extensions>
      </trkpt>
      <trkpt lat="45.68351863883435726165771484375" lon="6.5722851455211639404296875">
        <ele>1074.199951171875</ele>
        <time>2025-05-30T09:24:07.000Z</time>
        <extensions>
          <ns3:TrackPointExtension>
            <ns3:atemp>29.0</ns3:atemp>
          </ns3:TrackPointExtension>
        </extensions>
      </trkpt>
      <trkpt lat="45.683445632457733154296875" lon="6.57233904115855693817138671875">
        <ele>1074.800048828125</ele>
        <time>2025-05-30T09:24:10.000Z</time>
        <extensions>
          <ns3:TrackPointExtension>
            <ns3:atemp>29.0</ns3:atemp>
          </ns3:TrackPointExtension>
        </extensions>
      </trkpt>
      <trkpt lat="45.6833723746240139007568359375" lon="6.57238363288342952728271484375">
        <ele>1076</ele>
        <time>2025-05-30T09:24:13.000Z</time>
        <extensions>
          <ns3:TrackPointExtension>
            <ns3:atemp>29.0</ns3:atemp>
          </ns3:TrackPointExtension>
        </extensions>
      </trkpt>
      <trkpt lat="45.68329601548612117767333984375" lon="6.57242436893284320831298828125">
        <ele>1076.5999755859375</ele>
        <time>2025-05-30T09:24:16.000Z</time>
        <extensions>
          <ns3:TrackPointExtension>
            <ns3:atemp>29.0</ns3:atemp>
          </ns3:TrackPointExtension>
        </extensions>
      </trkpt>
      <trkpt lat="45.6832459755241870880126953125" lon="6.5724519453942775726318359375">
        <ele>1077</ele>
        <time>2025-05-30T09:24:18.000Z</time>
        <extensions>
          <ns3:TrackPointExtension>
            <ns3:atemp>29.0</ns3:atemp>
          </ns3:TrackPointExtension>
        </extensions>
      </trkpt>
      <trkpt lat="45.6831385195255279541015625" lon="6.57251137308776378631591796875">
        <ele>1078.199951171875</ele>
        <time>2025-05-30T09:24:23.000Z</time>
        <extensions>
          <ns3:TrackPointExtension>
            <ns3:atemp>29.0</ns3:atemp>
          </ns3:TrackPointExtension>
        </extensions>
      </trkpt>
      <trkpt lat="45.6831024773418903350830078125" lon="6.5725371055305004119873046875">
        <ele>1078.5999755859375</ele>
        <time>2025-05-30T09:24:25.000Z</time>
        <extensions>
          <ns3:TrackPointExtension>
            <ns3:atemp>29.0</ns3:atemp>
          </ns3:TrackPointExtension>
        </extensions>
      </trkpt>
      <trkpt lat="45.6830545328557491302490234375" lon="6.57256233505904674530029296875">
        <ele>1079.199951171875</ele>
        <time>2025-05-30T09:24:27.000Z</time>
        <extensions>
          <ns3:TrackPointExtension>
            <ns3:atemp>29.0</ns3:atemp>
          </ns3:TrackPointExtension>
        </extensions>
      </trkpt>
      <trkpt lat="45.68296627141535282135009765625" lon="6.5727027319371700286865234375">
        <ele>1080</ele>
        <time>2025-05-30T09:24:32.000Z</time>
        <extensions>
          <ns3:TrackPointExtension>
            <ns3:atemp>29.0</ns3:atemp>
          </ns3:TrackPointExtension>
        </extensions>
      </trkpt>
      <trkpt lat="45.6829626671969890594482421875" lon="6.5727315656840801239013671875">
        <ele>1080.5999755859375</ele>
        <time>2025-05-30T09:24:33.000Z</time>
        <extensions>
          <ns3:TrackPointExtension>
            <ns3:atemp>29.0</ns3:atemp>
          </ns3:TrackPointExtension>
        </extensions>
      </trkpt>
      <trkpt lat="45.68296493031084537506103515625" lon="6.57276500947773456573486328125">
        <ele>1080.800048828125</ele>
        <time>2025-05-30T09:24:34.000Z</time>
        <extensions>
          <ns3:TrackPointExtension>
            <ns3:atemp>29.0</ns3:atemp>
          </ns3:TrackPointExtension>
        </extensions>
      </trkpt>
      <trkpt lat="45.68300834856927394866943359375" lon="6.5728143788874149322509765625">
        <ele>1081.199951171875</ele>
        <time>2025-05-30T09:24:36.000Z</time>
        <extensions>
          <ns3:TrackPointExtension>
            <ns3:atemp>29.0</ns3:atemp>
          </ns3:TrackPointExtension>
        </extensions>
      </trkpt>
      <trkpt lat="45.6830622442066669464111328125" lon="6.5728271193802356719970703125">
        <ele>1081.5999755859375</ele>
        <time>2025-05-30T09:24:38.000Z</time>
        <extensions>
          <ns3:TrackPointExtension>
            <ns3:atemp>29.0</ns3:atemp>
          </ns3:TrackPointExtension>
        </extensions>
      </trkpt>
      <trkpt lat="45.6831406988203525543212890625" lon="6.57279082573950290679931640625">
        <ele>1082.199951171875</ele>
        <time>2025-05-30T09:24:41.000Z</time>
        <extensions>
          <ns3:TrackPointExtension>
            <ns3:atemp>29.0</ns3:atemp>
          </ns3:TrackPointExtension>
        </extensions>
      </trkpt>
      <trkpt lat="45.6832007132470607757568359375" lon="6.57275361008942127227783203125">
        <ele>1082.5999755859375</ele>
        <time>2025-05-30T09:24:43.000Z</time>
        <extensions>
          <ns3:TrackPointExtension>
            <ns3:atemp>29.0</ns3:atemp>
          </ns3:TrackPointExtension>
        </extensions>
      </trkpt>
      <trkpt lat="45.68337061442434787750244140625" lon="6.57266694121062755584716796875">
        <ele>1083.5999755859375</ele>
        <time>2025-05-30T09:24:49.000Z</time>
        <extensions>
          <ns3:TrackPointExtension>
            <ns3:atemp>29.0</ns3:atemp>
          </ns3:TrackPointExtension>
        </extensions>
      </trkpt>
      <trkpt lat="45.6833931617438793182373046875" lon="6.57265939749777317047119140625">
        <ele>1083.800048828125</ele>
        <time>2025-05-30T09:24:50.000Z</time>
        <extensions>
          <ns3:TrackPointExtension>
            <ns3:atemp>29.0</ns3:atemp>
          </ns3:TrackPointExtension>
        </extensions>
      </trkpt>
      <trkpt lat="45.68356071598827838897705078125" lon="6.5726450644433498382568359375">
        <ele>1084.800048828125</ele>
        <time>2025-05-30T09:24:56.000Z</time>
        <extensions>
          <ns3:TrackPointExtension>
            <ns3:atemp>29.0</ns3:atemp>
          </ns3:TrackPointExtension>
        </extensions>
      </trkpt>
      <trkpt lat="45.68360916338860988616943359375" lon="6.57264313660562038421630859375">
        <ele>1085.4000244140625</ele>
        <time>2025-05-30T09:24:58.000Z</time>
        <extensions>
          <ns3:TrackPointExtension>
            <ns3:atemp>29.0</ns3:atemp>
          </ns3:TrackPointExtension>
        </extensions>
      </trkpt>
      <trkpt lat="45.6836996041238307952880859375" lon="6.57263676635921001434326171875">
        <ele>1086</ele>
        <time>2025-05-30T09:25:01.000Z</time>
        <extensions>
          <ns3:TrackPointExtension>
            <ns3:atemp>29.0</ns3:atemp>
          </ns3:TrackPointExtension>
        </extensions>
      </trkpt>
      <trkpt lat="45.68386095575988292694091796875" lon="6.57262377440929412841796875">
        <ele>1087</ele>
        <time>2025-05-30T09:25:07.000Z</time>
        <extensions>
          <ns3:TrackPointExtension>
            <ns3:atemp>29.0</ns3:atemp>
          </ns3:TrackPointExtension>
        </extensions>
      </trkpt>
      <trkpt lat="45.6838870234787464141845703125" lon="6.57262385822832584381103515625">
        <ele>1087</ele>
        <time>2025-05-30T09:25:08.000Z</time>
        <extensions>
          <ns3:TrackPointExtension>
            <ns3:atemp>29.0</ns3:atemp>
          </ns3:TrackPointExtension>
        </extensions>
      </trkpt>
      <trkpt lat="45.68401895463466644287109375" lon="6.57264213077723979949951171875">
        <ele>1088.199951171875</ele>
        <time>2025-05-30T09:25:13.000Z</time>
        <extensions>
          <ns3:TrackPointExtension>
            <ns3:atemp>29.0</ns3:atemp>
          </ns3:TrackPointExtension>
        </extensions>
      </trkpt>
      <trkpt lat="45.68406865932047367095947265625" lon="6.5726531110703945159912109375">
        <ele>1088.800048828125</ele>
        <time>2025-05-30T09:25:15.000Z</time>
        <extensions>
          <ns3:TrackPointExtension>
            <ns3:atemp>29.0</ns3:atemp>
          </ns3:TrackPointExtension>
        </extensions>
      </trkpt>
      <trkpt lat="45.68412096239626407623291015625" lon="6.57265705056488513946533203125">
        <ele>1089.5999755859375</ele>
        <time>2025-05-30T09:25:17.000Z</time>
        <extensions>
          <ns3:TrackPointExtension>
            <ns3:atemp>29.0</ns3:atemp>
          </ns3:TrackPointExtension>
        </extensions>
      </trkpt>
      <trkpt lat="45.68424803204834461212158203125" lon="6.57264514826238155364990234375">
        <ele>1090.5999755859375</ele>
        <time>2025-05-30T09:25:22.000Z</time>
        <extensions>
          <ns3:TrackPointExtension>
            <ns3:atemp>29.0</ns3:atemp>
          </ns3:TrackPointExtension>
        </extensions>
      </trkpt>
      <trkpt lat="45.6842746026813983917236328125" lon="6.57263458706438541412353515625">
        <ele>1090.800048828125</ele>
        <time>2025-05-30T09:25:23.000Z</time>
        <extensions>
          <ns3:TrackPointExtension>
            <ns3:atemp>29.0</ns3:atemp>
          </ns3:TrackPointExtension>
        </extensions>
      </trkpt>
      <trkpt lat="45.68432380445301532745361328125" lon="6.57261078245937824249267578125">
        <ele>1091.5999755859375</ele>
        <time>2025-05-30T09:25:25.000Z</time>
        <extensions>
          <ns3:TrackPointExtension>
            <ns3:atemp>29.0</ns3:atemp>
          </ns3:TrackPointExtension>
        </extensions>
      </trkpt>
      <trkpt lat="45.68445037119090557098388671875" lon="6.572503410279750823974609375">
        <ele>1092.800048828125</ele>
        <time>2025-05-30T09:25:31.000Z</time>
        <extensions>
          <ns3:TrackPointExtension>
            <ns3:atemp>29.0</ns3:atemp>
          </ns3:TrackPointExtension>
        </extensions>
      </trkpt>
      <trkpt lat="45.6844730861485004425048828125" lon="6.57248706556856632232666015625">
        <ele>1093</ele>
        <time>2025-05-30T09:25:32.000Z</time>
        <extensions>
          <ns3:TrackPointExtension>
            <ns3:atemp>29.0</ns3:atemp>
          </ns3:TrackPointExtension>
        </extensions>
      </trkpt>
      <trkpt lat="45.6846142373979091644287109375" lon="6.5724127180874347686767578125">
        <ele>1093.800048828125</ele>
        <time>2025-05-30T09:25:38.000Z</time>
        <extensions>
          <ns3:TrackPointExtension>
            <ns3:atemp>29.0</ns3:atemp>
          </ns3:TrackPointExtension>
        </extensions>
      </trkpt>
      <trkpt lat="45.6846960447728633880615234375" lon="6.57239536754786968231201171875">
        <ele>1095</ele>
        <time>2025-05-30T09:25:41.000Z</time>
        <extensions>
          <ns3:TrackPointExtension>
            <ns3:atemp>29.0</ns3:atemp>
          </ns3:TrackPointExtension>
        </extensions>
      </trkpt>
      <trkpt lat="45.684811882674694061279296875" lon="6.57236100174486637115478515625">
        <ele>1096.199951171875</ele>
        <time>2025-05-30T09:25:46.000Z</time>
        <extensions>
          <ns3:TrackPointExtension>
            <ns3:atemp>29.0</ns3:atemp>
          </ns3:TrackPointExtension>
        </extensions>
      </trkpt>
      <trkpt lat="45.684908442199230194091796875" lon="6.5723228640854358673095703125">
        <ele>1097.199951171875</ele>
        <time>2025-05-30T09:25:50.000Z</time>
        <extensions>
          <ns3:TrackPointExtension>
            <ns3:atemp>29.0</ns3:atemp>
          </ns3:TrackPointExtension>
        </extensions>
      </trkpt>
      <trkpt lat="45.685015730559825897216796875" lon="6.57230685465037822723388671875">
        <ele>1098.4000244140625</ele>
        <time>2025-05-30T09:25:54.000Z</time>
        <extensions>
          <ns3:TrackPointExtension>
            <ns3:atemp>29.0</ns3:atemp>
          </ns3:TrackPointExtension>
        </extensions>
      </trkpt>
      <trkpt lat="45.6850635074079036712646484375" lon="6.5723198466002941131591796875">
        <ele>1099</ele>
        <time>2025-05-30T09:25:56.000Z</time>
        <extensions>
          <ns3:TrackPointExtension>
            <ns3:atemp>29.0</ns3:atemp>
          </ns3:TrackPointExtension>
        </extensions>
      </trkpt>
      <trkpt lat="45.6850826181471347808837890625" lon="6.57234172336757183074951171875">
        <ele>1099</ele>
        <time>2025-05-30T09:25:57.000Z</time>
        <extensions>
          <ns3:TrackPointExtension>
            <ns3:atemp>29.0</ns3:atemp>
          </ns3:TrackPointExtension>
        </extensions>
      </trkpt>
      <trkpt lat="45.68509452044963836669921875" lon="6.5723701380193233489990234375">
        <ele>1099.4000244140625</ele>
        <time>2025-05-30T09:25:58.000Z</time>
        <extensions>
          <ns3:TrackPointExtension>
            <ns3:atemp>29.0</ns3:atemp>
          </ns3:TrackPointExtension>
        </extensions>
      </trkpt>
      <trkpt lat="45.68509980104863643646240234375" lon="6.5724717266857624053955078125">
        <ele>1100</ele>
        <time>2025-05-30T09:26:01.000Z</time>
        <extensions>
          <ns3:TrackPointExtension>
            <ns3:atemp>29.0</ns3:atemp>
          </ns3:TrackPointExtension>
        </extensions>
      </trkpt>
      <trkpt lat="45.6850762479007244110107421875" lon="6.57252863980829715728759765625">
        <ele>1100.4000244140625</ele>
        <time>2025-05-30T09:26:03.000Z</time>
        <extensions>
          <ns3:TrackPointExtension>
            <ns3:atemp>29.0</ns3:atemp>
          </ns3:TrackPointExtension>
        </extensions>
      </trkpt>
      <trkpt lat="45.68502302281558513641357421875" lon="6.57255847938358783721923828125">
        <ele>1101.199951171875</ele>
        <time>2025-05-30T09:26:05.000Z</time>
        <extensions>
          <ns3:TrackPointExtension>
            <ns3:atemp>30.0</ns3:atemp>
          </ns3:TrackPointExtension>
        </extensions>
      </trkpt>
      <trkpt lat="45.685001648962497711181640625" lon="6.57256769947707653045654296875">
        <ele>1101.800048828125</ele>
        <time>2025-05-30T09:26:06.000Z</time>
        <extensions>
          <ns3:TrackPointExtension>
            <ns3:atemp>30.0</ns3:atemp>
          </ns3:TrackPointExtension>
        </extensions>
      </trkpt>
      <trkpt lat="45.68485370837152004241943359375" lon="6.57268923707306385040283203125">
        <ele>1102.800048828125</ele>
        <time>2025-05-30T09:26:12.000Z</time>
        <extensions>
          <ns3:TrackPointExtension>
            <ns3:atemp>30.0</ns3:atemp>
          </ns3:TrackPointExtension>
        </extensions>
      </trkpt>
      <trkpt lat="45.68477441556751728057861328125" lon="6.5727912448346614837646484375">
        <ele>1104</ele>
        <time>2025-05-30T09:26:16.000Z</time>
        <extensions>
          <ns3:TrackPointExtension>
            <ns3:atemp>30.0</ns3:atemp>
          </ns3:TrackPointExtension>
        </extensions>
      </trkpt>
      <trkpt lat="45.68469126708805561065673828125" lon="6.57288285903632640838623046875">
        <ele>1105</ele>
        <time>2025-05-30T09:26:20.000Z</time>
        <extensions>
          <ns3:TrackPointExtension>
            <ns3:atemp>30.0</ns3:atemp>
          </ns3:TrackPointExtension>
        </extensions>
      </trkpt>
      <trkpt lat="45.6846467591822147369384765625" lon="6.5729330666363239288330078125">
        <ele>1105.5999755859375</ele>
        <time>2025-05-30T09:26:22.000Z</time>
        <extensions>
          <ns3:TrackPointExtension>
            <ns3:atemp>30.0</ns3:atemp>
          </ns3:TrackPointExtension>
        </extensions>
      </trkpt>
      <trkpt lat="45.68458246998488903045654296875" lon="6.5730098448693752288818359375">
        <ele>1106.199951171875</ele>
        <time>2025-05-30T09:26:25.000Z</time>
        <extensions>
          <ns3:TrackPointExtension>
            <ns3:atemp>29.0</ns3:atemp>
          </ns3:TrackPointExtension>
        </extensions>
      </trkpt>
      <trkpt lat="45.68449932150542736053466796875" lon="6.57310699112713336944580078125">
        <ele>1107.199951171875</ele>
        <time>2025-05-30T09:26:29.000Z</time>
        <extensions>
          <ns3:TrackPointExtension>
            <ns3:atemp>29.0</ns3:atemp>
          </ns3:TrackPointExtension>
        </extensions>
      </trkpt>
      <trkpt lat="45.68443746306002140045166015625" lon="6.57317304052412509918212890625">
        <ele>1108</ele>
        <time>2025-05-30T09:26:32.000Z</time>
        <extensions>
          <ns3:TrackPointExtension>
            <ns3:atemp>29.0</ns3:atemp>
          </ns3:TrackPointExtension>
        </extensions>
      </trkpt>
      <trkpt lat="45.6843714974820613861083984375" lon="6.57321427948772907257080078125">
        <ele>1108.4000244140625</ele>
        <time>2025-05-30T09:26:35.000Z</time>
        <extensions>
          <ns3:TrackPointExtension>
            <ns3:atemp>29.0</ns3:atemp>
          </ns3:TrackPointExtension>
        </extensions>
      </trkpt>
      <trkpt lat="45.68430326879024505615234375" lon="6.57325484789907932281494140625">
        <ele>1109.199951171875</ele>
        <time>2025-05-30T09:26:38.000Z</time>
        <extensions>
          <ns3:TrackPointExtension>
            <ns3:atemp>30.0</ns3:atemp>
          </ns3:TrackPointExtension>
        </extensions>
      </trkpt>
      <trkpt lat="45.6842759437859058380126953125" lon="6.5732668340206146240234375">
        <ele>1109.199951171875</ele>
        <time>2025-05-30T09:26:39.000Z</time>
        <extensions>
          <ns3:TrackPointExtension>
            <ns3:atemp>29.0</ns3:atemp>
          </ns3:TrackPointExtension>
        </extensions>
      </trkpt>
      <trkpt lat="45.68415918387472629547119140625" lon="6.57329977490007877349853515625">
        <ele>1110.5999755859375</ele>
        <time>2025-05-30T09:26:44.000Z</time>
        <extensions>
          <ns3:TrackPointExtension>
            <ns3:atemp>30.0</ns3:atemp>
          </ns3:TrackPointExtension>
        </extensions>
      </trkpt>
      <trkpt lat="45.6840647198259830474853515625" lon="6.57332039438188076019287109375">
        <ele>1111.5999755859375</ele>
        <time>2025-05-30T09:26:48.000Z</time>
        <extensions>
          <ns3:TrackPointExtension>
            <ns3:atemp>29.0</ns3:atemp>
          </ns3:TrackPointExtension>
        </extensions>
      </trkpt>
      <trkpt lat="45.68396070040762424468994140625" lon="6.57332290895283222198486328125">
        <ele>1112.800048828125</ele>
        <time>2025-05-30T09:26:52.000Z</time>
        <extensions>
          <ns3:TrackPointExtension>
            <ns3:atemp>29.0</ns3:atemp>
          </ns3:TrackPointExtension>
        </extensions>
      </trkpt>
      <trkpt lat="45.68388995714485645294189453125" lon="6.57332793809473514556884765625">
        <ele>1114</ele>
        <time>2025-05-30T09:26:55.000Z</time>
        <extensions>
          <ns3:TrackPointExtension>
            <ns3:atemp>29.0</ns3:atemp>
          </ns3:TrackPointExtension>
        </extensions>
      </trkpt>
      <trkpt lat="45.6838504783809185028076171875" lon="6.57334889285266399383544921875">
        <ele>1114.4000244140625</ele>
        <time>2025-05-30T09:26:57.000Z</time>
        <extensions>
          <ns3:TrackPointExtension>
            <ns3:atemp>29.0</ns3:atemp>
          </ns3:TrackPointExtension>
        </extensions>
      </trkpt>
      <trkpt lat="45.68379339762032032012939453125" lon="6.5733783133327960968017578125">
        <ele>1115.4000244140625</ele>
        <time>2025-05-30T09:27:00.000Z</time>
        <extensions>
          <ns3:TrackPointExtension>
            <ns3:atemp>29.0</ns3:atemp>
          </ns3:TrackPointExtension>
        </extensions>
      </trkpt>
      <trkpt lat="45.68375132046639919281005859375" lon="6.57340019010007381439208984375">
        <ele>1115.5999755859375</ele>
        <time>2025-05-30T09:27:02.000Z</time>
        <extensions>
          <ns3:TrackPointExtension>
            <ns3:atemp>29.0</ns3:atemp>
          </ns3:TrackPointExtension>
        </extensions>
      </trkpt>
      <trkpt lat="45.6836654059588909149169921875" lon="6.57344377599656581878662109375">
        <ele>1116.800048828125</ele>
        <time>2025-05-30T09:27:06.000Z</time>
        <extensions>
          <ns3:TrackPointExtension>
            <ns3:atemp>29.0</ns3:atemp>
          </ns3:TrackPointExtension>
        </extensions>
      </trkpt>
      <trkpt lat="45.68363766185939311981201171875" lon="6.5734519064426422119140625">
        <ele>1116.5999755859375</ele>
        <time>2025-05-30T09:27:07.000Z</time>
        <extensions>
          <ns3:TrackPointExtension>
            <ns3:atemp>29.0</ns3:atemp>
          </ns3:TrackPointExtension>
        </extensions>
      </trkpt>
      <trkpt lat="45.68352232687175273895263671875" lon="6.57348199747502803802490234375">
        <ele>1117.800048828125</ele>
        <time>2025-05-30T09:27:11.000Z</time>
        <extensions>
          <ns3:TrackPointExtension>
            <ns3:atemp>29.0</ns3:atemp>
          </ns3:TrackPointExtension>
        </extensions>
      </trkpt>
      <trkpt lat="45.683434568345546722412109375" lon="6.5735030360519886016845703125">
        <ele>1118.199951171875</ele>
        <time>2025-05-30T09:27:14.000Z</time>
        <extensions>
          <ns3:TrackPointExtension>
            <ns3:atemp>29.0</ns3:atemp>
          </ns3:TrackPointExtension>
        </extensions>
      </trkpt>
      <trkpt lat="45.683354437351226806640625" lon="6.5735345520079135894775390625">
        <ele>1119</ele>
        <time>2025-05-30T09:27:17.000Z</time>
        <extensions>
          <ns3:TrackPointExtension>
            <ns3:atemp>29.0</ns3:atemp>
          </ns3:TrackPointExtension>
        </extensions>
      </trkpt>
      <trkpt lat="45.68327724002301692962646484375" lon="6.57362197525799274444580078125">
        <ele>1120</ele>
        <time>2025-05-30T09:27:21.000Z</time>
        <extensions>
          <ns3:TrackPointExtension>
            <ns3:atemp>29.0</ns3:atemp>
          </ns3:TrackPointExtension>
        </extensions>
      </trkpt>
      <trkpt lat="45.6832587160170078277587890625" lon="6.5736508928239345550537109375">
        <ele>1120.199951171875</ele>
        <time>2025-05-30T09:27:22.000Z</time>
        <extensions>
          <ns3:TrackPointExtension>
            <ns3:atemp>29.0</ns3:atemp>
          </ns3:TrackPointExtension>
        </extensions>
      </trkpt>
      <trkpt lat="45.683198533952236175537109375" lon="6.5738255716860294342041015625">
        <ele>1121.4000244140625</ele>
        <time>2025-05-30T09:27:27.000Z</time>
        <extensions>
          <ns3:TrackPointExtension>
            <ns3:atemp>29.0</ns3:atemp>
          </ns3:TrackPointExtension>
        </extensions>
      </trkpt>
      <trkpt lat="45.68318990059196949005126953125" lon="6.57386203296482563018798828125">
        <ele>1121.800048828125</ele>
        <time>2025-05-30T09:27:28.000Z</time>
        <extensions>
          <ns3:TrackPointExtension>
            <ns3:atemp>29.0</ns3:atemp>
          </ns3:TrackPointExtension>
        </extensions>
      </trkpt>
      <trkpt lat="45.68316391669213771820068359375" lon="6.57402246259152889251708984375">
        <ele>1122.5999755859375</ele>
        <time>2025-05-30T09:27:32.000Z</time>
        <extensions>
          <ns3:TrackPointExtension>
            <ns3:atemp>29.0</ns3:atemp>
          </ns3:TrackPointExtension>
        </extensions>
      </trkpt>
      <trkpt lat="45.68312988616526126861572265625" lon="6.574173755943775177001953125">
        <ele>1123.5999755859375</ele>
        <time>2025-05-30T09:27:36.000Z</time>
        <extensions>
          <ns3:TrackPointExtension>
            <ns3:atemp>29.0</ns3:atemp>
          </ns3:TrackPointExtension>
        </extensions>
      </trkpt>
      <trkpt lat="45.6831222586333751678466796875" lon="6.574210636317729949951171875">
        <ele>1123.800048828125</ele>
        <time>2025-05-30T09:27:37.000Z</time>
        <extensions>
          <ns3:TrackPointExtension>
            <ns3:atemp>29.0</ns3:atemp>
          </ns3:TrackPointExtension>
        </extensions>
      </trkpt>
      <trkpt lat="45.6830981187522411346435546875" lon="6.57431851141154766082763671875">
        <ele>1124.5999755859375</ele>
        <time>2025-05-30T09:27:40.000Z</time>
        <extensions>
          <ns3:TrackPointExtension>
            <ns3:atemp>29.0</ns3:atemp>
          </ns3:TrackPointExtension>
        </extensions>
      </trkpt>
      <trkpt lat="45.68304422311484813690185546875" lon="6.57452688552439212799072265625">
        <ele>1126</ele>
        <time>2025-05-30T09:27:46.000Z</time>
        <extensions>
          <ns3:TrackPointExtension>
            <ns3:atemp>29.0</ns3:atemp>
          </ns3:TrackPointExtension>
        </extensions>
      </trkpt>
      <trkpt lat="45.68302360363304615020751953125" lon="6.5747110359370708465576171875">
        <ele>1127.4000244140625</ele>
        <time>2025-05-30T09:27:51.000Z</time>
        <extensions>
          <ns3:TrackPointExtension>
            <ns3:atemp>29.0</ns3:atemp>
          </ns3:TrackPointExtension>
        </extensions>
      </trkpt>
      <trkpt lat="45.68303332664072513580322265625" lon="6.57478789798915386199951171875">
        <ele>1128</ele>
        <time>2025-05-30T09:27:53.000Z</time>
        <extensions>
          <ns3:TrackPointExtension>
            <ns3:atemp>29.0</ns3:atemp>
          </ns3:TrackPointExtension>
        </extensions>
      </trkpt>
      <trkpt lat="45.68304958753287792205810546875" lon="6.5748572163283824920654296875">
        <ele>1128.5999755859375</ele>
        <time>2025-05-30T09:27:55.000Z</time>
        <extensions>
          <ns3:TrackPointExtension>
            <ns3:atemp>29.0</ns3:atemp>
          </ns3:TrackPointExtension>
        </extensions>
      </trkpt>
      <trkpt lat="45.68310029804706573486328125" lon="6.57498755492269992828369140625">
        <ele>1129.5999755859375</ele>
        <time>2025-05-30T09:27:59.000Z</time>
        <extensions>
          <ns3:TrackPointExtension>
            <ns3:atemp>29.0</ns3:atemp>
          </ns3:TrackPointExtension>
        </extensions>
      </trkpt>
      <trkpt lat="45.68311370909214019775390625" lon="6.5750211663544178009033203125">
        <ele>1130</ele>
        <time>2025-05-30T09:28:00.000Z</time>
        <extensions>
          <ns3:TrackPointExtension>
            <ns3:atemp>29.0</ns3:atemp>
          </ns3:TrackPointExtension>
        </extensions>
      </trkpt>
      <trkpt lat="45.68313977681100368499755859375" lon="6.57516022212803363800048828125">
        <ele>1130.800048828125</ele>
        <time>2025-05-30T09:28:04.000Z</time>
        <extensions>
          <ns3:TrackPointExtension>
            <ns3:atemp>29.0</ns3:atemp>
          </ns3:TrackPointExtension>
        </extensions>
      </trkpt>
      <trkpt lat="45.68313810043036937713623046875" lon="6.57523515634238719940185546875">
        <ele>1131.199951171875</ele>
        <time>2025-05-30T09:28:06.000Z</time>
        <extensions>
          <ns3:TrackPointExtension>
            <ns3:atemp>29.0</ns3:atemp>
          </ns3:TrackPointExtension>
        </extensions>
      </trkpt>
      <trkpt lat="45.68313223309814929962158203125" lon="6.57538586296141147613525390625">
        <ele>1132.199951171875</ele>
        <time>2025-05-30T09:28:10.000Z</time>
        <extensions>
          <ns3:TrackPointExtension>
            <ns3:atemp>29.0</ns3:atemp>
          </ns3:TrackPointExtension>
        </extensions>
      </trkpt>
      <trkpt lat="45.6831333227455615997314453125" lon="6.575500778853893280029296875">
        <ele>1133</ele>
        <time>2025-05-30T09:28:13.000Z</time>
        <extensions>
          <ns3:TrackPointExtension>
            <ns3:atemp>29.0</ns3:atemp>
          </ns3:TrackPointExtension>
        </extensions>
      </trkpt>
      <trkpt lat="45.683133490383625030517578125" lon="6.5755358152091503143310546875">
        <ele>1133.199951171875</ele>
        <time>2025-05-30T09:28:14.000Z</time>
        <extensions>
          <ns3:TrackPointExtension>
            <ns3:atemp>29.0</ns3:atemp>
          </ns3:TrackPointExtension>
        </extensions>
      </trkpt>
      <trkpt lat="45.68313558585941791534423828125" lon="6.57567285932600498199462890625">
        <ele>1134.199951171875</ele>
        <time>2025-05-30T09:28:18.000Z</time>
        <extensions>
          <ns3:TrackPointExtension>
            <ns3:atemp>29.0</ns3:atemp>
          </ns3:TrackPointExtension>
        </extensions>
      </trkpt>
      <trkpt lat="45.683129131793975830078125" lon="6.57572801224887371063232421875">
        <ele>1134.800048828125</ele>
        <time>2025-05-30T09:28:20.000Z</time>
        <extensions>
          <ns3:TrackPointExtension>
            <ns3:atemp>29.0</ns3:atemp>
          </ns3:TrackPointExtension>
        </extensions>
      </trkpt>
      <trkpt lat="45.68310926668345928192138671875" lon="6.57576656900346279144287109375">
        <ele>1135.199951171875</ele>
        <time>2025-05-30T09:28:22.000Z</time>
        <extensions>
          <ns3:TrackPointExtension>
            <ns3:atemp>29.0</ns3:atemp>
          </ns3:TrackPointExtension>
        </extensions>
      </trkpt>
      <trkpt lat="45.68307389505207538604736328125" lon="6.5758513100445270538330078125">
        <ele>1135.800048828125</ele>
        <time>2025-05-30T09:28:25.000Z</time>
        <extensions>
          <ns3:TrackPointExtension>
            <ns3:atemp>29.0</ns3:atemp>
          </ns3:TrackPointExtension>
        </extensions>
      </trkpt>
      <trkpt lat="45.68303030915558338165283203125" lon="6.57594057731330394744873046875">
        <ele>1136.4000244140625</ele>
        <time>2025-05-30T09:28:28.000Z</time>
        <extensions>
          <ns3:TrackPointExtension>
            <ns3:atemp>29.0</ns3:atemp>
          </ns3:TrackPointExtension>
        </extensions>
      </trkpt>
      <trkpt lat="45.682977251708507537841796875" lon="6.5760621987283229827880859375">
        <ele>1137.199951171875</ele>
        <time>2025-05-30T09:28:31.000Z</time>
        <extensions>
          <ns3:TrackPointExtension>
            <ns3:atemp>29.0</ns3:atemp>
          </ns3:TrackPointExtension>
        </extensions>
      </trkpt>
      <trkpt lat="45.682938359677791595458984375" lon="6.57616001553833484649658203125">
        <ele>1137.5999755859375</ele>
        <time>2025-05-30T09:28:33.000Z</time>
        <extensions>
          <ns3:TrackPointExtension>
            <ns3:atemp>29.0</ns3:atemp>
          </ns3:TrackPointExtension>
        </extensions>
      </trkpt>
      <trkpt lat="45.68284708075225353240966796875" lon="6.57626780681312084197998046875">
        <ele>1138</ele>
        <time>2025-05-30T09:28:36.000Z</time>
        <extensions>
          <ns3:TrackPointExtension>
            <ns3:atemp>29.0</ns3:atemp>
          </ns3:TrackPointExtension>
        </extensions>
      </trkpt>
      <trkpt lat="45.68274264223873615264892578125" lon="6.5763230435550212860107421875">
        <ele>1138.800048828125</ele>
        <time>2025-05-30T09:28:39.000Z</time>
        <extensions>
          <ns3:TrackPointExtension>
            <ns3:atemp>29.0</ns3:atemp>
          </ns3:TrackPointExtension>
        </extensions>
      </trkpt>
      <trkpt lat="45.6827105395495891571044921875" lon="6.57630938105285167694091796875">
        <ele>1138.5999755859375</ele>
        <time>2025-05-30T09:28:40.000Z</time>
        <extensions>
          <ns3:TrackPointExtension>
            <ns3:atemp>29.0</ns3:atemp>
          </ns3:TrackPointExtension>
        </extensions>
      </trkpt>
      <trkpt lat="45.682654045522212982177734375" lon="6.57626562751829624176025390625">
        <ele>1138.800048828125</ele>
        <time>2025-05-30T09:28:42.000Z</time>
        <extensions>
          <ns3:TrackPointExtension>
            <ns3:atemp>29.0</ns3:atemp>
          </ns3:TrackPointExtension>
        </extensions>
      </trkpt>
      <trkpt lat="45.68255404941737651824951171875" lon="6.57619723118841648101806640625">
        <ele>1139.199951171875</ele>
        <time>2025-05-30T09:28:46.000Z</time>
        <extensions>
          <ns3:TrackPointExtension>
            <ns3:atemp>29.0</ns3:atemp>
          </ns3:TrackPointExtension>
        </extensions>
      </trkpt>
      <trkpt lat="45.682449527084827423095703125" lon="6.576103605329990386962890625">
        <ele>1139.5999755859375</ele>
        <time>2025-05-30T09:28:50.000Z</time>
        <extensions>
          <ns3:TrackPointExtension>
            <ns3:atemp>29.0</ns3:atemp>
          </ns3:TrackPointExtension>
        </extensions>
      </trkpt>
      <trkpt lat="45.6823722459375858306884765625" lon="6.57602171413600444793701171875">
        <ele>1139.5999755859375</ele>
        <time>2025-05-30T09:28:53.000Z</time>
        <extensions>
          <ns3:TrackPointExtension>
            <ns3:atemp>29.0</ns3:atemp>
          </ns3:TrackPointExtension>
        </extensions>
      </trkpt>
      <trkpt lat="45.68225012160837650299072265625" lon="6.575823314487934112548828125">
        <ele>1140.4000244140625</ele>
        <time>2025-05-30T09:28:59.000Z</time>
        <extensions>
          <ns3:TrackPointExtension>
            <ns3:atemp>29.0</ns3:atemp>
          </ns3:TrackPointExtension>
        </extensions>
      </trkpt>
      <trkpt lat="45.6822341121733188629150390625" lon="6.57575399614870548248291015625">
        <ele>1140.5999755859375</ele>
        <time>2025-05-30T09:29:01.000Z</time>
        <extensions>
          <ns3:TrackPointExtension>
            <ns3:atemp>29.0</ns3:atemp>
          </ns3:TrackPointExtension>
        </extensions>
      </trkpt>
      <trkpt lat="45.68218231201171875" lon="6.57565659843385219573974609375">
        <ele>1141.4000244140625</ele>
        <time>2025-05-30T09:29:04.000Z</time>
        <extensions>
          <ns3:TrackPointExtension>
            <ns3:atemp>29.0</ns3:atemp>
          </ns3:TrackPointExtension>
        </extensions>
      </trkpt>
      <trkpt lat="45.6821429170668125152587890625" lon="6.57561334781348705291748046875">
        <ele>1142</ele>
        <time>2025-05-30T09:29:06.000Z</time>
        <extensions>
          <ns3:TrackPointExtension>
            <ns3:atemp>29.0</ns3:atemp>
          </ns3:TrackPointExtension>
        </extensions>
      </trkpt>
      <trkpt lat="45.6821194477379322052001953125" lon="6.5755978412926197052001953125">
        <ele>1142</ele>
        <time>2025-05-30T09:29:07.000Z</time>
        <extensions>
          <ns3:TrackPointExtension>
            <ns3:atemp>29.0</ns3:atemp>
          </ns3:TrackPointExtension>
        </extensions>
      </trkpt>
      <trkpt lat="45.6818726845085620880126953125" lon="6.57556858845055103302001953125">
        <ele>1143.199951171875</ele>
        <time>2025-05-30T09:31:30.000Z</time>
        <extensions>
          <ns3:TrackPointExtension>
            <ns3:atemp>30.0</ns3:atemp>
          </ns3:TrackPointExtension>
        </extensions>
      </trkpt>
      <trkpt lat="45.68184728734195232391357421875" lon="6.57556523568928241729736328125">
        <ele>1143.199951171875</ele>
        <time>2025-05-30T09:31:31.000Z</time>
        <extensions>
          <ns3:TrackPointExtension>
            <ns3:atemp>30.0</ns3:atemp>
          </ns3:TrackPointExtension>
        </extensions>
      </trkpt>
      <trkpt lat="45.6817137636244297027587890625" lon="6.57554562203586101531982421875">
        <ele>1144.4000244140625</ele>
        <time>2025-05-30T09:31:36.000Z</time>
        <extensions>
          <ns3:TrackPointExtension>
            <ns3:atemp>30.0</ns3:atemp>
          </ns3:TrackPointExtension>
        </extensions>
      </trkpt>
      <trkpt lat="45.68166791461408138275146484375" lon="6.575537659227848052978515625">
        <ele>1145</ele>
        <time>2025-05-30T09:31:38.000Z</time>
        <extensions>
          <ns3:TrackPointExtension>
            <ns3:atemp>30.0</ns3:atemp>
          </ns3:TrackPointExtension>
        </extensions>
      </trkpt>
      <trkpt lat="45.68161644972860813140869140625" lon="6.57552416436374187469482421875">
        <ele>1145.4000244140625</ele>
        <time>2025-05-30T09:31:40.000Z</time>
        <extensions>
          <ns3:TrackPointExtension>
            <ns3:atemp>30.0</ns3:atemp>
          </ns3:TrackPointExtension>
        </extensions>
      </trkpt>
      <trkpt lat="45.681505389511585235595703125" lon="6.57549239695072174072265625">
        <ele>1146.5999755859375</ele>
        <time>2025-05-30T09:31:44.000Z</time>
        <extensions>
          <ns3:TrackPointExtension>
            <ns3:atemp>30.0</ns3:atemp>
          </ns3:TrackPointExtension>
        </extensions>
      </trkpt>
      <trkpt lat="45.68148267455399036407470703125" lon="6.5754781477153301239013671875">
        <ele>1146.5999755859375</ele>
        <time>2025-05-30T09:31:45.000Z</time>
        <extensions>
          <ns3:TrackPointExtension>
            <ns3:atemp>30.0</ns3:atemp>
          </ns3:TrackPointExtension>
        </extensions>
      </trkpt>
      <trkpt lat="45.68138678558170795440673828125" lon="6.57540656626224517822265625">
        <ele>1147.5999755859375</ele>
        <time>2025-05-30T09:31:49.000Z</time>
        <extensions>
          <ns3:TrackPointExtension>
            <ns3:atemp>30.0</ns3:atemp>
          </ns3:TrackPointExtension>
        </extensions>
      </trkpt>
      <trkpt lat="45.6813305430114269256591796875" lon="6.57533791847527027130126953125">
        <ele>1148.800048828125</ele>
        <time>2025-05-30T09:31:52.000Z</time>
        <extensions>
          <ns3:TrackPointExtension>
            <ns3:atemp>30.0</ns3:atemp>
          </ns3:TrackPointExtension>
        </extensions>
      </trkpt>
      <trkpt lat="45.6812101788818836212158203125" lon="6.57525761984288692474365234375">
        <ele>1149.800048828125</ele>
        <time>2025-05-30T09:31:57.000Z</time>
        <extensions>
          <ns3:TrackPointExtension>
            <ns3:atemp>30.0</ns3:atemp>
          </ns3:TrackPointExtension>
        </extensions>
      </trkpt>
      <trkpt lat="45.6811840273439884185791015625" lon="6.57524974085390567779541015625">
        <ele>1150</ele>
        <time>2025-05-30T09:31:58.000Z</time>
        <extensions>
          <ns3:TrackPointExtension>
            <ns3:atemp>30.0</ns3:atemp>
          </ns3:TrackPointExtension>
        </extensions>
      </trkpt>
      <trkpt lat="45.68107615225017070770263671875" lon="6.57526147551834583282470703125">
        <ele>1150.800048828125</ele>
        <time>2025-05-30T09:32:02.000Z</time>
        <extensions>
          <ns3:TrackPointExtension>
            <ns3:atemp>30.0</ns3:atemp>
          </ns3:TrackPointExtension>
        </extensions>
      </trkpt>
      <trkpt lat="45.68102552555501461029052734375" lon="6.57528326846659183502197265625">
        <ele>1151.4000244140625</ele>
        <time>2025-05-30T09:32:04.000Z</time>
        <extensions>
          <ns3:TrackPointExtension>
            <ns3:atemp>30.0</ns3:atemp>
          </ns3:TrackPointExtension>
        </extensions>
      </trkpt>
      <trkpt lat="45.68097288720309734344482421875" lon="6.57530640251934528350830078125">
        <ele>1152.199951171875</ele>
        <time>2025-05-30T09:32:06.000Z</time>
        <extensions>
          <ns3:TrackPointExtension>
            <ns3:atemp>30.0</ns3:atemp>
          </ns3:TrackPointExtension>
        </extensions>
      </trkpt>
      <trkpt lat="45.68082620389759540557861328125" lon="6.57540732063353061676025390625">
        <ele>1153.4000244140625</ele>
        <time>2025-05-30T09:32:12.000Z</time>
        <extensions>
          <ns3:TrackPointExtension>
            <ns3:atemp>30.0</ns3:atemp>
          </ns3:TrackPointExtension>
        </extensions>
      </trkpt>
      <trkpt lat="45.68073014728724956512451171875" lon="6.575489379465579986572265625">
        <ele>1154.4000244140625</ele>
        <time>2025-05-30T09:32:16.000Z</time>
        <extensions>
          <ns3:TrackPointExtension>
            <ns3:atemp>30.0</ns3:atemp>
          </ns3:TrackPointExtension>
        </extensions>
      </trkpt>
      <trkpt lat="45.680633671581745147705078125" lon="6.57556347548961639404296875">
        <ele>1155.5999755859375</ele>
        <time>2025-05-30T09:32:20.000Z</time>
        <extensions>
          <ns3:TrackPointExtension>
            <ns3:atemp>30.0</ns3:atemp>
          </ns3:TrackPointExtension>
        </extensions>
      </trkpt>
      <trkpt lat="45.68060643039643764495849609375" lon="6.57557554543018341064453125">
        <ele>1156</ele>
        <time>2025-05-30T09:32:21.000Z</time>
        <extensions>
          <ns3:TrackPointExtension>
            <ns3:atemp>30.0</ns3:atemp>
          </ns3:TrackPointExtension>
        </extensions>
      </trkpt>
      <trkpt lat="45.68055194802582263946533203125" lon="6.5755911357700824737548828125">
        <ele>1156.800048828125</ele>
        <time>2025-05-30T09:32:23.000Z</time>
        <extensions>
          <ns3:TrackPointExtension>
            <ns3:atemp>30.0</ns3:atemp>
          </ns3:TrackPointExtension>
        </extensions>
      </trkpt>
      <trkpt lat="45.6804457493126392364501953125" lon="6.5755830891430377960205078125">
        <ele>1157.5999755859375</ele>
        <time>2025-05-30T09:32:27.000Z</time>
        <extensions>
          <ns3:TrackPointExtension>
            <ns3:atemp>30.0</ns3:atemp>
          </ns3:TrackPointExtension>
        </extensions>
      </trkpt>
      <trkpt lat="45.68041917867958545684814453125" lon="6.57557998783886432647705078125">
        <ele>1158</ele>
        <time>2025-05-30T09:32:28.000Z</time>
        <extensions>
          <ns3:TrackPointExtension>
            <ns3:atemp>30.0</ns3:atemp>
          </ns3:TrackPointExtension>
        </extensions>
      </trkpt>
      <trkpt lat="45.68026646040380001068115234375" lon="6.5755468793213367462158203125">
        <ele>1159.199951171875</ele>
        <time>2025-05-30T09:32:34.000Z</time>
        <extensions>
          <ns3:TrackPointExtension>
            <ns3:atemp>30.0</ns3:atemp>
          </ns3:TrackPointExtension>
        </extensions>
      </trkpt>
      <trkpt lat="45.680159591138362884521484375" lon="6.5755247510969638824462890625">
        <ele>1160.199951171875</ele>
        <time>2025-05-30T09:32:38.000Z</time>
        <extensions>
          <ns3:TrackPointExtension>
            <ns3:atemp>30.0</ns3:atemp>
          </ns3:TrackPointExtension>
        </extensions>
      </trkpt>
      <trkpt lat="45.6801329366862773895263671875" lon="6.575522907078266143798828125">
        <ele>1160.5999755859375</ele>
        <time>2025-05-30T09:32:39.000Z</time>
        <extensions>
          <ns3:TrackPointExtension>
            <ns3:atemp>30.0</ns3:atemp>
          </ns3:TrackPointExtension>
        </extensions>
      </trkpt>
      <trkpt lat="45.6799720041453838348388671875" lon="6.575535647571086883544921875">
        <ele>1161.800048828125</ele>
        <time>2025-05-30T09:32:45.000Z</time>
        <extensions>
          <ns3:TrackPointExtension>
            <ns3:atemp>30.0</ns3:atemp>
          </ns3:TrackPointExtension>
        </extensions>
      </trkpt>
      <trkpt lat="45.6799492053687572479248046875" lon="6.5755539201200008392333984375">
        <ele>1162.199951171875</ele>
        <time>2025-05-30T09:32:46.000Z</time>
        <extensions>
          <ns3:TrackPointExtension>
            <ns3:atemp>30.0</ns3:atemp>
          </ns3:TrackPointExtension>
        </extensions>
      </trkpt>
      <trkpt lat="45.67993017844855785369873046875" lon="6.5755814127624034881591796875">
        <ele>1162.4000244140625</ele>
        <time>2025-05-30T09:32:47.000Z</time>
        <extensions>
          <ns3:TrackPointExtension>
            <ns3:atemp>30.0</ns3:atemp>
          </ns3:TrackPointExtension>
        </extensions>
      </trkpt>
      <trkpt lat="45.679917521774768829345703125" lon="6.575649641454219818115234375">
        <ele>1162.800048828125</ele>
        <time>2025-05-30T09:32:49.000Z</time>
        <extensions>
          <ns3:TrackPointExtension>
            <ns3:atemp>30.0</ns3:atemp>
          </ns3:TrackPointExtension>
        </extensions>
      </trkpt>
      <trkpt lat="45.6799200363457202911376953125" lon="6.5756913833320140838623046875">
        <ele>1163</ele>
        <time>2025-05-30T09:32:50.000Z</time>
        <extensions>
          <ns3:TrackPointExtension>
            <ns3:atemp>30.0</ns3:atemp>
          </ns3:TrackPointExtension>
        </extensions>
      </trkpt>
      <trkpt lat="45.6799706630408763885498046875" lon="6.5757879428565502166748046875">
        <ele>1163.4000244140625</ele>
        <time>2025-05-30T09:32:53.000Z</time>
        <extensions>
          <ns3:TrackPointExtension>
            <ns3:atemp>30.0</ns3:atemp>
          </ns3:TrackPointExtension>
        </extensions>
      </trkpt>
      <trkpt lat="45.68002506159245967864990234375" lon="6.5758211351931095123291015625">
        <ele>1163.800048828125</ele>
        <time>2025-05-30T09:32:55.000Z</time>
        <extensions>
          <ns3:TrackPointExtension>
            <ns3:atemp>30.0</ns3:atemp>
          </ns3:TrackPointExtension>
        </extensions>
      </trkpt>
      <trkpt lat="45.68013821728527545928955078125" lon="6.57585642300546169281005859375">
        <ele>1164.800048828125</ele>
        <time>2025-05-30T09:32:59.000Z</time>
        <extensions>
          <ns3:TrackPointExtension>
            <ns3:atemp>30.0</ns3:atemp>
          </ns3:TrackPointExtension>
        </extensions>
      </trkpt>
      <trkpt lat="45.68016730248928070068359375" lon="6.5758640505373477935791015625">
        <ele>1165</ele>
        <time>2025-05-30T09:33:00.000Z</time>
        <extensions>
          <ns3:TrackPointExtension>
            <ns3:atemp>30.0</ns3:atemp>
          </ns3:TrackPointExtension>
        </extensions>
      </trkpt>
      <trkpt lat="45.68032245151698589324951171875" lon="6.575929261744022369384765625">
        <ele>1166</ele>
        <time>2025-05-30T09:33:06.000Z</time>
        <extensions>
          <ns3:TrackPointExtension>
            <ns3:atemp>30.0</ns3:atemp>
          </ns3:TrackPointExtension>
        </extensions>
      </trkpt>
      <trkpt lat="45.68041113205254077911376953125" lon="6.5759954787790775299072265625">
        <ele>1167.4000244140625</ele>
        <time>2025-05-30T09:33:10.000Z</time>
        <extensions>
          <ns3:TrackPointExtension>
            <ns3:atemp>30.0</ns3:atemp>
          </ns3:TrackPointExtension>
        </extensions>
      </trkpt>
      <trkpt lat="45.680515654385089874267578125" lon="6.57609815709292888641357421875">
        <ele>1168.4000244140625</ele>
        <time>2025-05-30T09:33:15.000Z</time>
        <extensions>
          <ns3:TrackPointExtension>
            <ns3:atemp>30.0</ns3:atemp>
          </ns3:TrackPointExtension>
        </extensions>
      </trkpt>
      <trkpt lat="45.68061380647122859954833984375" lon="6.57621064223349094390869140625">
        <ele>1169.4000244140625</ele>
        <time>2025-05-30T09:33:20.000Z</time>
        <extensions>
          <ns3:TrackPointExtension>
            <ns3:atemp>30.0</ns3:atemp>
          </ns3:TrackPointExtension>
        </extensions>
      </trkpt>
      <trkpt lat="45.68067264743149280548095703125" lon="6.5762831456959247589111328125">
        <ele>1170.199951171875</ele>
        <time>2025-05-30T09:33:23.000Z</time>
        <extensions>
          <ns3:TrackPointExtension>
            <ns3:atemp>30.0</ns3:atemp>
          </ns3:TrackPointExtension>
        </extensions>
      </trkpt>
      <trkpt lat="45.68069209344685077667236328125" lon="6.57631172798573970794677734375">
        <ele>1170.4000244140625</ele>
        <time>2025-05-30T09:33:24.000Z</time>
        <extensions>
          <ns3:TrackPointExtension>
            <ns3:atemp>30.0</ns3:atemp>
          </ns3:TrackPointExtension>
        </extensions>
      </trkpt>
      <trkpt lat="45.680765770375728607177734375" lon="6.57641365192830562591552734375">
        <ele>1171.5999755859375</ele>
        <time>2025-05-30T09:33:28.000Z</time>
        <extensions>
          <ns3:TrackPointExtension>
            <ns3:atemp>30.0</ns3:atemp>
          </ns3:TrackPointExtension>
        </extensions>
      </trkpt>
      <trkpt lat="45.68083592690527439117431640625" lon="6.57647609710693359375">
        <ele>1172.199951171875</ele>
        <time>2025-05-30T09:33:31.000Z</time>
        <extensions>
          <ns3:TrackPointExtension>
            <ns3:atemp>30.0</ns3:atemp>
          </ns3:TrackPointExtension>
        </extensions>
      </trkpt>
      <trkpt lat="45.68087515421211719512939453125" lon="6.57652278430759906768798828125">
        <ele>1172.800048828125</ele>
        <time>2025-05-30T09:33:33.000Z</time>
        <extensions>
          <ns3:TrackPointExtension>
            <ns3:atemp>30.0</ns3:atemp>
          </ns3:TrackPointExtension>
        </extensions>
      </trkpt>
      <trkpt lat="45.68094313144683837890625" lon="6.57665002159774303436279296875">
        <ele>1173.800048828125</ele>
        <time>2025-05-30T09:33:37.000Z</time>
        <extensions>
          <ns3:TrackPointExtension>
            <ns3:atemp>30.0</ns3:atemp>
          </ns3:TrackPointExtension>
        </extensions>
      </trkpt>
      <trkpt lat="45.68095025606453418731689453125" lon="6.57669126056134700775146484375">
        <ele>1174.199951171875</ele>
        <time>2025-05-30T09:33:38.000Z</time>
        <extensions>
          <ns3:TrackPointExtension>
            <ns3:atemp>30.0</ns3:atemp>
          </ns3:TrackPointExtension>
        </extensions>
      </trkpt>
      <trkpt lat="45.6809449754655361175537109375" lon="6.57677239738404750823974609375">
        <ele>1174.5999755859375</ele>
        <time>2025-05-30T09:33:40.000Z</time>
        <extensions>
          <ns3:TrackPointExtension>
            <ns3:atemp>30.0</ns3:atemp>
          </ns3:TrackPointExtension>
        </extensions>
      </trkpt>
      <trkpt lat="45.68090013228356838226318359375" lon="6.57681983895599842071533203125">
        <ele>1174.800048828125</ele>
        <time>2025-05-30T09:33:42.000Z</time>
        <extensions>
          <ns3:TrackPointExtension>
            <ns3:atemp>30.0</ns3:atemp>
          </ns3:TrackPointExtension>
        </extensions>
      </trkpt>
      <trkpt lat="45.68087196908891201019287109375" lon="6.57682478427886962890625">
        <ele>1175</ele>
        <time>2025-05-30T09:33:43.000Z</time>
        <extensions>
          <ns3:TrackPointExtension>
            <ns3:atemp>30.0</ns3:atemp>
          </ns3:TrackPointExtension>
        </extensions>
      </trkpt>
      <trkpt lat="45.68079493939876556396484375" lon="6.57678027637302875518798828125">
        <ele>1175.5999755859375</ele>
        <time>2025-05-30T09:33:46.000Z</time>
        <extensions>
          <ns3:TrackPointExtension>
            <ns3:atemp>30.0</ns3:atemp>
          </ns3:TrackPointExtension>
        </extensions>
      </trkpt>
      <trkpt lat="45.680770464241504669189453125" lon="6.5767617523670196533203125">
        <ele>1176.199951171875</ele>
        <time>2025-05-30T09:33:47.000Z</time>
        <extensions>
          <ns3:TrackPointExtension>
            <ns3:atemp>30.0</ns3:atemp>
          </ns3:TrackPointExtension>
        </extensions>
      </trkpt>
      <trkpt lat="45.68062922917306423187255859375" lon="6.57672143541276454925537109375">
        <ele>1177.199951171875</ele>
        <time>2025-05-30T09:33:52.000Z</time>
        <extensions>
          <ns3:TrackPointExtension>
            <ns3:atemp>30.0</ns3:atemp>
          </ns3:TrackPointExtension>
        </extensions>
      </trkpt>
      <trkpt lat="45.68059419281780719757080078125" lon="6.57671942375600337982177734375">
        <ele>1177.4000244140625</ele>
        <time>2025-05-30T09:33:53.000Z</time>
        <extensions>
          <ns3:TrackPointExtension>
            <ns3:atemp>30.0</ns3:atemp>
          </ns3:TrackPointExtension>
        </extensions>
      </trkpt>
      <trkpt lat="45.680484808981418609619140625" lon="6.5767233632504940032958984375">
        <ele>1178.199951171875</ele>
        <time>2025-05-30T09:33:57.000Z</time>
        <extensions>
          <ns3:TrackPointExtension>
            <ns3:atemp>30.0</ns3:atemp>
          </ns3:TrackPointExtension>
        </extensions>
      </trkpt>
      <trkpt lat="45.6803723238408565521240234375" lon="6.5767357684671878814697265625">
        <ele>1179.4000244140625</ele>
        <time>2025-05-30T09:34:01.000Z</time>
        <extensions>
          <ns3:TrackPointExtension>
            <ns3:atemp>30.0</ns3:atemp>
          </ns3:TrackPointExtension>
        </extensions>
      </trkpt>
      <trkpt lat="45.680281631648540496826171875" lon="6.57676368020474910736083984375">
        <ele>1180.4000244140625</ele>
        <time>2025-05-30T09:34:04.000Z</time>
        <extensions>
          <ns3:TrackPointExtension>
            <ns3:atemp>30.0</ns3:atemp>
          </ns3:TrackPointExtension>
        </extensions>
      </trkpt>
      <trkpt lat="45.68014048039913177490234375" lon="6.57677222974598407745361328125">
        <ele>1181.4000244140625</ele>
        <time>2025-05-30T09:34:09.000Z</time>
        <extensions>
          <ns3:TrackPointExtension>
            <ns3:atemp>30.0</ns3:atemp>
          </ns3:TrackPointExtension>
        </extensions>
      </trkpt>
      <trkpt lat="45.68006328307092189788818359375" lon="6.5767468325793743133544921875">
        <ele>1182.4000244140625</ele>
        <time>2025-05-30T09:34:12.000Z</time>
        <extensions>
          <ns3:TrackPointExtension>
            <ns3:atemp>30.0</ns3:atemp>
          </ns3:TrackPointExtension>
        </extensions>
      </trkpt>
      <trkpt lat="45.68003746680915355682373046875" lon="6.57673283480107784271240234375">
        <ele>1182.4000244140625</ele>
        <time>2025-05-30T09:34:13.000Z</time>
        <extensions>
          <ns3:TrackPointExtension>
            <ns3:atemp>30.0</ns3:atemp>
          </ns3:TrackPointExtension>
        </extensions>
      </trkpt>
      <trkpt lat="45.67993889562785625457763671875" lon="6.5766717307269573211669921875">
        <ele>1183.5999755859375</ele>
        <time>2025-05-30T09:34:17.000Z</time>
        <extensions>
          <ns3:TrackPointExtension>
            <ns3:atemp>30.0</ns3:atemp>
          </ns3:TrackPointExtension>
        </extensions>
      </trkpt>
      <trkpt lat="45.679841749370098114013671875" lon="6.57663770020008087158203125">
        <ele>1184.5999755859375</ele>
        <time>2025-05-30T09:34:21.000Z</time>
        <extensions>
          <ns3:TrackPointExtension>
            <ns3:atemp>30.0</ns3:atemp>
          </ns3:TrackPointExtension>
        </extensions>
      </trkpt>
      <trkpt lat="45.67981668747961521148681640625" lon="6.57664130441844463348388671875">
        <ele>1185</ele>
        <time>2025-05-30T09:34:22.000Z</time>
        <extensions>
          <ns3:TrackPointExtension>
            <ns3:atemp>30.0</ns3:atemp>
          </ns3:TrackPointExtension>
        </extensions>
      </trkpt>
      <trkpt lat="45.679772682487964630126953125" lon="6.5766737423837184906005859375">
        <ele>1185.5999755859375</ele>
        <time>2025-05-30T09:34:24.000Z</time>
        <extensions>
          <ns3:TrackPointExtension>
            <ns3:atemp>30.0</ns3:atemp>
          </ns3:TrackPointExtension>
        </extensions>
      </trkpt>
      <trkpt lat="45.67975449375808238983154296875" lon="6.57670333050191402435302734375">
        <ele>1186</ele>
        <time>2025-05-30T09:34:25.000Z</time>
        <extensions>
          <ns3:TrackPointExtension>
            <ns3:atemp>30.0</ns3:atemp>
          </ns3:TrackPointExtension>
        </extensions>
      </trkpt>
      <trkpt lat="45.6797399930655956268310546875" lon="6.5767376124858856201171875">
        <ele>1186</ele>
        <time>2025-05-30T09:34:26.000Z</time>
        <extensions>
          <ns3:TrackPointExtension>
            <ns3:atemp>30.0</ns3:atemp>
          </ns3:TrackPointExtension>
        </extensions>
      </trkpt>
      <trkpt lat="45.679751224815845489501953125" lon="6.57683886587619781494140625">
        <ele>1187</ele>
        <time>2025-05-30T09:34:29.000Z</time>
        <extensions>
          <ns3:TrackPointExtension>
            <ns3:atemp>30.0</ns3:atemp>
          </ns3:TrackPointExtension>
        </extensions>
      </trkpt>
      <trkpt lat="45.679765976965427398681640625" lon="6.57687163911759853363037109375">
        <ele>1187.199951171875</ele>
        <time>2025-05-30T09:34:30.000Z</time>
        <extensions>
          <ns3:TrackPointExtension>
            <ns3:atemp>30.0</ns3:atemp>
          </ns3:TrackPointExtension>
        </extensions>
      </trkpt>
      <trkpt lat="45.67983831278979778289794921875" lon="6.57695461995899677276611328125">
        <ele>1188</ele>
        <time>2025-05-30T09:34:33.000Z</time>
        <extensions>
          <ns3:TrackPointExtension>
            <ns3:atemp>30.0</ns3:atemp>
          </ns3:TrackPointExtension>
        </extensions>
      </trkpt>
      <trkpt lat="45.6799116544425487518310546875" lon="6.5770341642200946807861328125">
        <ele>1189</ele>
        <time>2025-05-30T09:34:36.000Z</time>
        <extensions>
          <ns3:TrackPointExtension>
            <ns3:atemp>30.0</ns3:atemp>
          </ns3:TrackPointExtension>
        </extensions>
      </trkpt>
      <trkpt lat="45.68007384426891803741455078125" lon="6.577203981578350067138671875">
        <ele>1190</ele>
        <time>2025-05-30T09:34:43.000Z</time>
        <extensions>
          <ns3:TrackPointExtension>
            <ns3:atemp>30.0</ns3:atemp>
          </ns3:TrackPointExtension>
        </extensions>
      </trkpt>
      <trkpt lat="45.68009630776941776275634765625" lon="6.5772296302020549774169921875">
        <ele>1190.199951171875</ele>
        <time>2025-05-30T09:34:44.000Z</time>
        <extensions>
          <ns3:TrackPointExtension>
            <ns3:atemp>30.0</ns3:atemp>
          </ns3:TrackPointExtension>
        </extensions>
      </trkpt>
      <trkpt lat="45.6801631115376949310302734375" lon="6.5773169696331024169921875">
        <ele>1191</ele>
        <time>2025-05-30T09:34:47.000Z</time>
        <extensions>
          <ns3:TrackPointExtension>
            <ns3:atemp>30.0</ns3:atemp>
          </ns3:TrackPointExtension>
        </extensions>
      </trkpt>
      <trkpt lat="45.68025606684386730194091796875" lon="6.57744579948484897613525390625">
        <ele>1192.199951171875</ele>
        <time>2025-05-30T09:34:52.000Z</time>
        <extensions>
          <ns3:TrackPointExtension>
            <ns3:atemp>30.0</ns3:atemp>
          </ns3:TrackPointExtension>
        </extensions>
      </trkpt>
      <trkpt lat="45.68029378540813922882080078125" lon="6.5775032155215740203857421875">
        <ele>1192.800048828125</ele>
        <time>2025-05-30T09:34:54.000Z</time>
        <extensions>
          <ns3:TrackPointExtension>
            <ns3:atemp>30.0</ns3:atemp>
          </ns3:TrackPointExtension>
        </extensions>
      </trkpt>
      <trkpt lat="45.68035715259611606597900390625" lon="6.57759650610387325286865234375">
        <ele>1193.4000244140625</ele>
        <time>2025-05-30T09:34:57.000Z</time>
        <extensions>
          <ns3:TrackPointExtension>
            <ns3:atemp>30.0</ns3:atemp>
          </ns3:TrackPointExtension>
        </extensions>
      </trkpt>
      <trkpt lat="45.68042420782148838043212890625" lon="6.577712930738925933837890625">
        <ele>1194.4000244140625</ele>
        <time>2025-05-30T09:35:01.000Z</time>
        <extensions>
          <ns3:TrackPointExtension>
            <ns3:atemp>30.0</ns3:atemp>
          </ns3:TrackPointExtension>
        </extensions>
      </trkpt>
      <trkpt lat="45.680538453161716461181640625" lon="6.57788584940135478973388671875">
        <ele>1195.800048828125</ele>
        <time>2025-05-30T09:35:07.000Z</time>
        <extensions>
          <ns3:TrackPointExtension>
            <ns3:atemp>30.0</ns3:atemp>
          </ns3:TrackPointExtension>
        </extensions>
      </trkpt>
      <trkpt lat="45.68060810677707195281982421875" lon="6.57795575447380542755126953125">
        <ele>1196.199951171875</ele>
        <time>2025-05-30T09:35:10.000Z</time>
        <extensions>
          <ns3:TrackPointExtension>
            <ns3:atemp>30.0</ns3:atemp>
          </ns3:TrackPointExtension>
        </extensions>
      </trkpt>
      <trkpt lat="45.68065253086388111114501953125" lon="6.57799766398966312408447265625">
        <ele>1196.800048828125</ele>
        <time>2025-05-30T09:35:12.000Z</time>
        <extensions>
          <ns3:TrackPointExtension>
            <ns3:atemp>30.0</ns3:atemp>
          </ns3:TrackPointExtension>
        </extensions>
      </trkpt>
      <trkpt lat="45.680774487555027008056640625" lon="6.57810327596962451934814453125">
        <ele>1197.800048828125</ele>
        <time>2025-05-30T09:35:17.000Z</time>
        <extensions>
          <ns3:TrackPointExtension>
            <ns3:atemp>30.0</ns3:atemp>
          </ns3:TrackPointExtension>
        </extensions>
      </trkpt>
      <trkpt lat="45.6808249466121196746826171875" lon="6.5781415812671184539794921875">
        <ele>1198.199951171875</ele>
        <time>2025-05-30T09:35:19.000Z</time>
        <extensions>
          <ns3:TrackPointExtension>
            <ns3:atemp>30.0</ns3:atemp>
          </ns3:TrackPointExtension>
        </extensions>
      </trkpt>
      <trkpt lat="45.68087867461144924163818359375" lon="6.5781724266707897186279296875">
        <ele>1198.800048828125</ele>
        <time>2025-05-30T09:35:21.000Z</time>
        <extensions>
          <ns3:TrackPointExtension>
            <ns3:atemp>30.0</ns3:atemp>
          </ns3:TrackPointExtension>
        </extensions>
      </trkpt>
      <trkpt lat="45.6809929199516773223876953125" lon="6.57821827568113803863525390625">
        <ele>1200.199951171875</ele>
        <time>2025-05-30T09:35:25.000Z</time>
        <extensions>
          <ns3:TrackPointExtension>
            <ns3:atemp>30.0</ns3:atemp>
          </ns3:TrackPointExtension>
        </extensions>
      </trkpt>
      <trkpt lat="45.68107523024082183837890625" lon="6.57825079746544361114501953125">
        <ele>1201.4000244140625</ele>
        <time>2025-05-30T09:35:28.000Z</time>
        <extensions>
          <ns3:TrackPointExtension>
            <ns3:atemp>30.0</ns3:atemp>
          </ns3:TrackPointExtension>
        </extensions>
      </trkpt>
      <trkpt lat="45.68115812726318836212158203125" lon="6.57826856710016727447509765625">
        <ele>1202.4000244140625</ele>
        <time>2025-05-30T09:35:31.000Z</time>
        <extensions>
          <ns3:TrackPointExtension>
            <ns3:atemp>30.0</ns3:atemp>
          </ns3:TrackPointExtension>
        </extensions>
      </trkpt>
      <trkpt lat="45.6811890564858913421630859375" lon="6.57826638780534267425537109375">
        <ele>1202.5999755859375</ele>
        <time>2025-05-30T09:35:32.000Z</time>
        <extensions>
          <ns3:TrackPointExtension>
            <ns3:atemp>30.0</ns3:atemp>
          </ns3:TrackPointExtension>
        </extensions>
      </trkpt>
      <trkpt lat="45.68127513863146305084228515625" lon="6.5782522223889827728271484375">
        <ele>1203.199951171875</ele>
        <time>2025-05-30T09:35:35.000Z</time>
        <extensions>
          <ns3:TrackPointExtension>
            <ns3:atemp>30.0</ns3:atemp>
          </ns3:TrackPointExtension>
        </extensions>
      </trkpt>
      <trkpt lat="45.68134856410324573516845703125" lon="6.578291617333889007568359375">
        <ele>1203.800048828125</ele>
        <time>2025-05-30T09:35:38.000Z</time>
        <extensions>
          <ns3:TrackPointExtension>
            <ns3:atemp>30.0</ns3:atemp>
          </ns3:TrackPointExtension>
        </extensions>
      </trkpt>
      <trkpt lat="45.68132693879306316375732421875" lon="6.57836906611919403076171875">
        <ele>1204</ele>
        <time>2025-05-30T09:35:41.000Z</time>
        <extensions>
          <ns3:TrackPointExtension>
            <ns3:atemp>30.0</ns3:atemp>
          </ns3:TrackPointExtension>
        </extensions>
      </trkpt>
      <trkpt lat="45.68131017498672008514404296875" lon="6.57838071696460247039794921875">
        <ele>1204.4000244140625</ele>
        <time>2025-05-30T09:35:42.000Z</time>
        <extensions>
          <ns3:TrackPointExtension>
            <ns3:atemp>30.0</ns3:atemp>
          </ns3:TrackPointExtension>
        </extensions>
      </trkpt>
      <trkpt lat="45.68122811615467071533203125" lon="6.578399240970611572265625">
        <ele>1205.199951171875</ele>
        <time>2025-05-30T09:35:45.000Z</time>
        <extensions>
          <ns3:TrackPointExtension>
            <ns3:atemp>30.0</ns3:atemp>
          </ns3:TrackPointExtension>
        </extensions>
      </trkpt>
      <trkpt lat="45.68120623938739299774169921875" lon="6.57839722931385040283203125">
        <ele>1205.4000244140625</ele>
        <time>2025-05-30T09:35:46.000Z</time>
        <extensions>
          <ns3:TrackPointExtension>
            <ns3:atemp>30.0</ns3:atemp>
          </ns3:TrackPointExtension>
        </extensions>
      </trkpt>
      <trkpt lat="45.68112275563180446624755859375" lon="6.5783818066120147705078125">
        <ele>1207</ele>
        <time>2025-05-30T09:35:49.000Z</time>
        <extensions>
          <ns3:TrackPointExtension>
            <ns3:atemp>30.0</ns3:atemp>
          </ns3:TrackPointExtension>
        </extensions>
      </trkpt>
      <trkpt lat="45.68105083890259265899658203125" lon="6.578383482992649078369140625">
        <ele>1207.5999755859375</ele>
        <time>2025-05-30T09:35:52.000Z</time>
        <extensions>
          <ns3:TrackPointExtension>
            <ns3:atemp>30.0</ns3:atemp>
          </ns3:TrackPointExtension>
        </extensions>
      </trkpt>
      <trkpt lat="45.68100021220743656158447265625" lon="6.57838021405041217803955078125">
        <ele>1208.199951171875</ele>
        <time>2025-05-30T09:35:54.000Z</time>
        <extensions>
          <ns3:TrackPointExtension>
            <ns3:atemp>30.0</ns3:atemp>
          </ns3:TrackPointExtension>
        </extensions>
      </trkpt>
      <trkpt lat="45.68088688887655735015869140625" lon="6.5783655457198619842529296875">
        <ele>1209.199951171875</ele>
        <time>2025-05-30T09:35:58.000Z</time>
        <extensions>
          <ns3:TrackPointExtension>
            <ns3:atemp>30.0</ns3:atemp>
          </ns3:TrackPointExtension>
        </extensions>
      </trkpt>
      <trkpt lat="45.68085755221545696258544921875" lon="6.57836638391017913818359375">
        <ele>1209.199951171875</ele>
        <time>2025-05-30T09:35:59.000Z</time>
        <extensions>
          <ns3:TrackPointExtension>
            <ns3:atemp>30.0</ns3:atemp>
          </ns3:TrackPointExtension>
        </extensions>
      </trkpt>
      <trkpt lat="45.68061531521379947662353515625" lon="6.5783105604350566864013671875">
        <ele>1210</ele>
        <time>2025-05-30T09:36:07.000Z</time>
        <extensions>
          <ns3:TrackPointExtension>
            <ns3:atemp>30.0</ns3:atemp>
          </ns3:TrackPointExtension>
        </extensions>
      </trkpt>
      <trkpt lat="45.68058631382882595062255859375" lon="6.57829773612320423126220703125">
        <ele>1210</ele>
        <time>2025-05-30T09:36:08.000Z</time>
        <extensions>
          <ns3:TrackPointExtension>
            <ns3:atemp>30.0</ns3:atemp>
          </ns3:TrackPointExtension>
        </extensions>
      </trkpt>
      <trkpt lat="45.68040878511965274810791015625" lon="6.57823495566844940185546875">
        <ele>1211.199951171875</ele>
        <time>2025-05-30T09:36:14.000Z</time>
        <extensions>
          <ns3:TrackPointExtension>
            <ns3:atemp>29.0</ns3:atemp>
          </ns3:TrackPointExtension>
        </extensions>
      </trkpt>
      <trkpt lat="45.68038162775337696075439453125" lon="6.57822783105075359344482421875">
        <ele>1211.4000244140625</ele>
        <time>2025-05-30T09:36:15.000Z</time>
        <extensions>
          <ns3:TrackPointExtension>
            <ns3:atemp>29.0</ns3:atemp>
          </ns3:TrackPointExtension>
        </extensions>
      </trkpt>
      <trkpt lat="45.680279619991779327392578125" lon="6.5782086364924907684326171875">
        <ele>1212.5999755859375</ele>
        <time>2025-05-30T09:36:19.000Z</time>
        <extensions>
          <ns3:TrackPointExtension>
            <ns3:atemp>29.0</ns3:atemp>
          </ns3:TrackPointExtension>
        </extensions>
      </trkpt>
      <trkpt lat="45.680182389914989471435546875" lon="6.57821374945342540740966796875">
        <ele>1213.800048828125</ele>
        <time>2025-05-30T09:36:23.000Z</time>
        <extensions>
          <ns3:TrackPointExtension>
            <ns3:atemp>29.0</ns3:atemp>
          </ns3:TrackPointExtension>
        </extensions>
      </trkpt>
      <trkpt lat="45.680122710764408111572265625" lon="6.5782140009105205535888671875">
        <ele>1214.5999755859375</ele>
        <time>2025-05-30T09:36:25.000Z</time>
        <extensions>
          <ns3:TrackPointExtension>
            <ns3:atemp>29.0</ns3:atemp>
          </ns3:TrackPointExtension>
        </extensions>
      </trkpt>
      <trkpt lat="45.68009622395038604736328125" lon="6.57821877859532833099365234375">
        <ele>1214.800048828125</ele>
        <time>2025-05-30T09:36:26.000Z</time>
        <extensions>
          <ns3:TrackPointExtension>
            <ns3:atemp>29.0</ns3:atemp>
          </ns3:TrackPointExtension>
        </extensions>
      </trkpt>
      <trkpt lat="45.680044256150722503662109375" lon="6.5782180242240428924560546875">
        <ele>1215.4000244140625</ele>
        <time>2025-05-30T09:36:28.000Z</time>
        <extensions>
          <ns3:TrackPointExtension>
            <ns3:atemp>29.0</ns3:atemp>
          </ns3:TrackPointExtension>
        </extensions>
      </trkpt>
      <trkpt lat="45.67999170161783695220947265625" lon="6.57821215689182281494140625">
        <ele>1215.800048828125</ele>
        <time>2025-05-30T09:36:30.000Z</time>
        <extensions>
          <ns3:TrackPointExtension>
            <ns3:atemp>29.0</ns3:atemp>
          </ns3:TrackPointExtension>
        </extensions>
      </trkpt>
      <trkpt lat="45.679835043847560882568359375" lon="6.57817636616528034210205078125">
        <ele>1217.199951171875</ele>
        <time>2025-05-30T09:36:36.000Z</time>
        <extensions>
          <ns3:TrackPointExtension>
            <ns3:atemp>29.0</ns3:atemp>
          </ns3:TrackPointExtension>
        </extensions>
      </trkpt>
      <trkpt lat="45.6797347962856292724609375" lon="6.578147113323211669921875">
        <ele>1218.199951171875</ele>
        <time>2025-05-30T09:36:40.000Z</time>
        <extensions>
          <ns3:TrackPointExtension>
            <ns3:atemp>29.0</ns3:atemp>
          </ns3:TrackPointExtension>
        </extensions>
      </trkpt>
      <trkpt lat="45.67963488399982452392578125" lon="6.5781161002814769744873046875">
        <ele>1219.4000244140625</ele>
        <time>2025-05-30T09:36:44.000Z</time>
        <extensions>
          <ns3:TrackPointExtension>
            <ns3:atemp>29.0</ns3:atemp>
          </ns3:TrackPointExtension>
        </extensions>
      </trkpt>
      <trkpt lat="45.6796112470328807830810546875" lon="6.5781130827963352203369140625">
        <ele>1219.4000244140625</ele>
        <time>2025-05-30T09:36:45.000Z</time>
        <extensions>
          <ns3:TrackPointExtension>
            <ns3:atemp>29.0</ns3:atemp>
          </ns3:TrackPointExtension>
        </extensions>
      </trkpt>
      <trkpt lat="45.6794895417988300323486328125" lon="6.578096486628055572509765625">
        <ele>1220.4000244140625</ele>
        <time>2025-05-30T09:36:50.000Z</time>
        <extensions>
          <ns3:TrackPointExtension>
            <ns3:atemp>29.0</ns3:atemp>
          </ns3:TrackPointExtension>
        </extensions>
      </trkpt>
      <trkpt lat="45.67943933419883251190185546875" lon="6.57809187658131122589111328125">
        <ele>1220.800048828125</ele>
        <time>2025-05-30T09:36:52.000Z</time>
        <extensions>
          <ns3:TrackPointExtension>
            <ns3:atemp>29.0</ns3:atemp>
          </ns3:TrackPointExtension>
        </extensions>
      </trkpt>
      <trkpt lat="45.67938535474240779876708984375" lon="6.5780876018106937408447265625">
        <ele>1221.199951171875</ele>
        <time>2025-05-30T09:36:54.000Z</time>
        <extensions>
          <ns3:TrackPointExtension>
            <ns3:atemp>29.0</ns3:atemp>
          </ns3:TrackPointExtension>
        </extensions>
      </trkpt>
      <trkpt lat="45.6793581135571002960205078125" lon="6.57808533869683742523193359375">
        <ele>1221.5999755859375</ele>
        <time>2025-05-30T09:36:55.000Z</time>
        <extensions>
          <ns3:TrackPointExtension>
            <ns3:atemp>29.0</ns3:atemp>
          </ns3:TrackPointExtension>
        </extensions>
      </trkpt>
      <trkpt lat="45.67920665256679058074951171875" lon="6.578088440001010894775390625">
        <ele>1222.5999755859375</ele>
        <time>2025-05-30T09:37:01.000Z</time>
        <extensions>
          <ns3:TrackPointExtension>
            <ns3:atemp>29.0</ns3:atemp>
          </ns3:TrackPointExtension>
        </extensions>
      </trkpt>
      <trkpt lat="45.6791817583143711090087890625" lon="6.5780956484377384185791015625">
        <ele>1222.800048828125</ele>
        <time>2025-05-30T09:37:02.000Z</time>
        <extensions>
          <ns3:TrackPointExtension>
            <ns3:atemp>29.0</ns3:atemp>
          </ns3:TrackPointExtension>
        </extensions>
      </trkpt>
      <trkpt lat="45.67907421849668025970458984375" lon="6.578123979270458221435546875">
        <ele>1223.800048828125</ele>
        <time>2025-05-30T09:37:06.000Z</time>
        <extensions>
          <ns3:TrackPointExtension>
            <ns3:atemp>28.0</ns3:atemp>
          </ns3:TrackPointExtension>
        </extensions>
      </trkpt>
      <trkpt lat="45.67894446663558483123779296875" lon="6.57815524376928806304931640625">
        <ele>1225</ele>
        <time>2025-05-30T09:37:11.000Z</time>
        <extensions>
          <ns3:TrackPointExtension>
            <ns3:atemp>28.0</ns3:atemp>
          </ns3:TrackPointExtension>
        </extensions>
      </trkpt>
      <trkpt lat="45.67891831509768962860107421875" lon="6.57816178165376186370849609375">
        <ele>1225.199951171875</ele>
        <time>2025-05-30T09:37:12.000Z</time>
        <extensions>
          <ns3:TrackPointExtension>
            <ns3:atemp>28.0</ns3:atemp>
          </ns3:TrackPointExtension>
        </extensions>
      </trkpt>
      <trkpt lat="45.6788206659257411956787109375" lon="6.5781819820404052734375">
        <ele>1226.199951171875</ele>
        <time>2025-05-30T09:37:16.000Z</time>
        <extensions>
          <ns3:TrackPointExtension>
            <ns3:atemp>28.0</ns3:atemp>
          </ns3:TrackPointExtension>
        </extensions>
      </trkpt>
      <trkpt lat="45.67869820632040500640869140625" lon="6.5781865082681179046630859375">
        <ele>1227.199951171875</ele>
        <time>2025-05-30T09:37:21.000Z</time>
        <extensions>
          <ns3:TrackPointExtension>
            <ns3:atemp>28.0</ns3:atemp>
          </ns3:TrackPointExtension>
        </extensions>
      </trkpt>
      <trkpt lat="45.6785946898162364959716796875" lon="6.5781754441559314727783203125">
        <ele>1228.199951171875</ele>
        <time>2025-05-30T09:37:25.000Z</time>
        <extensions>
          <ns3:TrackPointExtension>
            <ns3:atemp>28.0</ns3:atemp>
          </ns3:TrackPointExtension>
        </extensions>
      </trkpt>
      <trkpt lat="45.6784847192466259002685546875" lon="6.57815004698932170867919921875">
        <ele>1229.199951171875</ele>
        <time>2025-05-30T09:37:29.000Z</time>
        <extensions>
          <ns3:TrackPointExtension>
            <ns3:atemp>28.0</ns3:atemp>
          </ns3:TrackPointExtension>
        </extensions>
      </trkpt>
      <trkpt lat="45.678435601294040679931640625" lon="6.57813227735459804534912109375">
        <ele>1229.5999755859375</ele>
        <time>2025-05-30T09:37:31.000Z</time>
        <extensions>
          <ns3:TrackPointExtension>
            <ns3:atemp>28.0</ns3:atemp>
          </ns3:TrackPointExtension>
        </extensions>
      </trkpt>
      <trkpt lat="45.67838069982826709747314453125" lon="6.57811434008181095123291015625">
        <ele>1230.5999755859375</ele>
        <time>2025-05-30T09:37:33.000Z</time>
        <extensions>
          <ns3:TrackPointExtension>
            <ns3:atemp>28.0</ns3:atemp>
          </ns3:TrackPointExtension>
        </extensions>
      </trkpt>
      <trkpt lat="45.67828439176082611083984375" lon="6.57808366231620311737060546875">
        <ele>1231.5999755859375</ele>
        <time>2025-05-30T09:37:37.000Z</time>
        <extensions>
          <ns3:TrackPointExtension>
            <ns3:atemp>28.0</ns3:atemp>
          </ns3:TrackPointExtension>
        </extensions>
      </trkpt>
      <trkpt lat="45.6782597489655017852783203125" lon="6.57807829789817333221435546875">
        <ele>1231.800048828125</ele>
        <time>2025-05-30T09:37:38.000Z</time>
        <extensions>
          <ns3:TrackPointExtension>
            <ns3:atemp>28.0</ns3:atemp>
          </ns3:TrackPointExtension>
        </extensions>
      </trkpt>
      <trkpt lat="45.678158663213253021240234375" lon="6.57805734314024448394775390625">
        <ele>1232.5999755859375</ele>
        <time>2025-05-30T09:37:42.000Z</time>
        <extensions>
          <ns3:TrackPointExtension>
            <ns3:atemp>28.0</ns3:atemp>
          </ns3:TrackPointExtension>
        </extensions>
      </trkpt>
      <trkpt lat="45.67810761742293834686279296875" lon="6.57804829068481922149658203125">
        <ele>1233.199951171875</ele>
        <time>2025-05-30T09:37:44.000Z</time>
        <extensions>
          <ns3:TrackPointExtension>
            <ns3:atemp>28.0</ns3:atemp>
          </ns3:TrackPointExtension>
        </extensions>
      </trkpt>
      <trkpt lat="45.67805749364197254180908203125" lon="6.5780416689813137054443359375">
        <ele>1233.5999755859375</ele>
        <time>2025-05-30T09:37:46.000Z</time>
        <extensions>
          <ns3:TrackPointExtension>
            <ns3:atemp>28.0</ns3:atemp>
          </ns3:TrackPointExtension>
        </extensions>
      </trkpt>
      <trkpt lat="45.67803201265633106231689453125" lon="6.57804108224809169769287109375">
        <ele>1234</ele>
        <time>2025-05-30T09:37:47.000Z</time>
        <extensions>
          <ns3:TrackPointExtension>
            <ns3:atemp>28.0</ns3:atemp>
          </ns3:TrackPointExtension>
        </extensions>
      </trkpt>
      <trkpt lat="45.67787962965667247772216796875" lon="6.57802482135593891143798828125">
        <ele>1235</ele>
        <time>2025-05-30T09:37:53.000Z</time>
        <extensions>
          <ns3:TrackPointExtension>
            <ns3:atemp>28.0</ns3:atemp>
          </ns3:TrackPointExtension>
        </extensions>
      </trkpt>
      <trkpt lat="45.67782799713313579559326171875" lon="6.57801828347146511077880859375">
        <ele>1235.5999755859375</ele>
        <time>2025-05-30T09:37:55.000Z</time>
        <extensions>
          <ns3:TrackPointExtension>
            <ns3:atemp>28.0</ns3:atemp>
          </ns3:TrackPointExtension>
        </extensions>
      </trkpt>
      <trkpt lat="45.6777819804847240447998046875" lon="6.57801426015794277191162109375">
        <ele>1236.199951171875</ele>
        <time>2025-05-30T09:37:57.000Z</time>
        <extensions>
          <ns3:TrackPointExtension>
            <ns3:atemp>28.0</ns3:atemp>
          </ns3:TrackPointExtension>
        </extensions>
      </trkpt>
      <trkpt lat="45.67768634296953678131103515625" lon="6.57802046276628971099853515625">
        <ele>1237.199951171875</ele>
        <time>2025-05-30T09:38:01.000Z</time>
        <extensions>
          <ns3:TrackPointExtension>
            <ns3:atemp>28.0</ns3:atemp>
          </ns3:TrackPointExtension>
        </extensions>
      </trkpt>
      <trkpt lat="45.6776346266269683837890625" lon="6.57802306115627288818359375">
        <ele>1237.5999755859375</ele>
        <time>2025-05-30T09:38:03.000Z</time>
        <extensions>
          <ns3:TrackPointExtension>
            <ns3:atemp>28.0</ns3:atemp>
          </ns3:TrackPointExtension>
        </extensions>
      </trkpt>
      <trkpt lat="45.67755910567939281463623046875" lon="6.57803370617330074310302734375">
        <ele>1238.5999755859375</ele>
        <time>2025-05-30T09:38:06.000Z</time>
        <extensions>
          <ns3:TrackPointExtension>
            <ns3:atemp>28.0</ns3:atemp>
          </ns3:TrackPointExtension>
        </extensions>
      </trkpt>
      <trkpt lat="45.67742968909442424774169921875" lon="6.57803923822939395904541015625">
        <ele>1239.5999755859375</ele>
        <time>2025-05-30T09:38:11.000Z</time>
        <extensions>
          <ns3:TrackPointExtension>
            <ns3:atemp>28.0</ns3:atemp>
          </ns3:TrackPointExtension>
        </extensions>
      </trkpt>
      <trkpt lat="45.67727328278124332427978515625" lon="6.5780285932123661041259765625">
        <ele>1240.800048828125</ele>
        <time>2025-05-30T09:38:17.000Z</time>
        <extensions>
          <ns3:TrackPointExtension>
            <ns3:atemp>28.0</ns3:atemp>
          </ns3:TrackPointExtension>
        </extensions>
      </trkpt>
      <trkpt lat="45.6772478856146335601806640625" lon="6.5780304372310638427734375">
        <ele>1241</ele>
        <time>2025-05-30T09:38:18.000Z</time>
        <extensions>
          <ns3:TrackPointExtension>
            <ns3:atemp>28.0</ns3:atemp>
          </ns3:TrackPointExtension>
        </extensions>
      </trkpt>
      <trkpt lat="45.677142776548862457275390625" lon="6.57801778055727481842041015625">
        <ele>1241.800048828125</ele>
        <time>2025-05-30T09:38:22.000Z</time>
        <extensions>
          <ns3:TrackPointExtension>
            <ns3:atemp>28.0</ns3:atemp>
          </ns3:TrackPointExtension>
        </extensions>
      </trkpt>
      <trkpt lat="45.6770400144159793853759765625" lon="6.5780358016490936279296875">
        <ele>1242.800048828125</ele>
        <time>2025-05-30T09:38:26.000Z</time>
        <extensions>
          <ns3:TrackPointExtension>
            <ns3:atemp>28.0</ns3:atemp>
          </ns3:TrackPointExtension>
        </extensions>
      </trkpt>
      <trkpt lat="45.67691235803067684173583984375" lon="6.5780453570187091827392578125">
        <ele>1244</ele>
        <time>2025-05-30T09:38:31.000Z</time>
        <extensions>
          <ns3:TrackPointExtension>
            <ns3:atemp>28.0</ns3:atemp>
          </ns3:TrackPointExtension>
        </extensions>
      </trkpt>
      <trkpt lat="45.676819570362567901611328125" lon="6.57806522212922573089599609375">
        <ele>1244.800048828125</ele>
        <time>2025-05-30T09:38:35.000Z</time>
        <extensions>
          <ns3:TrackPointExtension>
            <ns3:atemp>28.0</ns3:atemp>
          </ns3:TrackPointExtension>
        </extensions>
      </trkpt>
      <trkpt lat="45.67676668055355548858642578125" lon="6.578075699508190155029296875">
        <ele>1245.4000244140625</ele>
        <time>2025-05-30T09:38:37.000Z</time>
        <extensions>
          <ns3:TrackPointExtension>
            <ns3:atemp>28.0</ns3:atemp>
          </ns3:TrackPointExtension>
        </extensions>
      </trkpt>
      <trkpt lat="45.6766958534717559814453125" lon="6.57811266370117664337158203125">
        <ele>1246.199951171875</ele>
        <time>2025-05-30T09:38:40.000Z</time>
        <extensions>
          <ns3:TrackPointExtension>
            <ns3:atemp>28.0</ns3:atemp>
          </ns3:TrackPointExtension>
        </extensions>
      </trkpt>
      <trkpt lat="45.67665268667042255401611328125" lon="6.57812506891787052154541015625">
        <ele>1246.800048828125</ele>
        <time>2025-05-30T09:38:42.000Z</time>
        <extensions>
          <ns3:TrackPointExtension>
            <ns3:atemp>28.0</ns3:atemp>
          </ns3:TrackPointExtension>
        </extensions>
      </trkpt>
      <trkpt lat="45.67658043466508388519287109375" lon="6.57814518548548221588134765625">
        <ele>1247.4000244140625</ele>
        <time>2025-05-30T09:38:45.000Z</time>
        <extensions>
          <ns3:TrackPointExtension>
            <ns3:atemp>28.0</ns3:atemp>
          </ns3:TrackPointExtension>
        </extensions>
      </trkpt>
      <trkpt lat="45.676456801593303680419921875" lon="6.57817703671753406524658203125">
        <ele>1248.5999755859375</ele>
        <time>2025-05-30T09:38:50.000Z</time>
        <extensions>
          <ns3:TrackPointExtension>
            <ns3:atemp>28.0</ns3:atemp>
          </ns3:TrackPointExtension>
        </extensions>
      </trkpt>
      <trkpt lat="45.6764371879398822784423828125" lon="6.5781806409358978271484375">
        <ele>1248.800048828125</ele>
        <time>2025-05-30T09:38:51.000Z</time>
        <extensions>
          <ns3:TrackPointExtension>
            <ns3:atemp>28.0</ns3:atemp>
          </ns3:TrackPointExtension>
        </extensions>
      </trkpt>
      <trkpt lat="45.6763620860874652862548828125" lon="6.578195057809352874755859375">
        <ele>1249.5999755859375</ele>
        <time>2025-05-30T09:38:54.000Z</time>
        <extensions>
          <ns3:TrackPointExtension>
            <ns3:atemp>28.0</ns3:atemp>
          </ns3:TrackPointExtension>
        </extensions>
      </trkpt>
      <trkpt lat="45.676262341439723968505859375" lon="6.578219868242740631103515625">
        <ele>1250.800048828125</ele>
        <time>2025-05-30T09:38:58.000Z</time>
        <extensions>
          <ns3:TrackPointExtension>
            <ns3:atemp>28.0</ns3:atemp>
          </ns3:TrackPointExtension>
        </extensions>
      </trkpt>
      <trkpt lat="45.6761996448040008544921875" lon="6.57824073918163776397705078125">
        <ele>1251.800048828125</ele>
        <time>2025-05-30T09:39:01.000Z</time>
        <extensions>
          <ns3:TrackPointExtension>
            <ns3:atemp>28.0</ns3:atemp>
          </ns3:TrackPointExtension>
        </extensions>
      </trkpt>
      <trkpt lat="45.67617022432386875152587890625" lon="6.57824912108480930328369140625">
        <ele>1252</ele>
        <time>2025-05-30T09:39:02.000Z</time>
        <extensions>
          <ns3:TrackPointExtension>
            <ns3:atemp>28.0</ns3:atemp>
          </ns3:TrackPointExtension>
        </extensions>
      </trkpt>
      <trkpt lat="45.6760231219232082366943359375" lon="6.5782834030687808990478515625">
        <ele>1253.199951171875</ele>
        <time>2025-05-30T09:39:08.000Z</time>
        <extensions>
          <ns3:TrackPointExtension>
            <ns3:atemp>28.0</ns3:atemp>
          </ns3:TrackPointExtension>
        </extensions>
      </trkpt>
      <trkpt lat="45.6759792007505893707275390625" lon="6.578301675617694854736328125">
        <ele>1254</ele>
        <time>2025-05-30T09:39:10.000Z</time>
        <extensions>
          <ns3:TrackPointExtension>
            <ns3:atemp>28.0</ns3:atemp>
          </ns3:TrackPointExtension>
        </extensions>
      </trkpt>
      <trkpt lat="45.67595883272588253021240234375" lon="6.578309051692485809326171875">
        <ele>1254.199951171875</ele>
        <time>2025-05-30T09:39:11.000Z</time>
        <extensions>
          <ns3:TrackPointExtension>
            <ns3:atemp>28.0</ns3:atemp>
          </ns3:TrackPointExtension>
        </extensions>
      </trkpt>
      <trkpt lat="45.675820447504520416259765625" lon="6.578351296484470367431640625">
        <ele>1255.5999755859375</ele>
        <time>2025-05-30T09:39:17.000Z</time>
        <extensions>
          <ns3:TrackPointExtension>
            <ns3:atemp>28.0</ns3:atemp>
          </ns3:TrackPointExtension>
        </extensions>
      </trkpt>
      <trkpt lat="45.67580376751720905303955078125" lon="6.57835842110216617584228515625">
        <ele>1255.800048828125</ele>
        <time>2025-05-30T09:39:18.000Z</time>
        <extensions>
          <ns3:TrackPointExtension>
            <ns3:atemp>28.0</ns3:atemp>
          </ns3:TrackPointExtension>
        </extensions>
      </trkpt>
      <trkpt lat="45.67570972256362438201904296875" lon="6.57839119434356689453125">
        <ele>1257.4000244140625</ele>
        <time>2025-05-30T09:39:22.000Z</time>
        <extensions>
          <ns3:TrackPointExtension>
            <ns3:atemp>28.0</ns3:atemp>
          </ns3:TrackPointExtension>
        </extensions>
      </trkpt>
      <trkpt lat="45.6756268255412578582763671875" lon="6.5784168429672718048095703125">
        <ele>1258</ele>
        <time>2025-05-30T09:39:25.000Z</time>
        <extensions>
          <ns3:TrackPointExtension>
            <ns3:atemp>28.0</ns3:atemp>
          </ns3:TrackPointExtension>
        </extensions>
      </trkpt>
      <trkpt lat="45.6756000034511089324951171875" lon="6.57842597924172878265380859375">
        <ele>1258.4000244140625</ele>
        <time>2025-05-30T09:39:26.000Z</time>
        <extensions>
          <ns3:TrackPointExtension>
            <ns3:atemp>28.0</ns3:atemp>
          </ns3:TrackPointExtension>
        </extensions>
      </trkpt>
      <trkpt lat="45.67549631930887699127197265625" lon="6.57846738584339618682861328125">
        <ele>1259.4000244140625</ele>
        <time>2025-05-30T09:39:30.000Z</time>
        <extensions>
          <ns3:TrackPointExtension>
            <ns3:atemp>28.0</ns3:atemp>
          </ns3:TrackPointExtension>
        </extensions>
      </trkpt>
      <trkpt lat="45.6754206307232379913330078125" lon="6.57849756069481372833251953125">
        <ele>1260.199951171875</ele>
        <time>2025-05-30T09:39:33.000Z</time>
        <extensions>
          <ns3:TrackPointExtension>
            <ns3:atemp>28.0</ns3:atemp>
          </ns3:TrackPointExtension>
        </extensions>
      </trkpt>
      <trkpt lat="45.675374530255794525146484375" lon="6.57852438278496265411376953125">
        <ele>1260.5999755859375</ele>
        <time>2025-05-30T09:39:35.000Z</time>
        <extensions>
          <ns3:TrackPointExtension>
            <ns3:atemp>28.0</ns3:atemp>
          </ns3:TrackPointExtension>
        </extensions>
      </trkpt>
      <trkpt lat="45.6752670742571353912353515625" lon="6.5785958804190158843994140625">
        <ele>1261.4000244140625</ele>
        <time>2025-05-30T09:39:40.000Z</time>
        <extensions>
          <ns3:TrackPointExtension>
            <ns3:atemp>28.0</ns3:atemp>
          </ns3:TrackPointExtension>
        </extensions>
      </trkpt>
      <trkpt lat="45.6752472929656505584716796875" lon="6.5786166675388813018798828125">
        <ele>1261.5999755859375</ele>
        <time>2025-05-30T09:39:41.000Z</time>
        <extensions>
          <ns3:TrackPointExtension>
            <ns3:atemp>28.0</ns3:atemp>
          </ns3:TrackPointExtension>
        </extensions>
      </trkpt>
      <trkpt lat="45.67518501542508602142333984375" lon="6.57871012575924396514892578125">
        <ele>1262.800048828125</ele>
        <time>2025-05-30T09:39:45.000Z</time>
        <extensions>
          <ns3:TrackPointExtension>
            <ns3:atemp>28.0</ns3:atemp>
          </ns3:TrackPointExtension>
        </extensions>
      </trkpt>
      <trkpt lat="45.67517227493226528167724609375" lon="6.5787363611161708831787109375">
        <ele>1263</ele>
        <time>2025-05-30T09:39:46.000Z</time>
        <extensions>
          <ns3:TrackPointExtension>
            <ns3:atemp>28.0</ns3:atemp>
          </ns3:TrackPointExtension>
        </extensions>
      </trkpt>
      <trkpt lat="45.67512030713260173797607421875" lon="6.57879914157092571258544921875">
        <ele>1264</ele>
        <time>2025-05-30T09:39:49.000Z</time>
        <extensions>
          <ns3:TrackPointExtension>
            <ns3:atemp>28.0</ns3:atemp>
          </ns3:TrackPointExtension>
        </extensions>
      </trkpt>
      <trkpt lat="45.6750950776040554046630859375" lon="6.57880383543670177459716796875">
        <ele>1264.199951171875</ele>
        <time>2025-05-30T09:39:50.000Z</time>
        <extensions>
          <ns3:TrackPointExtension>
            <ns3:atemp>28.0</ns3:atemp>
          </ns3:TrackPointExtension>
        </extensions>
      </trkpt>
      <trkpt lat="45.675035901367664337158203125" lon="6.5788144804537296295166015625">
        <ele>1265</ele>
        <time>2025-05-30T09:39:53.000Z</time>
        <extensions>
          <ns3:TrackPointExtension>
            <ns3:atemp>28.0</ns3:atemp>
          </ns3:TrackPointExtension>
        </extensions>
      </trkpt>
      <trkpt lat="45.67495317198336124420166015625" lon="6.57882713712751865386962890625">
        <ele>1266.199951171875</ele>
        <time>2025-05-30T09:39:56.000Z</time>
        <extensions>
          <ns3:TrackPointExtension>
            <ns3:atemp>28.0</ns3:atemp>
          </ns3:TrackPointExtension>
        </extensions>
      </trkpt>
      <trkpt lat="45.6748345680534839630126953125" lon="6.57886737026274204254150390625">
        <ele>1267.199951171875</ele>
        <time>2025-05-30T09:40:00.000Z</time>
        <extensions>
          <ns3:TrackPointExtension>
            <ns3:atemp>28.0</ns3:atemp>
          </ns3:TrackPointExtension>
        </extensions>
      </trkpt>
      <trkpt lat="45.67471344955265522003173828125" lon="6.57893291674554347991943359375">
        <ele>1268.4000244140625</ele>
        <time>2025-05-30T09:40:04.000Z</time>
        <extensions>
          <ns3:TrackPointExtension>
            <ns3:atemp>28.0</ns3:atemp>
          </ns3:TrackPointExtension>
        </extensions>
      </trkpt>
      <trkpt lat="45.6746112741529941558837890625" lon="6.5789747424423694610595703125">
        <ele>1269.4000244140625</ele>
        <time>2025-05-30T09:40:08.000Z</time>
        <extensions>
          <ns3:TrackPointExtension>
            <ns3:atemp>28.0</ns3:atemp>
          </ns3:TrackPointExtension>
        </extensions>
      </trkpt>
      <trkpt lat="45.67458503879606723785400390625" lon="6.5789918415248394012451171875">
        <ele>1269.4000244140625</ele>
        <time>2025-05-30T09:40:09.000Z</time>
        <extensions>
          <ns3:TrackPointExtension>
            <ns3:atemp>28.0</ns3:atemp>
          </ns3:TrackPointExtension>
        </extensions>
      </trkpt>
      <trkpt lat="45.67449082620441913604736328125" lon="6.57905311323702335357666015625">
        <ele>1270.5999755859375</ele>
        <time>2025-05-30T09:40:13.000Z</time>
        <extensions>
          <ns3:TrackPointExtension>
            <ns3:atemp>28.0</ns3:atemp>
          </ns3:TrackPointExtension>
        </extensions>
      </trkpt>
      <trkpt lat="45.6743789277970790863037109375" lon="6.5791286341845989227294921875">
        <ele>1271.800048828125</ele>
        <time>2025-05-30T09:40:18.000Z</time>
        <extensions>
          <ns3:TrackPointExtension>
            <ns3:atemp>28.0</ns3:atemp>
          </ns3:TrackPointExtension>
        </extensions>
      </trkpt>
      <trkpt lat="45.67430935800075531005859375" lon="6.5791795961558818817138671875">
        <ele>1272.800048828125</ele>
        <time>2025-05-30T09:40:21.000Z</time>
        <extensions>
          <ns3:TrackPointExtension>
            <ns3:atemp>28.0</ns3:atemp>
          </ns3:TrackPointExtension>
        </extensions>
      </trkpt>
      <trkpt lat="45.67417231388390064239501953125" lon="6.57923198305070400238037109375">
        <ele>1273.800048828125</ele>
        <time>2025-05-30T09:40:27.000Z</time>
        <extensions>
          <ns3:TrackPointExtension>
            <ns3:atemp>28.0</ns3:atemp>
          </ns3:TrackPointExtension>
        </extensions>
      </trkpt>
      <trkpt lat="45.6741512753069400787353515625" lon="6.57923835329711437225341796875">
        <ele>1274.4000244140625</ele>
        <time>2025-05-30T09:40:28.000Z</time>
        <extensions>
          <ns3:TrackPointExtension>
            <ns3:atemp>28.0</ns3:atemp>
          </ns3:TrackPointExtension>
        </extensions>
      </trkpt>
      <trkpt lat="45.6741137243807315826416015625" lon="6.579232402145862579345703125">
        <ele>1274.800048828125</ele>
        <time>2025-05-30T09:40:30.000Z</time>
        <extensions>
          <ns3:TrackPointExtension>
            <ns3:atemp>28.0</ns3:atemp>
          </ns3:TrackPointExtension>
        </extensions>
      </trkpt>
      <trkpt lat="45.674048177897930145263671875" lon="6.579232402145862579345703125">
        <ele>1275.800048828125</ele>
        <time>2025-05-30T09:40:33.000Z</time>
        <extensions>
          <ns3:TrackPointExtension>
            <ns3:atemp>28.0</ns3:atemp>
          </ns3:TrackPointExtension>
        </extensions>
      </trkpt>
      <trkpt lat="45.67398506216704845428466796875" lon="6.579244136810302734375">
        <ele>1277</ele>
        <time>2025-05-30T09:40:36.000Z</time>
        <extensions>
          <ns3:TrackPointExtension>
            <ns3:atemp>28.0</ns3:atemp>
          </ns3:TrackPointExtension>
        </extensions>
      </trkpt>
      <trkpt lat="45.673920772969722747802734375" lon="6.57927305437624454498291015625">
        <ele>1277.5999755859375</ele>
        <time>2025-05-30T09:40:39.000Z</time>
        <extensions>
          <ns3:TrackPointExtension>
            <ns3:atemp>28.0</ns3:atemp>
          </ns3:TrackPointExtension>
        </extensions>
      </trkpt>
      <trkpt lat="45.6738602556288242340087890625" lon="6.57930591143667697906494140625">
        <ele>1278</ele>
        <time>2025-05-30T09:40:42.000Z</time>
        <extensions>
          <ns3:TrackPointExtension>
            <ns3:atemp>28.0</ns3:atemp>
          </ns3:TrackPointExtension>
        </extensions>
      </trkpt>
      <trkpt lat="45.67379529587924480438232421875" lon="6.5793368406593799591064453125">
        <ele>1279</ele>
        <time>2025-05-30T09:40:45.000Z</time>
        <extensions>
          <ns3:TrackPointExtension>
            <ns3:atemp>28.0</ns3:atemp>
          </ns3:TrackPointExtension>
        </extensions>
      </trkpt>
      <trkpt lat="45.67375816404819488525390625" lon="6.57936776988208293914794921875">
        <ele>1279.5999755859375</ele>
        <time>2025-05-30T09:40:47.000Z</time>
        <extensions>
          <ns3:TrackPointExtension>
            <ns3:atemp>28.0</ns3:atemp>
          </ns3:TrackPointExtension>
        </extensions>
      </trkpt>
      <trkpt lat="45.67369689233601093292236328125" lon="6.57940431497991085052490234375">
        <ele>1280.199951171875</ele>
        <time>2025-05-30T09:40:50.000Z</time>
        <extensions>
          <ns3:TrackPointExtension>
            <ns3:atemp>28.0</ns3:atemp>
          </ns3:TrackPointExtension>
        </extensions>
      </trkpt>
      <trkpt lat="45.673677362501621246337890625" lon="6.57941420562565326690673828125">
        <ele>1280.5999755859375</ele>
        <time>2025-05-30T09:40:51.000Z</time>
        <extensions>
          <ns3:TrackPointExtension>
            <ns3:atemp>28.0</ns3:atemp>
          </ns3:TrackPointExtension>
        </extensions>
      </trkpt>
      <trkpt lat="45.67361533641815185546875" lon="6.579438932240009307861328125">
        <ele>1281.4000244140625</ele>
        <time>2025-05-30T09:40:54.000Z</time>
        <extensions>
          <ns3:TrackPointExtension>
            <ns3:atemp>28.0</ns3:atemp>
          </ns3:TrackPointExtension>
        </extensions>
      </trkpt>
      <trkpt lat="45.673596896231174468994140625" lon="6.57944823615252971649169921875">
        <ele>1282</ele>
        <time>2025-05-30T09:40:55.000Z</time>
        <extensions>
          <ns3:TrackPointExtension>
            <ns3:atemp>28.0</ns3:atemp>
          </ns3:TrackPointExtension>
        </extensions>
      </trkpt>
      <trkpt lat="45.67351466976106166839599609375" lon="6.57948612235486507415771484375">
        <ele>1282.800048828125</ele>
        <time>2025-05-30T09:40:59.000Z</time>
        <extensions>
          <ns3:TrackPointExtension>
            <ns3:atemp>28.0</ns3:atemp>
          </ns3:TrackPointExtension>
        </extensions>
      </trkpt>
      <trkpt lat="45.6734260730445384979248046875" lon="6.57950841821730136871337890625">
        <ele>1284</ele>
        <time>2025-05-30T09:41:03.000Z</time>
        <extensions>
          <ns3:TrackPointExtension>
            <ns3:atemp>28.0</ns3:atemp>
          </ns3:TrackPointExtension>
        </extensions>
      </trkpt>
      <trkpt lat="45.67340872250497341156005859375" lon="6.57951168715953826904296875">
        <ele>1284.199951171875</ele>
        <time>2025-05-30T09:41:04.000Z</time>
        <extensions>
          <ns3:TrackPointExtension>
            <ns3:atemp>28.0</ns3:atemp>
          </ns3:TrackPointExtension>
        </extensions>
      </trkpt>
      <trkpt lat="45.6733181141316890716552734375" lon="6.5795359946787357330322265625">
        <ele>1285.4000244140625</ele>
        <time>2025-05-30T09:41:08.000Z</time>
        <extensions>
          <ns3:TrackPointExtension>
            <ns3:atemp>28.0</ns3:atemp>
          </ns3:TrackPointExtension>
        </extensions>
      </trkpt>
      <trkpt lat="45.67320805974304676055908203125" lon="6.57955820672214031219482421875">
        <ele>1286.4000244140625</ele>
        <time>2025-05-30T09:41:13.000Z</time>
        <extensions>
          <ns3:TrackPointExtension>
            <ns3:atemp>28.0</ns3:atemp>
          </ns3:TrackPointExtension>
        </extensions>
      </trkpt>
      <trkpt lat="45.6731645576655864715576171875" lon="6.57956960611045360565185546875">
        <ele>1287.199951171875</ele>
        <time>2025-05-30T09:41:15.000Z</time>
        <extensions>
          <ns3:TrackPointExtension>
            <ns3:atemp>28.0</ns3:atemp>
          </ns3:TrackPointExtension>
        </extensions>
      </trkpt>
      <trkpt lat="45.67312038503587245941162109375" lon="6.5795780718326568603515625">
        <ele>1287.5999755859375</ele>
        <time>2025-05-30T09:41:17.000Z</time>
        <extensions>
          <ns3:TrackPointExtension>
            <ns3:atemp>28.0</ns3:atemp>
          </ns3:TrackPointExtension>
        </extensions>
      </trkpt>
      <trkpt lat="45.6730337999761104583740234375" lon="6.5795973502099514007568359375">
        <ele>1288.800048828125</ele>
        <time>2025-05-30T09:41:21.000Z</time>
        <extensions>
          <ns3:TrackPointExtension>
            <ns3:atemp>28.0</ns3:atemp>
          </ns3:TrackPointExtension>
        </extensions>
      </trkpt>
      <trkpt lat="45.672999434173107147216796875" lon="6.57960682176053524017333984375">
        <ele>1289.4000244140625</ele>
        <time>2025-05-30T09:41:23.000Z</time>
        <extensions>
          <ns3:TrackPointExtension>
            <ns3:atemp>28.0</ns3:atemp>
          </ns3:TrackPointExtension>
        </extensions>
      </trkpt>
      <trkpt lat="45.67297470755875110626220703125" lon="6.57961788587272167205810546875">
        <ele>1289.800048828125</ele>
        <time>2025-05-30T09:41:24.000Z</time>
        <extensions>
          <ns3:TrackPointExtension>
            <ns3:atemp>28.0</ns3:atemp>
          </ns3:TrackPointExtension>
        </extensions>
      </trkpt>
      <trkpt lat="45.6728882901370525360107421875" lon="6.57964889891445636749267578125">
        <ele>1291</ele>
        <time>2025-05-30T09:41:28.000Z</time>
        <extensions>
          <ns3:TrackPointExtension>
            <ns3:atemp>28.0</ns3:atemp>
          </ns3:TrackPointExtension>
        </extensions>
      </trkpt>
      <trkpt lat="45.67287161014974117279052734375" lon="6.57965610735118389129638671875">
        <ele>1291</ele>
        <time>2025-05-30T09:41:29.000Z</time>
        <extensions>
          <ns3:TrackPointExtension>
            <ns3:atemp>28.0</ns3:atemp>
          </ns3:TrackPointExtension>
        </extensions>
      </trkpt>
      <trkpt lat="45.67281276918947696685791015625" lon="6.5796799957752227783203125">
        <ele>1292</ele>
        <time>2025-05-30T09:41:32.000Z</time>
        <extensions>
          <ns3:TrackPointExtension>
            <ns3:atemp>28.0</ns3:atemp>
          </ns3:TrackPointExtension>
        </extensions>
      </trkpt>
      <trkpt lat="45.67273397929966449737548828125" lon="6.57968896441161632537841796875">
        <ele>1292.800048828125</ele>
        <time>2025-05-30T09:41:36.000Z</time>
        <extensions>
          <ns3:TrackPointExtension>
            <ns3:atemp>28.0</ns3:atemp>
          </ns3:TrackPointExtension>
        </extensions>
      </trkpt>
      <trkpt lat="45.672710426151752471923828125" lon="6.57967873848974704742431640625">
        <ele>1293.4000244140625</ele>
        <time>2025-05-30T09:41:37.000Z</time>
        <extensions>
          <ns3:TrackPointExtension>
            <ns3:atemp>28.0</ns3:atemp>
          </ns3:TrackPointExtension>
        </extensions>
      </trkpt>
      <trkpt lat="45.67267430014908313751220703125" lon="6.5796751342713832855224609375">
        <ele>1294</ele>
        <time>2025-05-30T09:41:39.000Z</time>
        <extensions>
          <ns3:TrackPointExtension>
            <ns3:atemp>28.0</ns3:atemp>
          </ns3:TrackPointExtension>
        </extensions>
      </trkpt>
      <trkpt lat="45.6725922413170337677001953125" lon="6.5796768106520175933837890625">
        <ele>1295.4000244140625</ele>
        <time>2025-05-30T09:41:43.000Z</time>
        <extensions>
          <ns3:TrackPointExtension>
            <ns3:atemp>28.0</ns3:atemp>
          </ns3:TrackPointExtension>
        </extensions>
      </trkpt>
      <trkpt lat="45.6725275330245494842529296875" lon="6.5796640701591968536376953125">
        <ele>1296.5999755859375</ele>
        <time>2025-05-30T09:41:46.000Z</time>
        <extensions>
          <ns3:TrackPointExtension>
            <ns3:atemp>28.0</ns3:atemp>
          </ns3:TrackPointExtension>
        </extensions>
      </trkpt>
      <trkpt lat="45.672461651265621185302734375" lon="6.5796402655541896820068359375">
        <ele>1297.800048828125</ele>
        <time>2025-05-30T09:41:49.000Z</time>
        <extensions>
          <ns3:TrackPointExtension>
            <ns3:atemp>28.0</ns3:atemp>
          </ns3:TrackPointExtension>
        </extensions>
      </trkpt>
      <trkpt lat="45.6723733060061931610107421875" lon="6.57958352006971836090087890625">
        <ele>1299</ele>
        <time>2025-05-30T09:41:54.000Z</time>
        <extensions>
          <ns3:TrackPointExtension>
            <ns3:atemp>28.0</ns3:atemp>
          </ns3:TrackPointExtension>
        </extensions>
      </trkpt>
      <trkpt lat="45.6723193265497684478759765625" lon="6.5795326419174671173095703125">
        <ele>1300.199951171875</ele>
        <time>2025-05-30T09:41:57.000Z</time>
        <extensions>
          <ns3:TrackPointExtension>
            <ns3:atemp>28.0</ns3:atemp>
          </ns3:TrackPointExtension>
        </extensions>
      </trkpt>
      <trkpt lat="45.67230566404759883880615234375" lon="6.57951847650110721588134765625">
        <ele>1300.199951171875</ele>
        <time>2025-05-30T09:41:58.000Z</time>
        <extensions>
          <ns3:TrackPointExtension>
            <ns3:atemp>28.0</ns3:atemp>
          </ns3:TrackPointExtension>
        </extensions>
      </trkpt>
      <trkpt lat="45.67227297462522983551025390625" lon="6.57945862971246242523193359375">
        <ele>1301.4000244140625</ele>
        <time>2025-05-30T09:42:01.000Z</time>
        <extensions>
          <ns3:TrackPointExtension>
            <ns3:atemp>28.0</ns3:atemp>
          </ns3:TrackPointExtension>
        </extensions>
      </trkpt>
      <trkpt lat="45.672235004603862762451171875" lon="6.57941973768174648284912109375">
        <ele>1302</ele>
        <time>2025-05-30T09:42:03.000Z</time>
        <extensions>
          <ns3:TrackPointExtension>
            <ns3:atemp>28.0</ns3:atemp>
          </ns3:TrackPointExtension>
        </extensions>
      </trkpt>
      <trkpt lat="45.67220608703792095184326171875" lon="6.57939123921096324920654296875">
        <ele>1302.5999755859375</ele>
        <time>2025-05-30T09:42:05.000Z</time>
        <extensions>
          <ns3:TrackPointExtension>
            <ns3:atemp>27.0</ns3:atemp>
          </ns3:TrackPointExtension>
        </extensions>
      </trkpt>
      <trkpt lat="45.6721687875688076019287109375" lon="6.5793214179575443267822265625">
        <ele>1303.5999755859375</ele>
        <time>2025-05-30T09:42:08.000Z</time>
        <extensions>
          <ns3:TrackPointExtension>
            <ns3:atemp>27.0</ns3:atemp>
          </ns3:TrackPointExtension>
        </extensions>
      </trkpt>
      <trkpt lat="45.67215646617114543914794921875" lon="6.5792979486286640167236328125">
        <ele>1303.800048828125</ele>
        <time>2025-05-30T09:42:09.000Z</time>
        <extensions>
          <ns3:TrackPointExtension>
            <ns3:atemp>27.0</ns3:atemp>
          </ns3:TrackPointExtension>
        </extensions>
      </trkpt>
      <trkpt lat="45.67211438901722431182861328125" lon="6.5792245231568813323974609375">
        <ele>1304.5999755859375</ele>
        <time>2025-05-30T09:42:13.000Z</time>
        <extensions>
          <ns3:TrackPointExtension>
            <ns3:atemp>27.0</ns3:atemp>
          </ns3:TrackPointExtension>
        </extensions>
      </trkpt>
      <trkpt lat="45.67209661938250064849853515625" lon="6.57919912599027156829833984375">
        <ele>1305.199951171875</ele>
        <time>2025-05-30T09:42:14.000Z</time>
        <extensions>
          <ns3:TrackPointExtension>
            <ns3:atemp>27.0</ns3:atemp>
          </ns3:TrackPointExtension>
        </extensions>
      </trkpt>
      <trkpt lat="45.67207650281488895416259765625" lon="6.5791638381779193878173828125">
        <ele>1305.800048828125</ele>
        <time>2025-05-30T09:42:15.000Z</time>
        <extensions>
          <ns3:TrackPointExtension>
            <ns3:atemp>27.0</ns3:atemp>
          </ns3:TrackPointExtension>
        </extensions>
      </trkpt>
      <trkpt lat="45.6720380298793315887451171875" lon="6.57907490618526935577392578125">
        <ele>1306.800048828125</ele>
        <time>2025-05-30T09:42:19.000Z</time>
        <extensions>
          <ns3:TrackPointExtension>
            <ns3:atemp>27.0</ns3:atemp>
          </ns3:TrackPointExtension>
        </extensions>
      </trkpt>
      <trkpt lat="45.67202788777649402618408203125" lon="6.57905998639762401580810546875">
        <ele>1307</ele>
        <time>2025-05-30T09:42:20.000Z</time>
        <extensions>
          <ns3:TrackPointExtension>
            <ns3:atemp>27.0</ns3:atemp>
          </ns3:TrackPointExtension>
        </extensions>
      </trkpt>
      <trkpt lat="45.67196644842624664306640625" lon="6.578992344439029693603515625">
        <ele>1307.800048828125</ele>
        <time>2025-05-30T09:42:23.000Z</time>
        <extensions>
          <ns3:TrackPointExtension>
            <ns3:atemp>27.0</ns3:atemp>
          </ns3:TrackPointExtension>
        </extensions>
      </trkpt>
      <trkpt lat="45.67189939320087432861328125" lon="6.57892470248043537139892578125">
        <ele>1308.800048828125</ele>
        <time>2025-05-30T09:42:26.000Z</time>
        <extensions>
          <ns3:TrackPointExtension>
            <ns3:atemp>27.0</ns3:atemp>
          </ns3:TrackPointExtension>
        </extensions>
      </trkpt>
      <trkpt lat="45.67179671488702297210693359375" lon="6.57880400307476520538330078125">
        <ele>1310</ele>
        <time>2025-05-30T09:42:30.000Z</time>
        <extensions>
          <ns3:TrackPointExtension>
            <ns3:atemp>27.0</ns3:atemp>
          </ns3:TrackPointExtension>
        </extensions>
      </trkpt>
      <trkpt lat="45.67177643068134784698486328125" lon="6.57877466641366481781005859375">
        <ele>1310.199951171875</ele>
        <time>2025-05-30T09:42:31.000Z</time>
        <extensions>
          <ns3:TrackPointExtension>
            <ns3:atemp>27.0</ns3:atemp>
          </ns3:TrackPointExtension>
        </extensions>
      </trkpt>
      <trkpt lat="45.67174114286899566650390625" lon="6.57870559953153133392333984375">
        <ele>1310.5999755859375</ele>
        <time>2025-05-30T09:42:33.000Z</time>
        <extensions>
          <ns3:TrackPointExtension>
            <ns3:atemp>27.0</ns3:atemp>
          </ns3:TrackPointExtension>
        </extensions>
      </trkpt>
      <trkpt lat="45.671728067100048065185546875" lon="6.578685231506824493408203125">
        <ele>1311.4000244140625</ele>
        <time>2025-05-30T09:42:34.000Z</time>
        <extensions>
          <ns3:TrackPointExtension>
            <ns3:atemp>27.0</ns3:atemp>
          </ns3:TrackPointExtension>
        </extensions>
      </trkpt>
      <trkpt lat="45.67168205045163631439208984375" lon="6.57861423678696155548095703125">
        <ele>1312.4000244140625</ele>
        <time>2025-05-30T09:42:38.000Z</time>
        <extensions>
          <ns3:TrackPointExtension>
            <ns3:atemp>27.0</ns3:atemp>
          </ns3:TrackPointExtension>
        </extensions>
      </trkpt>
      <trkpt lat="45.67165053449571132659912109375" lon="6.5785757638514041900634765625">
        <ele>1313</ele>
        <time>2025-05-30T09:42:40.000Z</time>
        <extensions>
          <ns3:TrackPointExtension>
            <ns3:atemp>27.0</ns3:atemp>
          </ns3:TrackPointExtension>
        </extensions>
      </trkpt>
      <trkpt lat="45.67161935381591320037841796875" lon="6.578545086085796356201171875">
        <ele>1313.199951171875</ele>
        <time>2025-05-30T09:42:42.000Z</time>
        <extensions>
          <ns3:TrackPointExtension>
            <ns3:atemp>27.0</ns3:atemp>
          </ns3:TrackPointExtension>
        </extensions>
      </trkpt>
      <trkpt lat="45.67155665718019008636474609375" lon="6.57846889458596706390380859375">
        <ele>1314.5999755859375</ele>
        <time>2025-05-30T09:42:46.000Z</time>
        <extensions>
          <ns3:TrackPointExtension>
            <ns3:atemp>27.0</ns3:atemp>
          </ns3:TrackPointExtension>
        </extensions>
      </trkpt>
      <trkpt lat="45.67148054949939250946044921875" lon="6.57836638391017913818359375">
        <ele>1315.800048828125</ele>
        <time>2025-05-30T09:42:51.000Z</time>
        <extensions>
          <ns3:TrackPointExtension>
            <ns3:atemp>27.0</ns3:atemp>
          </ns3:TrackPointExtension>
        </extensions>
      </trkpt>
      <trkpt lat="45.67143377847969532012939453125" lon="6.5783028490841388702392578125">
        <ele>1316.5999755859375</ele>
        <time>2025-05-30T09:42:54.000Z</time>
        <extensions>
          <ns3:TrackPointExtension>
            <ns3:atemp>27.0</ns3:atemp>
          </ns3:TrackPointExtension>
        </extensions>
      </trkpt>
      <trkpt lat="45.6714177690446376800537109375" lon="6.578279547393321990966796875">
        <ele>1316.800048828125</ele>
        <time>2025-05-30T09:42:55.000Z</time>
        <extensions>
          <ns3:TrackPointExtension>
            <ns3:atemp>27.0</ns3:atemp>
          </ns3:TrackPointExtension>
        </extensions>
      </trkpt>
      <trkpt lat="45.67135230638086795806884765625" lon="6.57819447107613086700439453125">
        <ele>1318.199951171875</ele>
        <time>2025-05-30T09:42:59.000Z</time>
        <extensions>
          <ns3:TrackPointExtension>
            <ns3:atemp>27.0</ns3:atemp>
          </ns3:TrackPointExtension>
        </extensions>
      </trkpt>
      <trkpt lat="45.6713367998600006103515625" lon="6.57817502506077289581298828125">
        <ele>1318.4000244140625</ele>
        <time>2025-05-30T09:43:00.000Z</time>
        <extensions>
          <ns3:TrackPointExtension>
            <ns3:atemp>27.0</ns3:atemp>
          </ns3:TrackPointExtension>
        </extensions>
      </trkpt>
      <trkpt lat="45.67129044793546199798583984375" lon="6.57812875695526599884033203125">
        <ele>1319.4000244140625</ele>
        <time>2025-05-30T09:43:03.000Z</time>
        <extensions>
          <ns3:TrackPointExtension>
            <ns3:atemp>27.0</ns3:atemp>
          </ns3:TrackPointExtension>
        </extensions>
      </trkpt>
      <trkpt lat="45.67123697139322757720947265625" lon="6.5780808962881565093994140625">
        <ele>1320.199951171875</ele>
        <time>2025-05-30T09:43:06.000Z</time>
        <extensions>
          <ns3:TrackPointExtension>
            <ns3:atemp>27.0</ns3:atemp>
          </ns3:TrackPointExtension>
        </extensions>
      </trkpt>
      <trkpt lat="45.6712015159428119659423828125" lon="6.5780523978173732757568359375">
        <ele>1320.5999755859375</ele>
        <time>2025-05-30T09:43:08.000Z</time>
        <extensions>
          <ns3:TrackPointExtension>
            <ns3:atemp>27.0</ns3:atemp>
          </ns3:TrackPointExtension>
        </extensions>
      </trkpt>
      <trkpt lat="45.6711800582706928253173828125" lon="6.57803907059133052825927734375">
        <ele>1320.800048828125</ele>
        <time>2025-05-30T09:43:09.000Z</time>
        <extensions>
          <ns3:TrackPointExtension>
            <ns3:atemp>27.0</ns3:atemp>
          </ns3:TrackPointExtension>
        </extensions>
      </trkpt>
      <trkpt lat="45.6711404956877231597900390625" lon="6.5780218876898288726806640625">
        <ele>1321.5999755859375</ele>
        <time>2025-05-30T09:43:11.000Z</time>
        <extensions>
          <ns3:TrackPointExtension>
            <ns3:atemp>27.0</ns3:atemp>
          </ns3:TrackPointExtension>
        </extensions>
      </trkpt>
      <trkpt lat="45.6711166910827159881591796875" lon="6.5780170261859893798828125">
        <ele>1321.800048828125</ele>
        <time>2025-05-30T09:43:12.000Z</time>
        <extensions>
          <ns3:TrackPointExtension>
            <ns3:atemp>27.0</ns3:atemp>
          </ns3:TrackPointExtension>
        </extensions>
      </trkpt>
      <trkpt lat="45.671030692756175994873046875" lon="6.578007303178310394287109375">
        <ele>1322.800048828125</ele>
        <time>2025-05-30T09:43:16.000Z</time>
        <extensions>
          <ns3:TrackPointExtension>
            <ns3:atemp>26.0</ns3:atemp>
          </ns3:TrackPointExtension>
        </extensions>
      </trkpt>
      <trkpt lat="45.670976378023624420166015625" lon="6.57800068147480487823486328125">
        <ele>1323.800048828125</ele>
        <time>2025-05-30T09:43:19.000Z</time>
        <extensions>
          <ns3:TrackPointExtension>
            <ns3:atemp>26.0</ns3:atemp>
          </ns3:TrackPointExtension>
        </extensions>
      </trkpt>
      <trkpt lat="45.67091342993080615997314453125" lon="6.5780185349285602569580078125">
        <ele>1324.5999755859375</ele>
        <time>2025-05-30T09:43:22.000Z</time>
        <extensions>
          <ns3:TrackPointExtension>
            <ns3:atemp>26.0</ns3:atemp>
          </ns3:TrackPointExtension>
        </extensions>
      </trkpt>
      <trkpt lat="45.6708930619060993194580078125" lon="6.57802348025143146514892578125">
        <ele>1325</ele>
        <time>2025-05-30T09:43:23.000Z</time>
        <extensions>
          <ns3:TrackPointExtension>
            <ns3:atemp>26.0</ns3:atemp>
          </ns3:TrackPointExtension>
        </extensions>
      </trkpt>
      <trkpt lat="45.67080094479024410247802734375" lon="6.57802146859467029571533203125">
        <ele>1326.199951171875</ele>
        <time>2025-05-30T09:43:27.000Z</time>
        <extensions>
          <ns3:TrackPointExtension>
            <ns3:atemp>26.0</ns3:atemp>
          </ns3:TrackPointExtension>
        </extensions>
      </trkpt>
      <trkpt lat="45.67075618542730808258056640625" lon="6.57802213914692401885986328125">
        <ele>1326.800048828125</ele>
        <time>2025-05-30T09:43:29.000Z</time>
        <extensions>
          <ns3:TrackPointExtension>
            <ns3:atemp>26.0</ns3:atemp>
          </ns3:TrackPointExtension>
        </extensions>
      </trkpt>
      <trkpt lat="45.6707391701638698577880859375" lon="6.57802666537463665008544921875">
        <ele>1327.199951171875</ele>
        <time>2025-05-30T09:43:30.000Z</time>
        <extensions>
          <ns3:TrackPointExtension>
            <ns3:atemp>26.0</ns3:atemp>
          </ns3:TrackPointExtension>
        </extensions>
      </trkpt>
      <trkpt lat="45.67071142606437206268310546875" lon="6.5780279226601123809814453125">
        <ele>1327.4000244140625</ele>
        <time>2025-05-30T09:43:31.000Z</time>
        <extensions>
          <ns3:TrackPointExtension>
            <ns3:atemp>26.0</ns3:atemp>
          </ns3:TrackPointExtension>
        </extensions>
      </trkpt>
      <trkpt lat="45.67064470611512660980224609375" lon="6.57802616246044635772705078125">
        <ele>1328.199951171875</ele>
        <time>2025-05-30T09:43:34.000Z</time>
        <extensions>
          <ns3:TrackPointExtension>
            <ns3:atemp>26.0</ns3:atemp>
          </ns3:TrackPointExtension>
        </extensions>
      </trkpt>
      <trkpt lat="45.67061989568173885345458984375" lon="6.57803538255393505096435546875">
        <ele>1328.5999755859375</ele>
        <time>2025-05-30T09:43:35.000Z</time>
        <extensions>
          <ns3:TrackPointExtension>
            <ns3:atemp>26.0</ns3:atemp>
          </ns3:TrackPointExtension>
        </extensions>
      </trkpt>
      <trkpt lat="45.6705534271895885467529296875" lon="6.57802641391754150390625">
        <ele>1329</ele>
        <time>2025-05-30T09:43:38.000Z</time>
        <extensions>
          <ns3:TrackPointExtension>
            <ns3:atemp>26.0</ns3:atemp>
          </ns3:TrackPointExtension>
        </extensions>
      </trkpt>
      <trkpt lat="45.67053624428808689117431640625" lon="6.57802381552755832672119140625">
        <ele>1329.199951171875</ele>
        <time>2025-05-30T09:43:39.000Z</time>
        <extensions>
          <ns3:TrackPointExtension>
            <ns3:atemp>26.0</ns3:atemp>
          </ns3:TrackPointExtension>
        </extensions>
      </trkpt>
      <trkpt lat="45.67051227204501628875732421875" lon="6.57802498899400234222412109375">
        <ele>1329.5999755859375</ele>
        <time>2025-05-30T09:43:40.000Z</time>
        <extensions>
          <ns3:TrackPointExtension>
            <ns3:atemp>26.0</ns3:atemp>
          </ns3:TrackPointExtension>
        </extensions>
      </trkpt>
      <trkpt lat="45.67046575248241424560546875" lon="6.578015349805355072021484375">
        <ele>1330</ele>
        <time>2025-05-30T09:43:42.000Z</time>
        <extensions>
          <ns3:TrackPointExtension>
            <ns3:atemp>26.0</ns3:atemp>
          </ns3:TrackPointExtension>
        </extensions>
      </trkpt>
      <trkpt lat="45.6703904829919338226318359375" lon="6.5780078060925006866455078125">
        <ele>1331</ele>
        <time>2025-05-30T09:43:45.000Z</time>
        <extensions>
          <ns3:TrackPointExtension>
            <ns3:atemp>26.0</ns3:atemp>
          </ns3:TrackPointExtension>
        </extensions>
      </trkpt>
      <trkpt lat="45.670363493263721466064453125" lon="6.57800688408315181732177734375">
        <ele>1331</ele>
        <time>2025-05-30T09:43:46.000Z</time>
        <extensions>
          <ns3:TrackPointExtension>
            <ns3:atemp>26.0</ns3:atemp>
          </ns3:TrackPointExtension>
        </extensions>
      </trkpt>
      <trkpt lat="45.67022359929978847503662109375" lon="6.57797570340335369110107421875">
        <ele>1332.4000244140625</ele>
        <time>2025-05-30T09:43:52.000Z</time>
        <extensions>
          <ns3:TrackPointExtension>
            <ns3:atemp>26.0</ns3:atemp>
          </ns3:TrackPointExtension>
        </extensions>
      </trkpt>
      <trkpt lat="45.6701363436877727508544921875" lon="6.57796011306345462799072265625">
        <ele>1333.4000244140625</ele>
        <time>2025-05-30T09:43:56.000Z</time>
        <extensions>
          <ns3:TrackPointExtension>
            <ns3:atemp>26.0</ns3:atemp>
          </ns3:TrackPointExtension>
        </extensions>
      </trkpt>
      <trkpt lat="45.6700471602380275726318359375" lon="6.577950306236743927001953125">
        <ele>1334.800048828125</ele>
        <time>2025-05-30T09:44:00.000Z</time>
        <extensions>
          <ns3:TrackPointExtension>
            <ns3:atemp>26.0</ns3:atemp>
          </ns3:TrackPointExtension>
        </extensions>
      </trkpt>
      <trkpt lat="45.67002444528043270111083984375" lon="6.5779491327702999114990234375">
        <ele>1335</ele>
        <time>2025-05-30T09:44:01.000Z</time>
        <extensions>
          <ns3:TrackPointExtension>
            <ns3:atemp>26.0</ns3:atemp>
          </ns3:TrackPointExtension>
        </extensions>
      </trkpt>
      <trkpt lat="45.6699207611382007598876953125" lon="6.57794854603707790374755859375">
        <ele>1335.800048828125</ele>
        <time>2025-05-30T09:44:05.000Z</time>
        <extensions>
          <ns3:TrackPointExtension>
            <ns3:atemp>26.0</ns3:atemp>
          </ns3:TrackPointExtension>
        </extensions>
      </trkpt>
      <trkpt lat="45.66982629708945751190185546875" lon="6.57794686965644359588623046875">
        <ele>1336.5999755859375</ele>
        <time>2025-05-30T09:44:09.000Z</time>
        <extensions>
          <ns3:TrackPointExtension>
            <ns3:atemp>26.0</ns3:atemp>
          </ns3:TrackPointExtension>
        </extensions>
      </trkpt>
      <trkpt lat="45.66980198957026004791259765625" lon="6.57794871367514133453369140625">
        <ele>1337.199951171875</ele>
        <time>2025-05-30T09:44:10.000Z</time>
        <extensions>
          <ns3:TrackPointExtension>
            <ns3:atemp>26.0</ns3:atemp>
          </ns3:TrackPointExtension>
        </extensions>
      </trkpt>
      <trkpt lat="45.66968045197427272796630859375" lon="6.57795558683574199676513671875">
        <ele>1338.4000244140625</ele>
        <time>2025-05-30T09:44:15.000Z</time>
        <extensions>
          <ns3:TrackPointExtension>
            <ns3:atemp>26.0</ns3:atemp>
          </ns3:TrackPointExtension>
        </extensions>
      </trkpt>
      <trkpt lat="45.66963368095457553863525390625" lon="6.5779499709606170654296875">
        <ele>1338.5999755859375</ele>
        <time>2025-05-30T09:44:17.000Z</time>
        <extensions>
          <ns3:TrackPointExtension>
            <ns3:atemp>26.0</ns3:atemp>
          </ns3:TrackPointExtension>
        </extensions>
      </trkpt>
      <trkpt lat="45.6695826351642608642578125" lon="6.577953658998012542724609375">
        <ele>1339.4000244140625</ele>
        <time>2025-05-30T09:44:19.000Z</time>
        <extensions>
          <ns3:TrackPointExtension>
            <ns3:atemp>26.0</ns3:atemp>
          </ns3:TrackPointExtension>
        </extensions>
      </trkpt>
      <trkpt lat="45.669475011527538299560546875" lon="6.5779888629913330078125">
        <ele>1340.199951171875</ele>
        <time>2025-05-30T09:44:24.000Z</time>
        <extensions>
          <ns3:TrackPointExtension>
            <ns3:atemp>26.0</ns3:atemp>
          </ns3:TrackPointExtension>
        </extensions>
      </trkpt>
      <trkpt lat="45.66945263184607028961181640625" lon="6.577997244894504547119140625">
        <ele>1340.5999755859375</ele>
        <time>2025-05-30T09:44:25.000Z</time>
        <extensions>
          <ns3:TrackPointExtension>
            <ns3:atemp>26.0</ns3:atemp>
          </ns3:TrackPointExtension>
        </extensions>
      </trkpt>
      <trkpt lat="45.66934517584741115570068359375" lon="6.57804988324642181396484375">
        <ele>1342</ele>
        <time>2025-05-30T09:44:30.000Z</time>
        <extensions>
          <ns3:TrackPointExtension>
            <ns3:atemp>26.0</ns3:atemp>
          </ns3:TrackPointExtension>
        </extensions>
      </trkpt>
      <trkpt lat="45.66932539455592632293701171875" lon="6.57805256545543670654296875">
        <ele>1342.199951171875</ele>
        <time>2025-05-30T09:44:31.000Z</time>
        <extensions>
          <ns3:TrackPointExtension>
            <ns3:atemp>26.0</ns3:atemp>
          </ns3:TrackPointExtension>
        </extensions>
      </trkpt>
      <trkpt lat="45.6692455150187015533447265625" lon="6.57806203700602054595947265625">
        <ele>1343.199951171875</ele>
        <time>2025-05-30T09:44:34.000Z</time>
        <extensions>
          <ns3:TrackPointExtension>
            <ns3:atemp>26.0</ns3:atemp>
          </ns3:TrackPointExtension>
        </extensions>
      </trkpt>
      <trkpt lat="45.6691717542707920074462890625" lon="6.57807712443172931671142578125">
        <ele>1344</ele>
        <time>2025-05-30T09:44:37.000Z</time>
        <extensions>
          <ns3:TrackPointExtension>
            <ns3:atemp>26.0</ns3:atemp>
          </ns3:TrackPointExtension>
        </extensions>
      </trkpt>
      <trkpt lat="45.669145770370960235595703125" lon="6.57808718271553516387939453125">
        <ele>1344</ele>
        <time>2025-05-30T09:44:38.000Z</time>
        <extensions>
          <ns3:TrackPointExtension>
            <ns3:atemp>26.0</ns3:atemp>
          </ns3:TrackPointExtension>
        </extensions>
      </trkpt>
      <trkpt lat="45.66905331797897815704345703125" lon="6.578099168837070465087890625">
        <ele>1345.199951171875</ele>
        <time>2025-05-30T09:44:42.000Z</time>
        <extensions>
          <ns3:TrackPointExtension>
            <ns3:atemp>26.0</ns3:atemp>
          </ns3:TrackPointExtension>
        </extensions>
      </trkpt>
      <trkpt lat="45.66898047924041748046875" lon="6.578114926815032958984375">
        <ele>1346.199951171875</ele>
        <time>2025-05-30T09:44:45.000Z</time>
        <extensions>
          <ns3:TrackPointExtension>
            <ns3:atemp>26.0</ns3:atemp>
          </ns3:TrackPointExtension>
        </extensions>
      </trkpt>
      <trkpt lat="45.66891434602439403533935546875" lon="6.57812590710818767547607421875">
        <ele>1347.199951171875</ele>
        <time>2025-05-30T09:44:48.000Z</time>
        <extensions>
          <ns3:TrackPointExtension>
            <ns3:atemp>26.0</ns3:atemp>
          </ns3:TrackPointExtension>
        </extensions>
      </trkpt>
      <trkpt lat="45.66884041763842105865478515625" lon="6.5781430900096893310546875">
        <ele>1348</ele>
        <time>2025-05-30T09:44:51.000Z</time>
        <extensions>
          <ns3:TrackPointExtension>
            <ns3:atemp>26.0</ns3:atemp>
          </ns3:TrackPointExtension>
        </extensions>
      </trkpt>
      <trkpt lat="45.668810494244098663330078125" lon="6.5781422518193721771240234375">
        <ele>1348.4000244140625</ele>
        <time>2025-05-30T09:44:52.000Z</time>
        <extensions>
          <ns3:TrackPointExtension>
            <ns3:atemp>26.0</ns3:atemp>
          </ns3:TrackPointExtension>
        </extensions>
      </trkpt>
      <trkpt lat="45.668689794838428497314453125" lon="6.57813881523907184600830078125">
        <ele>1349.5999755859375</ele>
        <time>2025-05-30T09:44:57.000Z</time>
        <extensions>
          <ns3:TrackPointExtension>
            <ns3:atemp>26.0</ns3:atemp>
          </ns3:TrackPointExtension>
        </extensions>
      </trkpt>
      <trkpt lat="45.66866691224277019500732421875" lon="6.5781258232891559600830078125">
        <ele>1349.5999755859375</ele>
        <time>2025-05-30T09:44:58.000Z</time>
        <extensions>
          <ns3:TrackPointExtension>
            <ns3:atemp>26.0</ns3:atemp>
          </ns3:TrackPointExtension>
        </extensions>
      </trkpt>
      <trkpt lat="45.6685065664350986480712890625" lon="6.57808802090585231781005859375">
        <ele>1350.4000244140625</ele>
        <time>2025-05-30T09:45:04.000Z</time>
        <extensions>
          <ns3:TrackPointExtension>
            <ns3:atemp>26.0</ns3:atemp>
          </ns3:TrackPointExtension>
        </extensions>
      </trkpt>
      <trkpt lat="45.668363235890865325927734375" lon="6.57810025848448276519775390625">
        <ele>1351.4000244140625</ele>
        <time>2025-05-30T09:45:09.000Z</time>
        <extensions>
          <ns3:TrackPointExtension>
            <ns3:atemp>26.0</ns3:atemp>
          </ns3:TrackPointExtension>
        </extensions>
      </trkpt>
      <trkpt lat="45.66830967552959918975830078125" lon="6.57808072865009307861328125">
        <ele>1352</ele>
        <time>2025-05-30T09:45:11.000Z</time>
        <extensions>
          <ns3:TrackPointExtension>
            <ns3:atemp>26.0</ns3:atemp>
          </ns3:TrackPointExtension>
        </extensions>
      </trkpt>
      <trkpt lat="45.6682447157800197601318359375" lon="6.57805516384541988372802734375">
        <ele>1352.5999755859375</ele>
        <time>2025-05-30T09:45:13.000Z</time>
        <extensions>
          <ns3:TrackPointExtension>
            <ns3:atemp>26.0</ns3:atemp>
          </ns3:TrackPointExtension>
        </extensions>
      </trkpt>
      <trkpt lat="45.66813348792493343353271484375" lon="6.5780165232717990875244140625">
        <ele>1353.5999755859375</ele>
        <time>2025-05-30T09:45:17.000Z</time>
        <extensions>
          <ns3:TrackPointExtension>
            <ns3:atemp>26.0</ns3:atemp>
          </ns3:TrackPointExtension>
        </extensions>
      </trkpt>
      <trkpt lat="45.66807783208787441253662109375" lon="6.57799984328448772430419921875">
        <ele>1354</ele>
        <time>2025-05-30T09:45:19.000Z</time>
        <extensions>
          <ns3:TrackPointExtension>
            <ns3:atemp>26.0</ns3:atemp>
          </ns3:TrackPointExtension>
        </extensions>
      </trkpt>
      <trkpt lat="45.6679402850568294525146484375" lon="6.578050889074802398681640625">
        <ele>1354.4000244140625</ele>
        <time>2025-05-30T09:45:24.000Z</time>
        <extensions>
          <ns3:TrackPointExtension>
            <ns3:atemp>26.0</ns3:atemp>
          </ns3:TrackPointExtension>
        </extensions>
      </trkpt>
      <trkpt lat="45.66784196533262729644775390625" lon="6.578142084181308746337890625">
        <ele>1355.4000244140625</ele>
        <time>2025-05-30T09:45:28.000Z</time>
        <extensions>
          <ns3:TrackPointExtension>
            <ns3:atemp>26.0</ns3:atemp>
          </ns3:TrackPointExtension>
        </extensions>
      </trkpt>
      <trkpt lat="45.66769637167453765869140625" lon="6.57823227345943450927734375">
        <ele>1356</ele>
        <time>2025-05-30T09:45:33.000Z</time>
        <extensions>
          <ns3:TrackPointExtension>
            <ns3:atemp>26.0</ns3:atemp>
          </ns3:TrackPointExtension>
        </extensions>
      </trkpt>
      <trkpt lat="45.6676326692104339599609375" lon="6.57825280912220478057861328125">
        <ele>1356.800048828125</ele>
        <time>2025-05-30T09:45:35.000Z</time>
        <extensions>
          <ns3:TrackPointExtension>
            <ns3:atemp>26.0</ns3:atemp>
          </ns3:TrackPointExtension>
        </extensions>
      </trkpt>
      <trkpt lat="45.6675077788531780242919921875" lon="6.57830846495926380157470703125">
        <ele>1357.5999755859375</ele>
        <time>2025-05-30T09:45:39.000Z</time>
        <extensions>
          <ns3:TrackPointExtension>
            <ns3:atemp>26.0</ns3:atemp>
          </ns3:TrackPointExtension>
        </extensions>
      </trkpt>
      <trkpt lat="45.667475759983062744140625" lon="6.57831734977662563323974609375">
        <ele>1357.800048828125</ele>
        <time>2025-05-30T09:45:40.000Z</time>
        <extensions>
          <ns3:TrackPointExtension>
            <ns3:atemp>26.0</ns3:atemp>
          </ns3:TrackPointExtension>
        </extensions>
      </trkpt>
      <trkpt lat="45.66734860651195049285888671875" lon="6.578358002007007598876953125">
        <ele>1358.800048828125</ele>
        <time>2025-05-30T09:45:44.000Z</time>
        <extensions>
          <ns3:TrackPointExtension>
            <ns3:atemp>26.0</ns3:atemp>
          </ns3:TrackPointExtension>
        </extensions>
      </trkpt>
      <trkpt lat="45.66718834452331066131591796875" lon="6.57838759012520313262939453125">
        <ele>1359.5999755859375</ele>
        <time>2025-05-30T09:45:49.000Z</time>
        <extensions>
          <ns3:TrackPointExtension>
            <ns3:atemp>26.0</ns3:atemp>
          </ns3:TrackPointExtension>
        </extensions>
      </trkpt>
      <trkpt lat="45.6671533919870853424072265625" lon="6.57839546911418437957763671875">
        <ele>1359.800048828125</ele>
        <time>2025-05-30T09:45:50.000Z</time>
        <extensions>
          <ns3:TrackPointExtension>
            <ns3:atemp>26.0</ns3:atemp>
          </ns3:TrackPointExtension>
        </extensions>
      </trkpt>
      <trkpt lat="45.66696773283183574676513671875" lon="6.5784359537065029144287109375">
        <ele>1360.800048828125</ele>
        <time>2025-05-30T09:45:56.000Z</time>
        <extensions>
          <ns3:TrackPointExtension>
            <ns3:atemp>26.0</ns3:atemp>
          </ns3:TrackPointExtension>
        </extensions>
      </trkpt>
      <trkpt lat="45.66693906672298908233642578125" lon="6.5784349478781223297119140625">
        <ele>1361.4000244140625</ele>
        <time>2025-05-30T09:45:57.000Z</time>
        <extensions>
          <ns3:TrackPointExtension>
            <ns3:atemp>26.0</ns3:atemp>
          </ns3:TrackPointExtension>
        </extensions>
      </trkpt>
      <trkpt lat="45.666839070618152618408203125" lon="6.57847107388079166412353515625">
        <ele>1362</ele>
        <time>2025-05-30T09:46:01.000Z</time>
        <extensions>
          <ns3:TrackPointExtension>
            <ns3:atemp>26.0</ns3:atemp>
          </ns3:TrackPointExtension>
        </extensions>
      </trkpt>
      <trkpt lat="45.6668154336512088775634765625" lon="6.57849420793354511260986328125">
        <ele>1362</ele>
        <time>2025-05-30T09:46:02.000Z</time>
        <extensions>
          <ns3:TrackPointExtension>
            <ns3:atemp>26.0</ns3:atemp>
          </ns3:TrackPointExtension>
        </extensions>
      </trkpt>
      <trkpt lat="45.66671493463218212127685546875" lon="6.57853879965841770172119140625">
        <ele>1363</ele>
        <time>2025-05-30T09:46:06.000Z</time>
        <extensions>
          <ns3:TrackPointExtension>
            <ns3:atemp>26.0</ns3:atemp>
          </ns3:TrackPointExtension>
        </extensions>
      </trkpt>
      <trkpt lat="45.6666912138462066650390625" lon="6.57855824567377567291259765625">
        <ele>1363.199951171875</ele>
        <time>2025-05-30T09:46:07.000Z</time>
        <extensions>
          <ns3:TrackPointExtension>
            <ns3:atemp>26.0</ns3:atemp>
          </ns3:TrackPointExtension>
        </extensions>
      </trkpt>
      <trkpt lat="45.66660110838711261749267578125" lon="6.5785744227468967437744140625">
        <ele>1364.199951171875</ele>
        <time>2025-05-30T09:46:10.000Z</time>
        <extensions>
          <ns3:TrackPointExtension>
            <ns3:atemp>26.0</ns3:atemp>
          </ns3:TrackPointExtension>
        </extensions>
      </trkpt>
      <trkpt lat="45.66651896573603153228759765625" lon="6.5786056034266948699951171875">
        <ele>1364.5999755859375</ele>
        <time>2025-05-30T09:46:13.000Z</time>
        <extensions>
          <ns3:TrackPointExtension>
            <ns3:atemp>26.0</ns3:atemp>
          </ns3:TrackPointExtension>
        </extensions>
      </trkpt>
      <trkpt lat="45.66649348475039005279541015625" lon="6.57861641608178615570068359375">
        <ele>1364.5999755859375</ele>
        <time>2025-05-30T09:46:14.000Z</time>
        <extensions>
          <ns3:TrackPointExtension>
            <ns3:atemp>26.0</ns3:atemp>
          </ns3:TrackPointExtension>
        </extensions>
      </trkpt>
      <trkpt lat="45.666440092027187347412109375" lon="6.5786334313452243804931640625">
        <ele>1365</ele>
        <time>2025-05-30T09:46:16.000Z</time>
        <extensions>
          <ns3:TrackPointExtension>
            <ns3:atemp>26.0</ns3:atemp>
          </ns3:TrackPointExtension>
        </extensions>
      </trkpt>
      <trkpt lat="45.66636205650866031646728515625" lon="6.5786401368677616119384765625">
        <ele>1366</ele>
        <time>2025-05-30T09:46:19.000Z</time>
        <extensions>
          <ns3:TrackPointExtension>
            <ns3:atemp>26.0</ns3:atemp>
          </ns3:TrackPointExtension>
        </extensions>
      </trkpt>
      <trkpt lat="45.6661804206669330596923828125" lon="6.578665785491466522216796875">
        <ele>1367.199951171875</ele>
        <time>2025-05-30T09:46:25.000Z</time>
        <extensions>
          <ns3:TrackPointExtension>
            <ns3:atemp>26.0</ns3:atemp>
          </ns3:TrackPointExtension>
        </extensions>
      </trkpt>
      <trkpt lat="45.66615183837711811065673828125" lon="6.57867215573787689208984375">
        <ele>1367.5999755859375</ele>
        <time>2025-05-30T09:46:26.000Z</time>
        <extensions>
          <ns3:TrackPointExtension>
            <ns3:atemp>25.0</ns3:atemp>
          </ns3:TrackPointExtension>
        </extensions>
      </trkpt>
      <trkpt lat="45.66603398881852626800537109375" lon="6.57872454263269901275634765625">
        <ele>1368.4000244140625</ele>
        <time>2025-05-30T09:46:30.000Z</time>
        <extensions>
          <ns3:TrackPointExtension>
            <ns3:atemp>25.0</ns3:atemp>
          </ns3:TrackPointExtension>
        </extensions>
      </trkpt>
      <trkpt lat="45.66598705016076564788818359375" lon="6.57876511104404926300048828125">
        <ele>1368.5999755859375</ele>
        <time>2025-05-30T09:46:32.000Z</time>
        <extensions>
          <ns3:TrackPointExtension>
            <ns3:atemp>25.0</ns3:atemp>
          </ns3:TrackPointExtension>
        </extensions>
      </trkpt>
      <trkpt lat="45.66580952145159244537353515625" lon="6.578877680003643035888671875">
        <ele>1370</ele>
        <time>2025-05-30T09:47:12.000Z</time>
        <extensions>
          <ns3:TrackPointExtension>
            <ns3:atemp>25.0</ns3:atemp>
          </ns3:TrackPointExtension>
        </extensions>
      </trkpt>
      <trkpt lat="45.6656885705888271331787109375" lon="6.57893978990614414215087890625">
        <ele>1370.4000244140625</ele>
        <time>2025-05-30T09:47:17.000Z</time>
        <extensions>
          <ns3:TrackPointExtension>
            <ns3:atemp>25.0</ns3:atemp>
          </ns3:TrackPointExtension>
        </extensions>
      </trkpt>
      <trkpt lat="45.665587820112705230712890625" lon="6.5789787657558917999267578125">
        <ele>1371</ele>
        <time>2025-05-30T09:47:21.000Z</time>
        <extensions>
          <ns3:TrackPointExtension>
            <ns3:atemp>25.0</ns3:atemp>
          </ns3:TrackPointExtension>
        </extensions>
      </trkpt>
      <trkpt lat="45.66554213874042034149169921875" lon="6.57900340855121612548828125">
        <ele>1371.199951171875</ele>
        <time>2025-05-30T09:47:23.000Z</time>
        <extensions>
          <ns3:TrackPointExtension>
            <ns3:atemp>25.0</ns3:atemp>
          </ns3:TrackPointExtension>
        </extensions>
      </trkpt>
      <trkpt lat="45.665444321930408477783203125" lon="6.57903718762099742889404296875">
        <ele>1372</ele>
        <time>2025-05-30T09:47:27.000Z</time>
        <extensions>
          <ns3:TrackPointExtension>
            <ns3:atemp>25.0</ns3:atemp>
          </ns3:TrackPointExtension>
        </extensions>
      </trkpt>
      <trkpt lat="45.66536343656480312347412109375" lon="6.579046659171581268310546875">
        <ele>1373</ele>
        <time>2025-05-30T09:47:30.000Z</time>
        <extensions>
          <ns3:TrackPointExtension>
            <ns3:atemp>25.0</ns3:atemp>
          </ns3:TrackPointExtension>
        </extensions>
      </trkpt>
      <trkpt lat="45.6653398834168910980224609375" lon="6.57905227504670619964599609375">
        <ele>1373</ele>
        <time>2025-05-30T09:47:31.000Z</time>
        <extensions>
          <ns3:TrackPointExtension>
            <ns3:atemp>25.0</ns3:atemp>
          </ns3:TrackPointExtension>
        </extensions>
      </trkpt>
      <trkpt lat="45.6652322597801685333251953125" lon="6.57906669192016124725341796875">
        <ele>1374.199951171875</ele>
        <time>2025-05-30T09:47:35.000Z</time>
        <extensions>
          <ns3:TrackPointExtension>
            <ns3:atemp>25.0</ns3:atemp>
          </ns3:TrackPointExtension>
        </extensions>
      </trkpt>
      <trkpt lat="45.66514265723526477813720703125" lon="6.57907675020396709442138671875">
        <ele>1374.800048828125</ele>
        <time>2025-05-30T09:47:38.000Z</time>
        <extensions>
          <ns3:TrackPointExtension>
            <ns3:atemp>25.0</ns3:atemp>
          </ns3:TrackPointExtension>
        </extensions>
      </trkpt>
      <trkpt lat="45.66510326229035854339599609375" lon="6.5790739841759204864501953125">
        <ele>1375</ele>
        <time>2025-05-30T09:47:39.000Z</time>
        <extensions>
          <ns3:TrackPointExtension>
            <ns3:atemp>25.0</ns3:atemp>
          </ns3:TrackPointExtension>
        </extensions>
      </trkpt>
      <trkpt lat="45.66496881656348705291748046875" lon="6.57910407520830631256103515625">
        <ele>1376.199951171875</ele>
        <time>2025-05-30T09:47:44.000Z</time>
        <extensions>
          <ns3:TrackPointExtension>
            <ns3:atemp>25.0</ns3:atemp>
          </ns3:TrackPointExtension>
        </extensions>
      </trkpt>
      <trkpt lat="45.664913915097713470458984375" lon="6.57911279238760471343994140625">
        <ele>1376.5999755859375</ele>
        <time>2025-05-30T09:47:46.000Z</time>
        <extensions>
          <ns3:TrackPointExtension>
            <ns3:atemp>25.0</ns3:atemp>
          </ns3:TrackPointExtension>
        </extensions>
      </trkpt>
      <trkpt lat="45.66480604000389575958251953125" lon="6.57913877628743648529052734375">
        <ele>1377.5999755859375</ele>
        <time>2025-05-30T09:47:50.000Z</time>
        <extensions>
          <ns3:TrackPointExtension>
            <ns3:atemp>25.0</ns3:atemp>
          </ns3:TrackPointExtension>
        </extensions>
      </trkpt>
      <trkpt lat="45.6646988354623317718505859375" lon="6.579164676368236541748046875">
        <ele>1378.199951171875</ele>
        <time>2025-05-30T09:47:54.000Z</time>
        <extensions>
          <ns3:TrackPointExtension>
            <ns3:atemp>25.0</ns3:atemp>
          </ns3:TrackPointExtension>
        </extensions>
      </trkpt>
      <trkpt lat="45.66467142663896083831787109375" lon="6.57917230390012264251708984375">
        <ele>1378.5999755859375</ele>
        <time>2025-05-30T09:47:55.000Z</time>
        <extensions>
          <ns3:TrackPointExtension>
            <ns3:atemp>25.0</ns3:atemp>
          </ns3:TrackPointExtension>
        </extensions>
      </trkpt>
      <trkpt lat="45.66452826373279094696044921875" lon="6.57920449040830135345458984375">
        <ele>1379.5999755859375</ele>
        <time>2025-05-30T09:48:00.000Z</time>
        <extensions>
          <ns3:TrackPointExtension>
            <ns3:atemp>25.0</ns3:atemp>
          </ns3:TrackPointExtension>
        </extensions>
      </trkpt>
      <trkpt lat="45.664471685886383056640625" lon="6.5792074240744113922119140625">
        <ele>1380.4000244140625</ele>
        <time>2025-05-30T09:48:02.000Z</time>
        <extensions>
          <ns3:TrackPointExtension>
            <ns3:atemp>25.0</ns3:atemp>
          </ns3:TrackPointExtension>
        </extensions>
      </trkpt>
      <trkpt lat="45.66441980190575122833251953125" lon="6.5792148001492023468017578125">
        <ele>1380.5999755859375</ele>
        <time>2025-05-30T09:48:04.000Z</time>
        <extensions>
          <ns3:TrackPointExtension>
            <ns3:atemp>25.0</ns3:atemp>
          </ns3:TrackPointExtension>
        </extensions>
      </trkpt>
      <trkpt lat="45.66431519575417041778564453125" lon="6.57920029945671558380126953125">
        <ele>1381.800048828125</ele>
        <time>2025-05-30T09:48:08.000Z</time>
        <extensions>
          <ns3:TrackPointExtension>
            <ns3:atemp>25.0</ns3:atemp>
          </ns3:TrackPointExtension>
        </extensions>
      </trkpt>
      <trkpt lat="45.66428870894014835357666015625" lon="6.579192169010639190673828125">
        <ele>1381.800048828125</ele>
        <time>2025-05-30T09:48:09.000Z</time>
        <extensions>
          <ns3:TrackPointExtension>
            <ns3:atemp>25.0</ns3:atemp>
          </ns3:TrackPointExtension>
        </extensions>
      </trkpt>
      <trkpt lat="45.6642167083919048309326171875" lon="6.57918219454586505889892578125">
        <ele>1382.800048828125</ele>
        <time>2025-05-30T09:48:12.000Z</time>
        <extensions>
          <ns3:TrackPointExtension>
            <ns3:atemp>25.0</ns3:atemp>
          </ns3:TrackPointExtension>
        </extensions>
      </trkpt>
      <trkpt lat="45.66415007226169109344482421875" lon="6.5791676938533782958984375">
        <ele>1383.4000244140625</ele>
        <time>2025-05-30T09:48:15.000Z</time>
        <extensions>
          <ns3:TrackPointExtension>
            <ns3:atemp>25.0</ns3:atemp>
          </ns3:TrackPointExtension>
        </extensions>
      </trkpt>
      <trkpt lat="45.6641241721808910369873046875" lon="6.57915302552282810211181640625">
        <ele>1383.800048828125</ele>
        <time>2025-05-30T09:48:16.000Z</time>
        <extensions>
          <ns3:TrackPointExtension>
            <ns3:atemp>25.0</ns3:atemp>
          </ns3:TrackPointExtension>
        </extensions>
      </trkpt>
      <trkpt lat="45.66401076503098011016845703125" lon="6.5791125409305095672607421875">
        <ele>1384.800048828125</ele>
        <time>2025-05-30T09:48:20.000Z</time>
        <extensions>
          <ns3:TrackPointExtension>
            <ns3:atemp>25.0</ns3:atemp>
          </ns3:TrackPointExtension>
        </extensions>
      </trkpt>
      <trkpt lat="45.6639602221548557281494140625" lon="6.5791165642440319061279296875">
        <ele>1385.5999755859375</ele>
        <time>2025-05-30T09:48:22.000Z</time>
        <extensions>
          <ns3:TrackPointExtension>
            <ns3:atemp>25.0</ns3:atemp>
          </ns3:TrackPointExtension>
        </extensions>
      </trkpt>
      <trkpt lat="45.66391135565936565399169921875" lon="6.579114384949207305908203125">
        <ele>1386</ele>
        <time>2025-05-30T09:48:24.000Z</time>
        <extensions>
          <ns3:TrackPointExtension>
            <ns3:atemp>25.0</ns3:atemp>
          </ns3:TrackPointExtension>
        </extensions>
      </trkpt>
      <trkpt lat="45.66383474506437778472900390625" lon="6.57909334637224674224853515625">
        <ele>1386.4000244140625</ele>
        <time>2025-05-30T09:48:27.000Z</time>
        <extensions>
          <ns3:TrackPointExtension>
            <ns3:atemp>25.0</ns3:atemp>
          </ns3:TrackPointExtension>
        </extensions>
      </trkpt>
      <trkpt lat="45.66377959214150905609130859375" lon="6.57909183762967586517333984375">
        <ele>1386.800048828125</ele>
        <time>2025-05-30T09:48:29.000Z</time>
        <extensions>
          <ns3:TrackPointExtension>
            <ns3:atemp>25.0</ns3:atemp>
          </ns3:TrackPointExtension>
        </extensions>
      </trkpt>
      <trkpt lat="45.66375486552715301513671875" lon="6.57908630557358264923095703125">
        <ele>1387.199951171875</ele>
        <time>2025-05-30T09:48:30.000Z</time>
        <extensions>
          <ns3:TrackPointExtension>
            <ns3:atemp>25.0</ns3:atemp>
          </ns3:TrackPointExtension>
        </extensions>
      </trkpt>
      <trkpt lat="45.6636464037001132965087890625" lon="6.579064093530178070068359375">
        <ele>1388</ele>
        <time>2025-05-30T09:48:34.000Z</time>
        <extensions>
          <ns3:TrackPointExtension>
            <ns3:atemp>25.0</ns3:atemp>
          </ns3:TrackPointExtension>
        </extensions>
      </trkpt>
      <trkpt lat="45.663621090352535247802734375" lon="6.579060070216655731201171875">
        <ele>1388.4000244140625</ele>
        <time>2025-05-30T09:48:35.000Z</time>
        <extensions>
          <ns3:TrackPointExtension>
            <ns3:atemp>25.0</ns3:atemp>
          </ns3:TrackPointExtension>
        </extensions>
      </trkpt>
      <trkpt lat="45.66352327354252338409423828125" lon="6.5790417976677417755126953125">
        <ele>1389.4000244140625</ele>
        <time>2025-05-30T09:48:39.000Z</time>
        <extensions>
          <ns3:TrackPointExtension>
            <ns3:atemp>24.0</ns3:atemp>
          </ns3:TrackPointExtension>
        </extensions>
      </trkpt>
      <trkpt lat="45.66346107982099056243896484375" lon="6.5790122933685779571533203125">
        <ele>1390.4000244140625</ele>
        <time>2025-05-30T09:48:42.000Z</time>
        <extensions>
          <ns3:TrackPointExtension>
            <ns3:atemp>24.0</ns3:atemp>
          </ns3:TrackPointExtension>
        </extensions>
      </trkpt>
      <trkpt lat="45.6634350121021270751953125" lon="6.5789906680583953857421875">
        <ele>1390.5999755859375</ele>
        <time>2025-05-30T09:48:43.000Z</time>
        <extensions>
          <ns3:TrackPointExtension>
            <ns3:atemp>24.0</ns3:atemp>
          </ns3:TrackPointExtension>
        </extensions>
      </trkpt>
      <trkpt lat="45.6633423082530498504638671875" lon="6.57895253039896488189697265625">
        <ele>1391.5999755859375</ele>
        <time>2025-05-30T09:48:47.000Z</time>
        <extensions>
          <ns3:TrackPointExtension>
            <ns3:atemp>24.0</ns3:atemp>
          </ns3:TrackPointExtension>
        </extensions>
      </trkpt>
      <trkpt lat="45.6632380373775959014892578125" lon="6.57893425785005092620849609375">
        <ele>1393</ele>
        <time>2025-05-30T09:48:51.000Z</time>
        <extensions>
          <ns3:TrackPointExtension>
            <ns3:atemp>24.0</ns3:atemp>
          </ns3:TrackPointExtension>
        </extensions>
      </trkpt>
      <trkpt lat="45.66321113146841526031494140625" lon="6.5789321623742580413818359375">
        <ele>1393.199951171875</ele>
        <time>2025-05-30T09:48:52.000Z</time>
        <extensions>
          <ns3:TrackPointExtension>
            <ns3:atemp>24.0</ns3:atemp>
          </ns3:TrackPointExtension>
        </extensions>
      </trkpt>
      <trkpt lat="45.6630901806056499481201171875" lon="6.57892604358494281768798828125">
        <ele>1394</ele>
        <time>2025-05-30T09:48:57.000Z</time>
        <extensions>
          <ns3:TrackPointExtension>
            <ns3:atemp>24.0</ns3:atemp>
          </ns3:TrackPointExtension>
        </extensions>
      </trkpt>
      <trkpt lat="45.66306595690548419952392578125" lon="6.57891917042434215545654296875">
        <ele>1394.199951171875</ele>
        <time>2025-05-30T09:48:58.000Z</time>
        <extensions>
          <ns3:TrackPointExtension>
            <ns3:atemp>24.0</ns3:atemp>
          </ns3:TrackPointExtension>
        </extensions>
      </trkpt>
      <trkpt lat="45.66294894553720951080322265625" lon="6.578838787972927093505859375">
        <ele>1395</ele>
        <time>2025-05-30T09:49:03.000Z</time>
        <extensions>
          <ns3:TrackPointExtension>
            <ns3:atemp>24.0</ns3:atemp>
          </ns3:TrackPointExtension>
        </extensions>
      </trkpt>
      <trkpt lat="45.66292379982769489288330078125" lon="6.5788151510059833526611328125">
        <ele>1395.199951171875</ele>
        <time>2025-05-30T09:49:04.000Z</time>
        <extensions>
          <ns3:TrackPointExtension>
            <ns3:atemp>24.0</ns3:atemp>
          </ns3:TrackPointExtension>
        </extensions>
      </trkpt>
      <trkpt lat="45.6628234684467315673828125" lon="6.578701995313167572021484375">
        <ele>1396</ele>
        <time>2025-05-30T09:49:09.000Z</time>
        <extensions>
          <ns3:TrackPointExtension>
            <ns3:atemp>24.0</ns3:atemp>
          </ns3:TrackPointExtension>
        </extensions>
      </trkpt>
      <trkpt lat="45.66277929581701755523681640625" lon="6.578667126595973968505859375">
        <ele>1396.800048828125</ele>
        <time>2025-05-30T09:49:11.000Z</time>
        <extensions>
          <ns3:TrackPointExtension>
            <ns3:atemp>24.0</ns3:atemp>
          </ns3:TrackPointExtension>
        </extensions>
      </trkpt>
      <trkpt lat="45.66270612180233001708984375" lon="6.57862387597560882568359375">
        <ele>1397.199951171875</ele>
        <time>2025-05-30T09:49:14.000Z</time>
        <extensions>
          <ns3:TrackPointExtension>
            <ns3:atemp>24.0</ns3:atemp>
          </ns3:TrackPointExtension>
        </extensions>
      </trkpt>
      <trkpt lat="45.662583410739898681640625" lon="6.57856562174856662750244140625">
        <ele>1398.4000244140625</ele>
        <time>2025-05-30T09:49:19.000Z</time>
        <extensions>
          <ns3:TrackPointExtension>
            <ns3:atemp>24.0</ns3:atemp>
          </ns3:TrackPointExtension>
        </extensions>
      </trkpt>
      <trkpt lat="45.66255264915525913238525390625" lon="6.57854986377060413360595703125">
        <ele>1398.800048828125</ele>
        <time>2025-05-30T09:49:20.000Z</time>
        <extensions>
          <ns3:TrackPointExtension>
            <ns3:atemp>24.0</ns3:atemp>
          </ns3:TrackPointExtension>
        </extensions>
      </trkpt>
      <trkpt lat="45.6624793075025081634521484375" lon="6.57852421514689922332763671875">
        <ele>1399.199951171875</ele>
        <time>2025-05-30T09:49:23.000Z</time>
        <extensions>
          <ns3:TrackPointExtension>
            <ns3:atemp>24.0</ns3:atemp>
          </ns3:TrackPointExtension>
        </extensions>
      </trkpt>
      <trkpt lat="45.66232147626578807830810546875" lon="6.57847979106009006500244140625">
        <ele>1400.4000244140625</ele>
        <time>2025-05-30T09:49:29.000Z</time>
        <extensions>
          <ns3:TrackPointExtension>
            <ns3:atemp>24.0</ns3:atemp>
          </ns3:TrackPointExtension>
        </extensions>
      </trkpt>
      <trkpt lat="45.66229331307113170623779296875" lon="6.57847425900399684906005859375">
        <ele>1400.5999755859375</ele>
        <time>2025-05-30T09:49:30.000Z</time>
        <extensions>
          <ns3:TrackPointExtension>
            <ns3:atemp>24.0</ns3:atemp>
          </ns3:TrackPointExtension>
        </extensions>
      </trkpt>
      <trkpt lat="45.66218619234859943389892578125" lon="6.57847233116626739501953125">
        <ele>1401.5999755859375</ele>
        <time>2025-05-30T09:49:34.000Z</time>
        <extensions>
          <ns3:TrackPointExtension>
            <ns3:atemp>24.0</ns3:atemp>
          </ns3:TrackPointExtension>
        </extensions>
      </trkpt>
      <trkpt lat="45.662080831825733184814453125" lon="6.5784931182861328125">
        <ele>1402.4000244140625</ele>
        <time>2025-05-30T09:49:38.000Z</time>
        <extensions>
          <ns3:TrackPointExtension>
            <ns3:atemp>24.0</ns3:atemp>
          </ns3:TrackPointExtension>
        </extensions>
      </trkpt>
      <trkpt lat="45.662029869854450225830078125" lon="6.57852203585207462310791015625">
        <ele>1402.800048828125</ele>
        <time>2025-05-30T09:49:40.000Z</time>
        <extensions>
          <ns3:TrackPointExtension>
            <ns3:atemp>24.0</ns3:atemp>
          </ns3:TrackPointExtension>
        </extensions>
      </trkpt>
      <trkpt lat="45.661912858486175537109375" lon="6.5786183439195156097412109375">
        <ele>1403.4000244140625</ele>
        <time>2025-05-30T09:49:45.000Z</time>
        <extensions>
          <ns3:TrackPointExtension>
            <ns3:atemp>24.0</ns3:atemp>
          </ns3:TrackPointExtension>
        </extensions>
      </trkpt>
      <trkpt lat="45.6618712842464447021484375" lon="6.578653044998645782470703125">
        <ele>1403.800048828125</ele>
        <time>2025-05-30T09:49:47.000Z</time>
        <extensions>
          <ns3:TrackPointExtension>
            <ns3:atemp>24.0</ns3:atemp>
          </ns3:TrackPointExtension>
        </extensions>
      </trkpt>
      <trkpt lat="45.66174278967082500457763671875" lon="6.578697301447391510009765625">
        <ele>1404.5999755859375</ele>
        <time>2025-05-30T09:49:52.000Z</time>
        <extensions>
          <ns3:TrackPointExtension>
            <ns3:atemp>24.0</ns3:atemp>
          </ns3:TrackPointExtension>
        </extensions>
      </trkpt>
      <trkpt lat="45.66171077080070972442626953125" lon="6.57870090566575527191162109375">
        <ele>1405</ele>
        <time>2025-05-30T09:49:53.000Z</time>
        <extensions>
          <ns3:TrackPointExtension>
            <ns3:atemp>24.0</ns3:atemp>
          </ns3:TrackPointExtension>
        </extensions>
      </trkpt>
      <trkpt lat="45.66157565452158451080322265625" lon="6.578687913715839385986328125">
        <ele>1406.199951171875</ele>
        <time>2025-05-30T09:49:58.000Z</time>
        <extensions>
          <ns3:TrackPointExtension>
            <ns3:atemp>24.0</ns3:atemp>
          </ns3:TrackPointExtension>
        </extensions>
      </trkpt>
      <trkpt lat="45.66155008971691131591796875" lon="6.578678525984287261962890625">
        <ele>1406.4000244140625</ele>
        <time>2025-05-30T09:49:59.000Z</time>
        <extensions>
          <ns3:TrackPointExtension>
            <ns3:atemp>24.0</ns3:atemp>
          </ns3:TrackPointExtension>
        </extensions>
      </trkpt>
      <trkpt lat="45.6614114530384540557861328125" lon="6.57858657650649547576904296875">
        <ele>1407.5999755859375</ele>
        <time>2025-05-30T09:50:05.000Z</time>
        <extensions>
          <ns3:TrackPointExtension>
            <ns3:atemp>24.0</ns3:atemp>
          </ns3:TrackPointExtension>
        </extensions>
      </trkpt>
      <trkpt lat="45.66139007918536663055419921875" lon="6.5785707347095012664794921875">
        <ele>1407.800048828125</ele>
        <time>2025-05-30T09:50:06.000Z</time>
        <extensions>
          <ns3:TrackPointExtension>
            <ns3:atemp>24.0</ns3:atemp>
          </ns3:TrackPointExtension>
        </extensions>
      </trkpt>
      <trkpt lat="45.66131279803812503814697265625" lon="6.5785239636898040771484375">
        <ele>1408.5999755859375</ele>
        <time>2025-05-30T09:50:09.000Z</time>
        <extensions>
          <ns3:TrackPointExtension>
            <ns3:atemp>24.0</ns3:atemp>
          </ns3:TrackPointExtension>
        </extensions>
      </trkpt>
      <trkpt lat="45.6611579842865467071533203125" lon="6.57841977663338184356689453125">
        <ele>1409.4000244140625</ele>
        <time>2025-05-30T09:50:15.000Z</time>
        <extensions>
          <ns3:TrackPointExtension>
            <ns3:atemp>24.0</ns3:atemp>
          </ns3:TrackPointExtension>
        </extensions>
      </trkpt>
      <trkpt lat="45.661022700369358062744140625" lon="6.578283570706844329833984375">
        <ele>1410.199951171875</ele>
        <time>2025-05-30T09:50:21.000Z</time>
        <extensions>
          <ns3:TrackPointExtension>
            <ns3:atemp>24.0</ns3:atemp>
          </ns3:TrackPointExtension>
        </extensions>
      </trkpt>
      <trkpt lat="45.66100317053496837615966796875" lon="6.578260101377964019775390625">
        <ele>1410.5999755859375</ele>
        <time>2025-05-30T09:50:22.000Z</time>
        <extensions>
          <ns3:TrackPointExtension>
            <ns3:atemp>24.0</ns3:atemp>
          </ns3:TrackPointExtension>
        </extensions>
      </trkpt>
      <trkpt lat="45.6609206087887287139892578125" lon="6.5781382285058498382568359375">
        <ele>1411.800048828125</ele>
        <time>2025-05-30T09:50:27.000Z</time>
        <extensions>
          <ns3:TrackPointExtension>
            <ns3:atemp>24.0</ns3:atemp>
          </ns3:TrackPointExtension>
        </extensions>
      </trkpt>
      <trkpt lat="45.66090409643948078155517578125" lon="6.57811534591019153594970703125">
        <ele>1412</ele>
        <time>2025-05-30T09:50:28.000Z</time>
        <extensions>
          <ns3:TrackPointExtension>
            <ns3:atemp>24.0</ns3:atemp>
          </ns3:TrackPointExtension>
        </extensions>
      </trkpt>
      <trkpt lat="45.66084659658372402191162109375" lon="6.5780416689813137054443359375">
        <ele>1413</ele>
        <time>2025-05-30T09:50:31.000Z</time>
        <extensions>
          <ns3:TrackPointExtension>
            <ns3:atemp>24.0</ns3:atemp>
          </ns3:TrackPointExtension>
        </extensions>
      </trkpt>
      <trkpt lat="45.66072707064449787139892578125" lon="6.57793547026813030242919921875">
        <ele>1413.800048828125</ele>
        <time>2025-05-30T09:50:36.000Z</time>
        <extensions>
          <ns3:TrackPointExtension>
            <ns3:atemp>24.0</ns3:atemp>
          </ns3:TrackPointExtension>
        </extensions>
      </trkpt>
      <trkpt lat="45.66063671372830867767333984375" lon="6.577910073101520538330078125">
        <ele>1414</ele>
        <time>2025-05-30T09:50:39.000Z</time>
        <extensions>
          <ns3:TrackPointExtension>
            <ns3:atemp>24.0</ns3:atemp>
          </ns3:TrackPointExtension>
        </extensions>
      </trkpt>
      <trkpt lat="45.660556666553020477294921875" lon="6.5779216401278972625732421875">
        <ele>1414.800048828125</ele>
        <time>2025-05-30T09:50:42.000Z</time>
        <extensions>
          <ns3:TrackPointExtension>
            <ns3:atemp>24.0</ns3:atemp>
          </ns3:TrackPointExtension>
        </extensions>
      </trkpt>
      <trkpt lat="45.6605296768248081207275390625" lon="6.57792541198432445526123046875">
        <ele>1415.199951171875</ele>
        <time>2025-05-30T09:50:43.000Z</time>
        <extensions>
          <ns3:TrackPointExtension>
            <ns3:atemp>24.0</ns3:atemp>
          </ns3:TrackPointExtension>
        </extensions>
      </trkpt>
      <trkpt lat="45.66040369682013988494873046875" lon="6.577964387834072113037109375">
        <ele>1415.800048828125</ele>
        <time>2025-05-30T09:50:48.000Z</time>
        <extensions>
          <ns3:TrackPointExtension>
            <ns3:atemp>24.0</ns3:atemp>
          </ns3:TrackPointExtension>
        </extensions>
      </trkpt>
      <trkpt lat="45.66038106568157672882080078125" lon="6.57797402702271938323974609375">
        <ele>1416</ele>
        <time>2025-05-30T09:50:49.000Z</time>
        <extensions>
          <ns3:TrackPointExtension>
            <ns3:atemp>24.0</ns3:atemp>
          </ns3:TrackPointExtension>
        </extensions>
      </trkpt>
      <trkpt lat="45.660296492278575897216796875" lon="6.57799615524709224700927734375">
        <ele>1417.199951171875</ele>
        <time>2025-05-30T09:50:53.000Z</time>
        <extensions>
          <ns3:TrackPointExtension>
            <ns3:atemp>24.0</ns3:atemp>
          </ns3:TrackPointExtension>
        </extensions>
      </trkpt>
      <trkpt lat="45.66018912009894847869873046875" lon="6.57805046997964382171630859375">
        <ele>1418.199951171875</ele>
        <time>2025-05-30T09:50:57.000Z</time>
        <extensions>
          <ns3:TrackPointExtension>
            <ns3:atemp>24.0</ns3:atemp>
          </ns3:TrackPointExtension>
        </extensions>
      </trkpt>
      <trkpt lat="45.660071857273578643798828125" lon="6.57812540419399738311767578125">
        <ele>1419.199951171875</ele>
        <time>2025-05-30T09:51:02.000Z</time>
        <extensions>
          <ns3:TrackPointExtension>
            <ns3:atemp>24.0</ns3:atemp>
          </ns3:TrackPointExtension>
        </extensions>
      </trkpt>
      <trkpt lat="45.6600240804255008697509765625" lon="6.5781563334167003631591796875">
        <ele>1419.4000244140625</ele>
        <time>2025-05-30T09:51:04.000Z</time>
        <extensions>
          <ns3:TrackPointExtension>
            <ns3:atemp>24.0</ns3:atemp>
          </ns3:TrackPointExtension>
        </extensions>
      </trkpt>
      <trkpt lat="45.65992643125355243682861328125" lon="6.57827577553689479827880859375">
        <ele>1420.4000244140625</ele>
        <time>2025-05-30T09:51:09.000Z</time>
        <extensions>
          <ns3:TrackPointExtension>
            <ns3:atemp>24.0</ns3:atemp>
          </ns3:TrackPointExtension>
        </extensions>
      </trkpt>
      <trkpt lat="45.659915618598461151123046875" lon="6.57830393873155117034912109375">
        <ele>1420.5999755859375</ele>
        <time>2025-05-30T09:51:10.000Z</time>
        <extensions>
          <ns3:TrackPointExtension>
            <ns3:atemp>24.0</ns3:atemp>
          </ns3:TrackPointExtension>
        </extensions>
      </trkpt>
      <trkpt lat="45.6598571129143238067626953125" lon="6.578473336994647979736328125">
        <ele>1421.4000244140625</ele>
        <time>2025-05-30T09:51:14.000Z</time>
        <extensions>
          <ns3:TrackPointExtension>
            <ns3:atemp>24.0</ns3:atemp>
          </ns3:TrackPointExtension>
        </extensions>
      </trkpt>
      <trkpt lat="45.65976734273135662078857421875" lon="6.57865966670215129852294921875">
        <ele>1422.199951171875</ele>
        <time>2025-05-30T09:51:19.000Z</time>
        <extensions>
          <ns3:TrackPointExtension>
            <ns3:atemp>24.0</ns3:atemp>
          </ns3:TrackPointExtension>
        </extensions>
      </trkpt>
      <trkpt lat="45.65973834134638309478759765625" lon="6.5786974690854549407958984375">
        <ele>1422.4000244140625</ele>
        <time>2025-05-30T09:51:20.000Z</time>
        <extensions>
          <ns3:TrackPointExtension>
            <ns3:atemp>24.0</ns3:atemp>
          </ns3:TrackPointExtension>
        </extensions>
      </trkpt>
      <trkpt lat="45.65960506908595561981201171875" lon="6.57882361672818660736083984375">
        <ele>1423.5999755859375</ele>
        <time>2025-05-30T09:51:25.000Z</time>
        <extensions>
          <ns3:TrackPointExtension>
            <ns3:atemp>24.0</ns3:atemp>
          </ns3:TrackPointExtension>
        </extensions>
      </trkpt>
      <trkpt lat="45.659573972225189208984375" lon="6.5788406319916248321533203125">
        <ele>1423.5999755859375</ele>
        <time>2025-05-30T09:51:26.000Z</time>
        <extensions>
          <ns3:TrackPointExtension>
            <ns3:atemp>24.0</ns3:atemp>
          </ns3:TrackPointExtension>
        </extensions>
      </trkpt>
      <trkpt lat="45.65944723784923553466796875" lon="6.57889083959162235260009765625">
        <ele>1424.5999755859375</ele>
        <time>2025-05-30T09:51:30.000Z</time>
        <extensions>
          <ns3:TrackPointExtension>
            <ns3:atemp>25.0</ns3:atemp>
          </ns3:TrackPointExtension>
        </extensions>
      </trkpt>
      <trkpt lat="45.65935361199080944061279296875" lon="6.5789160691201686859130859375">
        <ele>1425</ele>
        <time>2025-05-30T09:51:33.000Z</time>
        <extensions>
          <ns3:TrackPointExtension>
            <ns3:atemp>25.0</ns3:atemp>
          </ns3:TrackPointExtension>
        </extensions>
      </trkpt>
      <trkpt lat="45.6592814438045024871826171875" lon="6.578930653631687164306640625">
        <ele>1425.4000244140625</ele>
        <time>2025-05-30T09:51:35.000Z</time>
        <extensions>
          <ns3:TrackPointExtension>
            <ns3:atemp>25.0</ns3:atemp>
          </ns3:TrackPointExtension>
        </extensions>
      </trkpt>
      <trkpt lat="45.6591795198619365692138671875" lon="6.57893844880163669586181640625">
        <ele>1425.800048828125</ele>
        <time>2025-05-30T09:51:38.000Z</time>
        <extensions>
          <ns3:TrackPointExtension>
            <ns3:atemp>25.0</ns3:atemp>
          </ns3:TrackPointExtension>
        </extensions>
      </trkpt>
      <trkpt lat="45.65904499031603336334228515625" lon="6.578927300870418548583984375">
        <ele>1426.800048828125</ele>
        <time>2025-05-30T09:51:42.000Z</time>
        <extensions>
          <ns3:TrackPointExtension>
            <ns3:atemp>25.0</ns3:atemp>
          </ns3:TrackPointExtension>
        </extensions>
      </trkpt>
      <trkpt lat="45.65901833586394786834716796875" lon="6.57892428338527679443359375">
        <ele>1427</ele>
        <time>2025-05-30T09:51:43.000Z</time>
        <extensions>
          <ns3:TrackPointExtension>
            <ns3:atemp>25.0</ns3:atemp>
          </ns3:TrackPointExtension>
        </extensions>
      </trkpt>
      <trkpt lat="45.65879604779183864593505859375" lon="6.57890894450247287750244140625">
        <ele>1428.199951171875</ele>
        <time>2025-05-30T09:51:50.000Z</time>
        <extensions>
          <ns3:TrackPointExtension>
            <ns3:atemp>25.0</ns3:atemp>
          </ns3:TrackPointExtension>
        </extensions>
      </trkpt>
      <trkpt lat="45.6587652862071990966796875" lon="6.57891112379729747772216796875">
        <ele>1428.199951171875</ele>
        <time>2025-05-30T09:51:51.000Z</time>
        <extensions>
          <ns3:TrackPointExtension>
            <ns3:atemp>25.0</ns3:atemp>
          </ns3:TrackPointExtension>
        </extensions>
      </trkpt>
      <trkpt lat="45.6586289964616298675537109375" lon="6.578927971422672271728515625">
        <ele>1429</ele>
        <time>2025-05-30T09:51:55.000Z</time>
        <extensions>
          <ns3:TrackPointExtension>
            <ns3:atemp>25.0</ns3:atemp>
          </ns3:TrackPointExtension>
        </extensions>
      </trkpt>
      <trkpt lat="45.658463872969150543212890625" lon="6.57894364558160305023193359375">
        <ele>1429.5999755859375</ele>
        <time>2025-05-30T09:52:00.000Z</time>
        <extensions>
          <ns3:TrackPointExtension>
            <ns3:atemp>25.0</ns3:atemp>
          </ns3:TrackPointExtension>
        </extensions>
      </trkpt>
      <trkpt lat="45.6583978235721588134765625" lon="6.5789355151355266571044921875">
        <ele>1430</ele>
        <time>2025-05-30T09:52:02.000Z</time>
        <extensions>
          <ns3:TrackPointExtension>
            <ns3:atemp>25.0</ns3:atemp>
          </ns3:TrackPointExtension>
        </extensions>
      </trkpt>
      <trkpt lat="45.65823244862258434295654296875" lon="6.57891380600631237030029296875">
        <ele>1431.199951171875</ele>
        <time>2025-05-30T09:52:07.000Z</time>
        <extensions>
          <ns3:TrackPointExtension>
            <ns3:atemp>25.0</ns3:atemp>
          </ns3:TrackPointExtension>
        </extensions>
      </trkpt>
      <trkpt lat="45.65812759101390838623046875" lon="6.5788915939629077911376953125">
        <ele>1431.800048828125</ele>
        <time>2025-05-30T09:52:10.000Z</time>
        <extensions>
          <ns3:TrackPointExtension>
            <ns3:atemp>25.0</ns3:atemp>
          </ns3:TrackPointExtension>
        </extensions>
      </trkpt>
      <trkpt lat="45.6579872779548168182373046875" lon="6.57885680906474590301513671875">
        <ele>1432.4000244140625</ele>
        <time>2025-05-30T09:52:14.000Z</time>
        <extensions>
          <ns3:TrackPointExtension>
            <ns3:atemp>25.0</ns3:atemp>
          </ns3:TrackPointExtension>
        </extensions>
      </trkpt>
      <trkpt lat="45.6578806601464748382568359375" lon="6.57882034778594970703125">
        <ele>1433</ele>
        <time>2025-05-30T09:52:17.000Z</time>
        <extensions>
          <ns3:TrackPointExtension>
            <ns3:atemp>25.0</ns3:atemp>
          </ns3:TrackPointExtension>
        </extensions>
      </trkpt>
      <trkpt lat="45.65784595906734466552734375" lon="6.57880584709346294403076171875">
        <ele>1433.199951171875</ele>
        <time>2025-05-30T09:52:18.000Z</time>
        <extensions>
          <ns3:TrackPointExtension>
            <ns3:atemp>25.0</ns3:atemp>
          </ns3:TrackPointExtension>
        </extensions>
      </trkpt>
      <trkpt lat="45.65781134180724620819091796875" lon="6.5787879936397075653076171875">
        <ele>1433.5999755859375</ele>
        <time>2025-05-30T09:52:19.000Z</time>
        <extensions>
          <ns3:TrackPointExtension>
            <ns3:atemp>25.0</ns3:atemp>
          </ns3:TrackPointExtension>
        </extensions>
      </trkpt>
      <trkpt lat="45.65760665573179721832275390625" lon="6.57866369001567363739013671875">
        <ele>1434.4000244140625</ele>
        <time>2025-05-30T09:52:25.000Z</time>
        <extensions>
          <ns3:TrackPointExtension>
            <ns3:atemp>25.0</ns3:atemp>
          </ns3:TrackPointExtension>
        </extensions>
      </trkpt>
      <trkpt lat="45.65753406845033168792724609375" lon="6.5786096267402172088623046875">
        <ele>1434.800048828125</ele>
        <time>2025-05-30T09:52:27.000Z</time>
        <extensions>
          <ns3:TrackPointExtension>
            <ns3:atemp>25.0</ns3:atemp>
          </ns3:TrackPointExtension>
        </extensions>
      </trkpt>
      <trkpt lat="45.657437257468700408935546875" lon="6.57856310717761516571044921875">
        <ele>1435.5999755859375</ele>
        <time>2025-05-30T09:52:30.000Z</time>
        <extensions>
          <ns3:TrackPointExtension>
            <ns3:atemp>25.0</ns3:atemp>
          </ns3:TrackPointExtension>
        </extensions>
      </trkpt>
      <trkpt lat="45.65733239986002445220947265625" lon="6.5785351954400539398193359375">
        <ele>1436</ele>
        <time>2025-05-30T09:52:33.000Z</time>
        <extensions>
          <ns3:TrackPointExtension>
            <ns3:atemp>25.0</ns3:atemp>
          </ns3:TrackPointExtension>
        </extensions>
      </trkpt>
      <trkpt lat="45.6572632491588592529296875" lon="6.57852438278496265411376953125">
        <ele>1436.5999755859375</ele>
        <time>2025-05-30T09:52:35.000Z</time>
        <extensions>
          <ns3:TrackPointExtension>
            <ns3:atemp>25.0</ns3:atemp>
          </ns3:TrackPointExtension>
        </extensions>
      </trkpt>
      <trkpt lat="45.65708379261195659637451171875" lon="6.5785127319395542144775390625">
        <ele>1437.5999755859375</ele>
        <time>2025-05-30T09:52:40.000Z</time>
        <extensions>
          <ns3:TrackPointExtension>
            <ns3:atemp>25.0</ns3:atemp>
          </ns3:TrackPointExtension>
        </extensions>
      </trkpt>
      <trkpt lat="45.65698136575520038604736328125" lon="6.57848984934389591217041015625">
        <ele>1438.199951171875</ele>
        <time>2025-05-30T09:52:43.000Z</time>
        <extensions>
          <ns3:TrackPointExtension>
            <ns3:atemp>25.0</ns3:atemp>
          </ns3:TrackPointExtension>
        </extensions>
      </trkpt>
      <trkpt lat="45.656913220882415771484375" lon="6.57846822403371334075927734375">
        <ele>1438.800048828125</ele>
        <time>2025-05-30T09:52:45.000Z</time>
        <extensions>
          <ns3:TrackPointExtension>
            <ns3:atemp>25.0</ns3:atemp>
          </ns3:TrackPointExtension>
        </extensions>
      </trkpt>
      <trkpt lat="45.656784139573574066162109375" lon="6.5783980675041675567626953125">
        <ele>1439.800048828125</ele>
        <time>2025-05-30T09:52:49.000Z</time>
        <extensions>
          <ns3:TrackPointExtension>
            <ns3:atemp>26.0</ns3:atemp>
          </ns3:TrackPointExtension>
        </extensions>
      </trkpt>
      <trkpt lat="45.65657190978527069091796875" lon="6.57830175943672657012939453125">
        <ele>1441</ele>
        <time>2025-05-30T09:52:55.000Z</time>
        <extensions>
          <ns3:TrackPointExtension>
            <ns3:atemp>26.0</ns3:atemp>
          </ns3:TrackPointExtension>
        </extensions>
      </trkpt>
      <trkpt lat="45.6565355323255062103271484375" lon="6.57828725874423980712890625">
        <ele>1441.4000244140625</ele>
        <time>2025-05-30T09:52:56.000Z</time>
        <extensions>
          <ns3:TrackPointExtension>
            <ns3:atemp>26.0</ns3:atemp>
          </ns3:TrackPointExtension>
        </extensions>
      </trkpt>
      <trkpt lat="45.65642346628010272979736328125" lon="6.57826940529048442840576171875">
        <ele>1441.5999755859375</ele>
        <time>2025-05-30T09:52:59.000Z</time>
        <extensions>
          <ns3:TrackPointExtension>
            <ns3:atemp>26.0</ns3:atemp>
          </ns3:TrackPointExtension>
        </extensions>
      </trkpt>
      <trkpt lat="45.65638859756290912628173828125" lon="6.5782726742327213287353515625">
        <ele>1441.800048828125</ele>
        <time>2025-05-30T09:53:00.000Z</time>
        <extensions>
          <ns3:TrackPointExtension>
            <ns3:atemp>26.0</ns3:atemp>
          </ns3:TrackPointExtension>
        </extensions>
      </trkpt>
      <trkpt lat="45.65635439939796924591064453125" lon="6.57827728427946567535400390625">
        <ele>1442.4000244140625</ele>
        <time>2025-05-30T09:53:01.000Z</time>
        <extensions>
          <ns3:TrackPointExtension>
            <ns3:atemp>26.0</ns3:atemp>
          </ns3:TrackPointExtension>
        </extensions>
      </trkpt>
      <trkpt lat="45.65625180490314960479736328125" lon="6.5782852470874786376953125">
        <ele>1442.800048828125</ele>
        <time>2025-05-30T09:53:04.000Z</time>
        <extensions>
          <ns3:TrackPointExtension>
            <ns3:atemp>26.0</ns3:atemp>
          </ns3:TrackPointExtension>
        </extensions>
      </trkpt>
      <trkpt lat="45.65611635334789752960205078125" lon="6.57829790376126766204833984375">
        <ele>1444.199951171875</ele>
        <time>2025-05-30T09:53:08.000Z</time>
        <extensions>
          <ns3:TrackPointExtension>
            <ns3:atemp>26.0</ns3:atemp>
          </ns3:TrackPointExtension>
        </extensions>
      </trkpt>
      <trkpt lat="45.65608282573521137237548828125" lon="6.5783051960170269012451171875">
        <ele>1444.199951171875</ele>
        <time>2025-05-30T09:53:09.000Z</time>
        <extensions>
          <ns3:TrackPointExtension>
            <ns3:atemp>26.0</ns3:atemp>
          </ns3:TrackPointExtension>
        </extensions>
      </trkpt>
      <trkpt lat="45.65587579272687435150146484375" lon="6.57833880744874477386474609375">
        <ele>1445.4000244140625</ele>
        <time>2025-05-30T09:53:15.000Z</time>
        <extensions>
          <ns3:TrackPointExtension>
            <ns3:atemp>26.0</ns3:atemp>
          </ns3:TrackPointExtension>
        </extensions>
      </trkpt>
      <trkpt lat="45.65584109164774417877197265625" lon="6.57834283076226711273193359375">
        <ele>1445.5999755859375</ele>
        <time>2025-05-30T09:53:16.000Z</time>
        <extensions>
          <ns3:TrackPointExtension>
            <ns3:atemp>26.0</ns3:atemp>
          </ns3:TrackPointExtension>
        </extensions>
      </trkpt>
      <trkpt lat="45.65562668256461620330810546875" lon="6.5783745981752872467041015625">
        <ele>1446.199951171875</ele>
        <time>2025-05-30T09:53:22.000Z</time>
        <extensions>
          <ns3:TrackPointExtension>
            <ns3:atemp>26.0</ns3:atemp>
          </ns3:TrackPointExtension>
        </extensions>
      </trkpt>
      <trkpt lat="45.65551922656595706939697265625" lon="6.57837384380400180816650390625">
        <ele>1447</ele>
        <time>2025-05-30T09:53:25.000Z</time>
        <extensions>
          <ns3:TrackPointExtension>
            <ns3:atemp>26.0</ns3:atemp>
          </ns3:TrackPointExtension>
        </extensions>
      </trkpt>
      <trkpt lat="45.655480921268463134765625" lon="6.5783762745559215545654296875">
        <ele>1447.199951171875</ele>
        <time>2025-05-30T09:53:26.000Z</time>
        <extensions>
          <ns3:TrackPointExtension>
            <ns3:atemp>26.0</ns3:atemp>
          </ns3:TrackPointExtension>
        </extensions>
      </trkpt>
      <trkpt lat="45.6552675180137157440185546875" lon="6.57837233506143093109130859375">
        <ele>1448.5999755859375</ele>
        <time>2025-05-30T09:53:32.000Z</time>
        <extensions>
          <ns3:TrackPointExtension>
            <ns3:atemp>26.0</ns3:atemp>
          </ns3:TrackPointExtension>
        </extensions>
      </trkpt>
      <trkpt lat="45.6550519354641437530517578125" lon="6.5783823095262050628662109375">
        <ele>1449.5999755859375</ele>
        <time>2025-05-30T09:53:38.000Z</time>
        <extensions>
          <ns3:TrackPointExtension>
            <ns3:atemp>26.0</ns3:atemp>
          </ns3:TrackPointExtension>
        </extensions>
      </trkpt>
      <trkpt lat="45.65494389273226261138916015625" lon="6.57837736420333385467529296875">
        <ele>1450.4000244140625</ele>
        <time>2025-05-30T09:53:41.000Z</time>
        <extensions>
          <ns3:TrackPointExtension>
            <ns3:atemp>26.0</ns3:atemp>
          </ns3:TrackPointExtension>
        </extensions>
      </trkpt>
      <trkpt lat="45.65487407147884368896484375" lon="6.57836495898663997650146484375">
        <ele>1450.800048828125</ele>
        <time>2025-05-30T09:53:43.000Z</time>
        <extensions>
          <ns3:TrackPointExtension>
            <ns3:atemp>26.0</ns3:atemp>
          </ns3:TrackPointExtension>
        </extensions>
      </trkpt>
      <trkpt lat="45.6546928547322750091552734375" lon="6.57835875637829303741455078125">
        <ele>1451.5999755859375</ele>
        <time>2025-05-30T09:53:48.000Z</time>
        <extensions>
          <ns3:TrackPointExtension>
            <ns3:atemp>26.0</ns3:atemp>
          </ns3:TrackPointExtension>
        </extensions>
      </trkpt>
      <trkpt lat="45.65455698408186435699462890625" lon="6.57836277969181537628173828125">
        <ele>1452.5999755859375</ele>
        <time>2025-05-30T09:53:52.000Z</time>
        <extensions>
          <ns3:TrackPointExtension>
            <ns3:atemp>26.0</ns3:atemp>
          </ns3:TrackPointExtension>
        </extensions>
      </trkpt>
      <trkpt lat="45.65446369349956512451171875" lon="6.57836797647178173065185546875">
        <ele>1453.4000244140625</ele>
        <time>2025-05-30T09:53:55.000Z</time>
        <extensions>
          <ns3:TrackPointExtension>
            <ns3:atemp>26.0</ns3:atemp>
          </ns3:TrackPointExtension>
        </extensions>
      </trkpt>
      <trkpt lat="45.65439722500741481781005859375" lon="6.5783585049211978912353515625">
        <ele>1454</ele>
        <time>2025-05-30T09:53:57.000Z</time>
        <extensions>
          <ns3:TrackPointExtension>
            <ns3:atemp>26.0</ns3:atemp>
          </ns3:TrackPointExtension>
        </extensions>
      </trkpt>
      <trkpt lat="45.6542591750621795654296875" lon="6.57835758291184902191162109375">
        <ele>1454.800048828125</ele>
        <time>2025-05-30T09:54:01.000Z</time>
        <extensions>
          <ns3:TrackPointExtension>
            <ns3:atemp>26.0</ns3:atemp>
          </ns3:TrackPointExtension>
        </extensions>
      </trkpt>
      <trkpt lat="45.65419270657002925872802734375" lon="6.578368730843067169189453125">
        <ele>1455</ele>
        <time>2025-05-30T09:54:03.000Z</time>
        <extensions>
          <ns3:TrackPointExtension>
            <ns3:atemp>26.0</ns3:atemp>
          </ns3:TrackPointExtension>
        </extensions>
      </trkpt>
      <trkpt lat="45.65394359640777111053466796875" lon="6.57838641665875911712646484375">
        <ele>1456</ele>
        <time>2025-05-30T09:54:10.000Z</time>
        <extensions>
          <ns3:TrackPointExtension>
            <ns3:atemp>26.0</ns3:atemp>
          </ns3:TrackPointExtension>
        </extensions>
      </trkpt>
      <trkpt lat="45.6539163552224636077880859375" lon="6.57838909886777400970458984375">
        <ele>1456.199951171875</ele>
        <time>2025-05-30T09:54:11.000Z</time>
        <extensions>
          <ns3:TrackPointExtension>
            <ns3:atemp>26.0</ns3:atemp>
          </ns3:TrackPointExtension>
        </extensions>
      </trkpt>
      <trkpt lat="45.6537805683910846710205078125" lon="6.57838893122971057891845703125">
        <ele>1457.199951171875</ele>
        <time>2025-05-30T09:54:15.000Z</time>
        <extensions>
          <ns3:TrackPointExtension>
            <ns3:atemp>26.0</ns3:atemp>
          </ns3:TrackPointExtension>
        </extensions>
      </trkpt>
      <trkpt lat="45.653707981109619140625" lon="6.57838842831552028656005859375">
        <ele>1457.800048828125</ele>
        <time>2025-05-30T09:54:17.000Z</time>
        <extensions>
          <ns3:TrackPointExtension>
            <ns3:atemp>26.0</ns3:atemp>
          </ns3:TrackPointExtension>
        </extensions>
      </trkpt>
      <trkpt lat="45.6536246649920940399169921875" lon="6.5783772803843021392822265625">
        <ele>1458.4000244140625</ele>
        <time>2025-05-30T09:54:19.000Z</time>
        <extensions>
          <ns3:TrackPointExtension>
            <ns3:atemp>26.0</ns3:atemp>
          </ns3:TrackPointExtension>
        </extensions>
      </trkpt>
      <trkpt lat="45.653448812663555145263671875" lon="6.57841139473021030426025390625">
        <ele>1459</ele>
        <time>2025-05-30T09:54:24.000Z</time>
        <extensions>
          <ns3:TrackPointExtension>
            <ns3:atemp>26.0</ns3:atemp>
          </ns3:TrackPointExtension>
        </extensions>
      </trkpt>
      <trkpt lat="45.6533782370388507843017578125" lon="6.57843033783137798309326171875">
        <ele>1459.4000244140625</ele>
        <time>2025-05-30T09:54:26.000Z</time>
        <extensions>
          <ns3:TrackPointExtension>
            <ns3:atemp>26.0</ns3:atemp>
          </ns3:TrackPointExtension>
        </extensions>
      </trkpt>
      <trkpt lat="45.653132311999797821044921875" lon="6.5784775279462337493896484375">
        <ele>1460.4000244140625</ele>
        <time>2025-05-30T09:54:33.000Z</time>
        <extensions>
          <ns3:TrackPointExtension>
            <ns3:atemp>26.0</ns3:atemp>
          </ns3:TrackPointExtension>
        </extensions>
      </trkpt>
      <trkpt lat="45.65290843136608600616455078125" lon="6.57852740027010440826416015625">
        <ele>1461.199951171875</ele>
        <time>2025-05-30T09:54:40.000Z</time>
        <extensions>
          <ns3:TrackPointExtension>
            <ns3:atemp>26.0</ns3:atemp>
          </ns3:TrackPointExtension>
        </extensions>
      </trkpt>
      <trkpt lat="45.652871467173099517822265625" lon="6.57854047603905200958251953125">
        <ele>1461.4000244140625</ele>
        <time>2025-05-30T09:54:41.000Z</time>
        <extensions>
          <ns3:TrackPointExtension>
            <ns3:atemp>26.0</ns3:atemp>
          </ns3:TrackPointExtension>
        </extensions>
      </trkpt>
      <trkpt lat="45.652736686170101165771484375" lon="6.5785935334861278533935546875">
        <ele>1462.5999755859375</ele>
        <time>2025-05-30T09:54:45.000Z</time>
        <extensions>
          <ns3:TrackPointExtension>
            <ns3:atemp>26.0</ns3:atemp>
          </ns3:TrackPointExtension>
        </extensions>
      </trkpt>
      <trkpt lat="45.65256712026894092559814453125" lon="6.5786612592637538909912109375">
        <ele>1463.800048828125</ele>
        <time>2025-05-30T09:54:50.000Z</time>
        <extensions>
          <ns3:TrackPointExtension>
            <ns3:atemp>26.0</ns3:atemp>
          </ns3:TrackPointExtension>
        </extensions>
      </trkpt>
      <trkpt lat="45.65243904478847980499267578125" lon="6.578731834888458251953125">
        <ele>1464.4000244140625</ele>
        <time>2025-05-30T09:54:54.000Z</time>
        <extensions>
          <ns3:TrackPointExtension>
            <ns3:atemp>26.0</ns3:atemp>
          </ns3:TrackPointExtension>
        </extensions>
      </trkpt>
      <trkpt lat="45.652408115565776824951171875" lon="6.57874851487576961517333984375">
        <ele>1464.5999755859375</ele>
        <time>2025-05-30T09:54:55.000Z</time>
        <extensions>
          <ns3:TrackPointExtension>
            <ns3:atemp>26.0</ns3:atemp>
          </ns3:TrackPointExtension>
        </extensions>
      </trkpt>
      <trkpt lat="45.65223854966461658477783203125" lon="6.578817665576934814453125">
        <ele>1465.199951171875</ele>
        <time>2025-05-30T09:55:00.000Z</time>
        <extensions>
          <ns3:TrackPointExtension>
            <ns3:atemp>26.0</ns3:atemp>
          </ns3:TrackPointExtension>
        </extensions>
      </trkpt>
      <trkpt lat="45.65218121744692325592041015625" lon="6.578840129077434539794921875">
        <ele>1465.5999755859375</ele>
        <time>2025-05-30T09:55:02.000Z</time>
        <extensions>
          <ns3:TrackPointExtension>
            <ns3:atemp>26.0</ns3:atemp>
          </ns3:TrackPointExtension>
        </extensions>
      </trkpt>
      <trkpt lat="45.65203495323657989501953125" lon="6.5789113752543926239013671875">
        <ele>1466.5999755859375</ele>
        <time>2025-05-30T09:55:07.000Z</time>
        <extensions>
          <ns3:TrackPointExtension>
            <ns3:atemp>26.0</ns3:atemp>
          </ns3:TrackPointExtension>
        </extensions>
      </trkpt>
      <trkpt lat="45.65201542340219020843505859375" lon="6.5789392031729221343994140625">
        <ele>1466.800048828125</ele>
        <time>2025-05-30T09:55:08.000Z</time>
        <extensions>
          <ns3:TrackPointExtension>
            <ns3:atemp>26.0</ns3:atemp>
          </ns3:TrackPointExtension>
        </extensions>
      </trkpt>
      <trkpt lat="45.652005113661289215087890625" lon="6.5789718925952911376953125">
        <ele>1467</ele>
        <time>2025-05-30T09:55:09.000Z</time>
        <extensions>
          <ns3:TrackPointExtension>
            <ns3:atemp>26.0</ns3:atemp>
          </ns3:TrackPointExtension>
        </extensions>
      </trkpt>
      <trkpt lat="45.65200804732739925384521484375" lon="6.57901019789278507232666015625">
        <ele>1467.4000244140625</ele>
        <time>2025-05-30T09:55:10.000Z</time>
        <extensions>
          <ns3:TrackPointExtension>
            <ns3:atemp>26.0</ns3:atemp>
          </ns3:TrackPointExtension>
        </extensions>
      </trkpt>
      <trkpt lat="45.65204794518649578094482421875" lon="6.57906149514019489288330078125">
        <ele>1467.5999755859375</ele>
        <time>2025-05-30T09:55:12.000Z</time>
        <extensions>
          <ns3:TrackPointExtension>
            <ns3:atemp>26.0</ns3:atemp>
          </ns3:TrackPointExtension>
        </extensions>
      </trkpt>
      <trkpt lat="45.6520766951143741607666015625" lon="6.57906711101531982421875">
        <ele>1467.800048828125</ele>
        <time>2025-05-30T09:55:13.000Z</time>
        <extensions>
          <ns3:TrackPointExtension>
            <ns3:atemp>26.0</ns3:atemp>
          </ns3:TrackPointExtension>
        </extensions>
      </trkpt>
      <trkpt lat="45.65211005508899688720703125" lon="6.5790602378547191619873046875">
        <ele>1468</ele>
        <time>2025-05-30T09:55:14.000Z</time>
        <extensions>
          <ns3:TrackPointExtension>
            <ns3:atemp>26.0</ns3:atemp>
          </ns3:TrackPointExtension>
        </extensions>
      </trkpt>
      <trkpt lat="45.65221558324992656707763671875" lon="6.579039283096790313720703125">
        <ele>1468.800048828125</ele>
        <time>2025-05-30T09:55:18.000Z</time>
        <extensions>
          <ns3:TrackPointExtension>
            <ns3:atemp>26.0</ns3:atemp>
          </ns3:TrackPointExtension>
        </extensions>
      </trkpt>
      <trkpt lat="45.65227232873439788818359375" lon="6.5790287218987941741943359375">
        <ele>1469.4000244140625</ele>
        <time>2025-05-30T09:55:20.000Z</time>
        <extensions>
          <ns3:TrackPointExtension>
            <ns3:atemp>26.0</ns3:atemp>
          </ns3:TrackPointExtension>
        </extensions>
      </trkpt>
      <trkpt lat="45.65235354937613010406494140625" lon="6.57903064973652362823486328125">
        <ele>1470</ele>
        <time>2025-05-30T09:55:23.000Z</time>
        <extensions>
          <ns3:TrackPointExtension>
            <ns3:atemp>26.0</ns3:atemp>
          </ns3:TrackPointExtension>
        </extensions>
      </trkpt>
      <trkpt lat="45.65240669064223766326904296875" lon="6.5790283866226673126220703125">
        <ele>1470.800048828125</ele>
        <time>2025-05-30T09:55:25.000Z</time>
        <extensions>
          <ns3:TrackPointExtension>
            <ns3:atemp>26.0</ns3:atemp>
          </ns3:TrackPointExtension>
        </extensions>
      </trkpt>
      <trkpt lat="45.652434937655925750732421875" lon="6.5790317393839359283447265625">
        <ele>1471.199951171875</ele>
        <time>2025-05-30T09:55:26.000Z</time>
        <extensions>
          <ns3:TrackPointExtension>
            <ns3:atemp>26.0</ns3:atemp>
          </ns3:TrackPointExtension>
        </extensions>
      </trkpt>
      <trkpt lat="45.652578435838222503662109375" lon="6.5789998881518840789794921875">
        <ele>1472</ele>
        <time>2025-05-30T09:55:31.000Z</time>
        <extensions>
          <ns3:TrackPointExtension>
            <ns3:atemp>26.0</ns3:atemp>
          </ns3:TrackPointExtension>
        </extensions>
      </trkpt>
      <trkpt lat="45.65263333730399608612060546875" lon="6.5789982117712497711181640625">
        <ele>1472.4000244140625</ele>
        <time>2025-05-30T09:55:33.000Z</time>
        <extensions>
          <ns3:TrackPointExtension>
            <ns3:atemp>26.0</ns3:atemp>
          </ns3:TrackPointExtension>
        </extensions>
      </trkpt>
      <trkpt lat="45.65272151492536067962646484375" lon="6.57898505218327045440673828125">
        <ele>1473.199951171875</ele>
        <time>2025-05-30T09:55:36.000Z</time>
        <extensions>
          <ns3:TrackPointExtension>
            <ns3:atemp>26.0</ns3:atemp>
          </ns3:TrackPointExtension>
        </extensions>
      </trkpt>
      <trkpt lat="45.65277700312435626983642578125" lon="6.57897868193686008453369140625">
        <ele>1473.800048828125</ele>
        <time>2025-05-30T09:55:38.000Z</time>
        <extensions>
          <ns3:TrackPointExtension>
            <ns3:atemp>26.0</ns3:atemp>
          </ns3:TrackPointExtension>
        </extensions>
      </trkpt>
      <trkpt lat="45.65283617936074733734130859375" lon="6.57896007411181926727294921875">
        <ele>1474.4000244140625</ele>
        <time>2025-05-30T09:55:40.000Z</time>
        <extensions>
          <ns3:TrackPointExtension>
            <ns3:atemp>26.0</ns3:atemp>
          </ns3:TrackPointExtension>
        </extensions>
      </trkpt>
      <trkpt lat="45.65297816880047321319580078125" lon="6.578984297811985015869140625">
        <ele>1475.5999755859375</ele>
        <time>2025-05-30T09:55:45.000Z</time>
        <extensions>
          <ns3:TrackPointExtension>
            <ns3:atemp>26.0</ns3:atemp>
          </ns3:TrackPointExtension>
        </extensions>
      </trkpt>
      <trkpt lat="45.65300700254738330841064453125" lon="6.57898790203034877777099609375">
        <ele>1476</ele>
        <time>2025-05-30T09:55:46.000Z</time>
        <extensions>
          <ns3:TrackPointExtension>
            <ns3:atemp>26.0</ns3:atemp>
          </ns3:TrackPointExtension>
        </extensions>
      </trkpt>
      <trkpt lat="45.65309048630297183990478515625" lon="6.57895890064537525177001953125">
        <ele>1476.5999755859375</ele>
        <time>2025-05-30T09:55:49.000Z</time>
        <extensions>
          <ns3:TrackPointExtension>
            <ns3:atemp>26.0</ns3:atemp>
          </ns3:TrackPointExtension>
        </extensions>
      </trkpt>
      <trkpt lat="45.65320498310029506683349609375" lon="6.57897717319428920745849609375">
        <ele>1478</ele>
        <time>2025-05-30T09:55:53.000Z</time>
        <extensions>
          <ns3:TrackPointExtension>
            <ns3:atemp>26.0</ns3:atemp>
          </ns3:TrackPointExtension>
        </extensions>
      </trkpt>
      <trkpt lat="45.65334177576005458831787109375" lon="6.57901422120630741119384765625">
        <ele>1478.800048828125</ele>
        <time>2025-05-30T09:55:58.000Z</time>
        <extensions>
          <ns3:TrackPointExtension>
            <ns3:atemp>26.0</ns3:atemp>
          </ns3:TrackPointExtension>
        </extensions>
      </trkpt>
      <trkpt lat="45.6533659994602203369140625" lon="6.57902394421398639678955078125">
        <ele>1479</ele>
        <time>2025-05-30T09:55:59.000Z</time>
        <extensions>
          <ns3:TrackPointExtension>
            <ns3:atemp>26.0</ns3:atemp>
          </ns3:TrackPointExtension>
        </extensions>
      </trkpt>
      <trkpt lat="45.65347102470695972442626953125" lon="6.57902763225138187408447265625">
        <ele>1479.800048828125</ele>
        <time>2025-05-30T09:56:03.000Z</time>
        <extensions>
          <ns3:TrackPointExtension>
            <ns3:atemp>26.0</ns3:atemp>
          </ns3:TrackPointExtension>
        </extensions>
      </trkpt>
      <trkpt lat="45.6535586155951023101806640625" lon="6.57903500832617282867431640625">
        <ele>1480.800048828125</ele>
        <time>2025-05-30T09:56:06.000Z</time>
        <extensions>
          <ns3:TrackPointExtension>
            <ns3:atemp>26.0</ns3:atemp>
          </ns3:TrackPointExtension>
        </extensions>
      </trkpt>
      <trkpt lat="45.65358300693333148956298828125" lon="6.57903484068810939788818359375">
        <ele>1481</ele>
        <time>2025-05-30T09:56:07.000Z</time>
        <extensions>
          <ns3:TrackPointExtension>
            <ns3:atemp>26.0</ns3:atemp>
          </ns3:TrackPointExtension>
        </extensions>
      </trkpt>
      <trkpt lat="45.653753243386745452880859375" lon="6.57910323701798915863037109375">
        <ele>1482</ele>
        <time>2025-05-30T09:56:13.000Z</time>
        <extensions>
          <ns3:TrackPointExtension>
            <ns3:atemp>25.0</ns3:atemp>
          </ns3:TrackPointExtension>
        </extensions>
      </trkpt>
      <trkpt lat="45.65388106741011142730712890625" lon="6.579115390777587890625">
        <ele>1483.199951171875</ele>
        <time>2025-05-30T09:56:18.000Z</time>
        <extensions>
          <ns3:TrackPointExtension>
            <ns3:atemp>25.0</ns3:atemp>
          </ns3:TrackPointExtension>
        </extensions>
      </trkpt>
      <trkpt lat="45.65396614372730255126953125" lon="6.57920968718826770782470703125">
        <ele>1484</ele>
        <time>2025-05-30T09:56:22.000Z</time>
        <extensions>
          <ns3:TrackPointExtension>
            <ns3:atemp>25.0</ns3:atemp>
          </ns3:TrackPointExtension>
        </extensions>
      </trkpt>
      <trkpt lat="45.6540124118328094482421875" lon="6.5792508423328399658203125">
        <ele>1484.4000244140625</ele>
        <time>2025-05-30T09:56:24.000Z</time>
        <extensions>
          <ns3:TrackPointExtension>
            <ns3:atemp>25.0</ns3:atemp>
          </ns3:TrackPointExtension>
        </extensions>
      </trkpt>
      <trkpt lat="45.6541222147643566131591796875" lon="6.57933960668742656707763671875">
        <ele>1485.199951171875</ele>
        <time>2025-05-30T09:56:29.000Z</time>
        <extensions>
          <ns3:TrackPointExtension>
            <ns3:atemp>25.0</ns3:atemp>
          </ns3:TrackPointExtension>
        </extensions>
      </trkpt>
      <trkpt lat="45.65414912067353725433349609375" lon="6.57936257310211658477783203125">
        <ele>1485.4000244140625</ele>
        <time>2025-05-30T09:56:30.000Z</time>
        <extensions>
          <ns3:TrackPointExtension>
            <ns3:atemp>25.0</ns3:atemp>
          </ns3:TrackPointExtension>
        </extensions>
      </trkpt>
      <trkpt lat="45.6541674770414829254150390625" lon="6.57937481068074703216552734375">
        <ele>1485.5999755859375</ele>
        <time>2025-05-30T09:56:31.000Z</time>
        <extensions>
          <ns3:TrackPointExtension>
            <ns3:atemp>25.0</ns3:atemp>
          </ns3:TrackPointExtension>
        </extensions>
      </trkpt>
      <trkpt lat="45.65422422252595424652099609375" lon="6.57940062694251537322998046875">
        <ele>1486</ele>
        <time>2025-05-30T09:56:33.000Z</time>
        <extensions>
          <ns3:TrackPointExtension>
            <ns3:atemp>25.0</ns3:atemp>
          </ns3:TrackPointExtension>
        </extensions>
      </trkpt>
      <trkpt lat="45.65424769185483455657958984375" lon="6.57941521145403385162353515625">
        <ele>1486.199951171875</ele>
        <time>2025-05-30T09:56:34.000Z</time>
        <extensions>
          <ns3:TrackPointExtension>
            <ns3:atemp>25.0</ns3:atemp>
          </ns3:TrackPointExtension>
        </extensions>
      </trkpt>
      <trkpt lat="45.6543491967022418975830078125" lon="6.57944823615252971649169921875">
        <ele>1487</ele>
        <time>2025-05-30T09:56:38.000Z</time>
        <extensions>
          <ns3:TrackPointExtension>
            <ns3:atemp>25.0</ns3:atemp>
          </ns3:TrackPointExtension>
        </extensions>
      </trkpt>
      <trkpt lat="45.65437559969723224639892578125" lon="6.57944723032414913177490234375">
        <ele>1487.199951171875</ele>
        <time>2025-05-30T09:56:39.000Z</time>
        <extensions>
          <ns3:TrackPointExtension>
            <ns3:atemp>25.0</ns3:atemp>
          </ns3:TrackPointExtension>
        </extensions>
      </trkpt>
      <trkpt lat="45.65447308123111724853515625" lon="6.5795138664543628692626953125">
        <ele>1488.4000244140625</ele>
        <time>2025-05-30T09:56:43.000Z</time>
        <extensions>
          <ns3:TrackPointExtension>
            <ns3:atemp>25.0</ns3:atemp>
          </ns3:TrackPointExtension>
        </extensions>
      </trkpt>
      <trkpt lat="45.6546107120811939239501953125" lon="6.57949551008641719818115234375">
        <ele>1489.199951171875</ele>
        <time>2025-05-30T09:56:48.000Z</time>
        <extensions>
          <ns3:TrackPointExtension>
            <ns3:atemp>25.0</ns3:atemp>
          </ns3:TrackPointExtension>
        </extensions>
      </trkpt>
      <trkpt lat="45.65476234070956707000732421875" lon="6.57958184368908405303955078125">
        <ele>1490.4000244140625</ele>
        <time>2025-05-30T09:56:53.000Z</time>
        <extensions>
          <ns3:TrackPointExtension>
            <ns3:atemp>25.0</ns3:atemp>
          </ns3:TrackPointExtension>
        </extensions>
      </trkpt>
      <trkpt lat="45.654880441725254058837890625" lon="6.5796235017478466033935546875">
        <ele>1491.800048828125</ele>
        <time>2025-05-30T09:56:58.000Z</time>
        <extensions>
          <ns3:TrackPointExtension>
            <ns3:atemp>25.0</ns3:atemp>
          </ns3:TrackPointExtension>
        </extensions>
      </trkpt>
      <trkpt lat="45.65491220913827419281005859375" lon="6.57962241210043430328369140625">
        <ele>1492</ele>
        <time>2025-05-30T09:56:59.000Z</time>
        <extensions>
          <ns3:TrackPointExtension>
            <ns3:atemp>25.0</ns3:atemp>
          </ns3:TrackPointExtension>
        </extensions>
      </trkpt>
      <trkpt lat="45.65494112670421600341796875" lon="6.57962970435619354248046875">
        <ele>1492.199951171875</ele>
        <time>2025-05-30T09:57:00.000Z</time>
        <extensions>
          <ns3:TrackPointExtension>
            <ns3:atemp>25.0</ns3:atemp>
          </ns3:TrackPointExtension>
        </extensions>
      </trkpt>
      <trkpt lat="45.65498731099069118499755859375" lon="6.579679660499095916748046875">
        <ele>1492.4000244140625</ele>
        <time>2025-05-30T09:57:02.000Z</time>
        <extensions>
          <ns3:TrackPointExtension>
            <ns3:atemp>25.0</ns3:atemp>
          </ns3:TrackPointExtension>
        </extensions>
      </trkpt>
      <trkpt lat="45.65500818192958831787109375" lon="6.57972785644233226776123046875">
        <ele>1492.800048828125</ele>
        <time>2025-05-30T09:57:03.000Z</time>
        <extensions>
          <ns3:TrackPointExtension>
            <ns3:atemp>25.0</ns3:atemp>
          </ns3:TrackPointExtension>
        </extensions>
      </trkpt>
      <trkpt lat="45.6550405360758304595947265625" lon="6.57978217117488384246826171875">
        <ele>1493</ele>
        <time>2025-05-30T09:57:04.000Z</time>
        <extensions>
          <ns3:TrackPointExtension>
            <ns3:atemp>25.0</ns3:atemp>
          </ns3:TrackPointExtension>
        </extensions>
      </trkpt>
      <trkpt lat="45.655132569372653961181640625" lon="6.57981754280626773834228515625">
        <ele>1493.800048828125</ele>
        <time>2025-05-30T09:57:08.000Z</time>
        <extensions>
          <ns3:TrackPointExtension>
            <ns3:atemp>24.0</ns3:atemp>
          </ns3:TrackPointExtension>
        </extensions>
      </trkpt>
      <trkpt lat="45.65517925657331943511962890625" lon="6.5798489749431610107421875">
        <ele>1494.4000244140625</ele>
        <time>2025-05-30T09:57:10.000Z</time>
        <extensions>
          <ns3:TrackPointExtension>
            <ns3:atemp>24.0</ns3:atemp>
          </ns3:TrackPointExtension>
        </extensions>
      </trkpt>
      <trkpt lat="45.6552232615649700164794921875" lon="6.5798830054700374603271484375">
        <ele>1494.800048828125</ele>
        <time>2025-05-30T09:57:12.000Z</time>
        <extensions>
          <ns3:TrackPointExtension>
            <ns3:atemp>24.0</ns3:atemp>
          </ns3:TrackPointExtension>
        </extensions>
      </trkpt>
      <trkpt lat="45.65531118772923946380615234375" lon="6.5799175389111042022705078125">
        <ele>1496</ele>
        <time>2025-05-30T09:57:16.000Z</time>
        <extensions>
          <ns3:TrackPointExtension>
            <ns3:atemp>24.0</ns3:atemp>
          </ns3:TrackPointExtension>
        </extensions>
      </trkpt>
      <trkpt lat="45.6553749740123748779296875" lon="6.579941175878047943115234375">
        <ele>1497</ele>
        <time>2025-05-30T09:57:20.000Z</time>
        <extensions>
          <ns3:TrackPointExtension>
            <ns3:atemp>24.0</ns3:atemp>
          </ns3:TrackPointExtension>
        </extensions>
      </trkpt>
      <trkpt lat="45.6553888879716396331787109375" lon="6.579951234161853790283203125">
        <ele>1497.199951171875</ele>
        <time>2025-05-30T09:57:21.000Z</time>
        <extensions>
          <ns3:TrackPointExtension>
            <ns3:atemp>24.0</ns3:atemp>
          </ns3:TrackPointExtension>
        </extensions>
      </trkpt>
      <trkpt lat="45.65544462762773036956787109375" lon="6.57999121583998203277587890625">
        <ele>1497.4000244140625</ele>
        <time>2025-05-30T09:57:23.000Z</time>
        <extensions>
          <ns3:TrackPointExtension>
            <ns3:atemp>24.0</ns3:atemp>
          </ns3:TrackPointExtension>
        </extensions>
      </trkpt>
      <trkpt lat="45.655484609305858612060546875" lon="6.58002264797687530517578125">
        <ele>1497.800048828125</ele>
        <time>2025-05-30T09:57:25.000Z</time>
        <extensions>
          <ns3:TrackPointExtension>
            <ns3:atemp>24.0</ns3:atemp>
          </ns3:TrackPointExtension>
        </extensions>
      </trkpt>
      <trkpt lat="45.6555940769612789154052734375" lon="6.58013320527970790863037109375">
        <ele>1499.199951171875</ele>
        <time>2025-05-30T09:57:31.000Z</time>
        <extensions>
          <ns3:TrackPointExtension>
            <ns3:atemp>24.0</ns3:atemp>
          </ns3:TrackPointExtension>
        </extensions>
      </trkpt>
      <trkpt lat="45.6556125171482563018798828125" lon="6.5801542438566684722900390625">
        <ele>1499.4000244140625</ele>
        <time>2025-05-30T09:57:32.000Z</time>
        <extensions>
          <ns3:TrackPointExtension>
            <ns3:atemp>24.0</ns3:atemp>
          </ns3:TrackPointExtension>
        </extensions>
      </trkpt>
      <trkpt lat="45.65569055266678333282470703125" lon="6.58020696602761745452880859375">
        <ele>1500.4000244140625</ele>
        <time>2025-05-30T09:57:36.000Z</time>
        <extensions>
          <ns3:TrackPointExtension>
            <ns3:atemp>24.0</ns3:atemp>
          </ns3:TrackPointExtension>
        </extensions>
      </trkpt>
      <trkpt lat="45.65575827844440937042236328125" lon="6.5802834928035736083984375">
        <ele>1501</ele>
        <time>2025-05-30T09:57:39.000Z</time>
        <extensions>
          <ns3:TrackPointExtension>
            <ns3:atemp>24.0</ns3:atemp>
          </ns3:TrackPointExtension>
        </extensions>
      </trkpt>
      <trkpt lat="45.655795745551586151123046875" lon="6.58033420331776142120361328125">
        <ele>1501.199951171875</ele>
        <time>2025-05-30T09:57:41.000Z</time>
        <extensions>
          <ns3:TrackPointExtension>
            <ns3:atemp>24.0</ns3:atemp>
          </ns3:TrackPointExtension>
        </extensions>
      </trkpt>
      <trkpt lat="45.655799768865108489990234375" lon="6.58035683445632457733154296875">
        <ele>1501.4000244140625</ele>
        <time>2025-05-30T09:57:42.000Z</time>
        <extensions>
          <ns3:TrackPointExtension>
            <ns3:atemp>24.0</ns3:atemp>
          </ns3:TrackPointExtension>
        </extensions>
      </trkpt>
      <trkpt lat="45.65579381771385669708251953125" lon="6.58040394075214862823486328125">
        <ele>1501.800048828125</ele>
        <time>2025-05-30T09:57:43.000Z</time>
        <extensions>
          <ns3:TrackPointExtension>
            <ns3:atemp>24.0</ns3:atemp>
          </ns3:TrackPointExtension>
        </extensions>
      </trkpt>
      <trkpt lat="45.65574822016060352325439453125" lon="6.580431349575519561767578125">
        <ele>1502.4000244140625</ele>
        <time>2025-05-30T09:57:45.000Z</time>
        <extensions>
          <ns3:TrackPointExtension>
            <ns3:atemp>24.0</ns3:atemp>
          </ns3:TrackPointExtension>
        </extensions>
      </trkpt>
      <trkpt lat="45.6557325460016727447509765625" lon="6.5804284997284412384033203125">
        <ele>1502.800048828125</ele>
        <time>2025-05-30T09:57:46.000Z</time>
        <extensions>
          <ns3:TrackPointExtension>
            <ns3:atemp>24.0</ns3:atemp>
          </ns3:TrackPointExtension>
        </extensions>
      </trkpt>
      <trkpt lat="45.655715279281139373779296875" lon="6.580418609082698822021484375">
        <ele>1503.199951171875</ele>
        <time>2025-05-30T09:57:47.000Z</time>
        <extensions>
          <ns3:TrackPointExtension>
            <ns3:atemp>24.0</ns3:atemp>
          </ns3:TrackPointExtension>
        </extensions>
      </trkpt>
      <trkpt lat="45.65570287406444549560546875" lon="6.580407209694385528564453125">
        <ele>1503.5999755859375</ele>
        <time>2025-05-30T09:57:48.000Z</time>
        <extensions>
          <ns3:TrackPointExtension>
            <ns3:atemp>24.0</ns3:atemp>
          </ns3:TrackPointExtension>
        </extensions>
      </trkpt>
      <trkpt lat="45.65569189377129077911376953125" lon="6.5804010070860385894775390625">
        <ele>1504</ele>
        <time>2025-05-30T09:57:49.000Z</time>
        <extensions>
          <ns3:TrackPointExtension>
            <ns3:atemp>24.0</ns3:atemp>
          </ns3:TrackPointExtension>
        </extensions>
      </trkpt>
      <trkpt lat="45.65565367229282855987548828125" lon="6.5803647972643375396728515625">
        <ele>1504.4000244140625</ele>
        <time>2025-05-30T09:57:51.000Z</time>
        <extensions>
          <ns3:TrackPointExtension>
            <ns3:atemp>24.0</ns3:atemp>
          </ns3:TrackPointExtension>
        </extensions>
      </trkpt>
      <trkpt lat="45.65562986768782138824462890625" lon="6.5803342871367931365966796875">
        <ele>1504.5999755859375</ele>
        <time>2025-05-30T09:57:52.000Z</time>
        <extensions>
          <ns3:TrackPointExtension>
            <ns3:atemp>24.0</ns3:atemp>
          </ns3:TrackPointExtension>
        </extensions>
      </trkpt>
      <trkpt lat="45.65556046552956104278564453125" lon="6.580298580229282379150390625">
        <ele>1505.5999755859375</ele>
        <time>2025-05-30T09:57:56.000Z</time>
        <extensions>
          <ns3:TrackPointExtension>
            <ns3:atemp>23.0</ns3:atemp>
          </ns3:TrackPointExtension>
        </extensions>
      </trkpt>
      <trkpt lat="45.65548486076295375823974609375" lon="6.58026329241693019866943359375">
        <ele>1506.199951171875</ele>
        <time>2025-05-30T09:57:59.000Z</time>
        <extensions>
          <ns3:TrackPointExtension>
            <ns3:atemp>23.0</ns3:atemp>
          </ns3:TrackPointExtension>
        </extensions>
      </trkpt>
      <trkpt lat="45.655400790274143218994140625" lon="6.5802420862019062042236328125">
        <ele>1507</ele>
        <time>2025-05-30T09:58:02.000Z</time>
        <extensions>
          <ns3:TrackPointExtension>
            <ns3:atemp>23.0</ns3:atemp>
          </ns3:TrackPointExtension>
        </extensions>
      </trkpt>
      <trkpt lat="45.6552852876484394073486328125" lon="6.580206044018268585205078125">
        <ele>1508.199951171875</ele>
        <time>2025-05-30T09:58:07.000Z</time>
        <extensions>
          <ns3:TrackPointExtension>
            <ns3:atemp>23.0</ns3:atemp>
          </ns3:TrackPointExtension>
        </extensions>
      </trkpt>
      <trkpt lat="45.65526123158633708953857421875" lon="6.58020311035215854644775390625">
        <ele>1508.4000244140625</ele>
        <time>2025-05-30T09:58:08.000Z</time>
        <extensions>
          <ns3:TrackPointExtension>
            <ns3:atemp>23.0</ns3:atemp>
          </ns3:TrackPointExtension>
        </extensions>
      </trkpt>
      <trkpt lat="45.6551900692284107208251953125" lon="6.5801864303648471832275390625">
        <ele>1509.199951171875</ele>
        <time>2025-05-30T09:58:11.000Z</time>
        <extensions>
          <ns3:TrackPointExtension>
            <ns3:atemp>23.0</ns3:atemp>
          </ns3:TrackPointExtension>
        </extensions>
      </trkpt>
      <trkpt lat="45.6550958566367626190185546875" lon="6.5801746957004070281982421875">
        <ele>1510.199951171875</ele>
        <time>2025-05-30T09:58:15.000Z</time>
        <extensions>
          <ns3:TrackPointExtension>
            <ns3:atemp>23.0</ns3:atemp>
          </ns3:TrackPointExtension>
        </extensions>
      </trkpt>
      <trkpt lat="45.655042715370655059814453125" lon="6.58017419278621673583984375">
        <ele>1510.5999755859375</ele>
        <time>2025-05-30T09:58:17.000Z</time>
        <extensions>
          <ns3:TrackPointExtension>
            <ns3:atemp>23.0</ns3:atemp>
          </ns3:TrackPointExtension>
        </extensions>
      </trkpt>
      <trkpt lat="45.6549994647502899169921875" lon="6.58016941510140895843505859375">
        <ele>1511</ele>
        <time>2025-05-30T09:58:19.000Z</time>
        <extensions>
          <ns3:TrackPointExtension>
            <ns3:atemp>23.0</ns3:atemp>
          </ns3:TrackPointExtension>
        </extensions>
      </trkpt>
      <trkpt lat="45.6549728102982044219970703125" lon="6.58016874454915523529052734375">
        <ele>1511.199951171875</ele>
        <time>2025-05-30T09:58:20.000Z</time>
        <extensions>
          <ns3:TrackPointExtension>
            <ns3:atemp>23.0</ns3:atemp>
          </ns3:TrackPointExtension>
        </extensions>
      </trkpt>
      <trkpt lat="45.65489963628351688385009765625" lon="6.5801676549017429351806640625">
        <ele>1511.800048828125</ele>
        <time>2025-05-30T09:58:23.000Z</time>
        <extensions>
          <ns3:TrackPointExtension>
            <ns3:atemp>23.0</ns3:atemp>
          </ns3:TrackPointExtension>
        </extensions>
      </trkpt>
      <trkpt lat="45.6548286415636539459228515625" lon="6.580164134502410888671875">
        <ele>1512.4000244140625</ele>
        <time>2025-05-30T09:58:26.000Z</time>
        <extensions>
          <ns3:TrackPointExtension>
            <ns3:atemp>23.0</ns3:atemp>
          </ns3:TrackPointExtension>
        </extensions>
      </trkpt>
      <trkpt lat="45.65471674315631389617919921875" lon="6.58016287721693515777587890625">
        <ele>1513.199951171875</ele>
        <time>2025-05-30T09:58:31.000Z</time>
        <extensions>
          <ns3:TrackPointExtension>
            <ns3:atemp>23.0</ns3:atemp>
          </ns3:TrackPointExtension>
        </extensions>
      </trkpt>
      <trkpt lat="45.6546963751316070556640625" lon="6.58016220666468143463134765625">
        <ele>1513.4000244140625</ele>
        <time>2025-05-30T09:58:32.000Z</time>
        <extensions>
          <ns3:TrackPointExtension>
            <ns3:atemp>23.0</ns3:atemp>
          </ns3:TrackPointExtension>
        </extensions>
      </trkpt>
      <trkpt lat="45.65459285862743854522705078125" lon="6.58015952445566654205322265625">
        <ele>1514.5999755859375</ele>
        <time>2025-05-30T09:58:37.000Z</time>
        <extensions>
          <ns3:TrackPointExtension>
            <ns3:atemp>23.0</ns3:atemp>
          </ns3:TrackPointExtension>
        </extensions>
      </trkpt>
      <trkpt lat="45.6545000709593296051025390625" lon="6.58013303764164447784423828125">
        <ele>1515.5999755859375</ele>
        <time>2025-05-30T09:58:41.000Z</time>
        <extensions>
          <ns3:TrackPointExtension>
            <ns3:atemp>23.0</ns3:atemp>
          </ns3:TrackPointExtension>
        </extensions>
      </trkpt>
      <trkpt lat="45.6544356979429721832275390625" lon="6.5801160223782062530517578125">
        <ele>1516.199951171875</ele>
        <time>2025-05-30T09:58:44.000Z</time>
        <extensions>
          <ns3:TrackPointExtension>
            <ns3:atemp>23.0</ns3:atemp>
          </ns3:TrackPointExtension>
        </extensions>
      </trkpt>
      <trkpt lat="45.65439035184681415557861328125" lon="6.58010152168571949005126953125">
        <ele>1516.800048828125</ele>
        <time>2025-05-30T09:58:46.000Z</time>
        <extensions>
          <ns3:TrackPointExtension>
            <ns3:atemp>23.0</ns3:atemp>
          </ns3:TrackPointExtension>
        </extensions>
      </trkpt>
      <trkpt lat="45.6543029285967350006103515625" lon="6.580081991851329803466796875">
        <ele>1517.5999755859375</ele>
        <time>2025-05-30T09:58:50.000Z</time>
        <extensions>
          <ns3:TrackPointExtension>
            <ns3:atemp>23.0</ns3:atemp>
          </ns3:TrackPointExtension>
        </extensions>
      </trkpt>
      <trkpt lat="45.65428172238171100616455078125" lon="6.5800731070339679718017578125">
        <ele>1518</ele>
        <time>2025-05-30T09:58:51.000Z</time>
        <extensions>
          <ns3:TrackPointExtension>
            <ns3:atemp>23.0</ns3:atemp>
          </ns3:TrackPointExtension>
        </extensions>
      </trkpt>
      <trkpt lat="45.65421064384281635284423828125" lon="6.58002792857587337493896484375">
        <ele>1518.800048828125</ele>
        <time>2025-05-30T09:58:54.000Z</time>
        <extensions>
          <ns3:TrackPointExtension>
            <ns3:atemp>23.0</ns3:atemp>
          </ns3:TrackPointExtension>
        </extensions>
      </trkpt>
      <trkpt lat="45.6541389785706996917724609375" lon="6.57999188639223575592041015625">
        <ele>1520</ele>
        <time>2025-05-30T09:58:58.000Z</time>
        <extensions>
          <ns3:TrackPointExtension>
            <ns3:atemp>23.0</ns3:atemp>
          </ns3:TrackPointExtension>
        </extensions>
      </trkpt>
      <trkpt lat="45.65407074987888336181640625" lon="6.57996657304465770721435546875">
        <ele>1521</ele>
        <time>2025-05-30T09:59:01.000Z</time>
        <extensions>
          <ns3:TrackPointExtension>
            <ns3:atemp>23.0</ns3:atemp>
          </ns3:TrackPointExtension>
        </extensions>
      </trkpt>
      <trkpt lat="45.6539344601333141326904296875" lon="6.5799319557845592498779296875">
        <ele>1521.800048828125</ele>
        <time>2025-05-30T09:59:06.000Z</time>
        <extensions>
          <ns3:TrackPointExtension>
            <ns3:atemp>23.0</ns3:atemp>
          </ns3:TrackPointExtension>
        </extensions>
      </trkpt>
      <trkpt lat="45.65390654839575290679931640625" lon="6.57993136905133724212646484375">
        <ele>1522.199951171875</ele>
        <time>2025-05-30T09:59:07.000Z</time>
        <extensions>
          <ns3:TrackPointExtension>
            <ns3:atemp>23.0</ns3:atemp>
          </ns3:TrackPointExtension>
        </extensions>
      </trkpt>
      <trkpt lat="45.65381132997572422027587890625" lon="6.5799356438219547271728515625">
        <ele>1523.4000244140625</ele>
        <time>2025-05-30T09:59:11.000Z</time>
        <extensions>
          <ns3:TrackPointExtension>
            <ns3:atemp>23.0</ns3:atemp>
          </ns3:TrackPointExtension>
        </extensions>
      </trkpt>
      <trkpt lat="45.65378844738006591796875" lon="6.57992918975651264190673828125">
        <ele>1523.800048828125</ele>
        <time>2025-05-30T09:59:12.000Z</time>
        <extensions>
          <ns3:TrackPointExtension>
            <ns3:atemp>23.0</ns3:atemp>
          </ns3:TrackPointExtension>
        </extensions>
      </trkpt>
      <trkpt lat="45.6537208892405033111572265625" lon="6.5799222327768802642822265625">
        <ele>1524.4000244140625</ele>
        <time>2025-05-30T09:59:15.000Z</time>
        <extensions>
          <ns3:TrackPointExtension>
            <ns3:atemp>23.0</ns3:atemp>
          </ns3:TrackPointExtension>
        </extensions>
      </trkpt>
      <trkpt lat="45.65366799943149089813232421875" lon="6.57992499880492687225341796875">
        <ele>1525.199951171875</ele>
        <time>2025-05-30T09:59:17.000Z</time>
        <extensions>
          <ns3:TrackPointExtension>
            <ns3:atemp>22.0</ns3:atemp>
          </ns3:TrackPointExtension>
        </extensions>
      </trkpt>
      <trkpt lat="45.65363346599042415618896484375" lon="6.57990907318890094757080078125">
        <ele>1525.4000244140625</ele>
        <time>2025-05-30T09:59:18.000Z</time>
        <extensions>
          <ns3:TrackPointExtension>
            <ns3:atemp>22.0</ns3:atemp>
          </ns3:TrackPointExtension>
        </extensions>
      </trkpt>
      <trkpt lat="45.65358468331396579742431640625" lon="6.57989230938255786895751953125">
        <ele>1526</ele>
        <time>2025-05-30T09:59:20.000Z</time>
        <extensions>
          <ns3:TrackPointExtension>
            <ns3:atemp>22.0</ns3:atemp>
          </ns3:TrackPointExtension>
        </extensions>
      </trkpt>
      <trkpt lat="45.65353573299944400787353515625" lon="6.57990236766636371612548828125">
        <ele>1526.4000244140625</ele>
        <time>2025-05-30T09:59:22.000Z</time>
        <extensions>
          <ns3:TrackPointExtension>
            <ns3:atemp>22.0</ns3:atemp>
          </ns3:TrackPointExtension>
        </extensions>
      </trkpt>
      <trkpt lat="45.65341201610863208770751953125" lon="6.57986833713948726654052734375">
        <ele>1527.5999755859375</ele>
        <time>2025-05-30T09:59:27.000Z</time>
        <extensions>
          <ns3:TrackPointExtension>
            <ns3:atemp>22.0</ns3:atemp>
          </ns3:TrackPointExtension>
        </extensions>
      </trkpt>
      <trkpt lat="45.65338787622749805450439453125" lon="6.57985643483698368072509765625">
        <ele>1527.800048828125</ele>
        <time>2025-05-30T09:59:28.000Z</time>
        <extensions>
          <ns3:TrackPointExtension>
            <ns3:atemp>22.0</ns3:atemp>
          </ns3:TrackPointExtension>
        </extensions>
      </trkpt>
      <trkpt lat="45.65330623649060726165771484375" lon="6.57983363606035709381103515625">
        <ele>1528.800048828125</ele>
        <time>2025-05-30T09:59:31.000Z</time>
        <extensions>
          <ns3:TrackPointExtension>
            <ns3:atemp>22.0</ns3:atemp>
          </ns3:TrackPointExtension>
        </extensions>
      </trkpt>
      <trkpt lat="45.65322224982082843780517578125" lon="6.57984319142997264862060546875">
        <ele>1530</ele>
        <time>2025-05-30T09:59:34.000Z</time>
        <extensions>
          <ns3:TrackPointExtension>
            <ns3:atemp>22.0</ns3:atemp>
          </ns3:TrackPointExtension>
        </extensions>
      </trkpt>
      <trkpt lat="45.653168521821498870849609375" lon="6.57985157333314418792724609375">
        <ele>1530.4000244140625</ele>
        <time>2025-05-30T09:59:36.000Z</time>
        <extensions>
          <ns3:TrackPointExtension>
            <ns3:atemp>22.0</ns3:atemp>
          </ns3:TrackPointExtension>
        </extensions>
      </trkpt>
      <trkpt lat="45.6530897319316864013671875" lon="6.579869091510772705078125">
        <ele>1531</ele>
        <time>2025-05-30T09:59:39.000Z</time>
        <extensions>
          <ns3:TrackPointExtension>
            <ns3:atemp>22.0</ns3:atemp>
          </ns3:TrackPointExtension>
        </extensions>
      </trkpt>
      <trkpt lat="45.65298738889396190643310546875" lon="6.57990840263664722442626953125">
        <ele>1531.800048828125</ele>
        <time>2025-05-30T09:59:43.000Z</time>
        <extensions>
          <ns3:TrackPointExtension>
            <ns3:atemp>22.0</ns3:atemp>
          </ns3:TrackPointExtension>
        </extensions>
      </trkpt>
      <trkpt lat="45.65296408720314502716064453125" lon="6.57992533408105373382568359375">
        <ele>1532</ele>
        <time>2025-05-30T09:59:44.000Z</time>
        <extensions>
          <ns3:TrackPointExtension>
            <ns3:atemp>22.0</ns3:atemp>
          </ns3:TrackPointExtension>
        </extensions>
      </trkpt>
      <trkpt lat="45.65279158763587474822998046875" lon="6.58002356998622417449951171875">
        <ele>1533</ele>
        <time>2025-05-30T09:59:51.000Z</time>
        <extensions>
          <ns3:TrackPointExtension>
            <ns3:atemp>22.0</ns3:atemp>
          </ns3:TrackPointExtension>
        </extensions>
      </trkpt>
      <trkpt lat="45.65266535617411136627197265625" lon="6.580062545835971832275390625">
        <ele>1533.800048828125</ele>
        <time>2025-05-30T09:59:56.000Z</time>
        <extensions>
          <ns3:TrackPointExtension>
            <ns3:atemp>22.0</ns3:atemp>
          </ns3:TrackPointExtension>
        </extensions>
      </trkpt>
      <trkpt lat="45.65257181413471698760986328125" lon="6.58009531907737255096435546875">
        <ele>1534.4000244140625</ele>
        <time>2025-05-30T10:00:00.000Z</time>
        <extensions>
          <ns3:TrackPointExtension>
            <ns3:atemp>22.0</ns3:atemp>
          </ns3:TrackPointExtension>
        </extensions>
      </trkpt>
      <trkpt lat="45.652495287358760833740234375" lon="6.58012415282428264617919921875">
        <ele>1535</ele>
        <time>2025-05-30T10:00:03.000Z</time>
        <extensions>
          <ns3:TrackPointExtension>
            <ns3:atemp>22.0</ns3:atemp>
          </ns3:TrackPointExtension>
        </extensions>
      </trkpt>
      <trkpt lat="45.6524052657186985015869140625" lon="6.58017092384397983551025390625">
        <ele>1535.5999755859375</ele>
        <time>2025-05-30T10:00:07.000Z</time>
        <extensions>
          <ns3:TrackPointExtension>
            <ns3:atemp>22.0</ns3:atemp>
          </ns3:TrackPointExtension>
        </extensions>
      </trkpt>
      <trkpt lat="45.65236344002187252044677734375" lon="6.5802035294473171234130859375">
        <ele>1536</ele>
        <time>2025-05-30T10:00:09.000Z</time>
        <extensions>
          <ns3:TrackPointExtension>
            <ns3:atemp>22.0</ns3:atemp>
          </ns3:TrackPointExtension>
        </extensions>
      </trkpt>
      <trkpt lat="45.65226838923990726470947265625" lon="6.58031626604497432708740234375">
        <ele>1537</ele>
        <time>2025-05-30T10:00:14.000Z</time>
        <extensions>
          <ns3:TrackPointExtension>
            <ns3:atemp>22.0</ns3:atemp>
          </ns3:TrackPointExtension>
        </extensions>
      </trkpt>
      <trkpt lat="45.6521675549447536468505859375" lon="6.58038751222193241119384765625">
        <ele>1538.199951171875</ele>
        <time>2025-05-30T10:00:19.000Z</time>
        <extensions>
          <ns3:TrackPointExtension>
            <ns3:atemp>22.0</ns3:atemp>
          </ns3:TrackPointExtension>
        </extensions>
      </trkpt>
      <trkpt lat="45.6521085463464260101318359375" lon="6.58043059520423412322998046875">
        <ele>1538.800048828125</ele>
        <time>2025-05-30T10:00:22.000Z</time>
        <extensions>
          <ns3:TrackPointExtension>
            <ns3:atemp>22.0</ns3:atemp>
          </ns3:TrackPointExtension>
        </extensions>
      </trkpt>
      <trkpt lat="45.65207024104893207550048828125" lon="6.580456830561161041259765625">
        <ele>1539.199951171875</ele>
        <time>2025-05-30T10:00:24.000Z</time>
        <extensions>
          <ns3:TrackPointExtension>
            <ns3:atemp>22.0</ns3:atemp>
          </ns3:TrackPointExtension>
        </extensions>
      </trkpt>
      <trkpt lat="45.6519927084445953369140625" lon="6.58050050027668476104736328125">
        <ele>1540.199951171875</ele>
        <time>2025-05-30T10:00:28.000Z</time>
        <extensions>
          <ns3:TrackPointExtension>
            <ns3:atemp>22.0</ns3:atemp>
          </ns3:TrackPointExtension>
        </extensions>
      </trkpt>
      <trkpt lat="45.65193110145628452301025390625" lon="6.5805414877831935882568359375">
        <ele>1541.199951171875</ele>
        <time>2025-05-30T10:00:31.000Z</time>
        <extensions>
          <ns3:TrackPointExtension>
            <ns3:atemp>22.0</ns3:atemp>
          </ns3:TrackPointExtension>
        </extensions>
      </trkpt>
      <trkpt lat="45.65190964378416538238525390625" lon="6.580548025667667388916015625">
        <ele>1541.4000244140625</ele>
        <time>2025-05-30T10:00:32.000Z</time>
        <extensions>
          <ns3:TrackPointExtension>
            <ns3:atemp>22.0</ns3:atemp>
          </ns3:TrackPointExtension>
        </extensions>
      </trkpt>
      <trkpt lat="45.65189413726329803466796875" lon="6.580568812787532806396484375">
        <ele>1541.800048828125</ele>
        <time>2025-05-30T10:00:33.000Z</time>
        <extensions>
          <ns3:TrackPointExtension>
            <ns3:atemp>22.0</ns3:atemp>
          </ns3:TrackPointExtension>
        </extensions>
      </trkpt>
      <trkpt lat="45.65184091217815876007080078125" lon="6.58063075505197048187255859375">
        <ele>1542.199951171875</ele>
        <time>2025-05-30T10:00:36.000Z</time>
        <extensions>
          <ns3:TrackPointExtension>
            <ns3:atemp>22.0</ns3:atemp>
          </ns3:TrackPointExtension>
        </extensions>
      </trkpt>
      <trkpt lat="45.65177880227565765380859375" lon="6.5806923620402812957763671875">
        <ele>1543.199951171875</ele>
        <time>2025-05-30T10:00:39.000Z</time>
        <extensions>
          <ns3:TrackPointExtension>
            <ns3:atemp>22.0</ns3:atemp>
          </ns3:TrackPointExtension>
        </extensions>
      </trkpt>
      <trkpt lat="45.65175156109035015106201171875" lon="6.58071306534111499786376953125">
        <ele>1543.800048828125</ele>
        <time>2025-05-30T10:00:40.000Z</time>
        <extensions>
          <ns3:TrackPointExtension>
            <ns3:atemp>22.0</ns3:atemp>
          </ns3:TrackPointExtension>
        </extensions>
      </trkpt>
      <trkpt lat="45.65162817947566509246826171875" lon="6.5807939507067203521728515625">
        <ele>1545.199951171875</ele>
        <time>2025-05-30T10:00:44.000Z</time>
        <extensions>
          <ns3:TrackPointExtension>
            <ns3:atemp>22.0</ns3:atemp>
          </ns3:TrackPointExtension>
        </extensions>
      </trkpt>
      <trkpt lat="45.65156699158251285552978515625" lon="6.58081901259720325469970703125">
        <ele>1545.800048828125</ele>
        <time>2025-05-30T10:00:46.000Z</time>
        <extensions>
          <ns3:TrackPointExtension>
            <ns3:atemp>22.0</ns3:atemp>
          </ns3:TrackPointExtension>
        </extensions>
      </trkpt>
      <trkpt lat="45.65150580368936061859130859375" lon="6.58083535730838775634765625">
        <ele>1546.199951171875</ele>
        <time>2025-05-30T10:00:48.000Z</time>
        <extensions>
          <ns3:TrackPointExtension>
            <ns3:atemp>22.0</ns3:atemp>
          </ns3:TrackPointExtension>
        </extensions>
      </trkpt>
      <trkpt lat="45.65136498771607875823974609375" lon="6.580824963748455047607421875">
        <ele>1547.800048828125</ele>
        <time>2025-05-30T10:00:52.000Z</time>
        <extensions>
          <ns3:TrackPointExtension>
            <ns3:atemp>22.0</ns3:atemp>
          </ns3:TrackPointExtension>
        </extensions>
      </trkpt>
      <trkpt lat="45.65097807906568050384521484375" lon="6.580846421420574188232421875">
        <ele>1551</ele>
        <time>2025-05-30T10:03:57.000Z</time>
        <extensions>
          <ns3:TrackPointExtension>
            <ns3:atemp>27.0</ns3:atemp>
          </ns3:TrackPointExtension>
        </extensions>
      </trkpt>
      <trkpt lat="45.65099333412945270538330078125" lon="6.58084181137382984161376953125">
        <ele>1551</ele>
        <time>2025-05-30T10:03:58.000Z</time>
        <extensions>
          <ns3:TrackPointExtension>
            <ns3:atemp>27.0</ns3:atemp>
          </ns3:TrackPointExtension>
        </extensions>
      </trkpt>
      <trkpt lat="45.6510577909648418426513671875" lon="6.58085958100855350494384765625">
        <ele>1550.800048828125</ele>
        <time>2025-05-30T10:04:01.000Z</time>
        <extensions>
          <ns3:TrackPointExtension>
            <ns3:atemp>27.0</ns3:atemp>
          </ns3:TrackPointExtension>
        </extensions>
      </trkpt>
      <trkpt lat="45.6510815955698490142822265625" lon="6.58088707365095615386962890625">
        <ele>1550.800048828125</ele>
        <time>2025-05-30T10:04:02.000Z</time>
        <extensions>
          <ns3:TrackPointExtension>
            <ns3:atemp>27.0</ns3:atemp>
          </ns3:TrackPointExtension>
        </extensions>
      </trkpt>
      <trkpt lat="45.651162900030612945556640625" lon="6.58103476278483867645263671875">
        <ele>1550.800048828125</ele>
        <time>2025-05-30T10:04:06.000Z</time>
        <extensions>
          <ns3:TrackPointExtension>
            <ns3:atemp>27.0</ns3:atemp>
          </ns3:TrackPointExtension>
        </extensions>
      </trkpt>
      <trkpt lat="45.65126725472509860992431640625" lon="6.58123794011771678924560546875">
        <ele>1551.199951171875</ele>
        <time>2025-05-30T10:04:12.000Z</time>
        <extensions>
          <ns3:TrackPointExtension>
            <ns3:atemp>27.0</ns3:atemp>
          </ns3:TrackPointExtension>
        </extensions>
      </trkpt>
      <trkpt lat="45.65131670795381069183349609375" lon="6.58135293982923030853271484375">
        <ele>1552.199951171875</ele>
        <time>2025-05-30T10:04:16.000Z</time>
        <extensions>
          <ns3:TrackPointExtension>
            <ns3:atemp>27.0</ns3:atemp>
          </ns3:TrackPointExtension>
        </extensions>
      </trkpt>
      <trkpt lat="45.6513273529708385467529296875" lon="6.581425778567790985107421875">
        <ele>1552.5999755859375</ele>
        <time>2025-05-30T10:04:18.000Z</time>
        <extensions>
          <ns3:TrackPointExtension>
            <ns3:atemp>27.0</ns3:atemp>
          </ns3:TrackPointExtension>
        </extensions>
      </trkpt>
      <trkpt lat="45.651327185332775115966796875" lon="6.5815446339547634124755859375">
        <ele>1553.4000244140625</ele>
        <time>2025-05-30T10:04:21.000Z</time>
        <extensions>
          <ns3:TrackPointExtension>
            <ns3:atemp>27.0</ns3:atemp>
          </ns3:TrackPointExtension>
        </extensions>
      </trkpt>
      <trkpt lat="45.65131234936416149139404296875" lon="6.581746302545070648193359375">
        <ele>1554.5999755859375</ele>
        <time>2025-05-30T10:04:26.000Z</time>
        <extensions>
          <ns3:TrackPointExtension>
            <ns3:atemp>27.0</ns3:atemp>
          </ns3:TrackPointExtension>
        </extensions>
      </trkpt>
      <trkpt lat="45.65131452865898609161376953125" lon="6.58182232640683650970458984375">
        <ele>1555.199951171875</ele>
        <time>2025-05-30T10:04:28.000Z</time>
        <extensions>
          <ns3:TrackPointExtension>
            <ns3:atemp>27.0</ns3:atemp>
          </ns3:TrackPointExtension>
        </extensions>
      </trkpt>
      <trkpt lat="45.651321150362491607666015625" lon="6.5818929858505725860595703125">
        <ele>1555.800048828125</ele>
        <time>2025-05-30T10:04:30.000Z</time>
        <extensions>
          <ns3:TrackPointExtension>
            <ns3:atemp>27.0</ns3:atemp>
          </ns3:TrackPointExtension>
        </extensions>
      </trkpt>
      <trkpt lat="45.65134889446198940277099609375" lon="6.5820123441517353057861328125">
        <ele>1556.4000244140625</ele>
        <time>2025-05-30T10:04:33.000Z</time>
        <extensions>
          <ns3:TrackPointExtension>
            <ns3:atemp>27.0</ns3:atemp>
          </ns3:TrackPointExtension>
        </extensions>
      </trkpt>
      <trkpt lat="45.65136984921991825103759765625" lon="6.5820713527500629425048828125">
        <ele>1556.800048828125</ele>
        <time>2025-05-30T10:04:35.000Z</time>
        <extensions>
          <ns3:TrackPointExtension>
            <ns3:atemp>27.0</ns3:atemp>
          </ns3:TrackPointExtension>
        </extensions>
      </trkpt>
      <trkpt lat="45.6513987667858600616455078125" lon="6.58214201219379901885986328125">
        <ele>1557.4000244140625</ele>
        <time>2025-05-30T10:04:37.000Z</time>
        <extensions>
          <ns3:TrackPointExtension>
            <ns3:atemp>27.0</ns3:atemp>
          </ns3:TrackPointExtension>
        </extensions>
      </trkpt>
      <trkpt lat="45.6514420174062252044677734375" lon="6.58222901634871959686279296875">
        <ele>1558</ele>
        <time>2025-05-30T10:04:40.000Z</time>
        <extensions>
          <ns3:TrackPointExtension>
            <ns3:atemp>28.0</ns3:atemp>
          </ns3:TrackPointExtension>
        </extensions>
      </trkpt>
      <trkpt lat="45.651497505605220794677734375" lon="6.58234083093702793121337890625">
        <ele>1559.199951171875</ele>
        <time>2025-05-30T10:04:44.000Z</time>
        <extensions>
          <ns3:TrackPointExtension>
            <ns3:atemp>28.0</ns3:atemp>
          </ns3:TrackPointExtension>
        </extensions>
      </trkpt>
      <trkpt lat="45.65152935683727264404296875" lon="6.5824743546545505523681640625">
        <ele>1560.4000244140625</ele>
        <time>2025-05-30T10:04:48.000Z</time>
        <extensions>
          <ns3:TrackPointExtension>
            <ns3:atemp>28.0</ns3:atemp>
          </ns3:TrackPointExtension>
        </extensions>
      </trkpt>
      <trkpt lat="45.65157654695212841033935546875" lon="6.58268298022449016571044921875">
        <ele>1561.800048828125</ele>
        <time>2025-05-30T10:04:54.000Z</time>
        <extensions>
          <ns3:TrackPointExtension>
            <ns3:atemp>28.0</ns3:atemp>
          </ns3:TrackPointExtension>
        </extensions>
      </trkpt>
      <trkpt lat="45.65158342011272907257080078125" lon="6.58272220753133296966552734375">
        <ele>1562</ele>
        <time>2025-05-30T10:04:55.000Z</time>
        <extensions>
          <ns3:TrackPointExtension>
            <ns3:atemp>28.0</ns3:atemp>
          </ns3:TrackPointExtension>
        </extensions>
      </trkpt>
      <trkpt lat="45.6516063027083873748779296875" lon="6.58291130326688289642333984375">
        <ele>1562.5999755859375</ele>
        <time>2025-05-30T10:05:00.000Z</time>
        <extensions>
          <ns3:TrackPointExtension>
            <ns3:atemp>28.0</ns3:atemp>
          </ns3:TrackPointExtension>
        </extensions>
      </trkpt>
      <trkpt lat="45.6516227312386035919189453125" lon="6.582984142005443572998046875">
        <ele>1563.199951171875</ele>
        <time>2025-05-30T10:05:02.000Z</time>
        <extensions>
          <ns3:TrackPointExtension>
            <ns3:atemp>28.0</ns3:atemp>
          </ns3:TrackPointExtension>
        </extensions>
      </trkpt>
      <trkpt lat="45.651639997959136962890625" lon="6.5830587409436702728271484375">
        <ele>1563.800048828125</ele>
        <time>2025-05-30T10:05:04.000Z</time>
        <extensions>
          <ns3:TrackPointExtension>
            <ns3:atemp>28.0</ns3:atemp>
          </ns3:TrackPointExtension>
        </extensions>
      </trkpt>
      <trkpt lat="45.651678554713726043701171875" lon="6.58320953138172626495361328125">
        <ele>1565</ele>
        <time>2025-05-30T10:05:08.000Z</time>
        <extensions>
          <ns3:TrackPointExtension>
            <ns3:atemp>28.0</ns3:atemp>
          </ns3:TrackPointExtension>
        </extensions>
      </trkpt>
      <trkpt lat="45.65169137902557849884033203125" lon="6.58328798599541187286376953125">
        <ele>1565.4000244140625</ele>
        <time>2025-05-30T10:05:10.000Z</time>
        <extensions>
          <ns3:TrackPointExtension>
            <ns3:atemp>28.0</ns3:atemp>
          </ns3:TrackPointExtension>
        </extensions>
      </trkpt>
      <trkpt lat="45.65170235931873321533203125" lon="6.583430059254169464111328125">
        <ele>1566.199951171875</ele>
        <time>2025-05-30T10:05:14.000Z</time>
        <extensions>
          <ns3:TrackPointExtension>
            <ns3:atemp>28.0</ns3:atemp>
          </ns3:TrackPointExtension>
        </extensions>
      </trkpt>
      <trkpt lat="45.6516954861581325531005859375" lon="6.5835405327379703521728515625">
        <ele>1567</ele>
        <time>2025-05-30T10:05:17.000Z</time>
        <extensions>
          <ns3:TrackPointExtension>
            <ns3:atemp>28.0</ns3:atemp>
          </ns3:TrackPointExtension>
        </extensions>
      </trkpt>
      <trkpt lat="45.65169523470103740692138671875" lon="6.5836126171052455902099609375">
        <ele>1567.4000244140625</ele>
        <time>2025-05-30T10:05:19.000Z</time>
        <extensions>
          <ns3:TrackPointExtension>
            <ns3:atemp>28.0</ns3:atemp>
          </ns3:TrackPointExtension>
        </extensions>
      </trkpt>
      <trkpt lat="45.65167360939085483551025390625" lon="6.5837963484227657318115234375">
        <ele>1568.5999755859375</ele>
        <time>2025-05-30T10:05:24.000Z</time>
        <extensions>
          <ns3:TrackPointExtension>
            <ns3:atemp>28.0</ns3:atemp>
          </ns3:TrackPointExtension>
        </extensions>
      </trkpt>
      <trkpt lat="45.65165701322257518768310546875" lon="6.583939678966999053955078125">
        <ele>1570</ele>
        <time>2025-05-30T10:05:28.000Z</time>
        <extensions>
          <ns3:TrackPointExtension>
            <ns3:atemp>28.0</ns3:atemp>
          </ns3:TrackPointExtension>
        </extensions>
      </trkpt>
      <trkpt lat="45.6516314484179019927978515625" lon="6.58407202921807765960693359375">
        <ele>1570.800048828125</ele>
        <time>2025-05-30T10:05:32.000Z</time>
        <extensions>
          <ns3:TrackPointExtension>
            <ns3:atemp>28.0</ns3:atemp>
          </ns3:TrackPointExtension>
        </extensions>
      </trkpt>
      <trkpt lat="45.65162767656147480010986328125" lon="6.58410622738301753997802734375">
        <ele>1570.800048828125</ele>
        <time>2025-05-30T10:05:33.000Z</time>
        <extensions>
          <ns3:TrackPointExtension>
            <ns3:atemp>28.0</ns3:atemp>
          </ns3:TrackPointExtension>
        </extensions>
      </trkpt>
      <trkpt lat="45.65161610953509807586669921875" lon="6.5841700136661529541015625">
        <ele>1572</ele>
        <time>2025-05-30T10:05:35.000Z</time>
        <extensions>
          <ns3:TrackPointExtension>
            <ns3:atemp>28.0</ns3:atemp>
          </ns3:TrackPointExtension>
        </extensions>
      </trkpt>
      <trkpt lat="45.6515700928866863250732421875" lon="6.58429498784244060516357421875">
        <ele>1573</ele>
        <time>2025-05-30T10:05:39.000Z</time>
        <extensions>
          <ns3:TrackPointExtension>
            <ns3:atemp>28.0</ns3:atemp>
          </ns3:TrackPointExtension>
        </extensions>
      </trkpt>
      <trkpt lat="45.6515238247811794281005859375" lon="6.584422476589679718017578125">
        <ele>1574.199951171875</ele>
        <time>2025-05-30T10:05:43.000Z</time>
        <extensions>
          <ns3:TrackPointExtension>
            <ns3:atemp>28.0</ns3:atemp>
          </ns3:TrackPointExtension>
        </extensions>
      </trkpt>
      <trkpt lat="45.65148971043527126312255859375" lon="6.584488861262798309326171875">
        <ele>1574.800048828125</ele>
        <time>2025-05-30T10:05:45.000Z</time>
        <extensions>
          <ns3:TrackPointExtension>
            <ns3:atemp>28.0</ns3:atemp>
          </ns3:TrackPointExtension>
        </extensions>
      </trkpt>
      <trkpt lat="45.65145132131874561309814453125" lon="6.58455197699368000030517578125">
        <ele>1575.199951171875</ele>
        <time>2025-05-30T10:05:47.000Z</time>
        <extensions>
          <ns3:TrackPointExtension>
            <ns3:atemp>28.0</ns3:atemp>
          </ns3:TrackPointExtension>
        </extensions>
      </trkpt>
      <trkpt lat="45.6514319591224193572998046875" lon="6.5845830738544464111328125">
        <ele>1575.4000244140625</ele>
        <time>2025-05-30T10:05:48.000Z</time>
        <extensions>
          <ns3:TrackPointExtension>
            <ns3:atemp>28.0</ns3:atemp>
          </ns3:TrackPointExtension>
        </extensions>
      </trkpt>
      <trkpt lat="45.6513360701501369476318359375" lon="6.58475884236395359039306640625">
        <ele>1576</ele>
        <time>2025-05-30T10:05:53.000Z</time>
        <extensions>
          <ns3:TrackPointExtension>
            <ns3:atemp>28.0</ns3:atemp>
          </ns3:TrackPointExtension>
        </extensions>
      </trkpt>
      <trkpt lat="45.651275217533111572265625" lon="6.5848538093268871307373046875">
        <ele>1576.4000244140625</ele>
        <time>2025-05-30T10:05:56.000Z</time>
        <extensions>
          <ns3:TrackPointExtension>
            <ns3:atemp>28.0</ns3:atemp>
          </ns3:TrackPointExtension>
        </extensions>
      </trkpt>
      <trkpt lat="45.65117061138153076171875" lon="6.58501013182103633880615234375">
        <ele>1577.4000244140625</ele>
        <time>2025-05-30T10:06:01.000Z</time>
        <extensions>
          <ns3:TrackPointExtension>
            <ns3:atemp>28.0</ns3:atemp>
          </ns3:TrackPointExtension>
        </extensions>
      </trkpt>
      <trkpt lat="45.65110967494547367095947265625" lon="6.58509596250951290130615234375">
        <ele>1578.199951171875</ele>
        <time>2025-05-30T10:06:04.000Z</time>
        <extensions>
          <ns3:TrackPointExtension>
            <ns3:atemp>28.0</ns3:atemp>
          </ns3:TrackPointExtension>
        </extensions>
      </trkpt>
      <trkpt lat="45.65107329748570919036865234375" lon="6.5851552225649356842041015625">
        <ele>1578.4000244140625</ele>
        <time>2025-05-30T10:06:06.000Z</time>
        <extensions>
          <ns3:TrackPointExtension>
            <ns3:atemp>28.0</ns3:atemp>
          </ns3:TrackPointExtension>
        </extensions>
      </trkpt>
      <trkpt lat="45.65101034939289093017578125" lon="6.5852873213589191436767578125">
        <ele>1579.5999755859375</ele>
        <time>2025-05-30T10:06:10.000Z</time>
        <extensions>
          <ns3:TrackPointExtension>
            <ns3:atemp>28.0</ns3:atemp>
          </ns3:TrackPointExtension>
        </extensions>
      </trkpt>
      <trkpt lat="45.6509488262236118316650390625" lon="6.58551841042935848236083984375">
        <ele>1580.5999755859375</ele>
        <time>2025-05-30T10:06:16.000Z</time>
        <extensions>
          <ns3:TrackPointExtension>
            <ns3:atemp>28.0</ns3:atemp>
          </ns3:TrackPointExtension>
        </extensions>
      </trkpt>
      <trkpt lat="45.65094505436718463897705078125" lon="6.58555604517459869384765625">
        <ele>1581</ele>
        <time>2025-05-30T10:06:17.000Z</time>
        <extensions>
          <ns3:TrackPointExtension>
            <ns3:atemp>28.0</ns3:atemp>
          </ns3:TrackPointExtension>
        </extensions>
      </trkpt>
      <trkpt lat="45.650936253368854522705078125" lon="6.58573701046407222747802734375">
        <ele>1581.800048828125</ele>
        <time>2025-05-30T10:06:21.000Z</time>
        <extensions>
          <ns3:TrackPointExtension>
            <ns3:atemp>28.0</ns3:atemp>
          </ns3:TrackPointExtension>
        </extensions>
      </trkpt>
      <trkpt lat="45.65094790421426296234130859375" lon="6.58597438596189022064208984375">
        <ele>1582.800048828125</ele>
        <time>2025-05-30T10:06:26.000Z</time>
        <extensions>
          <ns3:TrackPointExtension>
            <ns3:atemp>28.0</ns3:atemp>
          </ns3:TrackPointExtension>
        </extensions>
      </trkpt>
      <trkpt lat="45.6509458087384700775146484375" lon="6.58601847477257251739501953125">
        <ele>1582.5999755859375</ele>
        <time>2025-05-30T10:06:27.000Z</time>
        <extensions>
          <ns3:TrackPointExtension>
            <ns3:atemp>28.0</ns3:atemp>
          </ns3:TrackPointExtension>
        </extensions>
      </trkpt>
      <trkpt lat="45.650893338024616241455078125" lon="6.58618058077991008758544921875">
        <ele>1583.199951171875</ele>
        <time>2025-05-30T10:06:31.000Z</time>
        <extensions>
          <ns3:TrackPointExtension>
            <ns3:atemp>28.0</ns3:atemp>
          </ns3:TrackPointExtension>
        </extensions>
      </trkpt>
      <trkpt lat="45.65080541186034679412841796875" lon="6.58622332848608493804931640625">
        <ele>1583.800048828125</ele>
        <time>2025-05-30T10:06:34.000Z</time>
        <extensions>
          <ns3:TrackPointExtension>
            <ns3:atemp>28.0</ns3:atemp>
          </ns3:TrackPointExtension>
        </extensions>
      </trkpt>
      <trkpt lat="45.65077423118054866790771484375" lon="6.58622500486671924591064453125">
        <ele>1584</ele>
        <time>2025-05-30T10:06:35.000Z</time>
        <extensions>
          <ns3:TrackPointExtension>
            <ns3:atemp>28.0</ns3:atemp>
          </ns3:TrackPointExtension>
        </extensions>
      </trkpt>
      <trkpt lat="45.65064146183431148529052734375" lon="6.5861607156693935394287109375">
        <ele>1584.5999755859375</ele>
        <time>2025-05-30T10:06:40.000Z</time>
        <extensions>
          <ns3:TrackPointExtension>
            <ns3:atemp>28.0</ns3:atemp>
          </ns3:TrackPointExtension>
        </extensions>
      </trkpt>
      <trkpt lat="45.65061883069574832916259765625" lon="6.586145125329494476318359375">
        <ele>1584.800048828125</ele>
        <time>2025-05-30T10:06:41.000Z</time>
        <extensions>
          <ns3:TrackPointExtension>
            <ns3:atemp>28.0</ns3:atemp>
          </ns3:TrackPointExtension>
        </extensions>
      </trkpt>
      <trkpt lat="45.65051891840994358062744140625" lon="6.58606876619160175323486328125">
        <ele>1585.800048828125</ele>
        <time>2025-05-30T10:06:45.000Z</time>
        <extensions>
          <ns3:TrackPointExtension>
            <ns3:atemp>28.0</ns3:atemp>
          </ns3:TrackPointExtension>
        </extensions>
      </trkpt>
      <trkpt lat="45.650491006672382354736328125" lon="6.58605359494686126708984375">
        <ele>1586.199951171875</ele>
        <time>2025-05-30T10:06:46.000Z</time>
        <extensions>
          <ns3:TrackPointExtension>
            <ns3:atemp>28.0</ns3:atemp>
          </ns3:TrackPointExtension>
        </extensions>
      </trkpt>
      <trkpt lat="45.6504147313535213470458984375" lon="6.586011685431003570556640625">
        <ele>1587</ele>
        <time>2025-05-30T10:06:49.000Z</time>
        <extensions>
          <ns3:TrackPointExtension>
            <ns3:atemp>28.0</ns3:atemp>
          </ns3:TrackPointExtension>
        </extensions>
      </trkpt>
      <trkpt lat="45.65033853985369205474853515625" lon="6.58595896326005458831787109375">
        <ele>1587.5999755859375</ele>
        <time>2025-05-30T10:06:52.000Z</time>
        <extensions>
          <ns3:TrackPointExtension>
            <ns3:atemp>28.0</ns3:atemp>
          </ns3:TrackPointExtension>
        </extensions>
      </trkpt>
      <trkpt lat="45.650312639772891998291015625" lon="6.5859411098062992095947265625">
        <ele>1587.800048828125</ele>
        <time>2025-05-30T10:06:53.000Z</time>
        <extensions>
          <ns3:TrackPointExtension>
            <ns3:atemp>28.0</ns3:atemp>
          </ns3:TrackPointExtension>
        </extensions>
      </trkpt>
      <trkpt lat="45.6502226181328296661376953125" lon="6.58589760772883892059326171875">
        <ele>1589</ele>
        <time>2025-05-30T10:06:57.000Z</time>
        <extensions>
          <ns3:TrackPointExtension>
            <ns3:atemp>28.0</ns3:atemp>
          </ns3:TrackPointExtension>
        </extensions>
      </trkpt>
      <trkpt lat="45.6501709856092929840087890625" lon="6.5858800895512104034423828125">
        <ele>1589.4000244140625</ele>
        <time>2025-05-30T10:06:59.000Z</time>
        <extensions>
          <ns3:TrackPointExtension>
            <ns3:atemp>28.0</ns3:atemp>
          </ns3:TrackPointExtension>
        </extensions>
      </trkpt>
      <trkpt lat="45.65011876635253429412841796875" lon="6.58588059246540069580078125">
        <ele>1590.199951171875</ele>
        <time>2025-05-30T10:07:01.000Z</time>
        <extensions>
          <ns3:TrackPointExtension>
            <ns3:atemp>28.0</ns3:atemp>
          </ns3:TrackPointExtension>
        </extensions>
      </trkpt>
      <trkpt lat="45.6500476039946079254150390625" lon="6.585930883884429931640625">
        <ele>1591</ele>
        <time>2025-05-30T10:07:04.000Z</time>
        <extensions>
          <ns3:TrackPointExtension>
            <ns3:atemp>28.0</ns3:atemp>
          </ns3:TrackPointExtension>
        </extensions>
      </trkpt>
      <trkpt lat="45.6500124000012874603271484375" lon="6.58598394133150577545166015625">
        <ele>1591.199951171875</ele>
        <time>2025-05-30T10:07:06.000Z</time>
        <extensions>
          <ns3:TrackPointExtension>
            <ns3:atemp>28.0</ns3:atemp>
          </ns3:TrackPointExtension>
        </extensions>
      </trkpt>
      <trkpt lat="45.64996789209544658660888671875" lon="6.586122326552867889404296875">
        <ele>1592.4000244140625</ele>
        <time>2025-05-30T10:07:10.000Z</time>
        <extensions>
          <ns3:TrackPointExtension>
            <ns3:atemp>28.0</ns3:atemp>
          </ns3:TrackPointExtension>
        </extensions>
      </trkpt>
      <trkpt lat="45.64992715604603290557861328125" lon="6.58625450916588306427001953125">
        <ele>1593.199951171875</ele>
        <time>2025-05-30T10:07:14.000Z</time>
        <extensions>
          <ns3:TrackPointExtension>
            <ns3:atemp>28.0</ns3:atemp>
          </ns3:TrackPointExtension>
        </extensions>
      </trkpt>
      <trkpt lat="45.64990787766873836517333984375" lon="6.58632583916187286376953125">
        <ele>1593.5999755859375</ele>
        <time>2025-05-30T10:07:16.000Z</time>
        <extensions>
          <ns3:TrackPointExtension>
            <ns3:atemp>28.0</ns3:atemp>
          </ns3:TrackPointExtension>
        </extensions>
      </trkpt>
      <trkpt lat="45.64987719990313053131103515625" lon="6.58643404953181743621826171875">
        <ele>1594.4000244140625</ele>
        <time>2025-05-30T10:07:19.000Z</time>
        <extensions>
          <ns3:TrackPointExtension>
            <ns3:atemp>28.0</ns3:atemp>
          </ns3:TrackPointExtension>
        </extensions>
      </trkpt>
      <trkpt lat="45.64981274306774139404296875" lon="6.5865918807685375213623046875">
        <ele>1595.5999755859375</ele>
        <time>2025-05-30T10:07:24.000Z</time>
        <extensions>
          <ns3:TrackPointExtension>
            <ns3:atemp>28.0</ns3:atemp>
          </ns3:TrackPointExtension>
        </extensions>
      </trkpt>
      <trkpt lat="45.6497193686664104461669921875" lon="6.58674367703497409820556640625">
        <ele>1596.5999755859375</ele>
        <time>2025-05-30T10:07:29.000Z</time>
        <extensions>
          <ns3:TrackPointExtension>
            <ns3:atemp>28.0</ns3:atemp>
          </ns3:TrackPointExtension>
        </extensions>
      </trkpt>
      <trkpt lat="45.64967016689479351043701171875" lon="6.58683788962662220001220703125">
        <ele>1597</ele>
        <time>2025-05-30T10:07:32.000Z</time>
        <extensions>
          <ns3:TrackPointExtension>
            <ns3:atemp>28.0</ns3:atemp>
          </ns3:TrackPointExtension>
        </extensions>
      </trkpt>
      <trkpt lat="45.6496355496346950531005859375" lon="6.5868906117975711822509765625">
        <ele>1597.5999755859375</ele>
        <time>2025-05-30T10:07:34.000Z</time>
        <extensions>
          <ns3:TrackPointExtension>
            <ns3:atemp>28.0</ns3:atemp>
          </ns3:TrackPointExtension>
        </extensions>
      </trkpt>
      <trkpt lat="45.64955986104905605316162109375" lon="6.5870341099798679351806640625">
        <ele>1599.199951171875</ele>
        <time>2025-05-30T10:07:39.000Z</time>
        <extensions>
          <ns3:TrackPointExtension>
            <ns3:atemp>28.0</ns3:atemp>
          </ns3:TrackPointExtension>
        </extensions>
      </trkpt>
      <trkpt lat="45.64952373504638671875" lon="6.58709303475916385650634765625">
        <ele>1599.800048828125</ele>
        <time>2025-05-30T10:07:41.000Z</time>
        <extensions>
          <ns3:TrackPointExtension>
            <ns3:atemp>28.0</ns3:atemp>
          </ns3:TrackPointExtension>
        </extensions>
      </trkpt>
      <trkpt lat="45.64950504340231418609619140625" lon="6.587120778858661651611328125">
        <ele>1600</ele>
        <time>2025-05-30T10:07:42.000Z</time>
        <extensions>
          <ns3:TrackPointExtension>
            <ns3:atemp>29.0</ns3:atemp>
          </ns3:TrackPointExtension>
        </extensions>
      </trkpt>
      <trkpt lat="45.64948551356792449951171875" lon="6.587144248187541961669921875">
        <ele>1600.199951171875</ele>
        <time>2025-05-30T10:07:43.000Z</time>
        <extensions>
          <ns3:TrackPointExtension>
            <ns3:atemp>29.0</ns3:atemp>
          </ns3:TrackPointExtension>
        </extensions>
      </trkpt>
      <trkpt lat="45.64944435842335224151611328125" lon="6.58718305639922618865966796875">
        <ele>1600.800048828125</ele>
        <time>2025-05-30T10:07:45.000Z</time>
        <extensions>
          <ns3:TrackPointExtension>
            <ns3:atemp>29.0</ns3:atemp>
          </ns3:TrackPointExtension>
        </extensions>
      </trkpt>
      <trkpt lat="45.649377889931201934814453125" lon="6.58723175525665283203125">
        <ele>1602.5999755859375</ele>
        <time>2025-05-30T10:12:14.000Z</time>
        <extensions>
          <ns3:TrackPointExtension>
            <ns3:atemp>32.0</ns3:atemp>
          </ns3:TrackPointExtension>
        </extensions>
      </trkpt>
      <trkpt lat="45.64936137758195400238037109375" lon="6.58723770640790462493896484375">
        <ele>1602.4000244140625</ele>
        <time>2025-05-30T10:12:15.000Z</time>
        <extensions>
          <ns3:TrackPointExtension>
            <ns3:atemp>32.0</ns3:atemp>
          </ns3:TrackPointExtension>
        </extensions>
      </trkpt>
      <trkpt lat="45.64920195378363132476806640625" lon="6.587255895137786865234375">
        <ele>1603.4000244140625</ele>
        <time>2025-05-30T10:12:23.000Z</time>
        <extensions>
          <ns3:TrackPointExtension>
            <ns3:atemp>32.0</ns3:atemp>
          </ns3:TrackPointExtension>
        </extensions>
      </trkpt>
      <trkpt lat="45.64917747862637042999267578125" lon="6.5872547216713428497314453125">
        <ele>1603.800048828125</ele>
        <time>2025-05-30T10:12:24.000Z</time>
        <extensions>
          <ns3:TrackPointExtension>
            <ns3:atemp>32.0</ns3:atemp>
          </ns3:TrackPointExtension>
        </extensions>
      </trkpt>
      <trkpt lat="45.64910598099231719970703125" lon="6.587257571518421173095703125">
        <ele>1604.800048828125</ele>
        <time>2025-05-30T10:12:27.000Z</time>
        <extensions>
          <ns3:TrackPointExtension>
            <ns3:atemp>32.0</ns3:atemp>
          </ns3:TrackPointExtension>
        </extensions>
      </trkpt>
      <trkpt lat="45.64901235513389110565185546875" lon="6.58725212328135967254638671875">
        <ele>1605.800048828125</ele>
        <time>2025-05-30T10:12:31.000Z</time>
        <extensions>
          <ns3:TrackPointExtension>
            <ns3:atemp>32.0</ns3:atemp>
          </ns3:TrackPointExtension>
        </extensions>
      </trkpt>
      <trkpt lat="45.6488929130136966705322265625" lon="6.5872607566416263580322265625">
        <ele>1607</ele>
        <time>2025-05-30T10:12:36.000Z</time>
        <extensions>
          <ns3:TrackPointExtension>
            <ns3:atemp>32.0</ns3:atemp>
          </ns3:TrackPointExtension>
        </extensions>
      </trkpt>
      <trkpt lat="45.64879945479333400726318359375" lon="6.58723301254212856292724609375">
        <ele>1608</ele>
        <time>2025-05-30T10:12:40.000Z</time>
        <extensions>
          <ns3:TrackPointExtension>
            <ns3:atemp>32.0</ns3:atemp>
          </ns3:TrackPointExtension>
        </extensions>
      </trkpt>
      <trkpt lat="45.64870708622038364410400390625" lon="6.5872156620025634765625">
        <ele>1609.199951171875</ele>
        <time>2025-05-30T10:12:44.000Z</time>
        <extensions>
          <ns3:TrackPointExtension>
            <ns3:atemp>32.0</ns3:atemp>
          </ns3:TrackPointExtension>
        </extensions>
      </trkpt>
      <trkpt lat="45.64861304126679897308349609375" lon="6.5871772728860378265380859375">
        <ele>1610.199951171875</ele>
        <time>2025-05-30T10:12:48.000Z</time>
        <extensions>
          <ns3:TrackPointExtension>
            <ns3:atemp>32.0</ns3:atemp>
          </ns3:TrackPointExtension>
        </extensions>
      </trkpt>
      <trkpt lat="45.64854732714593410491943359375" lon="6.5871356986463069915771484375">
        <ele>1611.4000244140625</ele>
        <time>2025-05-30T10:12:51.000Z</time>
        <extensions>
          <ns3:TrackPointExtension>
            <ns3:atemp>32.0</ns3:atemp>
          </ns3:TrackPointExtension>
        </extensions>
      </trkpt>
      <trkpt lat="45.6484629213809967041015625" lon="6.58709756098687648773193359375">
        <ele>1612.4000244140625</ele>
        <time>2025-05-30T10:12:55.000Z</time>
        <extensions>
          <ns3:TrackPointExtension>
            <ns3:atemp>32.0</ns3:atemp>
          </ns3:TrackPointExtension>
        </extensions>
      </trkpt>
      <trkpt lat="45.64844154752790927886962890625" lon="6.5870773606002330780029296875">
        <ele>1612.5999755859375</ele>
        <time>2025-05-30T10:12:56.000Z</time>
        <extensions>
          <ns3:TrackPointExtension>
            <ns3:atemp>32.0</ns3:atemp>
          </ns3:TrackPointExtension>
        </extensions>
      </trkpt>
      <trkpt lat="45.6483785994350910186767578125" lon="6.5870555676519870758056640625">
        <ele>1613.4000244140625</ele>
        <time>2025-05-30T10:12:59.000Z</time>
        <extensions>
          <ns3:TrackPointExtension>
            <ns3:atemp>32.0</ns3:atemp>
          </ns3:TrackPointExtension>
        </extensions>
      </trkpt>
      <trkpt lat="45.6483584828674793243408203125" lon="6.5870424918830394744873046875">
        <ele>1613.800048828125</ele>
        <time>2025-05-30T10:13:00.000Z</time>
        <extensions>
          <ns3:TrackPointExtension>
            <ns3:atemp>32.0</ns3:atemp>
          </ns3:TrackPointExtension>
        </extensions>
      </trkpt>
      <trkpt lat="45.648341216146945953369140625" lon="6.5870297513902187347412109375">
        <ele>1614.199951171875</ele>
        <time>2025-05-30T10:13:01.000Z</time>
        <extensions>
          <ns3:TrackPointExtension>
            <ns3:atemp>32.0</ns3:atemp>
          </ns3:TrackPointExtension>
        </extensions>
      </trkpt>
      <trkpt lat="45.648323111236095428466796875" lon="6.5870176814496517181396484375">
        <ele>1614.5999755859375</ele>
        <time>2025-05-30T10:13:02.000Z</time>
        <extensions>
          <ns3:TrackPointExtension>
            <ns3:atemp>32.0</ns3:atemp>
          </ns3:TrackPointExtension>
        </extensions>
      </trkpt>
      <trkpt lat="45.64823568798601627349853515625" lon="6.5869526378810405731201171875">
        <ele>1616</ele>
        <time>2025-05-30T10:13:06.000Z</time>
        <extensions>
          <ns3:TrackPointExtension>
            <ns3:atemp>32.0</ns3:atemp>
          </ns3:TrackPointExtension>
        </extensions>
      </trkpt>
      <trkpt lat="45.64819528721272945404052734375" lon="6.586911566555500030517578125">
        <ele>1616.4000244140625</ele>
        <time>2025-05-30T10:13:08.000Z</time>
        <extensions>
          <ns3:TrackPointExtension>
            <ns3:atemp>32.0</ns3:atemp>
          </ns3:TrackPointExtension>
        </extensions>
      </trkpt>
      <trkpt lat="45.648156143724918365478515625" lon="6.58686856739223003387451171875">
        <ele>1617</ele>
        <time>2025-05-30T10:13:10.000Z</time>
        <extensions>
          <ns3:TrackPointExtension>
            <ns3:atemp>32.0</ns3:atemp>
          </ns3:TrackPointExtension>
        </extensions>
      </trkpt>
      <trkpt lat="45.64808833412826061248779296875" lon="6.58682473003864288330078125">
        <ele>1617.800048828125</ele>
        <time>2025-05-30T10:13:13.000Z</time>
        <extensions>
          <ns3:TrackPointExtension>
            <ns3:atemp>32.0</ns3:atemp>
          </ns3:TrackPointExtension>
        </extensions>
      </trkpt>
      <trkpt lat="45.648036785423755645751953125" lon="6.5867970697581768035888671875">
        <ele>1618.199951171875</ele>
        <time>2025-05-30T10:13:15.000Z</time>
        <extensions>
          <ns3:TrackPointExtension>
            <ns3:atemp>32.0</ns3:atemp>
          </ns3:TrackPointExtension>
        </extensions>
      </trkpt>
      <trkpt lat="45.6479658745229244232177734375" lon="6.58675272949039936065673828125">
        <ele>1619</ele>
        <time>2025-05-30T10:13:18.000Z</time>
        <extensions>
          <ns3:TrackPointExtension>
            <ns3:atemp>32.0</ns3:atemp>
          </ns3:TrackPointExtension>
        </extensions>
      </trkpt>
      <trkpt lat="45.64791734330356121063232421875" lon="6.58671853132545948028564453125">
        <ele>1619.4000244140625</ele>
        <time>2025-05-30T10:13:20.000Z</time>
        <extensions>
          <ns3:TrackPointExtension>
            <ns3:atemp>32.0</ns3:atemp>
          </ns3:TrackPointExtension>
        </extensions>
      </trkpt>
      <trkpt lat="45.6478300876915454864501953125" lon="6.58664862625300884246826171875">
        <ele>1620.199951171875</ele>
        <time>2025-05-30T10:13:24.000Z</time>
        <extensions>
          <ns3:TrackPointExtension>
            <ns3:atemp>31.0</ns3:atemp>
          </ns3:TrackPointExtension>
        </extensions>
      </trkpt>
      <trkpt lat="45.64775842241942882537841796875" lon="6.58656531013548374176025390625">
        <ele>1621.4000244140625</ele>
        <time>2025-05-30T10:13:28.000Z</time>
        <extensions>
          <ns3:TrackPointExtension>
            <ns3:atemp>31.0</ns3:atemp>
          </ns3:TrackPointExtension>
        </extensions>
      </trkpt>
      <trkpt lat="45.64771366305649280548095703125" lon="6.58651988022029399871826171875">
        <ele>1621.800048828125</ele>
        <time>2025-05-30T10:13:30.000Z</time>
        <extensions>
          <ns3:TrackPointExtension>
            <ns3:atemp>31.0</ns3:atemp>
          </ns3:TrackPointExtension>
        </extensions>
      </trkpt>
      <trkpt lat="45.647648870944976806640625" lon="6.5864664874970912933349609375">
        <ele>1622.5999755859375</ele>
        <time>2025-05-30T10:13:33.000Z</time>
        <extensions>
          <ns3:TrackPointExtension>
            <ns3:atemp>31.0</ns3:atemp>
          </ns3:TrackPointExtension>
        </extensions>
      </trkpt>
      <trkpt lat="45.647555328905582427978515625" lon="6.58639834262430667877197265625">
        <ele>1623.199951171875</ele>
        <time>2025-05-30T10:13:37.000Z</time>
        <extensions>
          <ns3:TrackPointExtension>
            <ns3:atemp>31.0</ns3:atemp>
          </ns3:TrackPointExtension>
        </extensions>
      </trkpt>
      <trkpt lat="45.64750696532428264617919921875" lon="6.58636900596320629119873046875">
        <ele>1623.800048828125</ele>
        <time>2025-05-30T10:13:39.000Z</time>
        <extensions>
          <ns3:TrackPointExtension>
            <ns3:atemp>31.0</ns3:atemp>
          </ns3:TrackPointExtension>
        </extensions>
      </trkpt>
      <trkpt lat="45.64737939275801181793212890625" lon="6.5863038785755634307861328125">
        <ele>1625</ele>
        <time>2025-05-30T10:13:44.000Z</time>
        <extensions>
          <ns3:TrackPointExtension>
            <ns3:atemp>31.0</ns3:atemp>
          </ns3:TrackPointExtension>
        </extensions>
      </trkpt>
      <trkpt lat="45.6472346372902393341064453125" lon="6.58622785471379756927490234375">
        <ele>1626.4000244140625</ele>
        <time>2025-05-30T10:13:50.000Z</time>
        <extensions>
          <ns3:TrackPointExtension>
            <ns3:atemp>31.0</ns3:atemp>
          </ns3:TrackPointExtension>
        </extensions>
      </trkpt>
      <trkpt lat="45.6470720283687114715576171875" lon="6.58616147004067897796630859375">
        <ele>1627.4000244140625</ele>
        <time>2025-05-30T10:13:56.000Z</time>
        <extensions>
          <ns3:TrackPointExtension>
            <ns3:atemp>31.0</ns3:atemp>
          </ns3:TrackPointExtension>
        </extensions>
      </trkpt>
      <trkpt lat="45.6469922326505184173583984375" lon="6.5861441195011138916015625">
        <ele>1628</ele>
        <time>2025-05-30T10:13:59.000Z</time>
        <extensions>
          <ns3:TrackPointExtension>
            <ns3:atemp>31.0</ns3:atemp>
          </ns3:TrackPointExtension>
        </extensions>
      </trkpt>
      <trkpt lat="45.64693531952798366546630859375" lon="6.5861271880567073822021484375">
        <ele>1628.4000244140625</ele>
        <time>2025-05-30T10:14:01.000Z</time>
        <extensions>
          <ns3:TrackPointExtension>
            <ns3:atemp>31.0</ns3:atemp>
          </ns3:TrackPointExtension>
        </extensions>
      </trkpt>
      <trkpt lat="45.64684663899242877960205078125" lon="6.58609156496822834014892578125">
        <ele>1629</ele>
        <time>2025-05-30T10:14:04.000Z</time>
        <extensions>
          <ns3:TrackPointExtension>
            <ns3:atemp>31.0</ns3:atemp>
          </ns3:TrackPointExtension>
        </extensions>
      </trkpt>
      <trkpt lat="45.64682182855904102325439453125" lon="6.58607639372348785400390625">
        <ele>1629.199951171875</ele>
        <time>2025-05-30T10:14:05.000Z</time>
        <extensions>
          <ns3:TrackPointExtension>
            <ns3:atemp>31.0</ns3:atemp>
          </ns3:TrackPointExtension>
        </extensions>
      </trkpt>
      <trkpt lat="45.6467789970338344573974609375" lon="6.58602970652282238006591796875">
        <ele>1629.4000244140625</ele>
        <time>2025-05-30T10:14:07.000Z</time>
        <extensions>
          <ns3:TrackPointExtension>
            <ns3:atemp>31.0</ns3:atemp>
          </ns3:TrackPointExtension>
        </extensions>
      </trkpt>
      <trkpt lat="45.64669442363083362579345703125" lon="6.5858948417007923126220703125">
        <ele>1630</ele>
        <time>2025-05-30T10:14:11.000Z</time>
        <extensions>
          <ns3:TrackPointExtension>
            <ns3:atemp>30.0</ns3:atemp>
          </ns3:TrackPointExtension>
        </extensions>
      </trkpt>
      <trkpt lat="45.64665234647691249847412109375" lon="6.58582384698092937469482421875">
        <ele>1630.5999755859375</ele>
        <time>2025-05-30T10:14:13.000Z</time>
        <extensions>
          <ns3:TrackPointExtension>
            <ns3:atemp>30.0</ns3:atemp>
          </ns3:TrackPointExtension>
        </extensions>
      </trkpt>
      <trkpt lat="45.6465550325810909271240234375" lon="6.5856819413602352142333984375">
        <ele>1631.5999755859375</ele>
        <time>2025-05-30T10:14:17.000Z</time>
        <extensions>
          <ns3:TrackPointExtension>
            <ns3:atemp>30.0</ns3:atemp>
          </ns3:TrackPointExtension>
        </extensions>
      </trkpt>
      <trkpt lat="45.6464698724448680877685546875" lon="6.5855781733989715576171875">
        <ele>1632</ele>
        <time>2025-05-30T10:14:20.000Z</time>
        <extensions>
          <ns3:TrackPointExtension>
            <ns3:atemp>30.0</ns3:atemp>
          </ns3:TrackPointExtension>
        </extensions>
      </trkpt>
      <trkpt lat="45.64635445363819599151611328125" lon="6.5854492597281932830810546875">
        <ele>1632.5999755859375</ele>
        <time>2025-05-30T10:14:24.000Z</time>
        <extensions>
          <ns3:TrackPointExtension>
            <ns3:atemp>30.0</ns3:atemp>
          </ns3:TrackPointExtension>
        </extensions>
      </trkpt>
      <trkpt lat="45.646220929920673370361328125" lon="6.585331745445728302001953125">
        <ele>1633.199951171875</ele>
        <time>2025-05-30T10:14:28.000Z</time>
        <extensions>
          <ns3:TrackPointExtension>
            <ns3:atemp>30.0</ns3:atemp>
          </ns3:TrackPointExtension>
        </extensions>
      </trkpt>
      <trkpt lat="45.6461530365049839019775390625" lon="6.585288830101490020751953125">
        <ele>1633.5999755859375</ele>
        <time>2025-05-30T10:14:30.000Z</time>
        <extensions>
          <ns3:TrackPointExtension>
            <ns3:atemp>30.0</ns3:atemp>
          </ns3:TrackPointExtension>
        </extensions>
      </trkpt>
      <trkpt lat="45.64597693271934986114501953125" lon="6.58517542295157909393310546875">
        <ele>1634.4000244140625</ele>
        <time>2025-05-30T10:14:35.000Z</time>
        <extensions>
          <ns3:TrackPointExtension>
            <ns3:atemp>30.0</ns3:atemp>
          </ns3:TrackPointExtension>
        </extensions>
      </trkpt>
      <trkpt lat="45.6459032557904720306396484375" lon="6.58513233996927738189697265625">
        <ele>1634.5999755859375</ele>
        <time>2025-05-30T10:14:37.000Z</time>
        <extensions>
          <ns3:TrackPointExtension>
            <ns3:atemp>30.0</ns3:atemp>
          </ns3:TrackPointExtension>
        </extensions>
      </trkpt>
      <trkpt lat="45.64582555554807186126708984375" lon="6.58508774824440479278564453125">
        <ele>1634.800048828125</ele>
        <time>2025-05-30T10:14:39.000Z</time>
        <extensions>
          <ns3:TrackPointExtension>
            <ns3:atemp>30.0</ns3:atemp>
          </ns3:TrackPointExtension>
        </extensions>
      </trkpt>
      <trkpt lat="45.645669400691986083984375" lon="6.58500744961202144622802734375">
        <ele>1635.4000244140625</ele>
        <time>2025-05-30T10:14:43.000Z</time>
        <extensions>
          <ns3:TrackPointExtension>
            <ns3:atemp>30.0</ns3:atemp>
          </ns3:TrackPointExtension>
        </extensions>
      </trkpt>
      <trkpt lat="45.64555741846561431884765625" lon="6.58491139300167560577392578125">
        <ele>1636</ele>
        <time>2025-05-30T10:14:46.000Z</time>
        <extensions>
          <ns3:TrackPointExtension>
            <ns3:atemp>30.0</ns3:atemp>
          </ns3:TrackPointExtension>
        </extensions>
      </trkpt>
      <trkpt lat="45.64548843540251255035400390625" lon="6.584854982793331146240234375">
        <ele>1636.199951171875</ele>
        <time>2025-05-30T10:14:48.000Z</time>
        <extensions>
          <ns3:TrackPointExtension>
            <ns3:atemp>30.0</ns3:atemp>
          </ns3:TrackPointExtension>
        </extensions>
      </trkpt>
      <trkpt lat="45.6453550793230533599853515625" lon="6.584714837372303009033203125">
        <ele>1636.5999755859375</ele>
        <time>2025-05-30T10:14:53.000Z</time>
        <extensions>
          <ns3:TrackPointExtension>
            <ns3:atemp>30.0</ns3:atemp>
          </ns3:TrackPointExtension>
        </extensions>
      </trkpt>
      <trkpt lat="45.6453259103000164031982421875" lon="6.58469245769083499908447265625">
        <ele>1637</ele>
        <time>2025-05-30T10:14:54.000Z</time>
        <extensions>
          <ns3:TrackPointExtension>
            <ns3:atemp>30.0</ns3:atemp>
          </ns3:TrackPointExtension>
        </extensions>
      </trkpt>
      <trkpt lat="45.64520604908466339111328125" lon="6.5846248157322406768798828125">
        <ele>1637.5999755859375</ele>
        <time>2025-05-30T10:14:58.000Z</time>
        <extensions>
          <ns3:TrackPointExtension>
            <ns3:atemp>30.0</ns3:atemp>
          </ns3:TrackPointExtension>
        </extensions>
      </trkpt>
      <trkpt lat="45.64514561556279659271240234375" lon="6.5846137516200542449951171875">
        <ele>1638</ele>
        <time>2025-05-30T10:15:00.000Z</time>
        <extensions>
          <ns3:TrackPointExtension>
            <ns3:atemp>30.0</ns3:atemp>
          </ns3:TrackPointExtension>
        </extensions>
      </trkpt>
      <trkpt lat="45.644985102117061614990234375" lon="6.58458910882472991943359375">
        <ele>1639</ele>
        <time>2025-05-30T10:15:05.000Z</time>
        <extensions>
          <ns3:TrackPointExtension>
            <ns3:atemp>29.0</ns3:atemp>
          </ns3:TrackPointExtension>
        </extensions>
      </trkpt>
      <trkpt lat="45.64495886676013469696044921875" lon="6.584588102996349334716796875">
        <ele>1639.199951171875</ele>
        <time>2025-05-30T10:15:06.000Z</time>
        <extensions>
          <ns3:TrackPointExtension>
            <ns3:atemp>29.0</ns3:atemp>
          </ns3:TrackPointExtension>
        </extensions>
      </trkpt>
      <trkpt lat="45.6446848623454570770263671875" lon="6.5846010111272335052490234375">
        <ele>1640</ele>
        <time>2025-05-30T10:15:13.000Z</time>
        <extensions>
          <ns3:TrackPointExtension>
            <ns3:atemp>29.0</ns3:atemp>
          </ns3:TrackPointExtension>
        </extensions>
      </trkpt>
      <trkpt lat="45.64464253373444080352783203125" lon="6.5845991671085357666015625">
        <ele>1640</ele>
        <time>2025-05-30T10:15:14.000Z</time>
        <extensions>
          <ns3:TrackPointExtension>
            <ns3:atemp>29.0</ns3:atemp>
          </ns3:TrackPointExtension>
        </extensions>
      </trkpt>
      <trkpt lat="45.64456122927367687225341796875" lon="6.5845919586718082427978515625">
        <ele>1640</ele>
        <time>2025-05-30T10:15:16.000Z</time>
        <extensions>
          <ns3:TrackPointExtension>
            <ns3:atemp>29.0</ns3:atemp>
          </ns3:TrackPointExtension>
        </extensions>
      </trkpt>
      <trkpt lat="45.64440499059855937957763671875" lon="6.58462037332355976104736328125">
        <ele>1639.199951171875</ele>
        <time>2025-05-30T10:15:19.000Z</time>
        <extensions>
          <ns3:TrackPointExtension>
            <ns3:atemp>29.0</ns3:atemp>
          </ns3:TrackPointExtension>
        </extensions>
      </trkpt>
      <trkpt lat="45.64435235224664211273193359375" lon="6.58464015461504459381103515625">
        <ele>1639</ele>
        <time>2025-05-30T10:15:20.000Z</time>
        <extensions>
          <ns3:TrackPointExtension>
            <ns3:atemp>29.0</ns3:atemp>
          </ns3:TrackPointExtension>
        </extensions>
      </trkpt>
      <trkpt lat="45.64419795759022235870361328125" lon="6.584751717746257781982421875">
        <ele>1638.5999755859375</ele>
        <time>2025-05-30T10:15:23.000Z</time>
        <extensions>
          <ns3:TrackPointExtension>
            <ns3:atemp>29.0</ns3:atemp>
          </ns3:TrackPointExtension>
        </extensions>
      </trkpt>
      <trkpt lat="45.644026882946491241455078125" lon="6.5849084593355655670166015625">
        <ele>1638</ele>
        <time>2025-05-30T10:15:26.000Z</time>
        <extensions>
          <ns3:TrackPointExtension>
            <ns3:atemp>29.0</ns3:atemp>
          </ns3:TrackPointExtension>
        </extensions>
      </trkpt>
      <trkpt lat="45.643904171884059906005859375" lon="6.5850258059799671173095703125">
        <ele>1637.5999755859375</ele>
        <time>2025-05-30T10:15:28.000Z</time>
        <extensions>
          <ns3:TrackPointExtension>
            <ns3:atemp>29.0</ns3:atemp>
          </ns3:TrackPointExtension>
        </extensions>
      </trkpt>
      <trkpt lat="45.64384885132312774658203125" lon="6.58506193198263645172119140625">
        <ele>1637.4000244140625</ele>
        <time>2025-05-30T10:15:29.000Z</time>
        <extensions>
          <ns3:TrackPointExtension>
            <ns3:atemp>29.0</ns3:atemp>
          </ns3:TrackPointExtension>
        </extensions>
      </trkpt>
      <trkpt lat="45.64375991933047771453857421875" lon="6.58510250039398670196533203125">
        <ele>1636.800048828125</ele>
        <time>2025-05-30T10:15:30.000Z</time>
        <extensions>
          <ns3:TrackPointExtension>
            <ns3:atemp>29.0</ns3:atemp>
          </ns3:TrackPointExtension>
        </extensions>
      </trkpt>
      <trkpt lat="45.64352841116487979888916015625" lon="6.5851585753262042999267578125">
        <ele>1635.800048828125</ele>
        <time>2025-05-30T10:15:33.000Z</time>
        <extensions>
          <ns3:TrackPointExtension>
            <ns3:atemp>29.0</ns3:atemp>
          </ns3:TrackPointExtension>
        </extensions>
      </trkpt>
      <trkpt lat="45.64338558353483676910400390625" lon="6.58520459197461605072021484375">
        <ele>1634.199951171875</ele>
        <time>2025-05-30T10:15:35.000Z</time>
        <extensions>
          <ns3:TrackPointExtension>
            <ns3:atemp>29.0</ns3:atemp>
          </ns3:TrackPointExtension>
        </extensions>
      </trkpt>
      <trkpt lat="45.6433316878974437713623046875" lon="6.58523091115057468414306640625">
        <ele>1632.800048828125</ele>
        <time>2025-05-30T10:15:36.000Z</time>
        <extensions>
          <ns3:TrackPointExtension>
            <ns3:atemp>29.0</ns3:atemp>
          </ns3:TrackPointExtension>
        </extensions>
      </trkpt>
      <trkpt lat="45.64322314225137233734130859375" lon="6.5852953679859638214111328125">
        <ele>1632</ele>
        <time>2025-05-30T10:15:38.000Z</time>
        <extensions>
          <ns3:TrackPointExtension>
            <ns3:atemp>29.0</ns3:atemp>
          </ns3:TrackPointExtension>
        </extensions>
      </trkpt>
      <trkpt lat="45.64317821525037288665771484375" lon="6.58532830886542797088623046875">
        <ele>1631.5999755859375</ele>
        <time>2025-05-30T10:15:39.000Z</time>
        <extensions>
          <ns3:TrackPointExtension>
            <ns3:atemp>29.0</ns3:atemp>
          </ns3:TrackPointExtension>
        </extensions>
      </trkpt>
      <trkpt lat="45.64309179782867431640625" lon="6.5853925980627536773681640625">
        <ele>1630.800048828125</ele>
        <time>2025-05-30T10:15:42.000Z</time>
        <extensions>
          <ns3:TrackPointExtension>
            <ns3:atemp>29.0</ns3:atemp>
          </ns3:TrackPointExtension>
        </extensions>
      </trkpt>
      <trkpt lat="45.64306640066206455230712890625" lon="6.5854328311979770660400390625">
        <ele>1627.800048828125</ele>
        <time>2025-05-30T10:16:11.000Z</time>
        <extensions>
          <ns3:TrackPointExtension>
            <ns3:atemp>29.0</ns3:atemp>
          </ns3:TrackPointExtension>
        </extensions>
      </trkpt>
      <trkpt lat="45.64301242120563983917236328125" lon="6.5855069272220134735107421875">
        <ele>1627.5999755859375</ele>
        <time>2025-05-30T10:16:14.000Z</time>
        <extensions>
          <ns3:TrackPointExtension>
            <ns3:atemp>29.0</ns3:atemp>
          </ns3:TrackPointExtension>
        </extensions>
      </trkpt>
      <trkpt lat="45.6429618783295154571533203125" lon="6.58559619449079036712646484375">
        <ele>1627.4000244140625</ele>
        <time>2025-05-30T10:16:16.000Z</time>
        <extensions>
          <ns3:TrackPointExtension>
            <ns3:atemp>29.0</ns3:atemp>
          </ns3:TrackPointExtension>
        </extensions>
      </trkpt>
      <trkpt lat="45.64289222471415996551513671875" lon="6.585715301334857940673828125">
        <ele>1627.4000244140625</ele>
        <time>2025-05-30T10:16:18.000Z</time>
        <extensions>
          <ns3:TrackPointExtension>
            <ns3:atemp>29.0</ns3:atemp>
          </ns3:TrackPointExtension>
        </extensions>
      </trkpt>
      <trkpt lat="45.64284729771316051483154296875" lon="6.58577355556190013885498046875">
        <ele>1627.199951171875</ele>
        <time>2025-05-30T10:16:19.000Z</time>
        <extensions>
          <ns3:TrackPointExtension>
            <ns3:atemp>29.0</ns3:atemp>
          </ns3:TrackPointExtension>
        </extensions>
      </trkpt>
      <trkpt lat="45.642739422619342803955078125" lon="6.5858760662376880645751953125">
        <ele>1626.800048828125</ele>
        <time>2025-05-30T10:16:21.000Z</time>
        <extensions>
          <ns3:TrackPointExtension>
            <ns3:atemp>29.0</ns3:atemp>
          </ns3:TrackPointExtension>
        </extensions>
      </trkpt>
      <trkpt lat="45.6426758877933025360107421875" lon="6.58591789193451404571533203125">
        <ele>1626.4000244140625</ele>
        <time>2025-05-30T10:16:22.000Z</time>
        <extensions>
          <ns3:TrackPointExtension>
            <ns3:atemp>29.0</ns3:atemp>
          </ns3:TrackPointExtension>
        </extensions>
      </trkpt>
      <trkpt lat="45.64246541820466518402099609375" lon="6.58601663075387477874755859375">
        <ele>1625.199951171875</ele>
        <time>2025-05-30T10:16:25.000Z</time>
        <extensions>
          <ns3:TrackPointExtension>
            <ns3:atemp>29.0</ns3:atemp>
          </ns3:TrackPointExtension>
        </extensions>
      </trkpt>
      <trkpt lat="45.6423114426434040069580078125" lon="6.58609089441597461700439453125">
        <ele>1624.800048828125</ele>
        <time>2025-05-30T10:16:27.000Z</time>
        <extensions>
          <ns3:TrackPointExtension>
            <ns3:atemp>29.0</ns3:atemp>
          </ns3:TrackPointExtension>
        </extensions>
      </trkpt>
      <trkpt lat="45.642151348292827606201171875" lon="6.58618426881730556488037109375">
        <ele>1623.800048828125</ele>
        <time>2025-05-30T10:16:29.000Z</time>
        <extensions>
          <ns3:TrackPointExtension>
            <ns3:atemp>29.0</ns3:atemp>
          </ns3:TrackPointExtension>
        </extensions>
      </trkpt>
      <trkpt lat="45.64200391061604022979736328125" lon="6.5863172896206378936767578125">
        <ele>1622.5999755859375</ele>
        <time>2025-05-30T10:16:31.000Z</time>
        <extensions>
          <ns3:TrackPointExtension>
            <ns3:atemp>29.0</ns3:atemp>
          </ns3:TrackPointExtension>
        </extensions>
      </trkpt>
      <trkpt lat="45.6418641842901706695556640625" lon="6.5864460356533527374267578125">
        <ele>1621.800048828125</ele>
        <time>2025-05-30T10:16:33.000Z</time>
        <extensions>
          <ns3:TrackPointExtension>
            <ns3:atemp>29.0</ns3:atemp>
          </ns3:TrackPointExtension>
        </extensions>
      </trkpt>
      <trkpt lat="45.6417842209339141845703125" lon="6.58648685552179813385009765625">
        <ele>1621</ele>
        <time>2025-05-30T10:16:34.000Z</time>
        <extensions>
          <ns3:TrackPointExtension>
            <ns3:atemp>29.0</ns3:atemp>
          </ns3:TrackPointExtension>
        </extensions>
      </trkpt>
      <trkpt lat="45.64170065335929393768310546875" lon="6.58651384525001049041748046875">
        <ele>1620.5999755859375</ele>
        <time>2025-05-30T10:16:35.000Z</time>
        <extensions>
          <ns3:TrackPointExtension>
            <ns3:atemp>29.0</ns3:atemp>
          </ns3:TrackPointExtension>
        </extensions>
      </trkpt>
      <trkpt lat="45.641616247594356536865234375" lon="6.586542762815952301025390625">
        <ele>1619.800048828125</ele>
        <time>2025-05-30T10:16:36.000Z</time>
        <extensions>
          <ns3:TrackPointExtension>
            <ns3:atemp>29.0</ns3:atemp>
          </ns3:TrackPointExtension>
        </extensions>
      </trkpt>
      <trkpt lat="45.6414467655122280120849609375" lon="6.5866478718817234039306640625">
        <ele>1618.5999755859375</ele>
        <time>2025-05-30T10:16:38.000Z</time>
        <extensions>
          <ns3:TrackPointExtension>
            <ns3:atemp>29.0</ns3:atemp>
          </ns3:TrackPointExtension>
        </extensions>
      </trkpt>
      <trkpt lat="45.64127250574529170989990234375" lon="6.58678491599857807159423828125">
        <ele>1617.4000244140625</ele>
        <time>2025-05-30T10:16:40.000Z</time>
        <extensions>
          <ns3:TrackPointExtension>
            <ns3:atemp>29.0</ns3:atemp>
          </ns3:TrackPointExtension>
        </extensions>
      </trkpt>
      <trkpt lat="45.64100512303411960601806640625" lon="6.58696076832711696624755859375">
        <ele>1615</ele>
        <time>2025-05-30T10:16:43.000Z</time>
        <extensions>
          <ns3:TrackPointExtension>
            <ns3:atemp>29.0</ns3:atemp>
          </ns3:TrackPointExtension>
        </extensions>
      </trkpt>
      <trkpt lat="45.6408063881099224090576171875" lon="6.587012149393558502197265625">
        <ele>1613.5999755859375</ele>
        <time>2025-05-30T10:16:45.000Z</time>
        <extensions>
          <ns3:TrackPointExtension>
            <ns3:atemp>29.0</ns3:atemp>
          </ns3:TrackPointExtension>
        </extensions>
      </trkpt>
      <trkpt lat="45.64061284996569156646728515625" lon="6.587038971483707427978515625">
        <ele>1612.199951171875</ele>
        <time>2025-05-30T10:16:47.000Z</time>
        <extensions>
          <ns3:TrackPointExtension>
            <ns3:atemp>29.0</ns3:atemp>
          </ns3:TrackPointExtension>
        </extensions>
      </trkpt>
      <trkpt lat="45.640360303223133087158203125" lon="6.58710259012877941131591796875">
        <ele>1610.4000244140625</ele>
        <time>2025-05-30T10:16:50.000Z</time>
        <extensions>
          <ns3:TrackPointExtension>
            <ns3:atemp>29.0</ns3:atemp>
          </ns3:TrackPointExtension>
        </extensions>
      </trkpt>
      <trkpt lat="45.64028444699943065643310546875" lon="6.5871118940412998199462890625">
        <ele>1610.199951171875</ele>
        <time>2025-05-30T10:16:51.000Z</time>
        <extensions>
          <ns3:TrackPointExtension>
            <ns3:atemp>29.0</ns3:atemp>
          </ns3:TrackPointExtension>
        </extensions>
      </trkpt>
      <trkpt lat="45.6401318125426769256591796875" lon="6.58710242249071598052978515625">
        <ele>1609.4000244140625</ele>
        <time>2025-05-30T10:16:53.000Z</time>
        <extensions>
          <ns3:TrackPointExtension>
            <ns3:atemp>29.0</ns3:atemp>
          </ns3:TrackPointExtension>
        </extensions>
      </trkpt>
      <trkpt lat="45.64006132073700428009033203125" lon="6.58710007555782794952392578125">
        <ele>1608.199951171875</ele>
        <time>2025-05-30T10:16:54.000Z</time>
        <extensions>
          <ns3:TrackPointExtension>
            <ns3:atemp>29.0</ns3:atemp>
          </ns3:TrackPointExtension>
        </extensions>
      </trkpt>
      <trkpt lat="45.63992075622081756591796875" lon="6.58712555654346942901611328125">
        <ele>1607</ele>
        <time>2025-05-30T10:16:56.000Z</time>
        <extensions>
          <ns3:TrackPointExtension>
            <ns3:atemp>29.0</ns3:atemp>
          </ns3:TrackPointExtension>
        </extensions>
      </trkpt>
      <trkpt lat="45.6395980529487133026123046875" lon="6.5872357785701751708984375">
        <ele>1606.4000244140625</ele>
        <time>2025-05-30T10:17:01.000Z</time>
        <extensions>
          <ns3:TrackPointExtension>
            <ns3:atemp>29.0</ns3:atemp>
          </ns3:TrackPointExtension>
        </extensions>
      </trkpt>
      <trkpt lat="45.63948246650397777557373046875" lon="6.58728900365531444549560546875">
        <ele>1606.5999755859375</ele>
        <time>2025-05-30T10:17:03.000Z</time>
        <extensions>
          <ns3:TrackPointExtension>
            <ns3:atemp>29.0</ns3:atemp>
          </ns3:TrackPointExtension>
        </extensions>
      </trkpt>
      <trkpt lat="45.63931801356375217437744140625" lon="6.587350107729434967041015625">
        <ele>1606.800048828125</ele>
        <time>2025-05-30T10:17:06.000Z</time>
        <extensions>
          <ns3:TrackPointExtension>
            <ns3:atemp>29.0</ns3:atemp>
          </ns3:TrackPointExtension>
        </extensions>
      </trkpt>
      <trkpt lat="45.63900939188897609710693359375" lon="6.587378941476345062255859375">
        <ele>1607.199951171875</ele>
        <time>2025-05-30T10:17:11.000Z</time>
        <extensions>
          <ns3:TrackPointExtension>
            <ns3:atemp>29.0</ns3:atemp>
          </ns3:TrackPointExtension>
        </extensions>
      </trkpt>
      <trkpt lat="45.63868417404592037200927734375" lon="6.58741238526999950408935546875">
        <ele>1607.5999755859375</ele>
        <time>2025-05-30T10:17:17.000Z</time>
        <extensions>
          <ns3:TrackPointExtension>
            <ns3:atemp>29.0</ns3:atemp>
          </ns3:TrackPointExtension>
        </extensions>
      </trkpt>
      <trkpt lat="45.6384946592152118682861328125" lon="6.58748991787433624267578125">
        <ele>1608.199951171875</ele>
        <time>2025-05-30T10:17:21.000Z</time>
        <extensions>
          <ns3:TrackPointExtension>
            <ns3:atemp>29.0</ns3:atemp>
          </ns3:TrackPointExtension>
        </extensions>
      </trkpt>
      <trkpt lat="45.63836616463959217071533203125" lon="6.58753911964595317840576171875">
        <ele>1608.800048828125</ele>
        <time>2025-05-30T10:17:24.000Z</time>
        <extensions>
          <ns3:TrackPointExtension>
            <ns3:atemp>29.0</ns3:atemp>
          </ns3:TrackPointExtension>
        </extensions>
      </trkpt>
      <trkpt lat="45.638326518237590789794921875" lon="6.5875589847564697265625">
        <ele>1609</ele>
        <time>2025-05-30T10:17:25.000Z</time>
        <extensions>
          <ns3:TrackPointExtension>
            <ns3:atemp>29.0</ns3:atemp>
          </ns3:TrackPointExtension>
        </extensions>
      </trkpt>
      <trkpt lat="45.63813465647399425506591796875" lon="6.5876416303217411041259765625">
        <ele>1610.199951171875</ele>
        <time>2025-05-30T10:17:30.000Z</time>
        <extensions>
          <ns3:TrackPointExtension>
            <ns3:atemp>29.0</ns3:atemp>
          </ns3:TrackPointExtension>
        </extensions>
      </trkpt>
      <trkpt lat="45.638066343963146209716796875" lon="6.58767138607800006866455078125">
        <ele>1611.199951171875</ele>
        <time>2025-05-30T10:17:32.000Z</time>
        <extensions>
          <ns3:TrackPointExtension>
            <ns3:atemp>29.0</ns3:atemp>
          </ns3:TrackPointExtension>
        </extensions>
      </trkpt>
      <trkpt lat="45.6379692815244197845458984375" lon="6.58775319345295429229736328125">
        <ele>1612.199951171875</ele>
        <time>2025-05-30T10:17:35.000Z</time>
        <extensions>
          <ns3:TrackPointExtension>
            <ns3:atemp>29.0</ns3:atemp>
          </ns3:TrackPointExtension>
        </extensions>
      </trkpt>
      <trkpt lat="45.63791689462959766387939453125" lon="6.5878243558108806610107421875">
        <ele>1612.5999755859375</ele>
        <time>2025-05-30T10:17:37.000Z</time>
        <extensions>
          <ns3:TrackPointExtension>
            <ns3:atemp>29.0</ns3:atemp>
          </ns3:TrackPointExtension>
        </extensions>
      </trkpt>
      <trkpt lat="45.6378804333508014678955078125" lon="6.5879224240779876708984375">
        <ele>1613.4000244140625</ele>
        <time>2025-05-30T10:17:39.000Z</time>
        <extensions>
          <ns3:TrackPointExtension>
            <ns3:atemp>29.0</ns3:atemp>
          </ns3:TrackPointExtension>
        </extensions>
      </trkpt>
      <trkpt lat="45.6378628313541412353515625" lon="6.58796994946897029876708984375">
        <ele>1614</ele>
        <time>2025-05-30T10:17:40.000Z</time>
        <extensions>
          <ns3:TrackPointExtension>
            <ns3:atemp>29.0</ns3:atemp>
          </ns3:TrackPointExtension>
        </extensions>
      </trkpt>
      <trkpt lat="45.63780792988836765289306640625" lon="6.5880503319203853607177734375">
        <ele>1614.4000244140625</ele>
        <time>2025-05-30T10:17:42.000Z</time>
        <extensions>
          <ns3:TrackPointExtension>
            <ns3:atemp>29.0</ns3:atemp>
          </ns3:TrackPointExtension>
        </extensions>
      </trkpt>
      <trkpt lat="45.637769959867000579833984375" lon="6.58807556144893169403076171875">
        <ele>1614.4000244140625</ele>
        <time>2025-05-30T10:17:43.000Z</time>
        <extensions>
          <ns3:TrackPointExtension>
            <ns3:atemp>29.0</ns3:atemp>
          </ns3:TrackPointExtension>
        </extensions>
      </trkpt>
      <trkpt lat="45.63768287189304828643798828125" lon="6.588097102940082550048828125">
        <ele>1614.5999755859375</ele>
        <time>2025-05-30T10:17:45.000Z</time>
        <extensions>
          <ns3:TrackPointExtension>
            <ns3:atemp>29.0</ns3:atemp>
          </ns3:TrackPointExtension>
        </extensions>
      </trkpt>
      <trkpt lat="45.63764180056750774383544921875" lon="6.588098108768463134765625">
        <ele>1614.5999755859375</ele>
        <time>2025-05-30T10:17:46.000Z</time>
        <extensions>
          <ns3:TrackPointExtension>
            <ns3:atemp>29.0</ns3:atemp>
          </ns3:TrackPointExtension>
        </extensions>
      </trkpt>
      <trkpt lat="45.63742403872311115264892578125" lon="6.58802560530602931976318359375">
        <ele>1615.5999755859375</ele>
        <time>2025-05-30T10:17:52.000Z</time>
        <extensions>
          <ns3:TrackPointExtension>
            <ns3:atemp>29.0</ns3:atemp>
          </ns3:TrackPointExtension>
        </extensions>
      </trkpt>
      <trkpt lat="45.63730157911777496337890625" lon="6.5879789181053638458251953125">
        <ele>1617</ele>
        <time>2025-05-30T10:17:56.000Z</time>
        <extensions>
          <ns3:TrackPointExtension>
            <ns3:atemp>29.0</ns3:atemp>
          </ns3:TrackPointExtension>
        </extensions>
      </trkpt>
      <trkpt lat="45.6372125633060932159423828125" lon="6.58793340437114238739013671875">
        <ele>1617.800048828125</ele>
        <time>2025-05-30T10:17:59.000Z</time>
        <extensions>
          <ns3:TrackPointExtension>
            <ns3:atemp>29.0</ns3:atemp>
          </ns3:TrackPointExtension>
        </extensions>
      </trkpt>
      <trkpt lat="45.6371840648353099822998046875" lon="6.5879215858876705169677734375">
        <ele>1618.199951171875</ele>
        <time>2025-05-30T10:18:00.000Z</time>
        <extensions>
          <ns3:TrackPointExtension>
            <ns3:atemp>29.0</ns3:atemp>
          </ns3:TrackPointExtension>
        </extensions>
      </trkpt>
      <trkpt lat="45.6370945461094379425048828125" lon="6.587910018861293792724609375">
        <ele>1619.199951171875</ele>
        <time>2025-05-30T10:18:03.000Z</time>
        <extensions>
          <ns3:TrackPointExtension>
            <ns3:atemp>29.0</ns3:atemp>
          </ns3:TrackPointExtension>
        </extensions>
      </trkpt>
      <trkpt lat="45.63703469932079315185546875" lon="6.58791563473641872406005859375">
        <ele>1620.199951171875</ele>
        <time>2025-05-30T10:18:05.000Z</time>
        <extensions>
          <ns3:TrackPointExtension>
            <ns3:atemp>29.0</ns3:atemp>
          </ns3:TrackPointExtension>
        </extensions>
      </trkpt>
      <trkpt lat="45.6370018422603607177734375" lon="6.58792569302022457122802734375">
        <ele>1620.4000244140625</ele>
        <time>2025-05-30T10:18:06.000Z</time>
        <extensions>
          <ns3:TrackPointExtension>
            <ns3:atemp>29.0</ns3:atemp>
          </ns3:TrackPointExtension>
        </extensions>
      </trkpt>
      <trkpt lat="45.63690603710711002349853515625" lon="6.58794966526329517364501953125">
        <ele>1621.4000244140625</ele>
        <time>2025-05-30T10:18:09.000Z</time>
        <extensions>
          <ns3:TrackPointExtension>
            <ns3:atemp>29.0</ns3:atemp>
          </ns3:TrackPointExtension>
        </extensions>
      </trkpt>
      <trkpt lat="45.63681333325803279876708984375" lon="6.5879638306796550750732421875">
        <ele>1622.800048828125</ele>
        <time>2025-05-30T10:18:12.000Z</time>
        <extensions>
          <ns3:TrackPointExtension>
            <ns3:atemp>29.0</ns3:atemp>
          </ns3:TrackPointExtension>
        </extensions>
      </trkpt>
      <trkpt lat="45.63678148202598094940185546875" lon="6.587971709668636322021484375">
        <ele>1622.800048828125</ele>
        <time>2025-05-30T10:18:13.000Z</time>
        <extensions>
          <ns3:TrackPointExtension>
            <ns3:atemp>29.0</ns3:atemp>
          </ns3:TrackPointExtension>
        </extensions>
      </trkpt>
      <trkpt lat="45.636662878096103668212890625" lon="6.58800163306295871734619140625">
        <ele>1623.800048828125</ele>
        <time>2025-05-30T10:18:17.000Z</time>
        <extensions>
          <ns3:TrackPointExtension>
            <ns3:atemp>29.0</ns3:atemp>
          </ns3:TrackPointExtension>
        </extensions>
      </trkpt>
      <trkpt lat="45.6365721859037876129150390625" lon="6.58803381957113742828369140625">
        <ele>1625</ele>
        <time>2025-05-30T10:18:20.000Z</time>
        <extensions>
          <ns3:TrackPointExtension>
            <ns3:atemp>29.0</ns3:atemp>
          </ns3:TrackPointExtension>
        </extensions>
      </trkpt>
      <trkpt lat="45.6365172006189823150634765625" lon="6.58805661834776401519775390625">
        <ele>1625.4000244140625</ele>
        <time>2025-05-30T10:18:22.000Z</time>
        <extensions>
          <ns3:TrackPointExtension>
            <ns3:atemp>29.0</ns3:atemp>
          </ns3:TrackPointExtension>
        </extensions>
      </trkpt>
      <trkpt lat="45.63645777292549610137939453125" lon="6.5880915708839893341064453125">
        <ele>1626.199951171875</ele>
        <time>2025-05-30T10:18:24.000Z</time>
        <extensions>
          <ns3:TrackPointExtension>
            <ns3:atemp>29.0</ns3:atemp>
          </ns3:TrackPointExtension>
        </extensions>
      </trkpt>
      <trkpt lat="45.63632014207541942596435546875" lon="6.58817027695477008819580078125">
        <ele>1627.199951171875</ele>
        <time>2025-05-30T10:18:29.000Z</time>
        <extensions>
          <ns3:TrackPointExtension>
            <ns3:atemp>29.0</ns3:atemp>
          </ns3:TrackPointExtension>
        </extensions>
      </trkpt>
      <trkpt lat="45.6362935714423656463623046875" lon="6.58818938769400119781494140625">
        <ele>1627.4000244140625</ele>
        <time>2025-05-30T10:18:30.000Z</time>
        <extensions>
          <ns3:TrackPointExtension>
            <ns3:atemp>29.0</ns3:atemp>
          </ns3:TrackPointExtension>
        </extensions>
      </trkpt>
      <trkpt lat="45.636198520660400390625" lon="6.58827438019216060638427734375">
        <ele>1628.5999755859375</ele>
        <time>2025-05-30T10:18:34.000Z</time>
        <extensions>
          <ns3:TrackPointExtension>
            <ns3:atemp>29.0</ns3:atemp>
          </ns3:TrackPointExtension>
        </extensions>
      </trkpt>
      <trkpt lat="45.63610087148845195770263671875" lon="6.58834327943623065948486328125">
        <ele>1630</ele>
        <time>2025-05-30T10:18:38.000Z</time>
        <extensions>
          <ns3:TrackPointExtension>
            <ns3:atemp>29.0</ns3:atemp>
          </ns3:TrackPointExtension>
        </extensions>
      </trkpt>
      <trkpt lat="45.63605108298361301422119140625" lon="6.58837161026895046234130859375">
        <ele>1630.5999755859375</ele>
        <time>2025-05-30T10:18:40.000Z</time>
        <extensions>
          <ns3:TrackPointExtension>
            <ns3:atemp>29.0</ns3:atemp>
          </ns3:TrackPointExtension>
        </extensions>
      </trkpt>
      <trkpt lat="45.6359764002263545989990234375" lon="6.5884174592792987823486328125">
        <ele>1631.199951171875</ele>
        <time>2025-05-30T10:18:43.000Z</time>
        <extensions>
          <ns3:TrackPointExtension>
            <ns3:atemp>29.0</ns3:atemp>
          </ns3:TrackPointExtension>
        </extensions>
      </trkpt>
      <trkpt lat="45.6358778290450572967529296875" lon="6.58847630023956298828125">
        <ele>1632.4000244140625</ele>
        <time>2025-05-30T10:18:47.000Z</time>
        <extensions>
          <ns3:TrackPointExtension>
            <ns3:atemp>29.0</ns3:atemp>
          </ns3:TrackPointExtension>
        </extensions>
      </trkpt>
      <trkpt lat="45.6358275376260280609130859375" lon="6.5885053016245365142822265625">
        <ele>1633</ele>
        <time>2025-05-30T10:18:49.000Z</time>
        <extensions>
          <ns3:TrackPointExtension>
            <ns3:atemp>29.0</ns3:atemp>
          </ns3:TrackPointExtension>
        </extensions>
      </trkpt>
      <trkpt lat="45.63577431254088878631591796875" lon="6.5885321237146854400634765625">
        <ele>1633.4000244140625</ele>
        <time>2025-05-30T10:18:51.000Z</time>
        <extensions>
          <ns3:TrackPointExtension>
            <ns3:atemp>29.0</ns3:atemp>
          </ns3:TrackPointExtension>
        </extensions>
      </trkpt>
      <trkpt lat="45.6356867216527462005615234375" lon="6.58862088806927204132080078125">
        <ele>1634.5999755859375</ele>
        <time>2025-05-30T10:18:55.000Z</time>
        <extensions>
          <ns3:TrackPointExtension>
            <ns3:atemp>29.0</ns3:atemp>
          </ns3:TrackPointExtension>
        </extensions>
      </trkpt>
      <trkpt lat="45.63567859120666980743408203125" lon="6.5886541642248630523681640625">
        <ele>1634.800048828125</ele>
        <time>2025-05-30T10:18:56.000Z</time>
        <extensions>
          <ns3:TrackPointExtension>
            <ns3:atemp>29.0</ns3:atemp>
          </ns3:TrackPointExtension>
        </extensions>
      </trkpt>
      <trkpt lat="45.6356768310070037841796875" lon="6.5887185372412204742431640625">
        <ele>1635.199951171875</ele>
        <time>2025-05-30T10:18:58.000Z</time>
        <extensions>
          <ns3:TrackPointExtension>
            <ns3:atemp>29.0</ns3:atemp>
          </ns3:TrackPointExtension>
        </extensions>
      </trkpt>
      <trkpt lat="45.63570692203938961029052734375" lon="6.58876891247928142547607421875">
        <ele>1635.800048828125</ele>
        <time>2025-05-30T10:19:00.000Z</time>
        <extensions>
          <ns3:TrackPointExtension>
            <ns3:atemp>28.0</ns3:atemp>
          </ns3:TrackPointExtension>
        </extensions>
      </trkpt>
      <trkpt lat="45.6357303075492382049560546875" lon="6.588788442313671112060546875">
        <ele>1636</ele>
        <time>2025-05-30T10:19:01.000Z</time>
        <extensions>
          <ns3:TrackPointExtension>
            <ns3:atemp>29.0</ns3:atemp>
          </ns3:TrackPointExtension>
        </extensions>
      </trkpt>
      <trkpt lat="45.63578520901501178741455078125" lon="6.588799841701984405517578125">
        <ele>1637</ele>
        <time>2025-05-30T10:19:03.000Z</time>
        <extensions>
          <ns3:TrackPointExtension>
            <ns3:atemp>29.0</ns3:atemp>
          </ns3:TrackPointExtension>
        </extensions>
      </trkpt>
      <trkpt lat="45.63581437803804874420166015625" lon="6.58879288472235202789306640625">
        <ele>1637</ele>
        <time>2025-05-30T10:19:04.000Z</time>
        <extensions>
          <ns3:TrackPointExtension>
            <ns3:atemp>28.0</ns3:atemp>
          </ns3:TrackPointExtension>
        </extensions>
      </trkpt>
      <trkpt lat="45.63594060949981212615966796875" lon="6.58874058164656162261962890625">
        <ele>1638</ele>
        <time>2025-05-30T10:19:09.000Z</time>
        <extensions>
          <ns3:TrackPointExtension>
            <ns3:atemp>28.0</ns3:atemp>
          </ns3:TrackPointExtension>
        </extensions>
      </trkpt>
      <trkpt lat="45.636016465723514556884765625" lon="6.58871241845190525054931640625">
        <ele>1639</ele>
        <time>2025-05-30T10:19:12.000Z</time>
        <extensions>
          <ns3:TrackPointExtension>
            <ns3:atemp>28.0</ns3:atemp>
          </ns3:TrackPointExtension>
        </extensions>
      </trkpt>
      <trkpt lat="45.63612450845539569854736328125" lon="6.58870990388095378875732421875">
        <ele>1640.4000244140625</ele>
        <time>2025-05-30T10:19:16.000Z</time>
        <extensions>
          <ns3:TrackPointExtension>
            <ns3:atemp>28.0</ns3:atemp>
          </ns3:TrackPointExtension>
        </extensions>
      </trkpt>
      <trkpt lat="45.6361993588507175445556640625" lon="6.58872683532536029815673828125">
        <ele>1641.199951171875</ele>
        <time>2025-05-30T10:19:19.000Z</time>
        <extensions>
          <ns3:TrackPointExtension>
            <ns3:atemp>28.0</ns3:atemp>
          </ns3:TrackPointExtension>
        </extensions>
      </trkpt>
      <trkpt lat="45.636271946132183074951171875" lon="6.58874996937811374664306640625">
        <ele>1641.800048828125</ele>
        <time>2025-05-30T10:19:22.000Z</time>
        <extensions>
          <ns3:TrackPointExtension>
            <ns3:atemp>28.0</ns3:atemp>
          </ns3:TrackPointExtension>
        </extensions>
      </trkpt>
      <trkpt lat="45.63638166524469852447509765625" lon="6.58876405097544193267822265625">
        <ele>1642.800048828125</ele>
        <time>2025-05-30T10:19:26.000Z</time>
        <extensions>
          <ns3:TrackPointExtension>
            <ns3:atemp>28.0</ns3:atemp>
          </ns3:TrackPointExtension>
        </extensions>
      </trkpt>
      <trkpt lat="45.63647269271314144134521484375" lon="6.58878140151500701904296875">
        <ele>1644</ele>
        <time>2025-05-30T10:19:29.000Z</time>
        <extensions>
          <ns3:TrackPointExtension>
            <ns3:atemp>28.0</ns3:atemp>
          </ns3:TrackPointExtension>
        </extensions>
      </trkpt>
      <trkpt lat="45.636651478707790374755859375" lon="6.58881903626024723052978515625">
        <ele>1644.800048828125</ele>
        <time>2025-05-30T10:19:35.000Z</time>
        <extensions>
          <ns3:TrackPointExtension>
            <ns3:atemp>28.0</ns3:atemp>
          </ns3:TrackPointExtension>
        </extensions>
      </trkpt>
      <trkpt lat="45.63673487864434719085693359375" lon="6.58884443342685699462890625">
        <ele>1645.800048828125</ele>
        <time>2025-05-30T10:19:38.000Z</time>
        <extensions>
          <ns3:TrackPointExtension>
            <ns3:atemp>28.0</ns3:atemp>
          </ns3:TrackPointExtension>
        </extensions>
      </trkpt>
      <trkpt lat="45.63685876317322254180908203125" lon="6.58889531157910823822021484375">
        <ele>1647</ele>
        <time>2025-05-30T10:19:43.000Z</time>
        <extensions>
          <ns3:TrackPointExtension>
            <ns3:atemp>28.0</ns3:atemp>
          </ns3:TrackPointExtension>
        </extensions>
      </trkpt>
      <trkpt lat="45.6369544006884098052978515625" lon="6.58895976841449737548828125">
        <ele>1648</ele>
        <time>2025-05-30T10:19:47.000Z</time>
        <extensions>
          <ns3:TrackPointExtension>
            <ns3:atemp>28.0</ns3:atemp>
          </ns3:TrackPointExtension>
        </extensions>
      </trkpt>
      <trkpt lat="45.6369869224727153778076171875" lon="6.5890119038522243499755859375">
        <ele>1648.4000244140625</ele>
        <time>2025-05-30T10:19:49.000Z</time>
        <extensions>
          <ns3:TrackPointExtension>
            <ns3:atemp>28.0</ns3:atemp>
          </ns3:TrackPointExtension>
        </extensions>
      </trkpt>
      <trkpt lat="45.63700175844132900238037109375" lon="6.58911625854671001434326171875">
        <ele>1649.199951171875</ele>
        <time>2025-05-30T10:19:52.000Z</time>
        <extensions>
          <ns3:TrackPointExtension>
            <ns3:atemp>28.0</ns3:atemp>
          </ns3:TrackPointExtension>
        </extensions>
      </trkpt>
      <trkpt lat="45.6369875930249691009521484375" lon="6.58914375118911266326904296875">
        <ele>1649.4000244140625</ele>
        <time>2025-05-30T10:19:53.000Z</time>
        <extensions>
          <ns3:TrackPointExtension>
            <ns3:atemp>28.0</ns3:atemp>
          </ns3:TrackPointExtension>
        </extensions>
      </trkpt>
      <trkpt lat="45.63696764409542083740234375" lon="6.58915934152901172637939453125">
        <ele>1649.5999755859375</ele>
        <time>2025-05-30T10:19:54.000Z</time>
        <extensions>
          <ns3:TrackPointExtension>
            <ns3:atemp>28.0</ns3:atemp>
          </ns3:TrackPointExtension>
        </extensions>
      </trkpt>
      <trkpt lat="45.63691760413348674774169921875" lon="6.58916923217475414276123046875">
        <ele>1650.199951171875</ele>
        <time>2025-05-30T10:19:56.000Z</time>
        <extensions>
          <ns3:TrackPointExtension>
            <ns3:atemp>28.0</ns3:atemp>
          </ns3:TrackPointExtension>
        </extensions>
      </trkpt>
      <trkpt lat="45.63689430244266986846923828125" lon="6.58916638232767581939697265625">
        <ele>1650.4000244140625</ele>
        <time>2025-05-30T10:19:57.000Z</time>
        <extensions>
          <ns3:TrackPointExtension>
            <ns3:atemp>28.0</ns3:atemp>
          </ns3:TrackPointExtension>
        </extensions>
      </trkpt>
      <trkpt lat="45.6368186138570308685302734375" lon="6.5891758538782596588134765625">
        <ele>1651.4000244140625</ele>
        <time>2025-05-30T10:20:00.000Z</time>
        <extensions>
          <ns3:TrackPointExtension>
            <ns3:atemp>28.0</ns3:atemp>
          </ns3:TrackPointExtension>
        </extensions>
      </trkpt>
      <trkpt lat="45.6366855092346668243408203125" lon="6.5891942940652370452880859375">
        <ele>1652.5999755859375</ele>
        <time>2025-05-30T10:20:05.000Z</time>
        <extensions>
          <ns3:TrackPointExtension>
            <ns3:atemp>28.0</ns3:atemp>
          </ns3:TrackPointExtension>
        </extensions>
      </trkpt>
      <trkpt lat="45.636555254459381103515625" lon="6.58926688134670257568359375">
        <ele>1653.5999755859375</ele>
        <time>2025-05-30T10:20:10.000Z</time>
        <extensions>
          <ns3:TrackPointExtension>
            <ns3:atemp>28.0</ns3:atemp>
          </ns3:TrackPointExtension>
        </extensions>
      </trkpt>
      <trkpt lat="45.63650722615420818328857421875" lon="6.5892999060451984405517578125">
        <ele>1654.199951171875</ele>
        <time>2025-05-30T10:20:12.000Z</time>
        <extensions>
          <ns3:TrackPointExtension>
            <ns3:atemp>28.0</ns3:atemp>
          </ns3:TrackPointExtension>
        </extensions>
      </trkpt>
      <trkpt lat="45.6364568509161472320556640625" lon="6.58932748250663280487060546875">
        <ele>1654.800048828125</ele>
        <time>2025-05-30T10:20:14.000Z</time>
        <extensions>
          <ns3:TrackPointExtension>
            <ns3:atemp>28.0</ns3:atemp>
          </ns3:TrackPointExtension>
        </extensions>
      </trkpt>
      <trkpt lat="45.63632785342633724212646484375" lon="6.58936855383217334747314453125">
        <ele>1655.5999755859375</ele>
        <time>2025-05-30T10:20:19.000Z</time>
        <extensions>
          <ns3:TrackPointExtension>
            <ns3:atemp>28.0</ns3:atemp>
          </ns3:TrackPointExtension>
        </extensions>
      </trkpt>
      <trkpt lat="45.63630119897425174713134765625" lon="6.5893817134201526641845703125">
        <ele>1655.800048828125</ele>
        <time>2025-05-30T10:20:20.000Z</time>
        <extensions>
          <ns3:TrackPointExtension>
            <ns3:atemp>28.0</ns3:atemp>
          </ns3:TrackPointExtension>
        </extensions>
      </trkpt>
      <trkpt lat="45.6361752189695835113525390625" lon="6.58943460322916507720947265625">
        <ele>1657.199951171875</ele>
        <time>2025-05-30T10:20:25.000Z</time>
        <extensions>
          <ns3:TrackPointExtension>
            <ns3:atemp>28.0</ns3:atemp>
          </ns3:TrackPointExtension>
        </extensions>
      </trkpt>
      <trkpt lat="45.6361247599124908447265625" lon="6.5894566476345062255859375">
        <ele>1657.800048828125</ele>
        <time>2025-05-30T10:20:27.000Z</time>
        <extensions>
          <ns3:TrackPointExtension>
            <ns3:atemp>28.0</ns3:atemp>
          </ns3:TrackPointExtension>
        </extensions>
      </trkpt>
      <trkpt lat="45.63608142547309398651123046875" lon="6.58948573283851146697998046875">
        <ele>1658.199951171875</ele>
        <time>2025-05-30T10:20:29.000Z</time>
        <extensions>
          <ns3:TrackPointExtension>
            <ns3:atemp>28.0</ns3:atemp>
          </ns3:TrackPointExtension>
        </extensions>
      </trkpt>
      <trkpt lat="45.63602845184504985809326171875" lon="6.58955748192965984344482421875">
        <ele>1659.199951171875</ele>
        <time>2025-05-30T10:20:32.000Z</time>
        <extensions>
          <ns3:TrackPointExtension>
            <ns3:atemp>28.0</ns3:atemp>
          </ns3:TrackPointExtension>
        </extensions>
      </trkpt>
      <trkpt lat="45.63601302914321422576904296875" lon="6.589585728943347930908203125">
        <ele>1659.5999755859375</ele>
        <time>2025-05-30T10:20:33.000Z</time>
        <extensions>
          <ns3:TrackPointExtension>
            <ns3:atemp>28.0</ns3:atemp>
          </ns3:TrackPointExtension>
        </extensions>
      </trkpt>
      <trkpt lat="45.63596994616091251373291015625" lon="6.589672900736331939697265625">
        <ele>1660.4000244140625</ele>
        <time>2025-05-30T10:20:36.000Z</time>
        <extensions>
          <ns3:TrackPointExtension>
            <ns3:atemp>28.0</ns3:atemp>
          </ns3:TrackPointExtension>
        </extensions>
      </trkpt>
      <trkpt lat="45.635894425213336944580078125" lon="6.58982771448791027069091796875">
        <ele>1661.199951171875</ele>
        <time>2025-05-30T10:20:41.000Z</time>
        <extensions>
          <ns3:TrackPointExtension>
            <ns3:atemp>28.0</ns3:atemp>
          </ns3:TrackPointExtension>
        </extensions>
      </trkpt>
      <trkpt lat="45.635880343616008758544921875" lon="6.58985604532063007354736328125">
        <ele>1661.4000244140625</ele>
        <time>2025-05-30T10:20:42.000Z</time>
        <extensions>
          <ns3:TrackPointExtension>
            <ns3:atemp>28.0</ns3:atemp>
          </ns3:TrackPointExtension>
        </extensions>
      </trkpt>
      <trkpt lat="45.63577146269381046295166015625" lon="6.590010188519954681396484375">
        <ele>1662.5999755859375</ele>
        <time>2025-05-30T10:20:48.000Z</time>
        <extensions>
          <ns3:TrackPointExtension>
            <ns3:atemp>29.0</ns3:atemp>
          </ns3:TrackPointExtension>
        </extensions>
      </trkpt>
      <trkpt lat="45.63567322678864002227783203125" lon="6.59011445939540863037109375">
        <ele>1663.800048828125</ele>
        <time>2025-05-30T10:20:53.000Z</time>
        <extensions>
          <ns3:TrackPointExtension>
            <ns3:atemp>29.0</ns3:atemp>
          </ns3:TrackPointExtension>
        </extensions>
      </trkpt>
      <trkpt lat="45.63558940775692462921142578125" lon="6.590207330882549285888671875">
        <ele>1664.800048828125</ele>
        <time>2025-05-30T10:20:57.000Z</time>
        <extensions>
          <ns3:TrackPointExtension>
            <ns3:atemp>29.0</ns3:atemp>
          </ns3:TrackPointExtension>
        </extensions>
      </trkpt>
      <trkpt lat="45.63547742553055286407470703125" lon="6.59031721763312816619873046875">
        <ele>1666</ele>
        <time>2025-05-30T10:21:02.000Z</time>
        <extensions>
          <ns3:TrackPointExtension>
            <ns3:atemp>29.0</ns3:atemp>
          </ns3:TrackPointExtension>
        </extensions>
      </trkpt>
      <trkpt lat="45.63538187183439731597900390625" lon="6.59037119708955287933349609375">
        <ele>1667</ele>
        <time>2025-05-30T10:21:06.000Z</time>
        <extensions>
          <ns3:TrackPointExtension>
            <ns3:atemp>29.0</ns3:atemp>
          </ns3:TrackPointExtension>
        </extensions>
      </trkpt>
      <trkpt lat="45.63525714911520481109619140625" lon="6.5904356539249420166015625">
        <ele>1668.199951171875</ele>
        <time>2025-05-30T10:21:11.000Z</time>
        <extensions>
          <ns3:TrackPointExtension>
            <ns3:atemp>29.0</ns3:atemp>
          </ns3:TrackPointExtension>
        </extensions>
      </trkpt>
      <trkpt lat="45.6351811252534389495849609375" lon="6.5904839336872100830078125">
        <ele>1668.800048828125</ele>
        <time>2025-05-30T10:21:14.000Z</time>
        <extensions>
          <ns3:TrackPointExtension>
            <ns3:atemp>29.0</ns3:atemp>
          </ns3:TrackPointExtension>
        </extensions>
      </trkpt>
      <trkpt lat="45.635130666196346282958984375" lon="6.59051788039505481719970703125">
        <ele>1669.4000244140625</ele>
        <time>2025-05-30T10:21:16.000Z</time>
        <extensions>
          <ns3:TrackPointExtension>
            <ns3:atemp>29.0</ns3:atemp>
          </ns3:TrackPointExtension>
        </extensions>
      </trkpt>
      <trkpt lat="45.63501558266580104827880859375" lon="6.590610332787036895751953125">
        <ele>1670.5999755859375</ele>
        <time>2025-05-30T10:21:21.000Z</time>
        <extensions>
          <ns3:TrackPointExtension>
            <ns3:atemp>29.0</ns3:atemp>
          </ns3:TrackPointExtension>
        </extensions>
      </trkpt>
      <trkpt lat="45.6349450908601284027099609375" lon="6.5906792320311069488525390625">
        <ele>1671.199951171875</ele>
        <time>2025-05-30T10:21:24.000Z</time>
        <extensions>
          <ns3:TrackPointExtension>
            <ns3:atemp>29.0</ns3:atemp>
          </ns3:TrackPointExtension>
        </extensions>
      </trkpt>
      <trkpt lat="45.6348850764334201812744140625" lon="6.5907482989132404327392578125">
        <ele>1671.800048828125</ele>
        <time>2025-05-30T10:21:27.000Z</time>
        <extensions>
          <ns3:TrackPointExtension>
            <ns3:atemp>29.0</ns3:atemp>
          </ns3:TrackPointExtension>
        </extensions>
      </trkpt>
      <trkpt lat="45.634758509695529937744140625" lon="6.59089607186615467071533203125">
        <ele>1672.800048828125</ele>
        <time>2025-05-30T10:21:33.000Z</time>
        <extensions>
          <ns3:TrackPointExtension>
            <ns3:atemp>29.0</ns3:atemp>
          </ns3:TrackPointExtension>
        </extensions>
      </trkpt>
      <trkpt lat="45.63471551053225994110107421875" lon="6.59093596972525119781494140625">
        <ele>1673</ele>
        <time>2025-05-30T10:21:35.000Z</time>
        <extensions>
          <ns3:TrackPointExtension>
            <ns3:atemp>29.0</ns3:atemp>
          </ns3:TrackPointExtension>
        </extensions>
      </trkpt>
      <trkpt lat="45.63459766097366809844970703125" lon="6.59098894335329532623291015625">
        <ele>1674</ele>
        <time>2025-05-30T10:21:40.000Z</time>
        <extensions>
          <ns3:TrackPointExtension>
            <ns3:atemp>29.0</ns3:atemp>
          </ns3:TrackPointExtension>
        </extensions>
      </trkpt>
      <trkpt lat="45.6345501355826854705810546875" lon="6.59100134856998920440673828125">
        <ele>1674.5999755859375</ele>
        <time>2025-05-30T10:21:42.000Z</time>
        <extensions>
          <ns3:TrackPointExtension>
            <ns3:atemp>29.0</ns3:atemp>
          </ns3:TrackPointExtension>
        </extensions>
      </trkpt>
      <trkpt lat="45.63449925743043422698974609375" lon="6.59101408906280994415283203125">
        <ele>1675.4000244140625</ele>
        <time>2025-05-30T10:21:44.000Z</time>
        <extensions>
          <ns3:TrackPointExtension>
            <ns3:atemp>29.0</ns3:atemp>
          </ns3:TrackPointExtension>
        </extensions>
      </trkpt>
      <trkpt lat="45.6344237364828586578369140625" lon="6.59102951176464557647705078125">
        <ele>1676.4000244140625</ele>
        <time>2025-05-30T10:21:47.000Z</time>
        <extensions>
          <ns3:TrackPointExtension>
            <ns3:atemp>29.0</ns3:atemp>
          </ns3:TrackPointExtension>
        </extensions>
      </trkpt>
      <trkpt lat="45.63432298600673675537109375" lon="6.59105482511222362518310546875">
        <ele>1677.199951171875</ele>
        <time>2025-05-30T10:21:51.000Z</time>
        <extensions>
          <ns3:TrackPointExtension>
            <ns3:atemp>29.0</ns3:atemp>
          </ns3:TrackPointExtension>
        </extensions>
      </trkpt>
      <trkpt lat="45.63427336513996124267578125" lon="6.59107343293726444244384765625">
        <ele>1677.5999755859375</ele>
        <time>2025-05-30T10:21:53.000Z</time>
        <extensions>
          <ns3:TrackPointExtension>
            <ns3:atemp>29.0</ns3:atemp>
          </ns3:TrackPointExtension>
        </extensions>
      </trkpt>
      <trkpt lat="45.6342024542391300201416015625" lon="6.5910996682941913604736328125">
        <ele>1678.5999755859375</ele>
        <time>2025-05-30T10:21:56.000Z</time>
        <extensions>
          <ns3:TrackPointExtension>
            <ns3:atemp>29.0</ns3:atemp>
          </ns3:TrackPointExtension>
        </extensions>
      </trkpt>
      <trkpt lat="45.6340943276882171630859375" lon="6.5911638736724853515625">
        <ele>1679.800048828125</ele>
        <time>2025-05-30T10:22:01.000Z</time>
        <extensions>
          <ns3:TrackPointExtension>
            <ns3:atemp>29.0</ns3:atemp>
          </ns3:TrackPointExtension>
        </extensions>
      </trkpt>
      <trkpt lat="45.63397957943379878997802734375" lon="6.59123319201171398162841796875">
        <ele>1681.199951171875</ele>
        <time>2025-05-30T10:22:06.000Z</time>
        <extensions>
          <ns3:TrackPointExtension>
            <ns3:atemp>29.0</ns3:atemp>
          </ns3:TrackPointExtension>
        </extensions>
      </trkpt>
      <trkpt lat="45.63386608846485614776611328125" lon="6.59130494110286235809326171875">
        <ele>1682.199951171875</ele>
        <time>2025-05-30T10:22:11.000Z</time>
        <extensions>
          <ns3:TrackPointExtension>
            <ns3:atemp>29.0</ns3:atemp>
          </ns3:TrackPointExtension>
        </extensions>
      </trkpt>
      <trkpt lat="45.63377179205417633056640625" lon="6.591368056833744049072265625">
        <ele>1683.5999755859375</ele>
        <time>2025-05-30T10:22:15.000Z</time>
        <extensions>
          <ns3:TrackPointExtension>
            <ns3:atemp>29.0</ns3:atemp>
          </ns3:TrackPointExtension>
        </extensions>
      </trkpt>
      <trkpt lat="45.63372485339641571044921875" lon="6.5913997404277324676513671875">
        <ele>1684.199951171875</ele>
        <time>2025-05-30T10:22:17.000Z</time>
        <extensions>
          <ns3:TrackPointExtension>
            <ns3:atemp>29.0</ns3:atemp>
          </ns3:TrackPointExtension>
        </extensions>
      </trkpt>
      <trkpt lat="45.6336854584515094757080078125" lon="6.591445840895175933837890625">
        <ele>1684.5999755859375</ele>
        <time>2025-05-30T10:22:19.000Z</time>
        <extensions>
          <ns3:TrackPointExtension>
            <ns3:atemp>29.0</ns3:atemp>
          </ns3:TrackPointExtension>
        </extensions>
      </trkpt>
      <trkpt lat="45.63366492278873920440673828125" lon="6.5914694778621196746826171875">
        <ele>1685</ele>
        <time>2025-05-30T10:22:20.000Z</time>
        <extensions>
          <ns3:TrackPointExtension>
            <ns3:atemp>29.0</ns3:atemp>
          </ns3:TrackPointExtension>
        </extensions>
      </trkpt>
      <trkpt lat="45.6335768289864063262939453125" lon="6.5915549732744693756103515625">
        <ele>1685.5999755859375</ele>
        <time>2025-05-30T10:22:24.000Z</time>
        <extensions>
          <ns3:TrackPointExtension>
            <ns3:atemp>29.0</ns3:atemp>
          </ns3:TrackPointExtension>
        </extensions>
      </trkpt>
      <trkpt lat="45.633487813174724578857421875" lon="6.5916337631642818450927734375">
        <ele>1686.5999755859375</ele>
        <time>2025-05-30T10:22:28.000Z</time>
        <extensions>
          <ns3:TrackPointExtension>
            <ns3:atemp>29.0</ns3:atemp>
          </ns3:TrackPointExtension>
        </extensions>
      </trkpt>
      <trkpt lat="45.63346308656036853790283203125" lon="6.59164893440902233123779296875">
        <ele>1686.800048828125</ele>
        <time>2025-05-30T10:22:29.000Z</time>
        <extensions>
          <ns3:TrackPointExtension>
            <ns3:atemp>29.0</ns3:atemp>
          </ns3:TrackPointExtension>
        </extensions>
      </trkpt>
      <trkpt lat="45.63331581652164459228515625" lon="6.591708362102508544921875">
        <ele>1688</ele>
        <time>2025-05-30T10:22:35.000Z</time>
        <extensions>
          <ns3:TrackPointExtension>
            <ns3:atemp>29.0</ns3:atemp>
          </ns3:TrackPointExtension>
        </extensions>
      </trkpt>
      <trkpt lat="45.6332720629870891571044921875" lon="6.59172303043305873870849609375">
        <ele>1688.4000244140625</ele>
        <time>2025-05-30T10:22:37.000Z</time>
        <extensions>
          <ns3:TrackPointExtension>
            <ns3:atemp>29.0</ns3:atemp>
          </ns3:TrackPointExtension>
        </extensions>
      </trkpt>
      <trkpt lat="45.63322537578642368316650390625" lon="6.59173585474491119384765625">
        <ele>1689</ele>
        <time>2025-05-30T10:22:39.000Z</time>
        <extensions>
          <ns3:TrackPointExtension>
            <ns3:atemp>29.0</ns3:atemp>
          </ns3:TrackPointExtension>
        </extensions>
      </trkpt>
      <trkpt lat="45.63310082070529460906982421875" lon="6.59177281893789768218994140625">
        <ele>1690.4000244140625</ele>
        <time>2025-05-30T10:22:44.000Z</time>
        <extensions>
          <ns3:TrackPointExtension>
            <ns3:atemp>29.0</ns3:atemp>
          </ns3:TrackPointExtension>
        </extensions>
      </trkpt>
      <trkpt lat="45.63307709991931915283203125" lon="6.5917812846601009368896484375">
        <ele>1690.5999755859375</ele>
        <time>2025-05-30T10:22:45.000Z</time>
        <extensions>
          <ns3:TrackPointExtension>
            <ns3:atemp>29.0</ns3:atemp>
          </ns3:TrackPointExtension>
        </extensions>
      </trkpt>
      <trkpt lat="45.63303007744252681732177734375" lon="6.59179964102804660797119140625">
        <ele>1691.4000244140625</ele>
        <time>2025-05-30T10:22:47.000Z</time>
        <extensions>
          <ns3:TrackPointExtension>
            <ns3:atemp>29.0</ns3:atemp>
          </ns3:TrackPointExtension>
        </extensions>
      </trkpt>
      <trkpt lat="45.6329367868602275848388671875" lon="6.5918567217886447906494140625">
        <ele>1692.800048828125</ele>
        <time>2025-05-30T10:22:51.000Z</time>
        <extensions>
          <ns3:TrackPointExtension>
            <ns3:atemp>29.0</ns3:atemp>
          </ns3:TrackPointExtension>
        </extensions>
      </trkpt>
      <trkpt lat="45.63289915211498737335205078125" lon="6.5919076837599277496337890625">
        <ele>1693.4000244140625</ele>
        <time>2025-05-30T10:22:53.000Z</time>
        <extensions>
          <ns3:TrackPointExtension>
            <ns3:atemp>29.0</ns3:atemp>
          </ns3:TrackPointExtension>
        </extensions>
      </trkpt>
      <trkpt lat="45.63287249766290187835693359375" lon="6.59201254136860370635986328125">
        <ele>1694</ele>
        <time>2025-05-30T10:22:56.000Z</time>
        <extensions>
          <ns3:TrackPointExtension>
            <ns3:atemp>29.0</ns3:atemp>
          </ns3:TrackPointExtension>
        </extensions>
      </trkpt>
      <trkpt lat="45.6328846514225006103515625" lon="6.5920810215175151824951171875">
        <ele>1695</ele>
        <time>2025-05-30T10:22:58.000Z</time>
        <extensions>
          <ns3:TrackPointExtension>
            <ns3:atemp>29.0</ns3:atemp>
          </ns3:TrackPointExtension>
        </extensions>
      </trkpt>
      <trkpt lat="45.63290141522884368896484375" lon="6.59210599958896636962890625">
        <ele>1695.199951171875</ele>
        <time>2025-05-30T10:22:59.000Z</time>
        <extensions>
          <ns3:TrackPointExtension>
            <ns3:atemp>29.0</ns3:atemp>
          </ns3:TrackPointExtension>
        </extensions>
      </trkpt>
      <trkpt lat="45.6329746730625629425048828125" lon="6.59215101040899753570556640625">
        <ele>1696.4000244140625</ele>
        <time>2025-05-30T10:23:02.000Z</time>
        <extensions>
          <ns3:TrackPointExtension>
            <ns3:atemp>29.0</ns3:atemp>
          </ns3:TrackPointExtension>
        </extensions>
      </trkpt>
      <trkpt lat="45.6330826319754123687744140625" lon="6.5921628288924694061279296875">
        <ele>1697.5999755859375</ele>
        <time>2025-05-30T10:23:06.000Z</time>
        <extensions>
          <ns3:TrackPointExtension>
            <ns3:atemp>29.0</ns3:atemp>
          </ns3:TrackPointExtension>
        </extensions>
      </trkpt>
      <trkpt lat="45.63314105384051799774169921875" lon="6.592166014015674591064453125">
        <ele>1698</ele>
        <time>2025-05-30T10:23:08.000Z</time>
        <extensions>
          <ns3:TrackPointExtension>
            <ns3:atemp>29.0</ns3:atemp>
          </ns3:TrackPointExtension>
        </extensions>
      </trkpt>
      <trkpt lat="45.63325605355203151702880859375" lon="6.5921603143215179443359375">
        <ele>1698.800048828125</ele>
        <time>2025-05-30T10:23:12.000Z</time>
        <extensions>
          <ns3:TrackPointExtension>
            <ns3:atemp>29.0</ns3:atemp>
          </ns3:TrackPointExtension>
        </extensions>
      </trkpt>
      <trkpt lat="45.6333987973630428314208984375" lon="6.5921819396317005157470703125">
        <ele>1699.800048828125</ele>
        <time>2025-05-30T10:23:17.000Z</time>
        <extensions>
          <ns3:TrackPointExtension>
            <ns3:atemp>30.0</ns3:atemp>
          </ns3:TrackPointExtension>
        </extensions>
      </trkpt>
      <trkpt lat="45.63345453701913356781005859375" lon="6.59219007007777690887451171875">
        <ele>1700.199951171875</ele>
        <time>2025-05-30T10:23:19.000Z</time>
        <extensions>
          <ns3:TrackPointExtension>
            <ns3:atemp>30.0</ns3:atemp>
          </ns3:TrackPointExtension>
        </extensions>
      </trkpt>
      <trkpt lat="45.63359183259308338165283203125" lon="6.5921889804303646087646484375">
        <ele>1701</ele>
        <time>2025-05-30T10:23:24.000Z</time>
        <extensions>
          <ns3:TrackPointExtension>
            <ns3:atemp>30.0</ns3:atemp>
          </ns3:TrackPointExtension>
        </extensions>
      </trkpt>
      <trkpt lat="45.63364581204950809478759765625" lon="6.59218789078295230865478515625">
        <ele>1701.4000244140625</ele>
        <time>2025-05-30T10:23:26.000Z</time>
        <extensions>
          <ns3:TrackPointExtension>
            <ns3:atemp>30.0</ns3:atemp>
          </ns3:TrackPointExtension>
        </extensions>
      </trkpt>
      <trkpt lat="45.63373885117471218109130859375" lon="6.59216995351016521453857421875">
        <ele>1702.4000244140625</ele>
        <time>2025-05-30T10:23:29.000Z</time>
        <extensions>
          <ns3:TrackPointExtension>
            <ns3:atemp>30.0</ns3:atemp>
          </ns3:TrackPointExtension>
        </extensions>
      </trkpt>
      <trkpt lat="45.63383976928889751434326171875" lon="6.59215117804706096649169921875">
        <ele>1703.800048828125</ele>
        <time>2025-05-30T10:23:33.000Z</time>
        <extensions>
          <ns3:TrackPointExtension>
            <ns3:atemp>30.0</ns3:atemp>
          </ns3:TrackPointExtension>
        </extensions>
      </trkpt>
      <trkpt lat="45.63388972543179988861083984375" lon="6.592147238552570343017578125">
        <ele>1704.4000244140625</ele>
        <time>2025-05-30T10:23:35.000Z</time>
        <extensions>
          <ns3:TrackPointExtension>
            <ns3:atemp>30.0</ns3:atemp>
          </ns3:TrackPointExtension>
        </extensions>
      </trkpt>
      <trkpt lat="45.63394068740308284759521484375" lon="6.59213324077427387237548828125">
        <ele>1704.800048828125</ele>
        <time>2025-05-30T10:23:37.000Z</time>
        <extensions>
          <ns3:TrackPointExtension>
            <ns3:atemp>30.0</ns3:atemp>
          </ns3:TrackPointExtension>
        </extensions>
      </trkpt>
      <trkpt lat="45.6341055594384670257568359375" lon="6.59210021607577800750732421875">
        <ele>1705.5999755859375</ele>
        <time>2025-05-30T10:23:43.000Z</time>
        <extensions>
          <ns3:TrackPointExtension>
            <ns3:atemp>30.0</ns3:atemp>
          </ns3:TrackPointExtension>
        </extensions>
      </trkpt>
      <trkpt lat="45.634130537509918212890625" lon="6.59209937788546085357666015625">
        <ele>1705.800048828125</ele>
        <time>2025-05-30T10:23:44.000Z</time>
        <extensions>
          <ns3:TrackPointExtension>
            <ns3:atemp>30.0</ns3:atemp>
          </ns3:TrackPointExtension>
        </extensions>
      </trkpt>
      <trkpt lat="45.6342245824635028839111328125" lon="6.592106334865093231201171875">
        <ele>1707.199951171875</ele>
        <time>2025-05-30T10:23:48.000Z</time>
        <extensions>
          <ns3:TrackPointExtension>
            <ns3:atemp>30.0</ns3:atemp>
          </ns3:TrackPointExtension>
        </extensions>
      </trkpt>
      <trkpt lat="45.63427361659705638885498046875" lon="6.59211337566375732421875">
        <ele>1707.800048828125</ele>
        <time>2025-05-30T10:23:50.000Z</time>
        <extensions>
          <ns3:TrackPointExtension>
            <ns3:atemp>30.0</ns3:atemp>
          </ns3:TrackPointExtension>
        </extensions>
      </trkpt>
      <trkpt lat="45.634322650730609893798828125" lon="6.5921313129365444183349609375">
        <ele>1708.199951171875</ele>
        <time>2025-05-30T10:23:52.000Z</time>
        <extensions>
          <ns3:TrackPointExtension>
            <ns3:atemp>30.0</ns3:atemp>
          </ns3:TrackPointExtension>
        </extensions>
      </trkpt>
      <trkpt lat="45.6344465352594852447509765625" lon="6.5921702049672603607177734375">
        <ele>1709.5999755859375</ele>
        <time>2025-05-30T10:23:57.000Z</time>
        <extensions>
          <ns3:TrackPointExtension>
            <ns3:atemp>30.0</ns3:atemp>
          </ns3:TrackPointExtension>
        </extensions>
      </trkpt>
      <trkpt lat="45.63457519747316837310791015625" lon="6.5921681933104991912841796875">
        <ele>1710.800048828125</ele>
        <time>2025-05-30T10:24:02.000Z</time>
        <extensions>
          <ns3:TrackPointExtension>
            <ns3:atemp>30.0</ns3:atemp>
          </ns3:TrackPointExtension>
        </extensions>
      </trkpt>
      <trkpt lat="45.634621717035770416259765625" lon="6.59216291271150112152099609375">
        <ele>1711.4000244140625</ele>
        <time>2025-05-30T10:24:04.000Z</time>
        <extensions>
          <ns3:TrackPointExtension>
            <ns3:atemp>30.0</ns3:atemp>
          </ns3:TrackPointExtension>
        </extensions>
      </trkpt>
      <trkpt lat="45.63467209227383136749267578125" lon="6.59214430488646030426025390625">
        <ele>1711.800048828125</ele>
        <time>2025-05-30T10:24:06.000Z</time>
        <extensions>
          <ns3:TrackPointExtension>
            <ns3:atemp>30.0</ns3:atemp>
          </ns3:TrackPointExtension>
        </extensions>
      </trkpt>
      <trkpt lat="45.63478767871856689453125" lon="6.592078842222690582275390625">
        <ele>1712.800048828125</ele>
        <time>2025-05-30T10:24:11.000Z</time>
        <extensions>
          <ns3:TrackPointExtension>
            <ns3:atemp>30.0</ns3:atemp>
          </ns3:TrackPointExtension>
        </extensions>
      </trkpt>
      <trkpt lat="45.63483470119535923004150390625" lon="6.592059396207332611083984375">
        <ele>1713.4000244140625</ele>
        <time>2025-05-30T10:24:13.000Z</time>
        <extensions>
          <ns3:TrackPointExtension>
            <ns3:atemp>30.0</ns3:atemp>
          </ns3:TrackPointExtension>
        </extensions>
      </trkpt>
      <trkpt lat="45.6348844058811664581298828125" lon="6.5920583903789520263671875">
        <ele>1714</ele>
        <time>2025-05-30T10:24:15.000Z</time>
        <extensions>
          <ns3:TrackPointExtension>
            <ns3:atemp>30.0</ns3:atemp>
          </ns3:TrackPointExtension>
        </extensions>
      </trkpt>
      <trkpt lat="45.6349782831966876983642578125" lon="6.59208915196359157562255859375">
        <ele>1715</ele>
        <time>2025-05-30T10:24:19.000Z</time>
        <extensions>
          <ns3:TrackPointExtension>
            <ns3:atemp>30.0</ns3:atemp>
          </ns3:TrackPointExtension>
        </extensions>
      </trkpt>
      <trkpt lat="45.63502362929284572601318359375" lon="6.59212117083370685577392578125">
        <ele>1715.5999755859375</ele>
        <time>2025-05-30T10:24:21.000Z</time>
        <extensions>
          <ns3:TrackPointExtension>
            <ns3:atemp>30.0</ns3:atemp>
          </ns3:TrackPointExtension>
        </extensions>
      </trkpt>
      <trkpt lat="45.63509889878332614898681640625" lon="6.5921574644744396209716796875">
        <ele>1716.4000244140625</ele>
        <time>2025-05-30T10:24:24.000Z</time>
        <extensions>
          <ns3:TrackPointExtension>
            <ns3:atemp>30.0</ns3:atemp>
          </ns3:TrackPointExtension>
        </extensions>
      </trkpt>
      <trkpt lat="45.63512236811220645904541015625" lon="6.5921702049672603607177734375">
        <ele>1716.5999755859375</ele>
        <time>2025-05-30T10:24:25.000Z</time>
        <extensions>
          <ns3:TrackPointExtension>
            <ns3:atemp>30.0</ns3:atemp>
          </ns3:TrackPointExtension>
        </extensions>
      </trkpt>
      <trkpt lat="45.63524541445076465606689453125" lon="6.592231057584285736083984375">
        <ele>1718</ele>
        <time>2025-05-30T10:24:30.000Z</time>
        <extensions>
          <ns3:TrackPointExtension>
            <ns3:atemp>30.0</ns3:atemp>
          </ns3:TrackPointExtension>
        </extensions>
      </trkpt>
      <trkpt lat="45.63532386906445026397705078125" lon="6.59224874339997768402099609375">
        <ele>1719</ele>
        <time>2025-05-30T10:24:33.000Z</time>
        <extensions>
          <ns3:TrackPointExtension>
            <ns3:atemp>30.0</ns3:atemp>
          </ns3:TrackPointExtension>
        </extensions>
      </trkpt>
      <trkpt lat="45.63553542830049991607666015625" lon="6.59231630153954029083251953125">
        <ele>1720.4000244140625</ele>
        <time>2025-05-30T10:24:41.000Z</time>
        <extensions>
          <ns3:TrackPointExtension>
            <ns3:atemp>30.0</ns3:atemp>
          </ns3:TrackPointExtension>
        </extensions>
      </trkpt>
      <trkpt lat="45.6355626694858074188232421875" lon="6.5923239290714263916015625">
        <ele>1720.5999755859375</ele>
        <time>2025-05-30T10:24:42.000Z</time>
        <extensions>
          <ns3:TrackPointExtension>
            <ns3:atemp>30.0</ns3:atemp>
          </ns3:TrackPointExtension>
        </extensions>
      </trkpt>
      <trkpt lat="45.63570071943104267120361328125" lon="6.59238201566040515899658203125">
        <ele>1721.4000244140625</ele>
        <time>2025-05-30T10:24:47.000Z</time>
        <extensions>
          <ns3:TrackPointExtension>
            <ns3:atemp>30.0</ns3:atemp>
          </ns3:TrackPointExtension>
        </extensions>
      </trkpt>
      <trkpt lat="45.635740198194980621337890625" lon="6.59243524074554443359375">
        <ele>1721.5999755859375</ele>
        <time>2025-05-30T10:24:49.000Z</time>
        <extensions>
          <ns3:TrackPointExtension>
            <ns3:atemp>30.0</ns3:atemp>
          </ns3:TrackPointExtension>
        </extensions>
      </trkpt>
      <trkpt lat="45.6357494182884693145751953125" lon="6.59246952272951602935791015625">
        <ele>1721.800048828125</ele>
        <time>2025-05-30T10:24:50.000Z</time>
        <extensions>
          <ns3:TrackPointExtension>
            <ns3:atemp>30.0</ns3:atemp>
          </ns3:TrackPointExtension>
        </extensions>
      </trkpt>
      <trkpt lat="45.6357225961983203887939453125" lon="6.59257002174854278564453125">
        <ele>1722.199951171875</ele>
        <time>2025-05-30T10:24:53.000Z</time>
        <extensions>
          <ns3:TrackPointExtension>
            <ns3:atemp>30.0</ns3:atemp>
          </ns3:TrackPointExtension>
        </extensions>
      </trkpt>
      <trkpt lat="45.63570189289748668670654296875" lon="6.59258519299328327178955078125">
        <ele>1722.4000244140625</ele>
        <time>2025-05-30T10:24:54.000Z</time>
        <extensions>
          <ns3:TrackPointExtension>
            <ns3:atemp>30.0</ns3:atemp>
          </ns3:TrackPointExtension>
        </extensions>
      </trkpt>
      <trkpt lat="45.635631568729877471923828125" lon="6.59260899759829044342041015625">
        <ele>1723.199951171875</ele>
        <time>2025-05-30T10:24:57.000Z</time>
        <extensions>
          <ns3:TrackPointExtension>
            <ns3:atemp>30.0</ns3:atemp>
          </ns3:TrackPointExtension>
        </extensions>
      </trkpt>
      <trkpt lat="45.63558404333889484405517578125" lon="6.592598855495452880859375">
        <ele>1723.5999755859375</ele>
        <time>2025-05-30T10:24:59.000Z</time>
        <extensions>
          <ns3:TrackPointExtension>
            <ns3:atemp>30.0</ns3:atemp>
          </ns3:TrackPointExtension>
        </extensions>
      </trkpt>
      <trkpt lat="45.63548044301569461822509765625" lon="6.59257060848176479339599609375">
        <ele>1724.5999755859375</ele>
        <time>2025-05-30T10:25:03.000Z</time>
        <extensions>
          <ns3:TrackPointExtension>
            <ns3:atemp>30.0</ns3:atemp>
          </ns3:TrackPointExtension>
        </extensions>
      </trkpt>
      <trkpt lat="45.63537843525409698486328125" lon="6.59254990518093109130859375">
        <ele>1725.800048828125</ele>
        <time>2025-05-30T10:25:07.000Z</time>
        <extensions>
          <ns3:TrackPointExtension>
            <ns3:atemp>30.0</ns3:atemp>
          </ns3:TrackPointExtension>
        </extensions>
      </trkpt>
      <trkpt lat="45.63533015549182891845703125" lon="6.59254797734320163726806640625">
        <ele>1726.199951171875</ele>
        <time>2025-05-30T10:25:09.000Z</time>
        <extensions>
          <ns3:TrackPointExtension>
            <ns3:atemp>30.0</ns3:atemp>
          </ns3:TrackPointExtension>
        </extensions>
      </trkpt>
      <trkpt lat="45.63530643470585346221923828125" lon="6.59255770035088062286376953125">
        <ele>1726.5999755859375</ele>
        <time>2025-05-30T10:25:10.000Z</time>
        <extensions>
          <ns3:TrackPointExtension>
            <ns3:atemp>30.0</ns3:atemp>
          </ns3:TrackPointExtension>
        </extensions>
      </trkpt>
      <trkpt lat="45.63528296537697315216064453125" lon="6.5925653278827667236328125">
        <ele>1726.800048828125</ele>
        <time>2025-05-30T10:25:11.000Z</time>
        <extensions>
          <ns3:TrackPointExtension>
            <ns3:atemp>30.0</ns3:atemp>
          </ns3:TrackPointExtension>
        </extensions>
      </trkpt>
      <trkpt lat="45.63521255739033222198486328125" lon="6.592582762241363525390625">
        <ele>1728</ele>
        <time>2025-05-30T10:25:14.000Z</time>
        <extensions>
          <ns3:TrackPointExtension>
            <ns3:atemp>30.0</ns3:atemp>
          </ns3:TrackPointExtension>
        </extensions>
      </trkpt>
      <trkpt lat="45.63516410999000072479248046875" lon="6.59261436201632022857666015625">
        <ele>1728.5999755859375</ele>
        <time>2025-05-30T10:25:16.000Z</time>
        <extensions>
          <ns3:TrackPointExtension>
            <ns3:atemp>30.0</ns3:atemp>
          </ns3:TrackPointExtension>
        </extensions>
      </trkpt>
      <trkpt lat="45.63513963483273983001708984375" lon="6.59263112582266330718994140625">
        <ele>1729</ele>
        <time>2025-05-30T10:25:17.000Z</time>
        <extensions>
          <ns3:TrackPointExtension>
            <ns3:atemp>30.0</ns3:atemp>
          </ns3:TrackPointExtension>
        </extensions>
      </trkpt>
      <trkpt lat="45.6349943764507770538330078125" lon="6.59275601617991924285888671875">
        <ele>1730</ele>
        <time>2025-05-30T10:25:23.000Z</time>
        <extensions>
          <ns3:TrackPointExtension>
            <ns3:atemp>30.0</ns3:atemp>
          </ns3:TrackPointExtension>
        </extensions>
      </trkpt>
      <trkpt lat="45.63488214276731014251708984375" lon="6.592852659523487091064453125">
        <ele>1731.4000244140625</ele>
        <time>2025-05-30T10:25:28.000Z</time>
        <extensions>
          <ns3:TrackPointExtension>
            <ns3:atemp>30.0</ns3:atemp>
          </ns3:TrackPointExtension>
        </extensions>
      </trkpt>
      <trkpt lat="45.63481508754193782806396484375" lon="6.5928783081471920013427734375">
        <ele>1731.800048828125</ele>
        <time>2025-05-30T10:25:31.000Z</time>
        <extensions>
          <ns3:TrackPointExtension>
            <ns3:atemp>30.0</ns3:atemp>
          </ns3:TrackPointExtension>
        </extensions>
      </trkpt>
      <trkpt lat="45.634748451411724090576171875" lon="6.59288878552615642547607421875">
        <ele>1732.4000244140625</ele>
        <time>2025-05-30T10:25:34.000Z</time>
        <extensions>
          <ns3:TrackPointExtension>
            <ns3:atemp>30.0</ns3:atemp>
          </ns3:TrackPointExtension>
        </extensions>
      </trkpt>
      <trkpt lat="45.63466991297900676727294921875" lon="6.59290521405637264251708984375">
        <ele>1733.5999755859375</ele>
        <time>2025-05-30T10:25:37.000Z</time>
        <extensions>
          <ns3:TrackPointExtension>
            <ns3:atemp>30.0</ns3:atemp>
          </ns3:TrackPointExtension>
        </extensions>
      </trkpt>
      <trkpt lat="45.6346205435693264007568359375" lon="6.5929155237972736358642578125">
        <ele>1734.4000244140625</ele>
        <time>2025-05-30T10:25:39.000Z</time>
        <extensions>
          <ns3:TrackPointExtension>
            <ns3:atemp>30.0</ns3:atemp>
          </ns3:TrackPointExtension>
        </extensions>
      </trkpt>
      <trkpt lat="45.63457511365413665771484375" lon="6.5929279290139675140380859375">
        <ele>1734.800048828125</ele>
        <time>2025-05-30T10:25:41.000Z</time>
        <extensions>
          <ns3:TrackPointExtension>
            <ns3:atemp>30.0</ns3:atemp>
          </ns3:TrackPointExtension>
        </extensions>
      </trkpt>
      <trkpt lat="45.6345078907907009124755859375" lon="6.5929443575441837310791015625">
        <ele>1735.5999755859375</ele>
        <time>2025-05-30T10:25:44.000Z</time>
        <extensions>
          <ns3:TrackPointExtension>
            <ns3:atemp>30.0</ns3:atemp>
          </ns3:TrackPointExtension>
        </extensions>
      </trkpt>
      <trkpt lat="45.63448634929955005645751953125" lon="6.59294863231480121612548828125">
        <ele>1736</ele>
        <time>2025-05-30T10:25:45.000Z</time>
        <extensions>
          <ns3:TrackPointExtension>
            <ns3:atemp>30.0</ns3:atemp>
          </ns3:TrackPointExtension>
        </extensions>
      </trkpt>
      <trkpt lat="45.63441644422709941864013671875" lon="6.59295366145670413970947265625">
        <ele>1736.800048828125</ele>
        <time>2025-05-30T10:25:48.000Z</time>
        <extensions>
          <ns3:TrackPointExtension>
            <ns3:atemp>30.0</ns3:atemp>
          </ns3:TrackPointExtension>
        </extensions>
      </trkpt>
      <trkpt lat="45.63431954942643642425537109375" lon="6.5929715149104595184326171875">
        <ele>1737.800048828125</ele>
        <time>2025-05-30T10:25:52.000Z</time>
        <extensions>
          <ns3:TrackPointExtension>
            <ns3:atemp>30.0</ns3:atemp>
          </ns3:TrackPointExtension>
        </extensions>
      </trkpt>
      <trkpt lat="45.63429658301174640655517578125" lon="6.592973358929157257080078125">
        <ele>1738</ele>
        <time>2025-05-30T10:25:53.000Z</time>
        <extensions>
          <ns3:TrackPointExtension>
            <ns3:atemp>30.0</ns3:atemp>
          </ns3:TrackPointExtension>
        </extensions>
      </trkpt>
      <trkpt lat="45.63420387916266918182373046875" lon="6.5930053777992725372314453125">
        <ele>1739</ele>
        <time>2025-05-30T10:25:57.000Z</time>
        <extensions>
          <ns3:TrackPointExtension>
            <ns3:atemp>30.0</ns3:atemp>
          </ns3:TrackPointExtension>
        </extensions>
      </trkpt>
      <trkpt lat="45.63417890109121799468994140625" lon="6.5930063836276531219482421875">
        <ele>1739</ele>
        <time>2025-05-30T10:25:58.000Z</time>
        <extensions>
          <ns3:TrackPointExtension>
            <ns3:atemp>30.0</ns3:atemp>
          </ns3:TrackPointExtension>
        </extensions>
      </trkpt>
      <trkpt lat="45.63408334739506244659423828125" lon="6.5930293500423431396484375">
        <ele>1740.199951171875</ele>
        <time>2025-05-30T10:26:02.000Z</time>
        <extensions>
          <ns3:TrackPointExtension>
            <ns3:atemp>30.0</ns3:atemp>
          </ns3:TrackPointExtension>
        </extensions>
      </trkpt>
      <trkpt lat="45.63405937515199184417724609375" lon="6.593036390841007232666015625">
        <ele>1740.199951171875</ele>
        <time>2025-05-30T10:26:03.000Z</time>
        <extensions>
          <ns3:TrackPointExtension>
            <ns3:atemp>30.0</ns3:atemp>
          </ns3:TrackPointExtension>
        </extensions>
      </trkpt>
      <trkpt lat="45.6340116821229457855224609375" lon="6.59304234199225902557373046875">
        <ele>1741</ele>
        <time>2025-05-30T10:26:05.000Z</time>
        <extensions>
          <ns3:TrackPointExtension>
            <ns3:atemp>30.0</ns3:atemp>
          </ns3:TrackPointExtension>
        </extensions>
      </trkpt>
      <trkpt lat="45.63388637267053127288818359375" lon="6.59305424429476261138916015625">
        <ele>1742</ele>
        <time>2025-05-30T10:26:10.000Z</time>
        <extensions>
          <ns3:TrackPointExtension>
            <ns3:atemp>30.0</ns3:atemp>
          </ns3:TrackPointExtension>
        </extensions>
      </trkpt>
      <trkpt lat="45.6338158808648586273193359375" lon="6.59306329675018787384033203125">
        <ele>1742.800048828125</ele>
        <time>2025-05-30T10:26:13.000Z</time>
        <extensions>
          <ns3:TrackPointExtension>
            <ns3:atemp>30.0</ns3:atemp>
          </ns3:TrackPointExtension>
        </extensions>
      </trkpt>
      <trkpt lat="45.63379165716469287872314453125" lon="6.5930660627782344818115234375">
        <ele>1743.199951171875</ele>
        <time>2025-05-30T10:26:14.000Z</time>
        <extensions>
          <ns3:TrackPointExtension>
            <ns3:atemp>30.0</ns3:atemp>
          </ns3:TrackPointExtension>
        </extensions>
      </trkpt>
      <trkpt lat="45.63366760499775409698486328125" lon="6.59305407665669918060302734375">
        <ele>1744.4000244140625</ele>
        <time>2025-05-30T10:26:19.000Z</time>
        <extensions>
          <ns3:TrackPointExtension>
            <ns3:atemp>30.0</ns3:atemp>
          </ns3:TrackPointExtension>
        </extensions>
      </trkpt>
      <trkpt lat="45.633508265018463134765625" lon="6.59308156929910182952880859375">
        <ele>1745.800048828125</ele>
        <time>2025-05-30T10:26:25.000Z</time>
        <extensions>
          <ns3:TrackPointExtension>
            <ns3:atemp>30.0</ns3:atemp>
          </ns3:TrackPointExtension>
        </extensions>
      </trkpt>
      <trkpt lat="45.63345520757138729095458984375" lon="6.59310352988541126251220703125">
        <ele>1746.4000244140625</ele>
        <time>2025-05-30T10:26:27.000Z</time>
        <extensions>
          <ns3:TrackPointExtension>
            <ns3:atemp>30.0</ns3:atemp>
          </ns3:TrackPointExtension>
        </extensions>
      </trkpt>
      <trkpt lat="45.6333770044147968292236328125" lon="6.59313772805035114288330078125">
        <ele>1747</ele>
        <time>2025-05-30T10:26:30.000Z</time>
        <extensions>
          <ns3:TrackPointExtension>
            <ns3:atemp>30.0</ns3:atemp>
          </ns3:TrackPointExtension>
        </extensions>
      </trkpt>
      <trkpt lat="45.63330634497106075286865234375" lon="6.59318550489842891693115234375">
        <ele>1747.5999755859375</ele>
        <time>2025-05-30T10:26:33.000Z</time>
        <extensions>
          <ns3:TrackPointExtension>
            <ns3:atemp>30.0</ns3:atemp>
          </ns3:TrackPointExtension>
        </extensions>
      </trkpt>
      <trkpt lat="45.63324130140244960784912109375" lon="6.59325624816119670867919921875">
        <ele>1748.199951171875</ele>
        <time>2025-05-30T10:26:36.000Z</time>
        <extensions>
          <ns3:TrackPointExtension>
            <ns3:atemp>30.0</ns3:atemp>
          </ns3:TrackPointExtension>
        </extensions>
      </trkpt>
      <trkpt lat="45.6331627629697322845458984375" lon="6.59336152486503124237060546875">
        <ele>1749.4000244140625</ele>
        <time>2025-05-30T10:26:40.000Z</time>
        <extensions>
          <ns3:TrackPointExtension>
            <ns3:atemp>30.0</ns3:atemp>
          </ns3:TrackPointExtension>
        </extensions>
      </trkpt>
      <trkpt lat="45.63308204524219036102294921875" lon="6.59352614544332027435302734375">
        <ele>1750.5999755859375</ele>
        <time>2025-05-30T10:26:45.000Z</time>
        <extensions>
          <ns3:TrackPointExtension>
            <ns3:atemp>30.0</ns3:atemp>
          </ns3:TrackPointExtension>
        </extensions>
      </trkpt>
      <trkpt lat="45.63297919929027557373046875" lon="6.593755222856998443603515625">
        <ele>1751.5999755859375</ele>
        <time>2025-05-30T10:26:52.000Z</time>
        <extensions>
          <ns3:TrackPointExtension>
            <ns3:atemp>30.0</ns3:atemp>
          </ns3:TrackPointExtension>
        </extensions>
      </trkpt>
      <trkpt lat="45.6328821368515491485595703125" lon="6.59392294473946094512939453125">
        <ele>1752.800048828125</ele>
        <time>2025-05-30T10:26:58.000Z</time>
        <extensions>
          <ns3:TrackPointExtension>
            <ns3:atemp>30.0</ns3:atemp>
          </ns3:TrackPointExtension>
        </extensions>
      </trkpt>
      <trkpt lat="45.63285087235271930694580078125" lon="6.5939790196716785430908203125">
        <ele>1753.5999755859375</ele>
        <time>2025-05-30T10:27:00.000Z</time>
        <extensions>
          <ns3:TrackPointExtension>
            <ns3:atemp>30.0</ns3:atemp>
          </ns3:TrackPointExtension>
        </extensions>
      </trkpt>
      <trkpt lat="45.63282388262450695037841796875" lon="6.59403719007968902587890625">
        <ele>1754</ele>
        <time>2025-05-30T10:27:02.000Z</time>
        <extensions>
          <ns3:TrackPointExtension>
            <ns3:atemp>30.0</ns3:atemp>
          </ns3:TrackPointExtension>
        </extensions>
      </trkpt>
      <trkpt lat="45.632755570113658905029296875" lon="6.59414188005030155181884765625">
        <ele>1755.199951171875</ele>
        <time>2025-05-30T10:27:06.000Z</time>
        <extensions>
          <ns3:TrackPointExtension>
            <ns3:atemp>30.0</ns3:atemp>
          </ns3:TrackPointExtension>
        </extensions>
      </trkpt>
      <trkpt lat="45.63272933475673198699951171875" lon="6.59419921226799488067626953125">
        <ele>1755.5999755859375</ele>
        <time>2025-05-30T10:27:08.000Z</time>
        <extensions>
          <ns3:TrackPointExtension>
            <ns3:atemp>30.0</ns3:atemp>
          </ns3:TrackPointExtension>
        </extensions>
      </trkpt>
      <trkpt lat="45.63269027508795261383056640625" lon="6.59428403712809085845947265625">
        <ele>1756.199951171875</ele>
        <time>2025-05-30T10:27:11.000Z</time>
        <extensions>
          <ns3:TrackPointExtension>
            <ns3:atemp>30.0</ns3:atemp>
          </ns3:TrackPointExtension>
        </extensions>
      </trkpt>
      <trkpt lat="45.63263461925089359283447265625" lon="6.59438042901456356048583984375">
        <ele>1756.800048828125</ele>
        <time>2025-05-30T10:27:15.000Z</time>
        <extensions>
          <ns3:TrackPointExtension>
            <ns3:atemp>30.0</ns3:atemp>
          </ns3:TrackPointExtension>
        </extensions>
      </trkpt>
      <trkpt lat="45.6326209567487239837646484375" lon="6.59440473653376102447509765625">
        <ele>1757.199951171875</ele>
        <time>2025-05-30T10:27:16.000Z</time>
        <extensions>
          <ns3:TrackPointExtension>
            <ns3:atemp>30.0</ns3:atemp>
          </ns3:TrackPointExtension>
        </extensions>
      </trkpt>
      <trkpt lat="45.632567144930362701416015625" lon="6.59451319836080074310302734375">
        <ele>1758.4000244140625</ele>
        <time>2025-05-30T10:27:20.000Z</time>
        <extensions>
          <ns3:TrackPointExtension>
            <ns3:atemp>30.0</ns3:atemp>
          </ns3:TrackPointExtension>
        </extensions>
      </trkpt>
      <trkpt lat="45.63254627399146556854248046875" lon="6.59457522444427013397216796875">
        <ele>1758.800048828125</ele>
        <time>2025-05-30T10:27:22.000Z</time>
        <extensions>
          <ns3:TrackPointExtension>
            <ns3:atemp>30.0</ns3:atemp>
          </ns3:TrackPointExtension>
        </extensions>
      </trkpt>
      <trkpt lat="45.6325368024408817291259765625" lon="6.59464580006897449493408203125">
        <ele>1759.4000244140625</ele>
        <time>2025-05-30T10:27:24.000Z</time>
        <extensions>
          <ns3:TrackPointExtension>
            <ns3:atemp>30.0</ns3:atemp>
          </ns3:TrackPointExtension>
        </extensions>
      </trkpt>
      <trkpt lat="45.632563121616840362548828125" lon="6.59473590552806854248046875">
        <ele>1760</ele>
        <time>2025-05-30T10:27:27.000Z</time>
        <extensions>
          <ns3:TrackPointExtension>
            <ns3:atemp>30.0</ns3:atemp>
          </ns3:TrackPointExtension>
        </extensions>
      </trkpt>
      <trkpt lat="45.63260377384722232818603515625" lon="6.59476138651371002197265625">
        <ele>1760.5999755859375</ele>
        <time>2025-05-30T10:27:29.000Z</time>
        <extensions>
          <ns3:TrackPointExtension>
            <ns3:atemp>30.0</ns3:atemp>
          </ns3:TrackPointExtension>
        </extensions>
      </trkpt>
      <trkpt lat="45.63265088014304637908935546875" lon="6.59474755637347698211669921875">
        <ele>1761.199951171875</ele>
        <time>2025-05-30T10:27:31.000Z</time>
        <extensions>
          <ns3:TrackPointExtension>
            <ns3:atemp>30.0</ns3:atemp>
          </ns3:TrackPointExtension>
        </extensions>
      </trkpt>
      <trkpt lat="45.63271894119679927825927734375" lon="6.59468301571905612945556640625">
        <ele>1762</ele>
        <time>2025-05-30T10:27:34.000Z</time>
        <extensions>
          <ns3:TrackPointExtension>
            <ns3:atemp>30.0</ns3:atemp>
          </ns3:TrackPointExtension>
        </extensions>
      </trkpt>
      <trkpt lat="45.63278197310864925384521484375" lon="6.59460120834410190582275390625">
        <ele>1763</ele>
        <time>2025-05-30T10:27:37.000Z</time>
        <extensions>
          <ns3:TrackPointExtension>
            <ns3:atemp>30.0</ns3:atemp>
          </ns3:TrackPointExtension>
        </extensions>
      </trkpt>
      <trkpt lat="45.6328187696635723114013671875" lon="6.5945426188409328460693359375">
        <ele>1763.800048828125</ele>
        <time>2025-05-30T10:27:39.000Z</time>
        <extensions>
          <ns3:TrackPointExtension>
            <ns3:atemp>30.0</ns3:atemp>
          </ns3:TrackPointExtension>
        </extensions>
      </trkpt>
      <trkpt lat="45.6328573264181613922119140625" lon="6.59448469989001750946044921875">
        <ele>1764.199951171875</ele>
        <time>2025-05-30T10:27:41.000Z</time>
        <extensions>
          <ns3:TrackPointExtension>
            <ns3:atemp>30.0</ns3:atemp>
          </ns3:TrackPointExtension>
        </extensions>
      </trkpt>
      <trkpt lat="45.63293620012700557708740234375" lon="6.59438093192875385284423828125">
        <ele>1765.4000244140625</ele>
        <time>2025-05-30T10:27:45.000Z</time>
        <extensions>
          <ns3:TrackPointExtension>
            <ns3:atemp>30.0</ns3:atemp>
          </ns3:TrackPointExtension>
        </extensions>
      </trkpt>
      <trkpt lat="45.63298263587057590484619140625" lon="6.59434388391673564910888671875">
        <ele>1765.5999755859375</ele>
        <time>2025-05-30T10:27:47.000Z</time>
        <extensions>
          <ns3:TrackPointExtension>
            <ns3:atemp>30.0</ns3:atemp>
          </ns3:TrackPointExtension>
        </extensions>
      </trkpt>
      <trkpt lat="45.6330061890184879302978515625" lon="6.594341285526752471923828125">
        <ele>1765.800048828125</ele>
        <time>2025-05-30T10:27:48.000Z</time>
        <extensions>
          <ns3:TrackPointExtension>
            <ns3:atemp>30.0</ns3:atemp>
          </ns3:TrackPointExtension>
        </extensions>
      </trkpt>
      <trkpt lat="45.63303577713668346405029296875" lon="6.5943877212703227996826171875">
        <ele>1766</ele>
        <time>2025-05-30T10:27:50.000Z</time>
        <extensions>
          <ns3:TrackPointExtension>
            <ns3:atemp>30.0</ns3:atemp>
          </ns3:TrackPointExtension>
        </extensions>
      </trkpt>
      <trkpt lat="45.633039884269237518310546875" lon="6.59442300908267498016357421875">
        <ele>1766</ele>
        <time>2025-05-30T10:27:51.000Z</time>
        <extensions>
          <ns3:TrackPointExtension>
            <ns3:atemp>30.0</ns3:atemp>
          </ns3:TrackPointExtension>
        </extensions>
      </trkpt>
      <trkpt lat="45.63303410075604915618896484375" lon="6.5944571234285831451416015625">
        <ele>1766.4000244140625</ele>
        <time>2025-05-30T10:27:52.000Z</time>
        <extensions>
          <ns3:TrackPointExtension>
            <ns3:atemp>30.0</ns3:atemp>
          </ns3:TrackPointExtension>
        </extensions>
      </trkpt>
      <trkpt lat="45.63300258480012416839599609375" lon="6.59452057443559169769287109375">
        <ele>1766.800048828125</ele>
        <time>2025-05-30T10:27:54.000Z</time>
        <extensions>
          <ns3:TrackPointExtension>
            <ns3:atemp>30.0</ns3:atemp>
          </ns3:TrackPointExtension>
        </extensions>
      </trkpt>
      <trkpt lat="45.63294910825788974761962890625" lon="6.59461126662790775299072265625">
        <ele>1767.4000244140625</ele>
        <time>2025-05-30T10:27:57.000Z</time>
        <extensions>
          <ns3:TrackPointExtension>
            <ns3:atemp>30.0</ns3:atemp>
          </ns3:TrackPointExtension>
        </extensions>
      </trkpt>
      <trkpt lat="45.6328885070979595184326171875" lon="6.59471855498850345611572265625">
        <ele>1768.4000244140625</ele>
        <time>2025-05-30T10:28:01.000Z</time>
        <extensions>
          <ns3:TrackPointExtension>
            <ns3:atemp>30.0</ns3:atemp>
          </ns3:TrackPointExtension>
        </extensions>
      </trkpt>
      <trkpt lat="45.63285925425589084625244140625" lon="6.594779156148433685302734375">
        <ele>1769</ele>
        <time>2025-05-30T10:28:03.000Z</time>
        <extensions>
          <ns3:TrackPointExtension>
            <ns3:atemp>30.0</ns3:atemp>
          </ns3:TrackPointExtension>
        </extensions>
      </trkpt>
      <trkpt lat="45.6328207813203334808349609375" lon="6.594866998493671417236328125">
        <ele>1769.4000244140625</ele>
        <time>2025-05-30T10:28:06.000Z</time>
        <extensions>
          <ns3:TrackPointExtension>
            <ns3:atemp>30.0</ns3:atemp>
          </ns3:TrackPointExtension>
        </extensions>
      </trkpt>
      <trkpt lat="45.63278012908995151519775390625" lon="6.595003791153430938720703125">
        <ele>1770.5999755859375</ele>
        <time>2025-05-30T10:28:10.000Z</time>
        <extensions>
          <ns3:TrackPointExtension>
            <ns3:atemp>30.0</ns3:atemp>
          </ns3:TrackPointExtension>
        </extensions>
      </trkpt>
      <trkpt lat="45.63275766558945178985595703125" lon="6.59507579170167446136474609375">
        <ele>1770.800048828125</ele>
        <time>2025-05-30T10:28:12.000Z</time>
        <extensions>
          <ns3:TrackPointExtension>
            <ns3:atemp>30.0</ns3:atemp>
          </ns3:TrackPointExtension>
        </extensions>
      </trkpt>
      <trkpt lat="45.632662363350391387939453125" lon="6.595255248248577117919921875">
        <ele>1771.5999755859375</ele>
        <time>2025-05-30T10:28:18.000Z</time>
        <extensions>
          <ns3:TrackPointExtension>
            <ns3:atemp>30.0</ns3:atemp>
          </ns3:TrackPointExtension>
        </extensions>
      </trkpt>
      <trkpt lat="45.63264182768762111663818359375" lon="6.59527746029198169708251953125">
        <ele>1772</ele>
        <time>2025-05-30T10:28:19.000Z</time>
        <extensions>
          <ns3:TrackPointExtension>
            <ns3:atemp>30.0</ns3:atemp>
          </ns3:TrackPointExtension>
        </extensions>
      </trkpt>
      <trkpt lat="45.63256572000682353973388671875" lon="6.59538097679615020751953125">
        <ele>1772.5999755859375</ele>
        <time>2025-05-30T10:28:23.000Z</time>
        <extensions>
          <ns3:TrackPointExtension>
            <ns3:atemp>30.0</ns3:atemp>
          </ns3:TrackPointExtension>
        </extensions>
      </trkpt>
      <trkpt lat="45.6324741058051586151123046875" lon="6.59552053548395633697509765625">
        <ele>1773.5999755859375</ele>
        <time>2025-05-30T10:28:28.000Z</time>
        <extensions>
          <ns3:TrackPointExtension>
            <ns3:atemp>30.0</ns3:atemp>
          </ns3:TrackPointExtension>
        </extensions>
      </trkpt>
      <trkpt lat="45.63240587711334228515625" lon="6.59562681801617145538330078125">
        <ele>1774.5999755859375</ele>
        <time>2025-05-30T10:28:32.000Z</time>
        <extensions>
          <ns3:TrackPointExtension>
            <ns3:atemp>30.0</ns3:atemp>
          </ns3:TrackPointExtension>
        </extensions>
      </trkpt>
      <trkpt lat="45.632344521582126617431640625" lon="6.5957492776215076446533203125">
        <ele>1775.5999755859375</ele>
        <time>2025-05-30T10:28:36.000Z</time>
        <extensions>
          <ns3:TrackPointExtension>
            <ns3:atemp>30.0</ns3:atemp>
          </ns3:TrackPointExtension>
        </extensions>
      </trkpt>
      <trkpt lat="45.6323312781751155853271484375" lon="6.59578238613903522491455078125">
        <ele>1775.800048828125</ele>
        <time>2025-05-30T10:28:37.000Z</time>
        <extensions>
          <ns3:TrackPointExtension>
            <ns3:atemp>30.0</ns3:atemp>
          </ns3:TrackPointExtension>
        </extensions>
      </trkpt>
      <trkpt lat="45.63229255378246307373046875" lon="6.595922447741031646728515625">
        <ele>1776.800048828125</ele>
        <time>2025-05-30T10:28:41.000Z</time>
        <extensions>
          <ns3:TrackPointExtension>
            <ns3:atemp>30.0</ns3:atemp>
          </ns3:TrackPointExtension>
        </extensions>
      </trkpt>
      <trkpt lat="45.63226028345525264739990234375" lon="6.596073321998119354248046875">
        <ele>1777.5999755859375</ele>
        <time>2025-05-30T10:28:45.000Z</time>
        <extensions>
          <ns3:TrackPointExtension>
            <ns3:atemp>30.0</ns3:atemp>
          </ns3:TrackPointExtension>
        </extensions>
      </trkpt>
      <trkpt lat="45.63223421573638916015625" lon="6.5961375273764133453369140625">
        <ele>1778</ele>
        <time>2025-05-30T10:28:47.000Z</time>
        <extensions>
          <ns3:TrackPointExtension>
            <ns3:atemp>30.0</ns3:atemp>
          </ns3:TrackPointExtension>
        </extensions>
      </trkpt>
      <trkpt lat="45.63213891349732875823974609375" lon="6.596257053315639495849609375">
        <ele>1779</ele>
        <time>2025-05-30T10:28:52.000Z</time>
        <extensions>
          <ns3:TrackPointExtension>
            <ns3:atemp>30.0</ns3:atemp>
          </ns3:TrackPointExtension>
        </extensions>
      </trkpt>
      <trkpt lat="45.6320000253617763519287109375" lon="6.5963246114552021026611328125">
        <ele>1780</ele>
        <time>2025-05-30T10:28:57.000Z</time>
        <extensions>
          <ns3:TrackPointExtension>
            <ns3:atemp>30.0</ns3:atemp>
          </ns3:TrackPointExtension>
        </extensions>
      </trkpt>
      <trkpt lat="45.63195115886628627777099609375" lon="6.596378423273563385009765625">
        <ele>1780.199951171875</ele>
        <time>2025-05-30T10:28:59.000Z</time>
        <extensions>
          <ns3:TrackPointExtension>
            <ns3:atemp>30.0</ns3:atemp>
          </ns3:TrackPointExtension>
        </extensions>
      </trkpt>
      <trkpt lat="45.6319316290318965911865234375" lon="6.59644707106053829193115234375">
        <ele>1781</ele>
        <time>2025-05-30T10:29:01.000Z</time>
        <extensions>
          <ns3:TrackPointExtension>
            <ns3:atemp>30.0</ns3:atemp>
          </ns3:TrackPointExtension>
        </extensions>
      </trkpt>
      <trkpt lat="45.63192701898515224456787109375" lon="6.5965210832655429840087890625">
        <ele>1781.199951171875</ele>
        <time>2025-05-30T10:29:03.000Z</time>
        <extensions>
          <ns3:TrackPointExtension>
            <ns3:atemp>30.0</ns3:atemp>
          </ns3:TrackPointExtension>
        </extensions>
      </trkpt>
      <trkpt lat="45.63192953355610370635986328125" lon="6.596651338040828704833984375">
        <ele>1782</ele>
        <time>2025-05-30T10:29:06.000Z</time>
        <extensions>
          <ns3:TrackPointExtension>
            <ns3:atemp>30.0</ns3:atemp>
          </ns3:TrackPointExtension>
        </extensions>
      </trkpt>
      <trkpt lat="45.63191779889166355133056640625" lon="6.59680933691561222076416015625">
        <ele>1782.5999755859375</ele>
        <time>2025-05-30T10:29:09.000Z</time>
        <extensions>
          <ns3:TrackPointExtension>
            <ns3:atemp>30.0</ns3:atemp>
          </ns3:TrackPointExtension>
        </extensions>
      </trkpt>
      <trkpt lat="45.63182358630001544952392578125" lon="6.59694914706051349639892578125">
        <ele>1782.800048828125</ele>
        <time>2025-05-30T10:29:13.000Z</time>
        <extensions>
          <ns3:TrackPointExtension>
            <ns3:atemp>30.0</ns3:atemp>
          </ns3:TrackPointExtension>
        </extensions>
      </trkpt>
      <trkpt lat="45.63169701956212520599365234375" lon="6.59700505435466766357421875">
        <ele>1783</ele>
        <time>2025-05-30T10:29:18.000Z</time>
        <extensions>
          <ns3:TrackPointExtension>
            <ns3:atemp>30.0</ns3:atemp>
          </ns3:TrackPointExtension>
        </extensions>
      </trkpt>
      <trkpt lat="45.6315799243748188018798828125" lon="6.5970186330378055572509765625">
        <ele>1783.5999755859375</ele>
        <time>2025-05-30T10:29:23.000Z</time>
        <extensions>
          <ns3:TrackPointExtension>
            <ns3:atemp>30.0</ns3:atemp>
          </ns3:TrackPointExtension>
        </extensions>
      </trkpt>
      <trkpt lat="45.63155737705528736114501953125" lon="6.5970312058925628662109375">
        <ele>1784</ele>
        <time>2025-05-30T10:29:24.000Z</time>
        <extensions>
          <ns3:TrackPointExtension>
            <ns3:atemp>30.0</ns3:atemp>
          </ns3:TrackPointExtension>
        </extensions>
      </trkpt>
      <trkpt lat="45.63151312060654163360595703125" lon="6.59705844707787036895751953125">
        <ele>1784.800048828125</ele>
        <time>2025-05-30T10:29:26.000Z</time>
        <extensions>
          <ns3:TrackPointExtension>
            <ns3:atemp>30.0</ns3:atemp>
          </ns3:TrackPointExtension>
        </extensions>
      </trkpt>
      <trkpt lat="45.6314947642385959625244140625" lon="6.5970741212368011474609375">
        <ele>1785</ele>
        <time>2025-05-30T10:29:27.000Z</time>
        <extensions>
          <ns3:TrackPointExtension>
            <ns3:atemp>30.0</ns3:atemp>
          </ns3:TrackPointExtension>
        </extensions>
      </trkpt>
      <trkpt lat="45.63142829574644565582275390625" lon="6.59713002853095531463623046875">
        <ele>1786.4000244140625</ele>
        <time>2025-05-30T10:29:31.000Z</time>
        <extensions>
          <ns3:TrackPointExtension>
            <ns3:atemp>30.0</ns3:atemp>
          </ns3:TrackPointExtension>
        </extensions>
      </trkpt>
      <trkpt lat="45.63141002319753170013427734375" lon="6.5971470437943935394287109375">
        <ele>1786.800048828125</ele>
        <time>2025-05-30T10:29:32.000Z</time>
        <extensions>
          <ns3:TrackPointExtension>
            <ns3:atemp>30.0</ns3:atemp>
          </ns3:TrackPointExtension>
        </extensions>
      </trkpt>
      <trkpt lat="45.63132385723292827606201171875" lon="6.5972238220274448394775390625">
        <ele>1787.4000244140625</ele>
        <time>2025-05-30T10:29:36.000Z</time>
        <extensions>
          <ns3:TrackPointExtension>
            <ns3:atemp>30.0</ns3:atemp>
          </ns3:TrackPointExtension>
        </extensions>
      </trkpt>
      <trkpt lat="45.63120885752141475677490234375" lon="6.59736824221909046173095703125">
        <ele>1788.199951171875</ele>
        <time>2025-05-30T10:29:42.000Z</time>
        <extensions>
          <ns3:TrackPointExtension>
            <ns3:atemp>30.0</ns3:atemp>
          </ns3:TrackPointExtension>
        </extensions>
      </trkpt>
      <trkpt lat="45.631188489496707916259765625" lon="6.59739741124212741851806640625">
        <ele>1788.5999755859375</ele>
        <time>2025-05-30T10:29:43.000Z</time>
        <extensions>
          <ns3:TrackPointExtension>
            <ns3:atemp>30.0</ns3:atemp>
          </ns3:TrackPointExtension>
        </extensions>
      </trkpt>
      <trkpt lat="45.631030909717082977294921875" lon="6.59756974317133426666259765625">
        <ele>1789.800048828125</ele>
        <time>2025-05-30T10:29:51.000Z</time>
        <extensions>
          <ns3:TrackPointExtension>
            <ns3:atemp>30.0</ns3:atemp>
          </ns3:TrackPointExtension>
        </extensions>
      </trkpt>
      <trkpt lat="45.63101171515882015228271484375" lon="6.59758483059704303741455078125">
        <ele>1789.800048828125</ele>
        <time>2025-05-30T10:29:52.000Z</time>
        <extensions>
          <ns3:TrackPointExtension>
            <ns3:atemp>30.0</ns3:atemp>
          </ns3:TrackPointExtension>
        </extensions>
      </trkpt>
      <trkpt lat="45.6309553049504756927490234375" lon="6.597626991569995880126953125">
        <ele>1790.800048828125</ele>
        <time>2025-05-30T10:29:55.000Z</time>
        <extensions>
          <ns3:TrackPointExtension>
            <ns3:atemp>30.0</ns3:atemp>
          </ns3:TrackPointExtension>
        </extensions>
      </trkpt>
      <trkpt lat="45.63088162802159786224365234375" lon="6.5977056138217449188232421875">
        <ele>1791.4000244140625</ele>
        <time>2025-05-30T10:29:59.000Z</time>
        <extensions>
          <ns3:TrackPointExtension>
            <ns3:atemp>30.0</ns3:atemp>
          </ns3:TrackPointExtension>
        </extensions>
      </trkpt>
      <trkpt lat="45.6308631040155887603759765625" lon="6.59772966988384723663330078125">
        <ele>1791.800048828125</ele>
        <time>2025-05-30T10:30:00.000Z</time>
        <extensions>
          <ns3:TrackPointExtension>
            <ns3:atemp>30.0</ns3:atemp>
          </ns3:TrackPointExtension>
        </extensions>
      </trkpt>
      <trkpt lat="45.63079479150474071502685546875" lon="6.59787350334227085113525390625">
        <ele>1793</ele>
        <time>2025-05-30T10:30:05.000Z</time>
        <extensions>
          <ns3:TrackPointExtension>
            <ns3:atemp>30.0</ns3:atemp>
          </ns3:TrackPointExtension>
        </extensions>
      </trkpt>
      <trkpt lat="45.6307216174900531768798828125" lon="6.59804818220436573028564453125">
        <ele>1793.800048828125</ele>
        <time>2025-05-30T10:30:11.000Z</time>
        <extensions>
          <ns3:TrackPointExtension>
            <ns3:atemp>30.0</ns3:atemp>
          </ns3:TrackPointExtension>
        </extensions>
      </trkpt>
      <trkpt lat="45.63070728443562984466552734375" lon="6.59806989133358001708984375">
        <ele>1794</ele>
        <time>2025-05-30T10:30:12.000Z</time>
        <extensions>
          <ns3:TrackPointExtension>
            <ns3:atemp>30.0</ns3:atemp>
          </ns3:TrackPointExtension>
        </extensions>
      </trkpt>
      <trkpt lat="45.63057594001293182373046875" lon="6.59815647639334201812744140625">
        <ele>1794.800048828125</ele>
        <time>2025-05-30T10:30:18.000Z</time>
        <extensions>
          <ns3:TrackPointExtension>
            <ns3:atemp>30.0</ns3:atemp>
          </ns3:TrackPointExtension>
        </extensions>
      </trkpt>
      <trkpt lat="45.63053310848772525787353515625" lon="6.59818078391253948211669921875">
        <ele>1795</ele>
        <time>2025-05-30T10:30:20.000Z</time>
        <extensions>
          <ns3:TrackPointExtension>
            <ns3:atemp>30.0</ns3:atemp>
          </ns3:TrackPointExtension>
        </extensions>
      </trkpt>
      <trkpt lat="45.63045364804565906524658203125" lon="6.59824557602405548095703125">
        <ele>1796</ele>
        <time>2025-05-30T10:30:24.000Z</time>
        <extensions>
          <ns3:TrackPointExtension>
            <ns3:atemp>30.0</ns3:atemp>
          </ns3:TrackPointExtension>
        </extensions>
      </trkpt>
      <trkpt lat="45.63043671660125255584716796875" lon="6.59825990907847881317138671875">
        <ele>1796.199951171875</ele>
        <time>2025-05-30T10:30:25.000Z</time>
        <extensions>
          <ns3:TrackPointExtension>
            <ns3:atemp>30.0</ns3:atemp>
          </ns3:TrackPointExtension>
        </extensions>
      </trkpt>
      <trkpt lat="45.6303652189671993255615234375" lon="6.59830818884074687957763671875">
        <ele>1797.199951171875</ele>
        <time>2025-05-30T10:30:29.000Z</time>
        <extensions>
          <ns3:TrackPointExtension>
            <ns3:atemp>30.0</ns3:atemp>
          </ns3:TrackPointExtension>
        </extensions>
      </trkpt>
      <trkpt lat="45.6302894465625286102294921875" lon="6.59838446415960788726806640625">
        <ele>1798.4000244140625</ele>
        <time>2025-05-30T10:30:33.000Z</time>
        <extensions>
          <ns3:TrackPointExtension>
            <ns3:atemp>30.0</ns3:atemp>
          </ns3:TrackPointExtension>
        </extensions>
      </trkpt>
      <trkpt lat="45.63015039078891277313232421875" lon="6.59849359653890132904052734375">
        <ele>1799.5999755859375</ele>
        <time>2025-05-30T10:30:40.000Z</time>
        <extensions>
          <ns3:TrackPointExtension>
            <ns3:atemp>30.0</ns3:atemp>
          </ns3:TrackPointExtension>
        </extensions>
      </trkpt>
      <trkpt lat="45.63013647682964801788330078125" lon="6.5985018946230411529541015625">
        <ele>1799.800048828125</ele>
        <time>2025-05-30T10:30:41.000Z</time>
        <extensions>
          <ns3:TrackPointExtension>
            <ns3:atemp>30.0</ns3:atemp>
          </ns3:TrackPointExtension>
        </extensions>
      </trkpt>
      <trkpt lat="45.6300457008183002471923828125" lon="6.59855847246944904327392578125">
        <ele>1800.800048828125</ele>
        <time>2025-05-30T10:30:45.000Z</time>
        <extensions>
          <ns3:TrackPointExtension>
            <ns3:atemp>30.0</ns3:atemp>
          </ns3:TrackPointExtension>
        </extensions>
      </trkpt>
      <trkpt lat="45.62994285486638545989990234375" lon="6.59862536005675792694091796875">
        <ele>1801.5999755859375</ele>
        <time>2025-05-30T10:30:50.000Z</time>
        <extensions>
          <ns3:TrackPointExtension>
            <ns3:atemp>30.0</ns3:atemp>
          </ns3:TrackPointExtension>
        </extensions>
      </trkpt>
      <trkpt lat="45.62991955317556858062744140625" lon="6.598643548786640167236328125">
        <ele>1801.800048828125</ele>
        <time>2025-05-30T10:30:51.000Z</time>
        <extensions>
          <ns3:TrackPointExtension>
            <ns3:atemp>30.0</ns3:atemp>
          </ns3:TrackPointExtension>
        </extensions>
      </trkpt>
      <trkpt lat="45.62975040636956691741943359375" lon="6.5987530164420604705810546875">
        <ele>1802.5999755859375</ele>
        <time>2025-05-30T10:30:58.000Z</time>
        <extensions>
          <ns3:TrackPointExtension>
            <ns3:atemp>30.0</ns3:atemp>
          </ns3:TrackPointExtension>
        </extensions>
      </trkpt>
      <trkpt lat="45.62972165644168853759765625" lon="6.59876634366810321807861328125">
        <ele>1802.5999755859375</ele>
        <time>2025-05-30T10:30:59.000Z</time>
        <extensions>
          <ns3:TrackPointExtension>
            <ns3:atemp>30.0</ns3:atemp>
          </ns3:TrackPointExtension>
        </extensions>
      </trkpt>
      <trkpt lat="45.62958360649645328521728515625" lon="6.59885100089013576507568359375">
        <ele>1803.4000244140625</ele>
        <time>2025-05-30T10:31:05.000Z</time>
        <extensions>
          <ns3:TrackPointExtension>
            <ns3:atemp>30.0</ns3:atemp>
          </ns3:TrackPointExtension>
        </extensions>
      </trkpt>
      <trkpt lat="45.629520155489444732666015625" lon="6.59890816546976566314697265625">
        <ele>1803.800048828125</ele>
        <time>2025-05-30T10:31:08.000Z</time>
        <extensions>
          <ns3:TrackPointExtension>
            <ns3:atemp>30.0</ns3:atemp>
          </ns3:TrackPointExtension>
        </extensions>
      </trkpt>
      <trkpt lat="45.62946617603302001953125" lon="6.5989840216934680938720703125">
        <ele>1804.4000244140625</ele>
        <time>2025-05-30T10:31:12.000Z</time>
        <extensions>
          <ns3:TrackPointExtension>
            <ns3:atemp>30.0</ns3:atemp>
          </ns3:TrackPointExtension>
        </extensions>
      </trkpt>
      <trkpt lat="45.62944999895989894866943359375" lon="6.5990202315151691436767578125">
        <ele>1804.5999755859375</ele>
        <time>2025-05-30T10:31:14.000Z</time>
        <extensions>
          <ns3:TrackPointExtension>
            <ns3:atemp>30.0</ns3:atemp>
          </ns3:TrackPointExtension>
        </extensions>
      </trkpt>
      <trkpt lat="45.629418902099132537841796875" lon="6.5990678407251834869384765625">
        <ele>1805.4000244140625</ele>
        <time>2025-05-30T10:31:17.000Z</time>
        <extensions>
          <ns3:TrackPointExtension>
            <ns3:atemp>30.0</ns3:atemp>
          </ns3:TrackPointExtension>
        </extensions>
      </trkpt>
      <trkpt lat="45.629402138292789459228515625" lon="6.5990804135799407958984375">
        <ele>1805.800048828125</ele>
        <time>2025-05-30T10:31:18.000Z</time>
        <extensions>
          <ns3:TrackPointExtension>
            <ns3:atemp>30.0</ns3:atemp>
          </ns3:TrackPointExtension>
        </extensions>
      </trkpt>
      <trkpt lat="45.629305578768253326416015625" lon="6.59912626259028911590576171875">
        <ele>1806.800048828125</ele>
        <time>2025-05-30T10:31:23.000Z</time>
        <extensions>
          <ns3:TrackPointExtension>
            <ns3:atemp>30.0</ns3:atemp>
          </ns3:TrackPointExtension>
        </extensions>
      </trkpt>
      <trkpt lat="45.6292363442480564117431640625" lon="6.599148809909820556640625">
        <ele>1808</ele>
        <time>2025-05-30T10:31:27.000Z</time>
        <extensions>
          <ns3:TrackPointExtension>
            <ns3:atemp>30.0</ns3:atemp>
          </ns3:TrackPointExtension>
        </extensions>
      </trkpt>
      <trkpt lat="45.62915705144405364990234375" lon="6.59917487762868404388427734375">
        <ele>1809.199951171875</ele>
        <time>2025-05-30T10:31:31.000Z</time>
        <extensions>
          <ns3:TrackPointExtension>
            <ns3:atemp>30.0</ns3:atemp>
          </ns3:TrackPointExtension>
        </extensions>
      </trkpt>
      <trkpt lat="45.62910298816859722137451171875" lon="6.599221564829349517822265625">
        <ele>1810.4000244140625</ele>
        <time>2025-05-30T10:31:35.000Z</time>
        <extensions>
          <ns3:TrackPointExtension>
            <ns3:atemp>30.0</ns3:atemp>
          </ns3:TrackPointExtension>
        </extensions>
      </trkpt>
      <trkpt lat="45.629097037017345428466796875" lon="6.59924042411148548126220703125">
        <ele>1810.800048828125</ele>
        <time>2025-05-30T10:31:36.000Z</time>
        <extensions>
          <ns3:TrackPointExtension>
            <ns3:atemp>30.0</ns3:atemp>
          </ns3:TrackPointExtension>
        </extensions>
      </trkpt>
      <trkpt lat="45.62909393571317195892333984375" lon="6.5992609597742557525634765625">
        <ele>1811</ele>
        <time>2025-05-30T10:31:37.000Z</time>
        <extensions>
          <ns3:TrackPointExtension>
            <ns3:atemp>30.0</ns3:atemp>
          </ns3:TrackPointExtension>
        </extensions>
      </trkpt>
      <trkpt lat="45.629094354808330535888671875" lon="6.59929876215755939483642578125">
        <ele>1811.5999755859375</ele>
        <time>2025-05-30T10:31:39.000Z</time>
        <extensions>
          <ns3:TrackPointExtension>
            <ns3:atemp>30.0</ns3:atemp>
          </ns3:TrackPointExtension>
        </extensions>
      </trkpt>
      <trkpt lat="45.62911187298595905303955078125" lon="6.599326170980930328369140625">
        <ele>1811.800048828125</ele>
        <time>2025-05-30T10:31:41.000Z</time>
        <extensions>
          <ns3:TrackPointExtension>
            <ns3:atemp>30.0</ns3:atemp>
          </ns3:TrackPointExtension>
        </extensions>
      </trkpt>
      <trkpt lat="45.6291273795068264007568359375" lon="6.599334217607975006103515625">
        <ele>1812</ele>
        <time>2025-05-30T10:31:42.000Z</time>
        <extensions>
          <ns3:TrackPointExtension>
            <ns3:atemp>30.0</ns3:atemp>
          </ns3:TrackPointExtension>
        </extensions>
      </trkpt>
      <trkpt lat="45.62916576862335205078125" lon="6.5993330441415309906005859375">
        <ele>1812.199951171875</ele>
        <time>2025-05-30T10:31:44.000Z</time>
        <extensions>
          <ns3:TrackPointExtension>
            <ns3:atemp>30.0</ns3:atemp>
          </ns3:TrackPointExtension>
        </extensions>
      </trkpt>
      <trkpt lat="45.6291860528290271759033203125" lon="6.59933631308376789093017578125">
        <ele>1812.4000244140625</ele>
        <time>2025-05-30T10:31:45.000Z</time>
        <extensions>
          <ns3:TrackPointExtension>
            <ns3:atemp>30.0</ns3:atemp>
          </ns3:TrackPointExtension>
        </extensions>
      </trkpt>
      <trkpt lat="45.62924749217927455902099609375" lon="6.5993484668433666229248046875">
        <ele>1813</ele>
        <time>2025-05-30T10:31:48.000Z</time>
        <extensions>
          <ns3:TrackPointExtension>
            <ns3:atemp>30.0</ns3:atemp>
          </ns3:TrackPointExtension>
        </extensions>
      </trkpt>
      <trkpt lat="45.629304908215999603271484375" lon="6.59934888593852519989013671875">
        <ele>1813.5999755859375</ele>
        <time>2025-05-30T10:31:51.000Z</time>
        <extensions>
          <ns3:TrackPointExtension>
            <ns3:atemp>30.0</ns3:atemp>
          </ns3:TrackPointExtension>
        </extensions>
      </trkpt>
      <trkpt lat="45.6293736398220062255859375" lon="6.59936430864036083221435546875">
        <ele>1814.199951171875</ele>
        <time>2025-05-30T10:31:55.000Z</time>
        <extensions>
          <ns3:TrackPointExtension>
            <ns3:atemp>30.0</ns3:atemp>
          </ns3:TrackPointExtension>
        </extensions>
      </trkpt>
      <trkpt lat="45.629391409456729888916015625" lon="6.59936464391648769378662109375">
        <ele>1814.4000244140625</ele>
        <time>2025-05-30T10:31:56.000Z</time>
        <extensions>
          <ns3:TrackPointExtension>
            <ns3:atemp>30.0</ns3:atemp>
          </ns3:TrackPointExtension>
        </extensions>
      </trkpt>
      <trkpt lat="45.62941093929111957550048828125" lon="6.59936129115521907806396484375">
        <ele>1814.5999755859375</ele>
        <time>2025-05-30T10:31:57.000Z</time>
        <extensions>
          <ns3:TrackPointExtension>
            <ns3:atemp>30.0</ns3:atemp>
          </ns3:TrackPointExtension>
        </extensions>
      </trkpt>
      <trkpt lat="45.6294653378427028656005859375" lon="6.5993645600974559783935546875">
        <ele>1815.800048828125</ele>
        <time>2025-05-30T10:32:00.000Z</time>
        <extensions>
          <ns3:TrackPointExtension>
            <ns3:atemp>30.0</ns3:atemp>
          </ns3:TrackPointExtension>
        </extensions>
      </trkpt>
      <trkpt lat="45.6294809281826019287109375" lon="6.599356345832347869873046875">
        <ele>1816</ele>
        <time>2025-05-30T10:32:01.000Z</time>
        <extensions>
          <ns3:TrackPointExtension>
            <ns3:atemp>30.0</ns3:atemp>
          </ns3:TrackPointExtension>
        </extensions>
      </trkpt>
      <trkpt lat="45.629558376967906951904296875" lon="6.59929490648210048675537109375">
        <ele>1817</ele>
        <time>2025-05-30T10:32:06.000Z</time>
        <extensions>
          <ns3:TrackPointExtension>
            <ns3:atemp>30.0</ns3:atemp>
          </ns3:TrackPointExtension>
        </extensions>
      </trkpt>
      <trkpt lat="45.6295914016664028167724609375" lon="6.599279902875423431396484375">
        <ele>1817.800048828125</ele>
        <time>2025-05-30T10:32:08.000Z</time>
        <extensions>
          <ns3:TrackPointExtension>
            <ns3:atemp>30.0</ns3:atemp>
          </ns3:TrackPointExtension>
        </extensions>
      </trkpt>
      <trkpt lat="45.62965585850179195404052734375" lon="6.59929675050079822540283203125">
        <ele>1818.199951171875</ele>
        <time>2025-05-30T10:32:11.000Z</time>
        <extensions>
          <ns3:TrackPointExtension>
            <ns3:atemp>30.0</ns3:atemp>
          </ns3:TrackPointExtension>
        </extensions>
      </trkpt>
      <trkpt lat="45.6297110952436923980712890625" lon="6.59931452013552188873291015625">
        <ele>1818.5999755859375</ele>
        <time>2025-05-30T10:32:14.000Z</time>
        <extensions>
          <ns3:TrackPointExtension>
            <ns3:atemp>30.0</ns3:atemp>
          </ns3:TrackPointExtension>
        </extensions>
      </trkpt>
      <trkpt lat="45.62973062507808208465576171875" lon="6.59930898807942867279052734375">
        <ele>1819</ele>
        <time>2025-05-30T10:32:15.000Z</time>
        <extensions>
          <ns3:TrackPointExtension>
            <ns3:atemp>30.0</ns3:atemp>
          </ns3:TrackPointExtension>
        </extensions>
      </trkpt>
      <trkpt lat="45.62977655790746212005615234375" lon="6.599300689995288848876953125">
        <ele>1819.5999755859375</ele>
        <time>2025-05-30T10:32:17.000Z</time>
        <extensions>
          <ns3:TrackPointExtension>
            <ns3:atemp>30.0</ns3:atemp>
          </ns3:TrackPointExtension>
        </extensions>
      </trkpt>
      <trkpt lat="45.6298606283962726593017578125" lon="6.599261797964572906494140625">
        <ele>1820.5999755859375</ele>
        <time>2025-05-30T10:32:21.000Z</time>
        <extensions>
          <ns3:TrackPointExtension>
            <ns3:atemp>30.0</ns3:atemp>
          </ns3:TrackPointExtension>
        </extensions>
      </trkpt>
      <trkpt lat="45.62992810271680355072021484375" lon="6.59923120401799678802490234375">
        <ele>1821</ele>
        <time>2025-05-30T10:32:24.000Z</time>
        <extensions>
          <ns3:TrackPointExtension>
            <ns3:atemp>30.0</ns3:atemp>
          </ns3:TrackPointExtension>
        </extensions>
      </trkpt>
      <trkpt lat="45.6299690902233123779296875" lon="6.59921930171549320220947265625">
        <ele>1821.5999755859375</ele>
        <time>2025-05-30T10:32:26.000Z</time>
        <extensions>
          <ns3:TrackPointExtension>
            <ns3:atemp>30.0</ns3:atemp>
          </ns3:TrackPointExtension>
        </extensions>
      </trkpt>
      <trkpt lat="45.6300450302660465240478515625" lon="6.599159538745880126953125">
        <ele>1822.5999755859375</ele>
        <time>2025-05-30T10:32:30.000Z</time>
        <extensions>
          <ns3:TrackPointExtension>
            <ns3:atemp>30.0</ns3:atemp>
          </ns3:TrackPointExtension>
        </extensions>
      </trkpt>
      <trkpt lat="45.6301047094166278839111328125" lon="6.5991489775478839874267578125">
        <ele>1823.5999755859375</ele>
        <time>2025-05-30T10:32:33.000Z</time>
        <extensions>
          <ns3:TrackPointExtension>
            <ns3:atemp>30.0</ns3:atemp>
          </ns3:TrackPointExtension>
        </extensions>
      </trkpt>
      <trkpt lat="45.63014351762831211090087890625" lon="6.59915710799396038055419921875">
        <ele>1824</ele>
        <time>2025-05-30T10:32:35.000Z</time>
        <extensions>
          <ns3:TrackPointExtension>
            <ns3:atemp>30.0</ns3:atemp>
          </ns3:TrackPointExtension>
        </extensions>
      </trkpt>
      <trkpt lat="45.630211494863033294677734375" lon="6.59920983016490936279296875">
        <ele>1824.5999755859375</ele>
        <time>2025-05-30T10:32:39.000Z</time>
        <extensions>
          <ns3:TrackPointExtension>
            <ns3:atemp>30.0</ns3:atemp>
          </ns3:TrackPointExtension>
        </extensions>
      </trkpt>
      <trkpt lat="45.63021845184266567230224609375" lon="6.5992395021021366119384765625">
        <ele>1824.800048828125</ele>
        <time>2025-05-30T10:32:40.000Z</time>
        <extensions>
          <ns3:TrackPointExtension>
            <ns3:atemp>30.0</ns3:atemp>
          </ns3:TrackPointExtension>
        </extensions>
      </trkpt>
      <trkpt lat="45.63021493144333362579345703125" lon="6.59926556982100009918212890625">
        <ele>1825</ele>
        <time>2025-05-30T10:32:41.000Z</time>
        <extensions>
          <ns3:TrackPointExtension>
            <ns3:atemp>30.0</ns3:atemp>
          </ns3:TrackPointExtension>
        </extensions>
      </trkpt>
      <trkpt lat="45.63020336441695690155029296875" lon="6.599295325577259063720703125">
        <ele>1825.4000244140625</ele>
        <time>2025-05-30T10:32:42.000Z</time>
        <extensions>
          <ns3:TrackPointExtension>
            <ns3:atemp>30.0</ns3:atemp>
          </ns3:TrackPointExtension>
        </extensions>
      </trkpt>
      <trkpt lat="45.63015726394951343536376953125" lon="6.59934687428176403045654296875">
        <ele>1825.5999755859375</ele>
        <time>2025-05-30T10:32:44.000Z</time>
        <extensions>
          <ns3:TrackPointExtension>
            <ns3:atemp>30.0</ns3:atemp>
          </ns3:TrackPointExtension>
        </extensions>
      </trkpt>
      <trkpt lat="45.6301375664770603179931640625" lon="6.5993508137762546539306640625">
        <ele>1825.800048828125</ele>
        <time>2025-05-30T10:32:45.000Z</time>
        <extensions>
          <ns3:TrackPointExtension>
            <ns3:atemp>30.0</ns3:atemp>
          </ns3:TrackPointExtension>
        </extensions>
      </trkpt>
      <trkpt lat="45.63011183403432369232177734375" lon="6.59934972412884235382080078125">
        <ele>1826.199951171875</ele>
        <time>2025-05-30T10:32:46.000Z</time>
        <extensions>
          <ns3:TrackPointExtension>
            <ns3:atemp>30.0</ns3:atemp>
          </ns3:TrackPointExtension>
        </extensions>
      </trkpt>
      <trkpt lat="45.63006456010043621063232421875" lon="6.59935223869979381561279296875">
        <ele>1826.5999755859375</ele>
        <time>2025-05-30T10:32:48.000Z</time>
        <extensions>
          <ns3:TrackPointExtension>
            <ns3:atemp>30.0</ns3:atemp>
          </ns3:TrackPointExtension>
        </extensions>
      </trkpt>
      <trkpt lat="45.6300012767314910888671875" lon="6.5993915498256683349609375">
        <ele>1826.800048828125</ele>
        <time>2025-05-30T10:32:51.000Z</time>
        <extensions>
          <ns3:TrackPointExtension>
            <ns3:atemp>30.0</ns3:atemp>
          </ns3:TrackPointExtension>
        </extensions>
      </trkpt>
      <trkpt lat="45.629954673349857330322265625" lon="6.59940973855555057525634765625">
        <ele>1827.199951171875</ele>
        <time>2025-05-30T10:32:53.000Z</time>
        <extensions>
          <ns3:TrackPointExtension>
            <ns3:atemp>30.0</ns3:atemp>
          </ns3:TrackPointExtension>
        </extensions>
      </trkpt>
      <trkpt lat="45.62988552264869213104248046875" lon="6.5994259156286716461181640625">
        <ele>1827.5999755859375</ele>
        <time>2025-05-30T10:32:56.000Z</time>
        <extensions>
          <ns3:TrackPointExtension>
            <ns3:atemp>30.0</ns3:atemp>
          </ns3:TrackPointExtension>
        </extensions>
      </trkpt>
      <trkpt lat="45.6298368237912654876708984375" lon="6.599456258118152618408203125">
        <ele>1828.199951171875</ele>
        <time>2025-05-30T10:32:58.000Z</time>
        <extensions>
          <ns3:TrackPointExtension>
            <ns3:atemp>30.0</ns3:atemp>
          </ns3:TrackPointExtension>
        </extensions>
      </trkpt>
      <trkpt lat="45.6297732889652252197265625" lon="6.59949607215821743011474609375">
        <ele>1829</ele>
        <time>2025-05-30T10:33:01.000Z</time>
        <extensions>
          <ns3:TrackPointExtension>
            <ns3:atemp>30.0</ns3:atemp>
          </ns3:TrackPointExtension>
        </extensions>
      </trkpt>
      <trkpt lat="45.629751496016979217529296875" lon="6.59950889647006988525390625">
        <ele>1829.4000244140625</ele>
        <time>2025-05-30T10:33:02.000Z</time>
        <extensions>
          <ns3:TrackPointExtension>
            <ns3:atemp>30.0</ns3:atemp>
          </ns3:TrackPointExtension>
        </extensions>
      </trkpt>
      <trkpt lat="45.6296651624143123626708984375" lon="6.59955306909978389739990234375">
        <ele>1830.4000244140625</ele>
        <time>2025-05-30T10:33:06.000Z</time>
        <extensions>
          <ns3:TrackPointExtension>
            <ns3:atemp>30.0</ns3:atemp>
          </ns3:TrackPointExtension>
        </extensions>
      </trkpt>
      <trkpt lat="45.62962643802165985107421875" lon="6.59959011711180210113525390625">
        <ele>1830.800048828125</ele>
        <time>2025-05-30T10:33:08.000Z</time>
        <extensions>
          <ns3:TrackPointExtension>
            <ns3:atemp>30.0</ns3:atemp>
          </ns3:TrackPointExtension>
        </extensions>
      </trkpt>
      <trkpt lat="45.62958754599094390869140625" lon="6.59962431527674198150634765625">
        <ele>1831.4000244140625</ele>
        <time>2025-05-30T10:33:10.000Z</time>
        <extensions>
          <ns3:TrackPointExtension>
            <ns3:atemp>30.0</ns3:atemp>
          </ns3:TrackPointExtension>
        </extensions>
      </trkpt>
      <trkpt lat="45.629526861011981964111328125" lon="6.5996703319251537322998046875">
        <ele>1832.199951171875</ele>
        <time>2025-05-30T10:33:13.000Z</time>
        <extensions>
          <ns3:TrackPointExtension>
            <ns3:atemp>30.0</ns3:atemp>
          </ns3:TrackPointExtension>
        </extensions>
      </trkpt>
      <trkpt lat="45.62951101921498775482177734375" lon="6.5996927954256534576416015625">
        <ele>1832.4000244140625</ele>
        <time>2025-05-30T10:33:14.000Z</time>
        <extensions>
          <ns3:TrackPointExtension>
            <ns3:atemp>30.0</ns3:atemp>
          </ns3:TrackPointExtension>
        </extensions>
      </trkpt>
      <trkpt lat="45.62949366867542266845703125" lon="6.59971266053617000579833984375">
        <ele>1832.800048828125</ele>
        <time>2025-05-30T10:33:15.000Z</time>
        <extensions>
          <ns3:TrackPointExtension>
            <ns3:atemp>30.0</ns3:atemp>
          </ns3:TrackPointExtension>
        </extensions>
      </trkpt>
      <trkpt lat="45.62947547994554042816162109375" lon="6.59972623921930789947509765625">
        <ele>1833</ele>
        <time>2025-05-30T10:33:16.000Z</time>
        <extensions>
          <ns3:TrackPointExtension>
            <ns3:atemp>30.0</ns3:atemp>
          </ns3:TrackPointExtension>
        </extensions>
      </trkpt>
      <trkpt lat="45.6294197402894496917724609375" lon="6.599764712154865264892578125">
        <ele>1833.4000244140625</ele>
        <time>2025-05-30T10:33:19.000Z</time>
        <extensions>
          <ns3:TrackPointExtension>
            <ns3:atemp>30.0</ns3:atemp>
          </ns3:TrackPointExtension>
        </extensions>
      </trkpt>
      <trkpt lat="45.629296191036701202392578125" lon="6.59987493418157100677490234375">
        <ele>1834.5999755859375</ele>
        <time>2025-05-30T10:33:25.000Z</time>
        <extensions>
          <ns3:TrackPointExtension>
            <ns3:atemp>30.0</ns3:atemp>
          </ns3:TrackPointExtension>
        </extensions>
      </trkpt>
      <trkpt lat="45.62926291488111019134521484375" lon="6.599921621382236480712890625">
        <ele>1834.800048828125</ele>
        <time>2025-05-30T10:33:27.000Z</time>
        <extensions>
          <ns3:TrackPointExtension>
            <ns3:atemp>30.0</ns3:atemp>
          </ns3:TrackPointExtension>
        </extensions>
      </trkpt>
      <trkpt lat="45.6292081810534000396728515625" lon="6.5999854914844036102294921875">
        <ele>1835.5999755859375</ele>
        <time>2025-05-30T10:33:30.000Z</time>
        <extensions>
          <ns3:TrackPointExtension>
            <ns3:atemp>30.0</ns3:atemp>
          </ns3:TrackPointExtension>
        </extensions>
      </trkpt>
      <trkpt lat="45.6291629187762737274169921875" lon="6.60000937990844249725341796875">
        <ele>1836</ele>
        <time>2025-05-30T10:33:32.000Z</time>
        <extensions>
          <ns3:TrackPointExtension>
            <ns3:atemp>30.0</ns3:atemp>
          </ns3:TrackPointExtension>
        </extensions>
      </trkpt>
      <trkpt lat="45.62910030595958232879638671875" lon="6.60005564801394939422607421875">
        <ele>1836.5999755859375</ele>
        <time>2025-05-30T10:33:35.000Z</time>
        <extensions>
          <ns3:TrackPointExtension>
            <ns3:atemp>29.0</ns3:atemp>
          </ns3:TrackPointExtension>
        </extensions>
      </trkpt>
      <trkpt lat="45.6289855577051639556884765625" lon="6.6001008264720439910888671875">
        <ele>1837.4000244140625</ele>
        <time>2025-05-30T10:33:40.000Z</time>
        <extensions>
          <ns3:TrackPointExtension>
            <ns3:atemp>29.0</ns3:atemp>
          </ns3:TrackPointExtension>
        </extensions>
      </trkpt>
      <trkpt lat="45.62896502204239368438720703125" lon="6.60010627470910549163818359375">
        <ele>1837.800048828125</ele>
        <time>2025-05-30T10:33:41.000Z</time>
        <extensions>
          <ns3:TrackPointExtension>
            <ns3:atemp>29.0</ns3:atemp>
          </ns3:TrackPointExtension>
        </extensions>
      </trkpt>
      <trkpt lat="45.62885806895792484283447265625" lon="6.60014617256820201873779296875">
        <ele>1839</ele>
        <time>2025-05-30T10:33:46.000Z</time>
        <extensions>
          <ns3:TrackPointExtension>
            <ns3:atemp>29.0</ns3:atemp>
          </ns3:TrackPointExtension>
        </extensions>
      </trkpt>
      <trkpt lat="45.6288189254701137542724609375" lon="6.6001722402870655059814453125">
        <ele>1839.4000244140625</ele>
        <time>2025-05-30T10:33:48.000Z</time>
        <extensions>
          <ns3:TrackPointExtension>
            <ns3:atemp>30.0</ns3:atemp>
          </ns3:TrackPointExtension>
        </extensions>
      </trkpt>
      <trkpt lat="45.628778524696826934814453125" lon="6.60019998438656330108642578125">
        <ele>1840</ele>
        <time>2025-05-30T10:33:50.000Z</time>
        <extensions>
          <ns3:TrackPointExtension>
            <ns3:atemp>30.0</ns3:atemp>
          </ns3:TrackPointExtension>
        </extensions>
      </trkpt>
      <trkpt lat="45.6287220306694507598876953125" lon="6.6003070212900638580322265625">
        <ele>1840.5999755859375</ele>
        <time>2025-05-30T10:33:54.000Z</time>
        <extensions>
          <ns3:TrackPointExtension>
            <ns3:atemp>30.0</ns3:atemp>
          </ns3:TrackPointExtension>
        </extensions>
      </trkpt>
      <trkpt lat="45.62870912253856658935546875" lon="6.60038472153246402740478515625">
        <ele>1841.199951171875</ele>
        <time>2025-05-30T10:33:56.000Z</time>
        <extensions>
          <ns3:TrackPointExtension>
            <ns3:atemp>30.0</ns3:atemp>
          </ns3:TrackPointExtension>
        </extensions>
      </trkpt>
      <trkpt lat="45.62868573702871799468994140625" lon="6.6004897467792034149169921875">
        <ele>1842.199951171875</ele>
        <time>2025-05-30T10:33:59.000Z</time>
        <extensions>
          <ns3:TrackPointExtension>
            <ns3:atemp>30.0</ns3:atemp>
          </ns3:TrackPointExtension>
        </extensions>
      </trkpt>
      <trkpt lat="45.62867366708815097808837890625" lon="6.60051816143095493316650390625">
        <ele>1842.199951171875</ele>
        <time>2025-05-30T10:34:00.000Z</time>
        <extensions>
          <ns3:TrackPointExtension>
            <ns3:atemp>30.0</ns3:atemp>
          </ns3:TrackPointExtension>
        </extensions>
      </trkpt>
      <trkpt lat="45.6286224536597728729248046875" lon="6.60062561742961406707763671875">
        <ele>1842.800048828125</ele>
        <time>2025-05-30T10:34:04.000Z</time>
        <extensions>
          <ns3:TrackPointExtension>
            <ns3:atemp>30.0</ns3:atemp>
          </ns3:TrackPointExtension>
        </extensions>
      </trkpt>
      <trkpt lat="45.62859923578798770904541015625" lon="6.60064355470240116119384765625">
        <ele>1843</ele>
        <time>2025-05-30T10:34:05.000Z</time>
        <extensions>
          <ns3:TrackPointExtension>
            <ns3:atemp>30.0</ns3:atemp>
          </ns3:TrackPointExtension>
        </extensions>
      </trkpt>
      <trkpt lat="45.62857693992555141448974609375" lon="6.600657217204570770263671875">
        <ele>1843</ele>
        <time>2025-05-30T10:34:06.000Z</time>
        <extensions>
          <ns3:TrackPointExtension>
            <ns3:atemp>30.0</ns3:atemp>
          </ns3:TrackPointExtension>
        </extensions>
      </trkpt>
      <trkpt lat="45.6285255588591098785400390625" lon="6.6006682813167572021484375">
        <ele>1843.199951171875</ele>
        <time>2025-05-30T10:34:08.000Z</time>
        <extensions>
          <ns3:TrackPointExtension>
            <ns3:atemp>30.0</ns3:atemp>
          </ns3:TrackPointExtension>
        </extensions>
      </trkpt>
      <trkpt lat="45.62846998684108257293701171875" lon="6.60068177618086338043212890625">
        <ele>1843.4000244140625</ele>
        <time>2025-05-30T10:34:10.000Z</time>
        <extensions>
          <ns3:TrackPointExtension>
            <ns3:atemp>30.0</ns3:atemp>
          </ns3:TrackPointExtension>
        </extensions>
      </trkpt>
      <trkpt lat="45.62831886112689971923828125" lon="6.6007103584706783294677734375">
        <ele>1843.800048828125</ele>
        <time>2025-05-30T10:34:16.000Z</time>
        <extensions>
          <ns3:TrackPointExtension>
            <ns3:atemp>30.0</ns3:atemp>
          </ns3:TrackPointExtension>
        </extensions>
      </trkpt>
      <trkpt lat="45.6283029355108737945556640625" lon="6.60070574842393398284912109375">
        <ele>1844</ele>
        <time>2025-05-30T10:34:17.000Z</time>
        <extensions>
          <ns3:TrackPointExtension>
            <ns3:atemp>30.0</ns3:atemp>
          </ns3:TrackPointExtension>
        </extensions>
      </trkpt>
      <trkpt lat="45.62828172929584980010986328125" lon="6.60070918500423431396484375">
        <ele>1844</ele>
        <time>2025-05-30T10:34:18.000Z</time>
        <extensions>
          <ns3:TrackPointExtension>
            <ns3:atemp>30.0</ns3:atemp>
          </ns3:TrackPointExtension>
        </extensions>
      </trkpt>
      <trkpt lat="45.6282114051282405853271484375" lon="6.60072284750640392303466796875">
        <ele>1844.199951171875</ele>
        <time>2025-05-30T10:34:21.000Z</time>
        <extensions>
          <ns3:TrackPointExtension>
            <ns3:atemp>30.0</ns3:atemp>
          </ns3:TrackPointExtension>
        </extensions>
      </trkpt>
      <trkpt lat="45.62814678065478801727294921875" lon="6.60072150640189647674560546875">
        <ele>1845.199951171875</ele>
        <time>2025-05-30T10:34:24.000Z</time>
        <extensions>
          <ns3:TrackPointExtension>
            <ns3:atemp>30.0</ns3:atemp>
          </ns3:TrackPointExtension>
        </extensions>
      </trkpt>
      <trkpt lat="45.62808810733258724212646484375" lon="6.6007194109261035919189453125">
        <ele>1845.800048828125</ele>
        <time>2025-05-30T10:34:27.000Z</time>
        <extensions>
          <ns3:TrackPointExtension>
            <ns3:atemp>30.0</ns3:atemp>
          </ns3:TrackPointExtension>
        </extensions>
      </trkpt>
      <trkpt lat="45.62801652587950229644775390625" lon="6.60069837234914302825927734375">
        <ele>1846.199951171875</ele>
        <time>2025-05-30T10:34:30.000Z</time>
        <extensions>
          <ns3:TrackPointExtension>
            <ns3:atemp>30.0</ns3:atemp>
          </ns3:TrackPointExtension>
        </extensions>
      </trkpt>
      <trkpt lat="45.62792231328785419464111328125" lon="6.60070155747234821319580078125">
        <ele>1847.199951171875</ele>
        <time>2025-05-30T10:34:34.000Z</time>
        <extensions>
          <ns3:TrackPointExtension>
            <ns3:atemp>30.0</ns3:atemp>
          </ns3:TrackPointExtension>
        </extensions>
      </trkpt>
      <trkpt lat="45.62789951451122760772705078125" lon="6.60070247948169708251953125">
        <ele>1847.4000244140625</ele>
        <time>2025-05-30T10:34:35.000Z</time>
        <extensions>
          <ns3:TrackPointExtension>
            <ns3:atemp>30.0</ns3:atemp>
          </ns3:TrackPointExtension>
        </extensions>
      </trkpt>
      <trkpt lat="45.627790801227092742919921875" lon="6.60068630240857601165771484375">
        <ele>1848.5999755859375</ele>
        <time>2025-05-30T10:34:40.000Z</time>
        <extensions>
          <ns3:TrackPointExtension>
            <ns3:atemp>30.0</ns3:atemp>
          </ns3:TrackPointExtension>
        </extensions>
      </trkpt>
      <trkpt lat="45.6277463771402835845947265625" lon="6.6006758250296115875244140625">
        <ele>1849.199951171875</ele>
        <time>2025-05-30T10:34:42.000Z</time>
        <extensions>
          <ns3:TrackPointExtension>
            <ns3:atemp>30.0</ns3:atemp>
          </ns3:TrackPointExtension>
        </extensions>
      </trkpt>
      <trkpt lat="45.62768049538135528564453125" lon="6.60065998323261737823486328125">
        <ele>1849.5999755859375</ele>
        <time>2025-05-30T10:34:45.000Z</time>
        <extensions>
          <ns3:TrackPointExtension>
            <ns3:atemp>30.0</ns3:atemp>
          </ns3:TrackPointExtension>
        </extensions>
      </trkpt>
      <trkpt lat="45.6276343949139118194580078125" lon="6.60063349641859531402587890625">
        <ele>1850.199951171875</ele>
        <time>2025-05-30T10:34:47.000Z</time>
        <extensions>
          <ns3:TrackPointExtension>
            <ns3:atemp>30.0</ns3:atemp>
          </ns3:TrackPointExtension>
        </extensions>
      </trkpt>
      <trkpt lat="45.62756155617535114288330078125" lon="6.60061723552644252777099609375">
        <ele>1850.800048828125</ele>
        <time>2025-05-30T10:34:50.000Z</time>
        <extensions>
          <ns3:TrackPointExtension>
            <ns3:atemp>30.0</ns3:atemp>
          </ns3:TrackPointExtension>
        </extensions>
      </trkpt>
      <trkpt lat="45.6274885497987270355224609375" lon="6.60060801543295383453369140625">
        <ele>1851.4000244140625</ele>
        <time>2025-05-30T10:34:53.000Z</time>
        <extensions>
          <ns3:TrackPointExtension>
            <ns3:atemp>30.0</ns3:atemp>
          </ns3:TrackPointExtension>
        </extensions>
      </trkpt>
      <trkpt lat="45.6274365819990634918212890625" lon="6.60062125883996486663818359375">
        <ele>1852</ele>
        <time>2025-05-30T10:34:55.000Z</time>
        <extensions>
          <ns3:TrackPointExtension>
            <ns3:atemp>30.0</ns3:atemp>
          </ns3:TrackPointExtension>
        </extensions>
      </trkpt>
      <trkpt lat="45.62731529586017131805419921875" lon="6.6006298922002315521240234375">
        <ele>1852.800048828125</ele>
        <time>2025-05-30T10:35:00.000Z</time>
        <extensions>
          <ns3:TrackPointExtension>
            <ns3:atemp>30.0</ns3:atemp>
          </ns3:TrackPointExtension>
        </extensions>
      </trkpt>
      <trkpt lat="45.62728763557970523834228515625" lon="6.60062469542026519775390625">
        <ele>1853.199951171875</ele>
        <time>2025-05-30T10:35:01.000Z</time>
        <extensions>
          <ns3:TrackPointExtension>
            <ns3:atemp>30.0</ns3:atemp>
          </ns3:TrackPointExtension>
        </extensions>
      </trkpt>
      <trkpt lat="45.62717766501009464263916015625" lon="6.60061455331742763519287109375">
        <ele>1854.199951171875</ele>
        <time>2025-05-30T10:35:05.000Z</time>
        <extensions>
          <ns3:TrackPointExtension>
            <ns3:atemp>30.0</ns3:atemp>
          </ns3:TrackPointExtension>
        </extensions>
      </trkpt>
      <trkpt lat="45.62715486623346805572509765625" lon="6.60060097463428974151611328125">
        <ele>1854.4000244140625</ele>
        <time>2025-05-30T10:35:06.000Z</time>
        <extensions>
          <ns3:TrackPointExtension>
            <ns3:atemp>30.0</ns3:atemp>
          </ns3:TrackPointExtension>
        </extensions>
      </trkpt>
      <trkpt lat="45.62707590870559215545654296875" lon="6.60052335821092128753662109375">
        <ele>1855.4000244140625</ele>
        <time>2025-05-30T10:35:10.000Z</time>
        <extensions>
          <ns3:TrackPointExtension>
            <ns3:atemp>30.0</ns3:atemp>
          </ns3:TrackPointExtension>
        </extensions>
      </trkpt>
      <trkpt lat="45.6270174868404865264892578125" lon="6.6004552133381366729736328125">
        <ele>1855.800048828125</ele>
        <time>2025-05-30T10:35:13.000Z</time>
        <extensions>
          <ns3:TrackPointExtension>
            <ns3:atemp>30.0</ns3:atemp>
          </ns3:TrackPointExtension>
        </extensions>
      </trkpt>
      <trkpt lat="45.6269474141299724578857421875" lon="6.6004089452326297760009765625">
        <ele>1856.5999755859375</ele>
        <time>2025-05-30T10:35:16.000Z</time>
        <extensions>
          <ns3:TrackPointExtension>
            <ns3:atemp>30.0</ns3:atemp>
          </ns3:TrackPointExtension>
        </extensions>
      </trkpt>
      <trkpt lat="45.6268577277660369873046875" lon="6.60035739652812480926513671875">
        <ele>1857.4000244140625</ele>
        <time>2025-05-30T10:35:20.000Z</time>
        <extensions>
          <ns3:TrackPointExtension>
            <ns3:atemp>30.0</ns3:atemp>
          </ns3:TrackPointExtension>
        </extensions>
      </trkpt>
      <trkpt lat="45.62681615352630615234375" lon="6.600343398749828338623046875">
        <ele>1857.4000244140625</ele>
        <time>2025-05-30T10:35:22.000Z</time>
        <extensions>
          <ns3:TrackPointExtension>
            <ns3:atemp>30.0</ns3:atemp>
          </ns3:TrackPointExtension>
        </extensions>
      </trkpt>
      <trkpt lat="45.6267035007476806640625" lon="6.60031548701226711273193359375">
        <ele>1858.4000244140625</ele>
        <time>2025-05-30T10:35:27.000Z</time>
        <extensions>
          <ns3:TrackPointExtension>
            <ns3:atemp>30.0</ns3:atemp>
          </ns3:TrackPointExtension>
        </extensions>
      </trkpt>
      <trkpt lat="45.62651951797306537628173828125" lon="6.60028480924665927886962890625">
        <ele>1859.199951171875</ele>
        <time>2025-05-30T10:35:34.000Z</time>
        <extensions>
          <ns3:TrackPointExtension>
            <ns3:atemp>30.0</ns3:atemp>
          </ns3:TrackPointExtension>
        </extensions>
      </trkpt>
      <trkpt lat="45.62644558958709239959716796875" lon="6.60030760802328586578369140625">
        <ele>1859.5999755859375</ele>
        <time>2025-05-30T10:35:37.000Z</time>
        <extensions>
          <ns3:TrackPointExtension>
            <ns3:atemp>30.0</ns3:atemp>
          </ns3:TrackPointExtension>
        </extensions>
      </trkpt>
      <trkpt lat="45.6263519637286663055419921875" lon="6.6003690473735332489013671875">
        <ele>1860.4000244140625</ele>
        <time>2025-05-30T10:35:41.000Z</time>
        <extensions>
          <ns3:TrackPointExtension>
            <ns3:atemp>30.0</ns3:atemp>
          </ns3:TrackPointExtension>
        </extensions>
      </trkpt>
      <trkpt lat="45.6263087131083011627197265625" lon="6.600380949676036834716796875">
        <ele>1860.800048828125</ele>
        <time>2025-05-30T10:35:43.000Z</time>
        <extensions>
          <ns3:TrackPointExtension>
            <ns3:atemp>30.0</ns3:atemp>
          </ns3:TrackPointExtension>
        </extensions>
      </trkpt>
      <trkpt lat="45.6262942962348461151123046875" lon="6.60038488917052745819091796875">
        <ele>1860.800048828125</ele>
        <time>2025-05-30T10:35:44.000Z</time>
        <extensions>
          <ns3:TrackPointExtension>
            <ns3:atemp>30.0</ns3:atemp>
          </ns3:TrackPointExtension>
        </extensions>
      </trkpt>
      <trkpt lat="45.626276694238185882568359375" lon="6.60039536654949188232421875">
        <ele>1861.199951171875</ele>
        <time>2025-05-30T10:35:46.000Z</time>
        <extensions>
          <ns3:TrackPointExtension>
            <ns3:atemp>30.0</ns3:atemp>
          </ns3:TrackPointExtension>
        </extensions>
      </trkpt>
      <trkpt lat="45.626251883804798126220703125" lon="6.60039545036852359771728515625">
        <ele>1861.4000244140625</ele>
        <time>2025-05-30T10:36:25.000Z</time>
        <extensions>
          <ns3:TrackPointExtension>
            <ns3:atemp>30.0</ns3:atemp>
          </ns3:TrackPointExtension>
        </extensions>
      </trkpt>
      <trkpt lat="45.6261782906949520111083984375" lon="6.60045026801526546478271484375">
        <ele>1861.4000244140625</ele>
        <time>2025-05-30T10:36:29.000Z</time>
        <extensions>
          <ns3:TrackPointExtension>
            <ns3:atemp>30.0</ns3:atemp>
          </ns3:TrackPointExtension>
        </extensions>
      </trkpt>
      <trkpt lat="45.6261132471263408660888671875" lon="6.6005112044513225555419921875">
        <ele>1861.5999755859375</ele>
        <time>2025-05-30T10:36:32.000Z</time>
        <extensions>
          <ns3:TrackPointExtension>
            <ns3:atemp>30.0</ns3:atemp>
          </ns3:TrackPointExtension>
        </extensions>
      </trkpt>
      <trkpt lat="45.62607594765722751617431640625" lon="6.60056543536484241485595703125">
        <ele>1861.5999755859375</ele>
        <time>2025-05-30T10:36:34.000Z</time>
        <extensions>
          <ns3:TrackPointExtension>
            <ns3:atemp>30.0</ns3:atemp>
          </ns3:TrackPointExtension>
        </extensions>
      </trkpt>
      <trkpt lat="45.62600671313703060150146484375" lon="6.60068663768470287322998046875">
        <ele>1862.5999755859375</ele>
        <time>2025-05-30T10:36:38.000Z</time>
        <extensions>
          <ns3:TrackPointExtension>
            <ns3:atemp>30.0</ns3:atemp>
          </ns3:TrackPointExtension>
        </extensions>
      </trkpt>
      <trkpt lat="45.625998079776763916015625" lon="6.600723601877689361572265625">
        <ele>1863</ele>
        <time>2025-05-30T10:36:39.000Z</time>
        <extensions>
          <ns3:TrackPointExtension>
            <ns3:atemp>30.0</ns3:atemp>
          </ns3:TrackPointExtension>
        </extensions>
      </trkpt>
      <trkpt lat="45.62597217969596385955810546875" lon="6.6007901541888713836669921875">
        <ele>1863.5999755859375</ele>
        <time>2025-05-30T10:36:41.000Z</time>
        <extensions>
          <ns3:TrackPointExtension>
            <ns3:atemp>30.0</ns3:atemp>
          </ns3:TrackPointExtension>
        </extensions>
      </trkpt>
      <trkpt lat="45.62592901289463043212890625" lon="6.600974388420581817626953125">
        <ele>1864.5999755859375</ele>
        <time>2025-05-30T10:36:46.000Z</time>
        <extensions>
          <ns3:TrackPointExtension>
            <ns3:atemp>30.0</ns3:atemp>
          </ns3:TrackPointExtension>
        </extensions>
      </trkpt>
      <trkpt lat="45.62591467984020709991455078125" lon="6.60100464709103107452392578125">
        <ele>1865</ele>
        <time>2025-05-30T10:36:47.000Z</time>
        <extensions>
          <ns3:TrackPointExtension>
            <ns3:atemp>30.0</ns3:atemp>
          </ns3:TrackPointExtension>
        </extensions>
      </trkpt>
      <trkpt lat="45.62579917721450328826904296875" lon="6.6011562757194042205810546875">
        <ele>1865.800048828125</ele>
        <time>2025-05-30T10:36:53.000Z</time>
        <extensions>
          <ns3:TrackPointExtension>
            <ns3:atemp>30.0</ns3:atemp>
          </ns3:TrackPointExtension>
        </extensions>
      </trkpt>
      <trkpt lat="45.625753663480281829833984375" lon="6.6012008674442768096923828125">
        <ele>1866</ele>
        <time>2025-05-30T10:36:55.000Z</time>
        <extensions>
          <ns3:TrackPointExtension>
            <ns3:atemp>30.0</ns3:atemp>
          </ns3:TrackPointExtension>
        </extensions>
      </trkpt>
      <trkpt lat="45.6256934814155101776123046875" lon="6.60132282413542270660400390625">
        <ele>1866.800048828125</ele>
        <time>2025-05-30T10:36:59.000Z</time>
        <extensions>
          <ns3:TrackPointExtension>
            <ns3:atemp>30.0</ns3:atemp>
          </ns3:TrackPointExtension>
        </extensions>
      </trkpt>
      <trkpt lat="45.62567294575273990631103515625" lon="6.60139021463692188262939453125">
        <ele>1867.199951171875</ele>
        <time>2025-05-30T10:37:01.000Z</time>
        <extensions>
          <ns3:TrackPointExtension>
            <ns3:atemp>30.0</ns3:atemp>
          </ns3:TrackPointExtension>
        </extensions>
      </trkpt>
      <trkpt lat="45.62567177228629589080810546875" lon="6.60149700008332729339599609375">
        <ele>1868.199951171875</ele>
        <time>2025-05-30T10:37:04.000Z</time>
        <extensions>
          <ns3:TrackPointExtension>
            <ns3:atemp>30.0</ns3:atemp>
          </ns3:TrackPointExtension>
        </extensions>
      </trkpt>
      <trkpt lat="45.62569691799581050872802734375" lon="6.60164016298949718475341796875">
        <ele>1869.199951171875</ele>
        <time>2025-05-30T10:37:08.000Z</time>
        <extensions>
          <ns3:TrackPointExtension>
            <ns3:atemp>30.0</ns3:atemp>
          </ns3:TrackPointExtension>
        </extensions>
      </trkpt>
      <trkpt lat="45.62571921385824680328369140625" lon="6.601748205721378326416015625">
        <ele>1870.199951171875</ele>
        <time>2025-05-30T10:37:11.000Z</time>
        <extensions>
          <ns3:TrackPointExtension>
            <ns3:atemp>30.0</ns3:atemp>
          </ns3:TrackPointExtension>
        </extensions>
      </trkpt>
      <trkpt lat="45.625757016241550445556640625" lon="6.60191022790968418121337890625">
        <ele>1871.4000244140625</ele>
        <time>2025-05-30T10:37:16.000Z</time>
        <extensions>
          <ns3:TrackPointExtension>
            <ns3:atemp>30.0</ns3:atemp>
          </ns3:TrackPointExtension>
        </extensions>
      </trkpt>
      <trkpt lat="45.62578727491199970245361328125" lon="6.602041907608509063720703125">
        <ele>1872.5999755859375</ele>
        <time>2025-05-30T10:37:20.000Z</time>
        <extensions>
          <ns3:TrackPointExtension>
            <ns3:atemp>30.0</ns3:atemp>
          </ns3:TrackPointExtension>
        </extensions>
      </trkpt>
      <trkpt lat="45.625814013183116912841796875" lon="6.60213050432503223419189453125">
        <ele>1873.4000244140625</ele>
        <time>2025-05-30T10:37:23.000Z</time>
        <extensions>
          <ns3:TrackPointExtension>
            <ns3:atemp>30.0</ns3:atemp>
          </ns3:TrackPointExtension>
        </extensions>
      </trkpt>
      <trkpt lat="45.6258356384932994842529296875" lon="6.60219320096075534820556640625">
        <ele>1873.800048828125</ele>
        <time>2025-05-30T10:37:25.000Z</time>
        <extensions>
          <ns3:TrackPointExtension>
            <ns3:atemp>30.0</ns3:atemp>
          </ns3:TrackPointExtension>
        </extensions>
      </trkpt>
      <trkpt lat="45.62585902400314807891845703125" lon="6.6023156605660915374755859375">
        <ele>1874.800048828125</ele>
        <time>2025-05-30T10:37:29.000Z</time>
        <extensions>
          <ns3:TrackPointExtension>
            <ns3:atemp>30.0</ns3:atemp>
          </ns3:TrackPointExtension>
        </extensions>
      </trkpt>
      <trkpt lat="45.62586271204054355621337890625" lon="6.60234474577009677886962890625">
        <ele>1875.199951171875</ele>
        <time>2025-05-30T10:37:30.000Z</time>
        <extensions>
          <ns3:TrackPointExtension>
            <ns3:atemp>30.0</ns3:atemp>
          </ns3:TrackPointExtension>
        </extensions>
      </trkpt>
      <trkpt lat="45.62590126879513263702392578125" lon="6.6024170815944671630859375">
        <ele>1876</ele>
        <time>2025-05-30T10:37:33.000Z</time>
        <extensions>
          <ns3:TrackPointExtension>
            <ns3:atemp>30.0</ns3:atemp>
          </ns3:TrackPointExtension>
        </extensions>
      </trkpt>
      <trkpt lat="45.62591719441115856170654296875" lon="6.60244189202785491943359375">
        <ele>1876.199951171875</ele>
        <time>2025-05-30T10:37:34.000Z</time>
        <extensions>
          <ns3:TrackPointExtension>
            <ns3:atemp>30.0</ns3:atemp>
          </ns3:TrackPointExtension>
        </extensions>
      </trkpt>
      <trkpt lat="45.62596924602985382080078125" lon="6.60255244933068752288818359375">
        <ele>1877.199951171875</ele>
        <time>2025-05-30T10:37:38.000Z</time>
        <extensions>
          <ns3:TrackPointExtension>
            <ns3:atemp>30.0</ns3:atemp>
          </ns3:TrackPointExtension>
        </extensions>
      </trkpt>
      <trkpt lat="45.6259596906602382659912109375" lon="6.6026039980351924896240234375">
        <ele>1877.5999755859375</ele>
        <time>2025-05-30T10:37:40.000Z</time>
        <extensions>
          <ns3:TrackPointExtension>
            <ns3:atemp>30.0</ns3:atemp>
          </ns3:TrackPointExtension>
        </extensions>
      </trkpt>
      <trkpt lat="45.62592490576207637786865234375" lon="6.60264649428427219390869140625">
        <ele>1878</ele>
        <time>2025-05-30T10:37:42.000Z</time>
        <extensions>
          <ns3:TrackPointExtension>
            <ns3:atemp>30.0</ns3:atemp>
          </ns3:TrackPointExtension>
        </extensions>
      </trkpt>
      <trkpt lat="45.62587679363787174224853515625" lon="6.6026609949767589569091796875">
        <ele>1878.4000244140625</ele>
        <time>2025-05-30T10:37:44.000Z</time>
        <extensions>
          <ns3:TrackPointExtension>
            <ns3:atemp>30.0</ns3:atemp>
          </ns3:TrackPointExtension>
        </extensions>
      </trkpt>
      <trkpt lat="45.62585433013737201690673828125" lon="6.60265638493001461029052734375">
        <ele>1878.5999755859375</ele>
        <time>2025-05-30T10:37:45.000Z</time>
        <extensions>
          <ns3:TrackPointExtension>
            <ns3:atemp>30.0</ns3:atemp>
          </ns3:TrackPointExtension>
        </extensions>
      </trkpt>
      <trkpt lat="45.6258141808211803436279296875" lon="6.60262134857475757598876953125">
        <ele>1879</ele>
        <time>2025-05-30T10:37:47.000Z</time>
        <extensions>
          <ns3:TrackPointExtension>
            <ns3:atemp>30.0</ns3:atemp>
          </ns3:TrackPointExtension>
        </extensions>
      </trkpt>
      <trkpt lat="45.62579691410064697265625" lon="6.60259888507425785064697265625">
        <ele>1879.199951171875</ele>
        <time>2025-05-30T10:37:48.000Z</time>
        <extensions>
          <ns3:TrackPointExtension>
            <ns3:atemp>30.0</ns3:atemp>
          </ns3:TrackPointExtension>
        </extensions>
      </trkpt>
      <trkpt lat="45.625742934644222259521484375" lon="6.6024948656558990478515625">
        <ele>1880</ele>
        <time>2025-05-30T10:37:52.000Z</time>
        <extensions>
          <ns3:TrackPointExtension>
            <ns3:atemp>30.0</ns3:atemp>
          </ns3:TrackPointExtension>
        </extensions>
      </trkpt>
      <trkpt lat="45.62571133486926555633544921875" lon="6.60244189202785491943359375">
        <ele>1880.800048828125</ele>
        <time>2025-05-30T10:37:54.000Z</time>
        <extensions>
          <ns3:TrackPointExtension>
            <ns3:atemp>30.0</ns3:atemp>
          </ns3:TrackPointExtension>
        </extensions>
      </trkpt>
      <trkpt lat="45.625695995986461639404296875" lon="6.6023790277540683746337890625">
        <ele>1881.199951171875</ele>
        <time>2025-05-30T10:37:56.000Z</time>
        <extensions>
          <ns3:TrackPointExtension>
            <ns3:atemp>30.0</ns3:atemp>
          </ns3:TrackPointExtension>
        </extensions>
      </trkpt>
      <trkpt lat="45.6256472133100032806396484375" lon="6.60230987705290317535400390625">
        <ele>1882</ele>
        <time>2025-05-30T10:37:59.000Z</time>
        <extensions>
          <ns3:TrackPointExtension>
            <ns3:atemp>30.0</ns3:atemp>
          </ns3:TrackPointExtension>
        </extensions>
      </trkpt>
      <trkpt lat="45.6256292760372161865234375" lon="6.6022963821887969970703125">
        <ele>1882.199951171875</ele>
        <time>2025-05-30T10:38:00.000Z</time>
        <extensions>
          <ns3:TrackPointExtension>
            <ns3:atemp>30.0</ns3:atemp>
          </ns3:TrackPointExtension>
        </extensions>
      </trkpt>
      <trkpt lat="45.6255530007183551788330078125" lon="6.60222572274506092071533203125">
        <ele>1882.800048828125</ele>
        <time>2025-05-30T10:38:04.000Z</time>
        <extensions>
          <ns3:TrackPointExtension>
            <ns3:atemp>30.0</ns3:atemp>
          </ns3:TrackPointExtension>
        </extensions>
      </trkpt>
      <trkpt lat="45.62549826689064502716064453125" lon="6.6022053547203540802001953125">
        <ele>1883.199951171875</ele>
        <time>2025-05-30T10:38:06.000Z</time>
        <extensions>
          <ns3:TrackPointExtension>
            <ns3:atemp>30.0</ns3:atemp>
          </ns3:TrackPointExtension>
        </extensions>
      </trkpt>
      <trkpt lat="45.6254339776933193206787109375" lon="6.6021751798689365386962890625">
        <ele>1883.5999755859375</ele>
        <time>2025-05-30T10:38:09.000Z</time>
        <extensions>
          <ns3:TrackPointExtension>
            <ns3:atemp>30.0</ns3:atemp>
          </ns3:TrackPointExtension>
        </extensions>
      </trkpt>
      <trkpt lat="45.62539969570934772491455078125" lon="6.60213788039982318878173828125">
        <ele>1884.199951171875</ele>
        <time>2025-05-30T10:38:11.000Z</time>
        <extensions>
          <ns3:TrackPointExtension>
            <ns3:atemp>30.0</ns3:atemp>
          </ns3:TrackPointExtension>
        </extensions>
      </trkpt>
      <trkpt lat="45.62536180950701236724853515625" lon="6.60210183821618556976318359375">
        <ele>1884.800048828125</ele>
        <time>2025-05-30T10:38:13.000Z</time>
        <extensions>
          <ns3:TrackPointExtension>
            <ns3:atemp>30.0</ns3:atemp>
          </ns3:TrackPointExtension>
        </extensions>
      </trkpt>
      <trkpt lat="45.6252765655517578125" lon="6.60207149572670459747314453125">
        <ele>1885.4000244140625</ele>
        <time>2025-05-30T10:38:17.000Z</time>
        <extensions>
          <ns3:TrackPointExtension>
            <ns3:atemp>30.0</ns3:atemp>
          </ns3:TrackPointExtension>
        </extensions>
      </trkpt>
      <trkpt lat="45.6252579577267169952392578125" lon="6.60207367502152919769287109375">
        <ele>1885.5999755859375</ele>
        <time>2025-05-30T10:38:18.000Z</time>
        <extensions>
          <ns3:TrackPointExtension>
            <ns3:atemp>30.0</ns3:atemp>
          </ns3:TrackPointExtension>
        </extensions>
      </trkpt>
      <trkpt lat="45.625209845602512359619140625" lon="6.60209320485591888427734375">
        <ele>1885.800048828125</ele>
        <time>2025-05-30T10:38:20.000Z</time>
        <extensions>
          <ns3:TrackPointExtension>
            <ns3:atemp>30.0</ns3:atemp>
          </ns3:TrackPointExtension>
        </extensions>
      </trkpt>
      <trkpt lat="45.62518243677914142608642578125" lon="6.60214207135140895843505859375">
        <ele>1886.4000244140625</ele>
        <time>2025-05-30T10:38:22.000Z</time>
        <extensions>
          <ns3:TrackPointExtension>
            <ns3:atemp>30.0</ns3:atemp>
          </ns3:TrackPointExtension>
        </extensions>
      </trkpt>
      <trkpt lat="45.6251788325607776641845703125" lon="6.60217006690800189971923828125">
        <ele>1886.5999755859375</ele>
        <time>2025-05-30T10:38:23.000Z</time>
        <extensions>
          <ns3:TrackPointExtension>
            <ns3:atemp>30.0</ns3:atemp>
          </ns3:TrackPointExtension>
        </extensions>
      </trkpt>
      <trkpt lat="45.62520674429833889007568359375" lon="6.60229973495006561279296875">
        <ele>1887.4000244140625</ele>
        <time>2025-05-30T10:38:27.000Z</time>
        <extensions>
          <ns3:TrackPointExtension>
            <ns3:atemp>30.0</ns3:atemp>
          </ns3:TrackPointExtension>
        </extensions>
      </trkpt>
      <trkpt lat="45.6252349913120269775390625" lon="6.6023552231490612030029296875">
        <ele>1887.5999755859375</ele>
        <time>2025-05-30T10:38:29.000Z</time>
        <extensions>
          <ns3:TrackPointExtension>
            <ns3:atemp>30.0</ns3:atemp>
          </ns3:TrackPointExtension>
        </extensions>
      </trkpt>
      <trkpt lat="45.625352002680301666259765625" lon="6.60245169885456562042236328125">
        <ele>1888.199951171875</ele>
        <time>2025-05-30T10:38:35.000Z</time>
        <extensions>
          <ns3:TrackPointExtension>
            <ns3:atemp>30.0</ns3:atemp>
          </ns3:TrackPointExtension>
        </extensions>
      </trkpt>
      <trkpt lat="45.62536952085793018341064453125" lon="6.60246192477643489837646484375">
        <ele>1888.5999755859375</ele>
        <time>2025-05-30T10:38:36.000Z</time>
        <extensions>
          <ns3:TrackPointExtension>
            <ns3:atemp>30.0</ns3:atemp>
          </ns3:TrackPointExtension>
        </extensions>
      </trkpt>
      <trkpt lat="45.625430457293987274169921875" lon="6.60251925699412822723388671875">
        <ele>1889.4000244140625</ele>
        <time>2025-05-30T10:38:40.000Z</time>
        <extensions>
          <ns3:TrackPointExtension>
            <ns3:atemp>30.0</ns3:atemp>
          </ns3:TrackPointExtension>
        </extensions>
      </trkpt>
      <trkpt lat="45.6254738755524158477783203125" lon="6.60254591144621372222900390625">
        <ele>1889.5999755859375</ele>
        <time>2025-05-30T10:38:42.000Z</time>
        <extensions>
          <ns3:TrackPointExtension>
            <ns3:atemp>30.0</ns3:atemp>
          </ns3:TrackPointExtension>
        </extensions>
      </trkpt>
      <trkpt lat="45.62555576674640178680419921875" lon="6.60264297388494014739990234375">
        <ele>1890.5999755859375</ele>
        <time>2025-05-30T10:38:47.000Z</time>
        <extensions>
          <ns3:TrackPointExtension>
            <ns3:atemp>30.0</ns3:atemp>
          </ns3:TrackPointExtension>
        </extensions>
      </trkpt>
      <trkpt lat="45.6256314553320407867431640625" lon="6.60276551730930805206298828125">
        <ele>1891.4000244140625</ele>
        <time>2025-05-30T10:38:52.000Z</time>
        <extensions>
          <ns3:TrackPointExtension>
            <ns3:atemp>30.0</ns3:atemp>
          </ns3:TrackPointExtension>
        </extensions>
      </trkpt>
      <trkpt lat="45.62564712949097156524658203125" lon="6.60278580151498317718505859375">
        <ele>1891.5999755859375</ele>
        <time>2025-05-30T10:38:53.000Z</time>
        <extensions>
          <ns3:TrackPointExtension>
            <ns3:atemp>30.0</ns3:atemp>
          </ns3:TrackPointExtension>
        </extensions>
      </trkpt>
      <trkpt lat="45.62571552582085132598876953125" lon="6.60290214233100414276123046875">
        <ele>1892.800048828125</ele>
        <time>2025-05-30T10:38:58.000Z</time>
        <extensions>
          <ns3:TrackPointExtension>
            <ns3:atemp>30.0</ns3:atemp>
          </ns3:TrackPointExtension>
        </extensions>
      </trkpt>
      <trkpt lat="45.6257296912372112274169921875" lon="6.602927707135677337646484375">
        <ele>1893</ele>
        <time>2025-05-30T10:38:59.000Z</time>
        <extensions>
          <ns3:TrackPointExtension>
            <ns3:atemp>30.0</ns3:atemp>
          </ns3:TrackPointExtension>
        </extensions>
      </trkpt>
      <trkpt lat="45.62577210366725921630859375" lon="6.602999456226825714111328125">
        <ele>1894</ele>
        <time>2025-05-30T10:39:02.000Z</time>
        <extensions>
          <ns3:TrackPointExtension>
            <ns3:atemp>30.0</ns3:atemp>
          </ns3:TrackPointExtension>
        </extensions>
      </trkpt>
      <trkpt lat="45.6258309446275234222412109375" lon="6.6031323932111263275146484375">
        <ele>1894.5999755859375</ele>
        <time>2025-05-30T10:39:07.000Z</time>
        <extensions>
          <ns3:TrackPointExtension>
            <ns3:atemp>30.0</ns3:atemp>
          </ns3:TrackPointExtension>
        </extensions>
      </trkpt>
      <trkpt lat="45.62584728933870792388916015625" lon="6.60315209068357944488525390625">
        <ele>1895</ele>
        <time>2025-05-30T10:39:08.000Z</time>
        <extensions>
          <ns3:TrackPointExtension>
            <ns3:atemp>30.0</ns3:atemp>
          </ns3:TrackPointExtension>
        </extensions>
      </trkpt>
      <trkpt lat="45.62594301067292690277099609375" lon="6.60323373042047023773193359375">
        <ele>1896.199951171875</ele>
        <time>2025-05-30T10:39:13.000Z</time>
        <extensions>
          <ns3:TrackPointExtension>
            <ns3:atemp>30.0</ns3:atemp>
          </ns3:TrackPointExtension>
        </extensions>
      </trkpt>
      <trkpt lat="45.626027248799800872802734375" lon="6.60333682782948017120361328125">
        <ele>1897.199951171875</ele>
        <time>2025-05-30T10:39:18.000Z</time>
        <extensions>
          <ns3:TrackPointExtension>
            <ns3:atemp>30.0</ns3:atemp>
          </ns3:TrackPointExtension>
        </extensions>
      </trkpt>
      <trkpt lat="45.626044012606143951416015625" lon="6.60335459746420383453369140625">
        <ele>1897.4000244140625</ele>
        <time>2025-05-30T10:39:19.000Z</time>
        <extensions>
          <ns3:TrackPointExtension>
            <ns3:atemp>30.0</ns3:atemp>
          </ns3:TrackPointExtension>
        </extensions>
      </trkpt>
      <trkpt lat="45.62611266039311885833740234375" lon="6.6034200601279735565185546875">
        <ele>1898.4000244140625</ele>
        <time>2025-05-30T10:39:23.000Z</time>
        <extensions>
          <ns3:TrackPointExtension>
            <ns3:atemp>30.0</ns3:atemp>
          </ns3:TrackPointExtension>
        </extensions>
      </trkpt>
      <trkpt lat="45.62612883746623992919921875" lon="6.6034331358969211578369140625">
        <ele>1898.4000244140625</ele>
        <time>2025-05-30T10:39:24.000Z</time>
        <extensions>
          <ns3:TrackPointExtension>
            <ns3:atemp>30.0</ns3:atemp>
          </ns3:TrackPointExtension>
        </extensions>
      </trkpt>
      <trkpt lat="45.6261414103209972381591796875" lon="6.603452749550342559814453125">
        <ele>1899</ele>
        <time>2025-05-30T10:39:25.000Z</time>
        <extensions>
          <ns3:TrackPointExtension>
            <ns3:atemp>30.0</ns3:atemp>
          </ns3:TrackPointExtension>
        </extensions>
      </trkpt>
      <trkpt lat="45.62615968286991119384765625" lon="6.60350672900676727294921875">
        <ele>1899.5999755859375</ele>
        <time>2025-05-30T10:39:27.000Z</time>
        <extensions>
          <ns3:TrackPointExtension>
            <ns3:atemp>30.0</ns3:atemp>
          </ns3:TrackPointExtension>
        </extensions>
      </trkpt>
      <trkpt lat="45.6261742673814296722412109375" lon="6.60358526743948459625244140625">
        <ele>1900</ele>
        <time>2025-05-30T10:39:30.000Z</time>
        <extensions>
          <ns3:TrackPointExtension>
            <ns3:atemp>30.0</ns3:atemp>
          </ns3:TrackPointExtension>
        </extensions>
      </trkpt>
      <trkpt lat="45.62621810473501682281494140625" lon="6.603692471981048583984375">
        <ele>1900.800048828125</ele>
        <time>2025-05-30T10:39:34.000Z</time>
        <extensions>
          <ns3:TrackPointExtension>
            <ns3:atemp>30.0</ns3:atemp>
          </ns3:TrackPointExtension>
        </extensions>
      </trkpt>
      <trkpt lat="45.62624207697808742523193359375" lon="6.603740751743316650390625">
        <ele>1901.199951171875</ele>
        <time>2025-05-30T10:39:36.000Z</time>
        <extensions>
          <ns3:TrackPointExtension>
            <ns3:atemp>30.0</ns3:atemp>
          </ns3:TrackPointExtension>
        </extensions>
      </trkpt>
      <trkpt lat="45.62628700397908687591552734375" lon="6.603816859424114227294921875">
        <ele>1902</ele>
        <time>2025-05-30T10:39:39.000Z</time>
        <extensions>
          <ns3:TrackPointExtension>
            <ns3:atemp>30.0</ns3:atemp>
          </ns3:TrackPointExtension>
        </extensions>
      </trkpt>
      <trkpt lat="45.626354478299617767333984375" lon="6.60388735122978687286376953125">
        <ele>1903</ele>
        <time>2025-05-30T10:39:43.000Z</time>
        <extensions>
          <ns3:TrackPointExtension>
            <ns3:atemp>30.0</ns3:atemp>
          </ns3:TrackPointExtension>
        </extensions>
      </trkpt>
      <trkpt lat="45.62637585215270519256591796875" lon="6.6039041988551616668701171875">
        <ele>1903.199951171875</ele>
        <time>2025-05-30T10:39:44.000Z</time>
        <extensions>
          <ns3:TrackPointExtension>
            <ns3:atemp>30.0</ns3:atemp>
          </ns3:TrackPointExtension>
        </extensions>
      </trkpt>
      <trkpt lat="45.62643921934068202972412109375" lon="6.603936888277530670166015625">
        <ele>1904.4000244140625</ele>
        <time>2025-05-30T10:39:47.000Z</time>
        <extensions>
          <ns3:TrackPointExtension>
            <ns3:atemp>30.0</ns3:atemp>
          </ns3:TrackPointExtension>
        </extensions>
      </trkpt>
      <trkpt lat="45.62650174833834171295166015625" lon="6.603954322636127471923828125">
        <ele>1905</ele>
        <time>2025-05-30T10:39:50.000Z</time>
        <extensions>
          <ns3:TrackPointExtension>
            <ns3:atemp>30.0</ns3:atemp>
          </ns3:TrackPointExtension>
        </extensions>
      </trkpt>
      <trkpt lat="45.62658875249326229095458984375" lon="6.603944264352321624755859375">
        <ele>1905.5999755859375</ele>
        <time>2025-05-30T10:39:53.000Z</time>
        <extensions>
          <ns3:TrackPointExtension>
            <ns3:atemp>30.0</ns3:atemp>
          </ns3:TrackPointExtension>
        </extensions>
      </trkpt>
      <trkpt lat="45.62663066200911998748779296875" lon="6.60392582416534423828125">
        <ele>1906.199951171875</ele>
        <time>2025-05-30T10:39:56.000Z</time>
        <extensions>
          <ns3:TrackPointExtension>
            <ns3:atemp>30.0</ns3:atemp>
          </ns3:TrackPointExtension>
        </extensions>
      </trkpt>
      <trkpt lat="45.6266753375530242919921875" lon="6.60390294156968593597412109375">
        <ele>1906.800048828125</ele>
        <time>2025-05-30T10:39:58.000Z</time>
        <extensions>
          <ns3:TrackPointExtension>
            <ns3:atemp>30.0</ns3:atemp>
          </ns3:TrackPointExtension>
        </extensions>
      </trkpt>
      <trkpt lat="45.626782961189746856689453125" lon="6.60384602844715118408203125">
        <ele>1907.5999755859375</ele>
        <time>2025-05-30T10:40:03.000Z</time>
        <extensions>
          <ns3:TrackPointExtension>
            <ns3:atemp>30.0</ns3:atemp>
          </ns3:TrackPointExtension>
        </extensions>
      </trkpt>
      <trkpt lat="45.62681908719241619110107421875" lon="6.60381040535867214202880859375">
        <ele>1908</ele>
        <time>2025-05-30T10:40:04.000Z</time>
        <extensions>
          <ns3:TrackPointExtension>
            <ns3:atemp>30.0</ns3:atemp>
          </ns3:TrackPointExtension>
        </extensions>
      </trkpt>
      <trkpt lat="45.62685579992830753326416015625" lon="6.60378165543079376220703125">
        <ele>1909</ele>
        <time>2025-05-30T10:40:07.000Z</time>
        <extensions>
          <ns3:TrackPointExtension>
            <ns3:atemp>30.0</ns3:atemp>
          </ns3:TrackPointExtension>
        </extensions>
      </trkpt>
      <trkpt lat="45.62691363506019115447998046875" lon="6.603756844997406005859375">
        <ele>1909.5999755859375</ele>
        <time>2025-05-30T10:40:10.000Z</time>
        <extensions>
          <ns3:TrackPointExtension>
            <ns3:atemp>30.0</ns3:atemp>
          </ns3:TrackPointExtension>
        </extensions>
      </trkpt>
      <trkpt lat="45.62695437110960483551025390625" lon="6.60375374369323253631591796875">
        <ele>1910.199951171875</ele>
        <time>2025-05-30T10:40:12.000Z</time>
        <extensions>
          <ns3:TrackPointExtension>
            <ns3:atemp>30.0</ns3:atemp>
          </ns3:TrackPointExtension>
        </extensions>
      </trkpt>
      <trkpt lat="45.6270939297974109649658203125" lon="6.60373932681977748870849609375">
        <ele>1911.4000244140625</ele>
        <time>2025-05-30T10:40:18.000Z</time>
        <extensions>
          <ns3:TrackPointExtension>
            <ns3:atemp>30.0</ns3:atemp>
          </ns3:TrackPointExtension>
        </extensions>
      </trkpt>
      <trkpt lat="45.62714782543480396270751953125" lon="6.603774614632129669189453125">
        <ele>1912</ele>
        <time>2025-05-30T10:40:21.000Z</time>
        <extensions>
          <ns3:TrackPointExtension>
            <ns3:atemp>30.0</ns3:atemp>
          </ns3:TrackPointExtension>
        </extensions>
      </trkpt>
      <trkpt lat="45.6271596439182758331298828125" lon="6.60379313863813877105712890625">
        <ele>1912.4000244140625</ele>
        <time>2025-05-30T10:40:23.000Z</time>
        <extensions>
          <ns3:TrackPointExtension>
            <ns3:atemp>30.0</ns3:atemp>
          </ns3:TrackPointExtension>
        </extensions>
      </trkpt>
      <trkpt lat="45.62716408632695674896240234375" lon="6.603818200528621673583984375">
        <ele>1912.800048828125</ele>
        <time>2025-05-30T10:40:24.000Z</time>
        <extensions>
          <ns3:TrackPointExtension>
            <ns3:atemp>30.0</ns3:atemp>
          </ns3:TrackPointExtension>
        </extensions>
      </trkpt>
      <trkpt lat="45.62714883126318454742431640625" lon="6.60392917692661285400390625">
        <ele>1913.5999755859375</ele>
        <time>2025-05-30T10:40:28.000Z</time>
        <extensions>
          <ns3:TrackPointExtension>
            <ns3:atemp>30.0</ns3:atemp>
          </ns3:TrackPointExtension>
        </extensions>
      </trkpt>
      <trkpt lat="45.6271200813353061676025390625" lon="6.60397049970924854278564453125">
        <ele>1914.199951171875</ele>
        <time>2025-05-30T10:40:30.000Z</time>
        <extensions>
          <ns3:TrackPointExtension>
            <ns3:atemp>30.0</ns3:atemp>
          </ns3:TrackPointExtension>
        </extensions>
      </trkpt>
      <trkpt lat="45.62706367112696170806884765625" lon="6.60402162931859493255615234375">
        <ele>1915</ele>
        <time>2025-05-30T10:40:33.000Z</time>
        <extensions>
          <ns3:TrackPointExtension>
            <ns3:atemp>30.0</ns3:atemp>
          </ns3:TrackPointExtension>
        </extensions>
      </trkpt>
      <trkpt lat="45.62699628062546253204345703125" lon="6.60403906367719173431396484375">
        <ele>1915.5999755859375</ele>
        <time>2025-05-30T10:40:36.000Z</time>
        <extensions>
          <ns3:TrackPointExtension>
            <ns3:atemp>30.0</ns3:atemp>
          </ns3:TrackPointExtension>
        </extensions>
      </trkpt>
      <trkpt lat="45.62692771665751934051513671875" lon="6.60402297042310237884521484375">
        <ele>1916</ele>
        <time>2025-05-30T10:40:39.000Z</time>
        <extensions>
          <ns3:TrackPointExtension>
            <ns3:atemp>30.0</ns3:atemp>
          </ns3:TrackPointExtension>
        </extensions>
      </trkpt>
      <trkpt lat="45.6268535368144512176513671875" lon="6.60403034649789333343505859375">
        <ele>1916.4000244140625</ele>
        <time>2025-05-30T10:40:42.000Z</time>
        <extensions>
          <ns3:TrackPointExtension>
            <ns3:atemp>30.0</ns3:atemp>
          </ns3:TrackPointExtension>
        </extensions>
      </trkpt>
      <trkpt lat="45.626716576516628265380859375" lon="6.60411517135798931121826171875">
        <ele>1916.800048828125</ele>
        <time>2025-05-30T10:40:48.000Z</time>
        <extensions>
          <ns3:TrackPointExtension>
            <ns3:atemp>30.0</ns3:atemp>
          </ns3:TrackPointExtension>
        </extensions>
      </trkpt>
      <trkpt lat="45.62670056708157062530517578125" lon="6.6041382215917110443115234375">
        <ele>1917.4000244140625</ele>
        <time>2025-05-30T10:40:49.000Z</time>
        <extensions>
          <ns3:TrackPointExtension>
            <ns3:atemp>30.0</ns3:atemp>
          </ns3:TrackPointExtension>
        </extensions>
      </trkpt>
      <trkpt lat="45.62666636891663074493408203125" lon="6.6041777841746807098388671875">
        <ele>1918.4000244140625</ele>
        <time>2025-05-30T10:40:51.000Z</time>
        <extensions>
          <ns3:TrackPointExtension>
            <ns3:atemp>30.0</ns3:atemp>
          </ns3:TrackPointExtension>
        </extensions>
      </trkpt>
      <trkpt lat="45.6265688873827457427978515625" lon="6.604292951524257659912109375">
        <ele>1919.4000244140625</ele>
        <time>2025-05-30T10:40:57.000Z</time>
        <extensions>
          <ns3:TrackPointExtension>
            <ns3:atemp>30.0</ns3:atemp>
          </ns3:TrackPointExtension>
        </extensions>
      </trkpt>
      <trkpt lat="45.6264542229473590850830078125" lon="6.60439445637166500091552734375">
        <ele>1920.5999755859375</ele>
        <time>2025-05-30T10:41:03.000Z</time>
        <extensions>
          <ns3:TrackPointExtension>
            <ns3:atemp>30.0</ns3:atemp>
          </ns3:TrackPointExtension>
        </extensions>
      </trkpt>
      <trkpt lat="45.626417510211467742919921875" lon="6.6044332645833492279052734375">
        <ele>1921</ele>
        <time>2025-05-30T10:41:05.000Z</time>
        <extensions>
          <ns3:TrackPointExtension>
            <ns3:atemp>30.0</ns3:atemp>
          </ns3:TrackPointExtension>
        </extensions>
      </trkpt>
      <trkpt lat="45.62635908834636211395263671875" lon="6.60448095761239528656005859375">
        <ele>1922</ele>
        <time>2025-05-30T10:41:08.000Z</time>
        <extensions>
          <ns3:TrackPointExtension>
            <ns3:atemp>30.0</ns3:atemp>
          </ns3:TrackPointExtension>
        </extensions>
      </trkpt>
      <trkpt lat="45.62631131149828433990478515625" lon="6.60453879274427890777587890625">
        <ele>1922.800048828125</ele>
        <time>2025-05-30T10:41:11.000Z</time>
        <extensions>
          <ns3:TrackPointExtension>
            <ns3:atemp>30.0</ns3:atemp>
          </ns3:TrackPointExtension>
        </extensions>
      </trkpt>
      <trkpt lat="45.62626521103084087371826171875" lon="6.60461473278701305389404296875">
        <ele>1923.199951171875</ele>
        <time>2025-05-30T10:41:14.000Z</time>
        <extensions>
          <ns3:TrackPointExtension>
            <ns3:atemp>30.0</ns3:atemp>
          </ns3:TrackPointExtension>
        </extensions>
      </trkpt>
      <trkpt lat="45.62618474476039409637451171875" lon="6.60470123402774333953857421875">
        <ele>1923.800048828125</ele>
        <time>2025-05-30T10:41:19.000Z</time>
        <extensions>
          <ns3:TrackPointExtension>
            <ns3:atemp>30.0</ns3:atemp>
          </ns3:TrackPointExtension>
        </extensions>
      </trkpt>
      <trkpt lat="45.62616513110697269439697265625" lon="6.6047169081866741180419921875">
        <ele>1924.4000244140625</ele>
        <time>2025-05-30T10:41:20.000Z</time>
        <extensions>
          <ns3:TrackPointExtension>
            <ns3:atemp>30.0</ns3:atemp>
          </ns3:TrackPointExtension>
        </extensions>
      </trkpt>
      <trkpt lat="45.6260995008051395416259765625" lon="6.60477750934660434722900390625">
        <ele>1925.4000244140625</ele>
        <time>2025-05-30T10:41:24.000Z</time>
        <extensions>
          <ns3:TrackPointExtension>
            <ns3:atemp>30.0</ns3:atemp>
          </ns3:TrackPointExtension>
        </extensions>
      </trkpt>
      <trkpt lat="45.62608231790363788604736328125" lon="6.6047866456210613250732421875">
        <ele>1925.5999755859375</ele>
        <time>2025-05-30T10:41:25.000Z</time>
        <extensions>
          <ns3:TrackPointExtension>
            <ns3:atemp>30.0</ns3:atemp>
          </ns3:TrackPointExtension>
        </extensions>
      </trkpt>
      <trkpt lat="45.6259591877460479736328125" lon="6.604830734431743621826171875">
        <ele>1926.5999755859375</ele>
        <time>2025-05-30T10:41:31.000Z</time>
        <extensions>
          <ns3:TrackPointExtension>
            <ns3:atemp>30.0</ns3:atemp>
          </ns3:TrackPointExtension>
        </extensions>
      </trkpt>
      <trkpt lat="45.62593781389296054840087890625" lon="6.6048310697078704833984375">
        <ele>1926.800048828125</ele>
        <time>2025-05-30T10:41:32.000Z</time>
        <extensions>
          <ns3:TrackPointExtension>
            <ns3:atemp>30.0</ns3:atemp>
          </ns3:TrackPointExtension>
        </extensions>
      </trkpt>
      <trkpt lat="45.625837147235870361328125" lon="6.6048107855021953582763671875">
        <ele>1927.4000244140625</ele>
        <time>2025-05-30T10:41:37.000Z</time>
        <extensions>
          <ns3:TrackPointExtension>
            <ns3:atemp>30.0</ns3:atemp>
          </ns3:TrackPointExtension>
        </extensions>
      </trkpt>
      <trkpt lat="45.62575257383286952972412109375" lon="6.60481925122439861297607421875">
        <ele>1928.5999755859375</ele>
        <time>2025-05-30T10:41:41.000Z</time>
        <extensions>
          <ns3:TrackPointExtension>
            <ns3:atemp>30.0</ns3:atemp>
          </ns3:TrackPointExtension>
        </extensions>
      </trkpt>
      <trkpt lat="45.625690631568431854248046875" lon="6.60482159815728664398193359375">
        <ele>1929.4000244140625</ele>
        <time>2025-05-30T10:41:44.000Z</time>
        <extensions>
          <ns3:TrackPointExtension>
            <ns3:atemp>30.0</ns3:atemp>
          </ns3:TrackPointExtension>
        </extensions>
      </trkpt>
      <trkpt lat="45.62565333209931850433349609375" lon="6.60481874831020832061767578125">
        <ele>1929.800048828125</ele>
        <time>2025-05-30T10:41:46.000Z</time>
        <extensions>
          <ns3:TrackPointExtension>
            <ns3:atemp>30.0</ns3:atemp>
          </ns3:TrackPointExtension>
        </extensions>
      </trkpt>
      <trkpt lat="45.62557387165725231170654296875" lon="6.60483618266880512237548828125">
        <ele>1930.4000244140625</ele>
        <time>2025-05-30T10:41:50.000Z</time>
        <extensions>
          <ns3:TrackPointExtension>
            <ns3:atemp>30.0</ns3:atemp>
          </ns3:TrackPointExtension>
        </extensions>
      </trkpt>
      <trkpt lat="45.62550027854740619659423828125" lon="6.6048506833612918853759765625">
        <ele>1931</ele>
        <time>2025-05-30T10:41:53.000Z</time>
        <extensions>
          <ns3:TrackPointExtension>
            <ns3:atemp>30.0</ns3:atemp>
          </ns3:TrackPointExtension>
        </extensions>
      </trkpt>
      <trkpt lat="45.62542517669498920440673828125" lon="6.60489954985678195953369140625">
        <ele>1932</ele>
        <time>2025-05-30T10:41:57.000Z</time>
        <extensions>
          <ns3:TrackPointExtension>
            <ns3:atemp>30.0</ns3:atemp>
          </ns3:TrackPointExtension>
        </extensions>
      </trkpt>
      <trkpt lat="45.625333227217197418212890625" lon="6.60495914518833160400390625">
        <ele>1933</ele>
        <time>2025-05-30T10:42:02.000Z</time>
        <extensions>
          <ns3:TrackPointExtension>
            <ns3:atemp>30.0</ns3:atemp>
          </ns3:TrackPointExtension>
        </extensions>
      </trkpt>
      <trkpt lat="45.625270195305347442626953125" lon="6.60498169250786304473876953125">
        <ele>1933.5999755859375</ele>
        <time>2025-05-30T10:42:05.000Z</time>
        <extensions>
          <ns3:TrackPointExtension>
            <ns3:atemp>30.0</ns3:atemp>
          </ns3:TrackPointExtension>
        </extensions>
      </trkpt>
      <trkpt lat="45.625249408185482025146484375" lon="6.604987643659114837646484375">
        <ele>1934.199951171875</ele>
        <time>2025-05-30T10:42:06.000Z</time>
        <extensions>
          <ns3:TrackPointExtension>
            <ns3:atemp>30.0</ns3:atemp>
          </ns3:TrackPointExtension>
        </extensions>
      </trkpt>
      <trkpt lat="45.62514689750969409942626953125" lon="6.6050215065479278564453125">
        <ele>1935.199951171875</ele>
        <time>2025-05-30T10:42:11.000Z</time>
        <extensions>
          <ns3:TrackPointExtension>
            <ns3:atemp>30.0</ns3:atemp>
          </ns3:TrackPointExtension>
        </extensions>
      </trkpt>
      <trkpt lat="45.62510465271770954132080078125" lon="6.60502058453857898712158203125">
        <ele>1935.5999755859375</ele>
        <time>2025-05-30T10:42:13.000Z</time>
        <extensions>
          <ns3:TrackPointExtension>
            <ns3:atemp>30.0</ns3:atemp>
          </ns3:TrackPointExtension>
        </extensions>
      </trkpt>
      <trkpt lat="45.6250311434268951416015625" lon="6.60502209328114986419677734375">
        <ele>1936.199951171875</ele>
        <time>2025-05-30T10:42:17.000Z</time>
        <extensions>
          <ns3:TrackPointExtension>
            <ns3:atemp>30.0</ns3:atemp>
          </ns3:TrackPointExtension>
        </extensions>
      </trkpt>
      <trkpt lat="45.62498009763658046722412109375" lon="6.60499133169651031494140625">
        <ele>1936.800048828125</ele>
        <time>2025-05-30T10:42:20.000Z</time>
        <extensions>
          <ns3:TrackPointExtension>
            <ns3:atemp>30.0</ns3:atemp>
          </ns3:TrackPointExtension>
        </extensions>
      </trkpt>
      <trkpt lat="45.62494740821421146392822265625" lon="6.60496995784342288970947265625">
        <ele>1937.4000244140625</ele>
        <time>2025-05-30T10:42:22.000Z</time>
        <extensions>
          <ns3:TrackPointExtension>
            <ns3:atemp>30.0</ns3:atemp>
          </ns3:TrackPointExtension>
        </extensions>
      </trkpt>
      <trkpt lat="45.62486761249601840972900390625" lon="6.60494171082973480224609375">
        <ele>1938.4000244140625</ele>
        <time>2025-05-30T10:42:26.000Z</time>
        <extensions>
          <ns3:TrackPointExtension>
            <ns3:atemp>30.0</ns3:atemp>
          </ns3:TrackPointExtension>
        </extensions>
      </trkpt>
      <trkpt lat="45.6248448975384235382080078125" lon="6.6049378551542758941650390625">
        <ele>1938.5999755859375</ele>
        <time>2025-05-30T10:42:27.000Z</time>
        <extensions>
          <ns3:TrackPointExtension>
            <ns3:atemp>30.0</ns3:atemp>
          </ns3:TrackPointExtension>
        </extensions>
      </trkpt>
      <trkpt lat="45.6248217634856700897216796875" lon="6.6049408726394176483154296875">
        <ele>1938.5999755859375</ele>
        <time>2025-05-30T10:42:28.000Z</time>
        <extensions>
          <ns3:TrackPointExtension>
            <ns3:atemp>30.0</ns3:atemp>
          </ns3:TrackPointExtension>
        </extensions>
      </trkpt>
      <trkpt lat="45.6247570551931858062744140625" lon="6.60493609495460987091064453125">
        <ele>1939</ele>
        <time>2025-05-30T10:42:31.000Z</time>
        <extensions>
          <ns3:TrackPointExtension>
            <ns3:atemp>30.0</ns3:atemp>
          </ns3:TrackPointExtension>
        </extensions>
      </trkpt>
      <trkpt lat="45.62473484314978122711181640625" lon="6.6049365140497684478759765625">
        <ele>1939.199951171875</ele>
        <time>2025-05-30T10:42:32.000Z</time>
        <extensions>
          <ns3:TrackPointExtension>
            <ns3:atemp>30.0</ns3:atemp>
          </ns3:TrackPointExtension>
        </extensions>
      </trkpt>
      <trkpt lat="45.6247119605541229248046875" lon="6.604944728314876556396484375">
        <ele>1939.5999755859375</ele>
        <time>2025-05-30T10:42:33.000Z</time>
        <extensions>
          <ns3:TrackPointExtension>
            <ns3:atemp>30.0</ns3:atemp>
          </ns3:TrackPointExtension>
        </extensions>
      </trkpt>
      <trkpt lat="45.62464012764394283294677734375" lon="6.6049670241773128509521484375">
        <ele>1940</ele>
        <time>2025-05-30T10:42:36.000Z</time>
        <extensions>
          <ns3:TrackPointExtension>
            <ns3:atemp>30.0</ns3:atemp>
          </ns3:TrackPointExtension>
        </extensions>
      </trkpt>
      <trkpt lat="45.6245773471891880035400390625" lon="6.604989655315876007080078125">
        <ele>1940.5999755859375</ele>
        <time>2025-05-30T10:42:39.000Z</time>
        <extensions>
          <ns3:TrackPointExtension>
            <ns3:atemp>30.0</ns3:atemp>
          </ns3:TrackPointExtension>
        </extensions>
      </trkpt>
      <trkpt lat="45.6245320849120616912841796875" lon="6.60499862395226955413818359375">
        <ele>1940.800048828125</ele>
        <time>2025-05-30T10:42:41.000Z</time>
        <extensions>
          <ns3:TrackPointExtension>
            <ns3:atemp>30.0</ns3:atemp>
          </ns3:TrackPointExtension>
        </extensions>
      </trkpt>
      <trkpt lat="45.6244740821421146392822265625" lon="6.604966185986995697021484375">
        <ele>1941.199951171875</ele>
        <time>2025-05-30T10:42:44.000Z</time>
        <extensions>
          <ns3:TrackPointExtension>
            <ns3:atemp>30.0</ns3:atemp>
          </ns3:TrackPointExtension>
        </extensions>
      </trkpt>
      <trkpt lat="45.6244298256933689117431640625" lon="6.604964844882488250732421875">
        <ele>1941.800048828125</ele>
        <time>2025-05-30T10:42:46.000Z</time>
        <extensions>
          <ns3:TrackPointExtension>
            <ns3:atemp>30.0</ns3:atemp>
          </ns3:TrackPointExtension>
        </extensions>
      </trkpt>
      <trkpt lat="45.6243396364152431488037109375" lon="6.60494229756295680999755859375">
        <ele>1942.4000244140625</ele>
        <time>2025-05-30T10:42:50.000Z</time>
        <extensions>
          <ns3:TrackPointExtension>
            <ns3:atemp>30.0</ns3:atemp>
          </ns3:TrackPointExtension>
        </extensions>
      </trkpt>
      <trkpt lat="45.62429898418486118316650390625" lon="6.6049267910420894622802734375">
        <ele>1942.5999755859375</ele>
        <time>2025-05-30T10:42:52.000Z</time>
        <extensions>
          <ns3:TrackPointExtension>
            <ns3:atemp>30.0</ns3:atemp>
          </ns3:TrackPointExtension>
        </extensions>
      </trkpt>
      <trkpt lat="45.62420058064162731170654296875" lon="6.6048818640410900115966796875">
        <ele>1943.800048828125</ele>
        <time>2025-05-30T10:42:57.000Z</time>
        <extensions>
          <ns3:TrackPointExtension>
            <ns3:atemp>30.0</ns3:atemp>
          </ns3:TrackPointExtension>
        </extensions>
      </trkpt>
      <trkpt lat="45.624066889286041259765625" lon="6.60482461564242839813232421875">
        <ele>1944.800048828125</ele>
        <time>2025-05-30T10:43:03.000Z</time>
        <extensions>
          <ns3:TrackPointExtension>
            <ns3:atemp>30.0</ns3:atemp>
          </ns3:TrackPointExtension>
        </extensions>
      </trkpt>
      <trkpt lat="45.62401659786701202392578125" lon="6.60475102253258228302001953125">
        <ele>1945.800048828125</ele>
        <time>2025-05-30T10:43:06.000Z</time>
        <extensions>
          <ns3:TrackPointExtension>
            <ns3:atemp>30.0</ns3:atemp>
          </ns3:TrackPointExtension>
        </extensions>
      </trkpt>
      <trkpt lat="45.62400679104030132293701171875" lon="6.60472176969051361083984375">
        <ele>1946</ele>
        <time>2025-05-30T10:43:07.000Z</time>
        <extensions>
          <ns3:TrackPointExtension>
            <ns3:atemp>30.0</ns3:atemp>
          </ns3:TrackPointExtension>
        </extensions>
      </trkpt>
      <trkpt lat="45.62396303750574588775634765625" lon="6.604652367532253265380859375">
        <ele>1947</ele>
        <time>2025-05-30T10:43:10.000Z</time>
        <extensions>
          <ns3:TrackPointExtension>
            <ns3:atemp>30.0</ns3:atemp>
          </ns3:TrackPointExtension>
        </extensions>
      </trkpt>
      <trkpt lat="45.62393772415816783905029296875" lon="6.60460350103676319122314453125">
        <ele>1947.5999755859375</ele>
        <time>2025-05-30T10:43:12.000Z</time>
        <extensions>
          <ns3:TrackPointExtension>
            <ns3:atemp>30.0</ns3:atemp>
          </ns3:TrackPointExtension>
        </extensions>
      </trkpt>
      <trkpt lat="45.62389883212745189666748046875" lon="6.6045301593840122222900390625">
        <ele>1948.199951171875</ele>
        <time>2025-05-30T10:43:15.000Z</time>
        <extensions>
          <ns3:TrackPointExtension>
            <ns3:atemp>30.0</ns3:atemp>
          </ns3:TrackPointExtension>
        </extensions>
      </trkpt>
      <trkpt lat="45.62388944439589977264404296875" lon="6.60450543276965618133544921875">
        <ele>1948.4000244140625</ele>
        <time>2025-05-30T10:43:16.000Z</time>
        <extensions>
          <ns3:TrackPointExtension>
            <ns3:atemp>30.0</ns3:atemp>
          </ns3:TrackPointExtension>
        </extensions>
      </trkpt>
      <trkpt lat="45.62388114631175994873046875" lon="6.60447693429887294769287109375">
        <ele>1948.5999755859375</ele>
        <time>2025-05-30T10:43:17.000Z</time>
        <extensions>
          <ns3:TrackPointExtension>
            <ns3:atemp>30.0</ns3:atemp>
          </ns3:TrackPointExtension>
        </extensions>
      </trkpt>
      <trkpt lat="45.62386505305767059326171875" lon="6.604384481906890869140625">
        <ele>1949</ele>
        <time>2025-05-30T10:43:20.000Z</time>
        <extensions>
          <ns3:TrackPointExtension>
            <ns3:atemp>30.0</ns3:atemp>
          </ns3:TrackPointExtension>
        </extensions>
      </trkpt>
      <trkpt lat="45.6238454394042491912841796875" lon="6.6042431630194187164306640625">
        <ele>1950</ele>
        <time>2025-05-30T10:43:24.000Z</time>
        <extensions>
          <ns3:TrackPointExtension>
            <ns3:atemp>30.0</ns3:atemp>
          </ns3:TrackPointExtension>
        </extensions>
      </trkpt>
      <trkpt lat="45.62383915297687053680419921875" lon="6.60421256907284259796142578125">
        <ele>1950.199951171875</ele>
        <time>2025-05-30T10:43:25.000Z</time>
        <extensions>
          <ns3:TrackPointExtension>
            <ns3:atemp>30.0</ns3:atemp>
          </ns3:TrackPointExtension>
        </extensions>
      </trkpt>
      <trkpt lat="45.62378131784498691558837890625" lon="6.60406739450991153717041015625">
        <ele>1951.5999755859375</ele>
        <time>2025-05-30T10:43:30.000Z</time>
        <extensions>
          <ns3:TrackPointExtension>
            <ns3:atemp>30.0</ns3:atemp>
          </ns3:TrackPointExtension>
        </extensions>
      </trkpt>
      <trkpt lat="45.62374971807003021240234375" lon="6.60398508422076702117919921875">
        <ele>1952</ele>
        <time>2025-05-30T10:43:33.000Z</time>
        <extensions>
          <ns3:TrackPointExtension>
            <ns3:atemp>30.0</ns3:atemp>
          </ns3:TrackPointExtension>
        </extensions>
      </trkpt>
      <trkpt lat="45.62370386905968189239501953125" lon="6.60386773757636547088623046875">
        <ele>1952.5999755859375</ele>
        <time>2025-05-30T10:43:37.000Z</time>
        <extensions>
          <ns3:TrackPointExtension>
            <ns3:atemp>30.0</ns3:atemp>
          </ns3:TrackPointExtension>
        </extensions>
      </trkpt>
      <trkpt lat="45.62368341721594333648681640625" lon="6.60381308756768703460693359375">
        <ele>1952.5999755859375</ele>
        <time>2025-05-30T10:43:39.000Z</time>
        <extensions>
          <ns3:TrackPointExtension>
            <ns3:atemp>30.0</ns3:atemp>
          </ns3:TrackPointExtension>
        </extensions>
      </trkpt>
      <trkpt lat="45.623619295656681060791015625" lon="6.6036990098655223846435546875">
        <ele>1953.5999755859375</ele>
        <time>2025-05-30T10:43:44.000Z</time>
        <extensions>
          <ns3:TrackPointExtension>
            <ns3:atemp>30.0</ns3:atemp>
          </ns3:TrackPointExtension>
        </extensions>
      </trkpt>
      <trkpt lat="45.6235996820032596588134765625" lon="6.6036832518875598907470703125">
        <ele>1953.800048828125</ele>
        <time>2025-05-30T10:43:45.000Z</time>
        <extensions>
          <ns3:TrackPointExtension>
            <ns3:atemp>30.0</ns3:atemp>
          </ns3:TrackPointExtension>
        </extensions>
      </trkpt>
      <trkpt lat="45.6235451996326446533203125" lon="6.6036482155323028564453125">
        <ele>1954.800048828125</ele>
        <time>2025-05-30T10:43:48.000Z</time>
        <extensions>
          <ns3:TrackPointExtension>
            <ns3:atemp>30.0</ns3:atemp>
          </ns3:TrackPointExtension>
        </extensions>
      </trkpt>
      <trkpt lat="45.62349088490009307861328125" lon="6.60357286222279071807861328125">
        <ele>1955.5999755859375</ele>
        <time>2025-05-30T10:43:52.000Z</time>
        <extensions>
          <ns3:TrackPointExtension>
            <ns3:atemp>30.0</ns3:atemp>
          </ns3:TrackPointExtension>
        </extensions>
      </trkpt>
      <trkpt lat="45.62343816272914409637451171875" lon="6.6035234928131103515625">
        <ele>1956</ele>
        <time>2025-05-30T10:43:55.000Z</time>
        <extensions>
          <ns3:TrackPointExtension>
            <ns3:atemp>30.0</ns3:atemp>
          </ns3:TrackPointExtension>
        </extensions>
      </trkpt>
      <trkpt lat="45.6233891285955905914306640625" lon="6.60346473567187786102294921875">
        <ele>1956.5999755859375</ele>
        <time>2025-05-30T10:43:58.000Z</time>
        <extensions>
          <ns3:TrackPointExtension>
            <ns3:atemp>30.0</ns3:atemp>
          </ns3:TrackPointExtension>
        </extensions>
      </trkpt>
      <trkpt lat="45.62334210611879825592041015625" lon="6.60339633934199810028076171875">
        <ele>1957.199951171875</ele>
        <time>2025-05-30T10:44:01.000Z</time>
        <extensions>
          <ns3:TrackPointExtension>
            <ns3:atemp>30.0</ns3:atemp>
          </ns3:TrackPointExtension>
        </extensions>
      </trkpt>
      <trkpt lat="45.623280666768550872802734375" lon="6.6032970137894153594970703125">
        <ele>1958.199951171875</ele>
        <time>2025-05-30T10:44:05.000Z</time>
        <extensions>
          <ns3:TrackPointExtension>
            <ns3:atemp>30.0</ns3:atemp>
          </ns3:TrackPointExtension>
        </extensions>
      </trkpt>
      <trkpt lat="45.62318804673850536346435546875" lon="6.60317673347890377044677734375">
        <ele>1959.199951171875</ele>
        <time>2025-05-30T10:44:11.000Z</time>
        <extensions>
          <ns3:TrackPointExtension>
            <ns3:atemp>30.0</ns3:atemp>
          </ns3:TrackPointExtension>
        </extensions>
      </trkpt>
      <trkpt lat="45.62317279167473316192626953125" lon="6.60315393470227718353271484375">
        <ele>1959.800048828125</ele>
        <time>2025-05-30T10:44:12.000Z</time>
        <extensions>
          <ns3:TrackPointExtension>
            <ns3:atemp>30.0</ns3:atemp>
          </ns3:TrackPointExtension>
        </extensions>
      </trkpt>
      <trkpt lat="45.62314446084201335906982421875" lon="6.6031166352331638336181640625">
        <ele>1960.4000244140625</ele>
        <time>2025-05-30T10:44:14.000Z</time>
        <extensions>
          <ns3:TrackPointExtension>
            <ns3:atemp>30.0</ns3:atemp>
          </ns3:TrackPointExtension>
        </extensions>
      </trkpt>
      <trkpt lat="45.62313138507306575775146484375" lon="6.60307145677506923675537109375">
        <ele>1960.800048828125</ele>
        <time>2025-05-30T10:44:16.000Z</time>
        <extensions>
          <ns3:TrackPointExtension>
            <ns3:atemp>30.0</ns3:atemp>
          </ns3:TrackPointExtension>
        </extensions>
      </trkpt>
      <trkpt lat="45.623107664287090301513671875" lon="6.6029875539243221282958984375">
        <ele>1961.199951171875</ele>
        <time>2025-05-30T10:44:19.000Z</time>
        <extensions>
          <ns3:TrackPointExtension>
            <ns3:atemp>30.0</ns3:atemp>
          </ns3:TrackPointExtension>
        </extensions>
      </trkpt>
      <trkpt lat="45.623066425323486328125" lon="6.60288512706756591796875">
        <ele>1962</ele>
        <time>2025-05-30T10:44:23.000Z</time>
        <extensions>
          <ns3:TrackPointExtension>
            <ns3:atemp>30.0</ns3:atemp>
          </ns3:TrackPointExtension>
        </extensions>
      </trkpt>
      <trkpt lat="45.62305058352649211883544921875" lon="6.6028396971523761749267578125">
        <ele>1962.5999755859375</ele>
        <time>2025-05-30T10:44:25.000Z</time>
        <extensions>
          <ns3:TrackPointExtension>
            <ns3:atemp>30.0</ns3:atemp>
          </ns3:TrackPointExtension>
        </extensions>
      </trkpt>
      <trkpt lat="45.62304069288074970245361328125" lon="6.60278513096272945404052734375">
        <ele>1963.199951171875</ele>
        <time>2025-05-30T10:44:27.000Z</time>
        <extensions>
          <ns3:TrackPointExtension>
            <ns3:atemp>30.0</ns3:atemp>
          </ns3:TrackPointExtension>
        </extensions>
      </trkpt>
      <trkpt lat="45.62303482554852962493896484375" lon="6.60275378264486789703369140625">
        <ele>1963.4000244140625</ele>
        <time>2025-05-30T10:44:28.000Z</time>
        <extensions>
          <ns3:TrackPointExtension>
            <ns3:atemp>30.0</ns3:atemp>
          </ns3:TrackPointExtension>
        </extensions>
      </trkpt>
      <trkpt lat="45.62302552163600921630859375" lon="6.60268404521048069000244140625">
        <ele>1963.800048828125</ele>
        <time>2025-05-30T10:44:30.000Z</time>
        <extensions>
          <ns3:TrackPointExtension>
            <ns3:atemp>30.0</ns3:atemp>
          </ns3:TrackPointExtension>
        </extensions>
      </trkpt>
      <trkpt lat="45.6230005435645580291748046875" lon="6.60251070745289325714111328125">
        <ele>1965</ele>
        <time>2025-05-30T10:44:35.000Z</time>
        <extensions>
          <ns3:TrackPointExtension>
            <ns3:atemp>30.0</ns3:atemp>
          </ns3:TrackPointExtension>
        </extensions>
      </trkpt>
      <trkpt lat="45.62298201955854892730712890625" lon="6.602446921169757843017578125">
        <ele>1965</ele>
        <time>2025-05-30T10:44:37.000Z</time>
        <extensions>
          <ns3:TrackPointExtension>
            <ns3:atemp>30.0</ns3:atemp>
          </ns3:TrackPointExtension>
        </extensions>
      </trkpt>
      <trkpt lat="45.62298185192048549652099609375" lon="6.60241984762251377105712890625">
        <ele>1965</ele>
        <time>2025-05-30T10:44:38.000Z</time>
        <extensions>
          <ns3:TrackPointExtension>
            <ns3:atemp>30.0</ns3:atemp>
          </ns3:TrackPointExtension>
        </extensions>
      </trkpt>
      <trkpt lat="45.6229693628847599029541015625" lon="6.60231289453804492950439453125">
        <ele>1966</ele>
        <time>2025-05-30T10:44:41.000Z</time>
        <extensions>
          <ns3:TrackPointExtension>
            <ns3:atemp>30.0</ns3:atemp>
          </ns3:TrackPointExtension>
        </extensions>
      </trkpt>
      <trkpt lat="45.62295217998325824737548828125" lon="6.60214425064623355865478515625">
        <ele>1967</ele>
        <time>2025-05-30T10:44:46.000Z</time>
        <extensions>
          <ns3:TrackPointExtension>
            <ns3:atemp>30.0</ns3:atemp>
          </ns3:TrackPointExtension>
        </extensions>
      </trkpt>
      <trkpt lat="45.622877664864063262939453125" lon="6.601958759129047393798828125">
        <ele>1968</ele>
        <time>2025-05-30T10:44:52.000Z</time>
        <extensions>
          <ns3:TrackPointExtension>
            <ns3:atemp>30.0</ns3:atemp>
          </ns3:TrackPointExtension>
        </extensions>
      </trkpt>
      <trkpt lat="45.6228463165462017059326171875" lon="6.601907126605510711669921875">
        <ele>1968.4000244140625</ele>
        <time>2025-05-30T10:44:54.000Z</time>
        <extensions>
          <ns3:TrackPointExtension>
            <ns3:atemp>30.0</ns3:atemp>
          </ns3:TrackPointExtension>
        </extensions>
      </trkpt>
      <trkpt lat="45.62279745005071163177490234375" lon="6.601832695305347442626953125">
        <ele>1969.199951171875</ele>
        <time>2025-05-30T10:44:57.000Z</time>
        <extensions>
          <ns3:TrackPointExtension>
            <ns3:atemp>30.0</ns3:atemp>
          </ns3:TrackPointExtension>
        </extensions>
      </trkpt>
      <trkpt lat="45.62273073010146617889404296875" lon="6.601750552654266357421875">
        <ele>1970.4000244140625</ele>
        <time>2025-05-30T10:45:01.000Z</time>
        <extensions>
          <ns3:TrackPointExtension>
            <ns3:atemp>30.0</ns3:atemp>
          </ns3:TrackPointExtension>
        </extensions>
      </trkpt>
      <trkpt lat="45.62271170318126678466796875" lon="6.6017349623143672943115234375">
        <ele>1970.5999755859375</ele>
        <time>2025-05-30T10:45:02.000Z</time>
        <extensions>
          <ns3:TrackPointExtension>
            <ns3:atemp>30.0</ns3:atemp>
          </ns3:TrackPointExtension>
        </extensions>
      </trkpt>
      <trkpt lat="45.62264724634587764739990234375" lon="6.6017017699778079986572265625">
        <ele>1971.5999755859375</ele>
        <time>2025-05-30T10:45:05.000Z</time>
        <extensions>
          <ns3:TrackPointExtension>
            <ns3:atemp>30.0</ns3:atemp>
          </ns3:TrackPointExtension>
        </extensions>
      </trkpt>
      <trkpt lat="45.62258622609078884124755859375" lon="6.6017041169106960296630859375">
        <ele>1972.199951171875</ele>
        <time>2025-05-30T10:45:08.000Z</time>
        <extensions>
          <ns3:TrackPointExtension>
            <ns3:atemp>30.0</ns3:atemp>
          </ns3:TrackPointExtension>
        </extensions>
      </trkpt>
      <trkpt lat="45.62254079617559909820556640625" lon="6.60172012634575366973876953125">
        <ele>1972.800048828125</ele>
        <time>2025-05-30T10:45:10.000Z</time>
        <extensions>
          <ns3:TrackPointExtension>
            <ns3:atemp>30.0</ns3:atemp>
          </ns3:TrackPointExtension>
        </extensions>
      </trkpt>
      <trkpt lat="45.6224637664854526519775390625" lon="6.60179288126528263092041015625">
        <ele>1974</ele>
        <time>2025-05-30T10:45:14.000Z</time>
        <extensions>
          <ns3:TrackPointExtension>
            <ns3:atemp>30.0</ns3:atemp>
          </ns3:TrackPointExtension>
        </extensions>
      </trkpt>
      <trkpt lat="45.62234985642135143280029296875" lon="6.6019128262996673583984375">
        <ele>1975</ele>
        <time>2025-05-30T10:45:20.000Z</time>
        <extensions>
          <ns3:TrackPointExtension>
            <ns3:atemp>30.0</ns3:atemp>
          </ns3:TrackPointExtension>
        </extensions>
      </trkpt>
      <trkpt lat="45.62233082950115203857421875" lon="6.60192866809666156768798828125">
        <ele>1975.4000244140625</ele>
        <time>2025-05-30T10:45:21.000Z</time>
        <extensions>
          <ns3:TrackPointExtension>
            <ns3:atemp>30.0</ns3:atemp>
          </ns3:TrackPointExtension>
        </extensions>
      </trkpt>
      <trkpt lat="45.6222538836300373077392578125" lon="6.601991616189479827880859375">
        <ele>1976.199951171875</ele>
        <time>2025-05-30T10:45:25.000Z</time>
        <extensions>
          <ns3:TrackPointExtension>
            <ns3:atemp>30.0</ns3:atemp>
          </ns3:TrackPointExtension>
        </extensions>
      </trkpt>
      <trkpt lat="45.6222538836300373077392578125" lon="6.601991616189479827880859375">
        <ele>1976.5999755859375</ele>
        <time>2025-05-30T10:45:26.000Z</time>
        <extensions>
          <ns3:TrackPointExtension>
            <ns3:atemp>30.0</ns3:atemp>
          </ns3:TrackPointExtension>
        </extensions>
      </trkpt>
      <trkpt lat="45.6221720762550830841064453125" lon="6.60210301168262958526611328125">
        <ele>1977.5999755859375</ele>
        <time>2025-05-30T10:45:30.000Z</time>
        <extensions>
          <ns3:TrackPointExtension>
            <ns3:atemp>30.0</ns3:atemp>
          </ns3:TrackPointExtension>
        </extensions>
      </trkpt>
      <trkpt lat="45.6221338547766208648681640625" lon="6.60214123316109180450439453125">
        <ele>1978</ele>
        <time>2025-05-30T10:45:32.000Z</time>
        <extensions>
          <ns3:TrackPointExtension>
            <ns3:atemp>30.0</ns3:atemp>
          </ns3:TrackPointExtension>
        </extensions>
      </trkpt>
      <trkpt lat="45.6221021711826324462890625" lon="6.602187417447566986083984375">
        <ele>1978.199951171875</ele>
        <time>2025-05-30T10:45:34.000Z</time>
        <extensions>
          <ns3:TrackPointExtension>
            <ns3:atemp>30.0</ns3:atemp>
          </ns3:TrackPointExtension>
        </extensions>
      </trkpt>
      <trkpt lat="45.622049868106842041015625" lon="6.602251119911670684814453125">
        <ele>1978.800048828125</ele>
        <time>2025-05-30T10:45:37.000Z</time>
        <extensions>
          <ns3:TrackPointExtension>
            <ns3:atemp>30.0</ns3:atemp>
          </ns3:TrackPointExtension>
        </extensions>
      </trkpt>
      <trkpt lat="45.62192975543439388275146484375" lon="6.6023669578135013580322265625">
        <ele>1979.5999755859375</ele>
        <time>2025-05-30T10:45:43.000Z</time>
        <extensions>
          <ns3:TrackPointExtension>
            <ns3:atemp>30.0</ns3:atemp>
          </ns3:TrackPointExtension>
        </extensions>
      </trkpt>
      <trkpt lat="45.6218451820313930511474609375" lon="6.6024296544492244720458984375">
        <ele>1980.5999755859375</ele>
        <time>2025-05-30T10:45:48.000Z</time>
        <extensions>
          <ns3:TrackPointExtension>
            <ns3:atemp>30.0</ns3:atemp>
          </ns3:TrackPointExtension>
        </extensions>
      </trkpt>
      <trkpt lat="45.6218300946056842803955078125" lon="6.6024420596659183502197265625">
        <ele>1980.800048828125</ele>
        <time>2025-05-30T10:45:49.000Z</time>
        <extensions>
          <ns3:TrackPointExtension>
            <ns3:atemp>30.0</ns3:atemp>
          </ns3:TrackPointExtension>
        </extensions>
      </trkpt>
      <trkpt lat="45.6217573396861553192138671875" lon="6.602473072707653045654296875">
        <ele>1981</ele>
        <time>2025-05-30T10:45:53.000Z</time>
        <extensions>
          <ns3:TrackPointExtension>
            <ns3:atemp>30.0</ns3:atemp>
          </ns3:TrackPointExtension>
        </extensions>
      </trkpt>
      <trkpt lat="45.62162867747247219085693359375" lon="6.60251431167125701904296875">
        <ele>1981.5999755859375</ele>
        <time>2025-05-30T10:45:59.000Z</time>
        <extensions>
          <ns3:TrackPointExtension>
            <ns3:atemp>30.0</ns3:atemp>
          </ns3:TrackPointExtension>
        </extensions>
      </trkpt>
      <trkpt lat="45.62161191366612911224365234375" lon="6.60251104272902011871337890625">
        <ele>1981.800048828125</ele>
        <time>2025-05-30T10:46:00.000Z</time>
        <extensions>
          <ns3:TrackPointExtension>
            <ns3:atemp>30.0</ns3:atemp>
          </ns3:TrackPointExtension>
        </extensions>
      </trkpt>
      <trkpt lat="45.62156095169484615325927734375" lon="6.6025040857493877410888671875">
        <ele>1982.5999755859375</ele>
        <time>2025-05-30T10:46:03.000Z</time>
        <extensions>
          <ns3:TrackPointExtension>
            <ns3:atemp>30.0</ns3:atemp>
          </ns3:TrackPointExtension>
        </extensions>
      </trkpt>
      <trkpt lat="45.62152683734893798828125" lon="6.602485813200473785400390625">
        <ele>1983.199951171875</ele>
        <time>2025-05-30T10:46:05.000Z</time>
        <extensions>
          <ns3:TrackPointExtension>
            <ns3:atemp>30.0</ns3:atemp>
          </ns3:TrackPointExtension>
        </extensions>
      </trkpt>
      <trkpt lat="45.6214847601950168609619140625" lon="6.6024437360465526580810546875">
        <ele>1984</ele>
        <time>2025-05-30T10:46:08.000Z</time>
        <extensions>
          <ns3:TrackPointExtension>
            <ns3:atemp>30.0</ns3:atemp>
          </ns3:TrackPointExtension>
        </extensions>
      </trkpt>
      <trkpt lat="45.62140035443007946014404296875" lon="6.6023780219256877899169921875">
        <ele>1985.199951171875</ele>
        <time>2025-05-30T10:46:12.000Z</time>
        <extensions>
          <ns3:TrackPointExtension>
            <ns3:atemp>30.0</ns3:atemp>
          </ns3:TrackPointExtension>
        </extensions>
      </trkpt>
      <trkpt lat="45.62135173939168453216552734375" lon="6.602361090481281280517578125">
        <ele>1985.800048828125</ele>
        <time>2025-05-30T10:46:14.000Z</time>
        <extensions>
          <ns3:TrackPointExtension>
            <ns3:atemp>30.0</ns3:atemp>
          </ns3:TrackPointExtension>
        </extensions>
      </trkpt>
      <trkpt lat="45.62130815349519252777099609375" lon="6.60235547460615634918212890625">
        <ele>1986.5999755859375</ele>
        <time>2025-05-30T10:46:16.000Z</time>
        <extensions>
          <ns3:TrackPointExtension>
            <ns3:atemp>30.0</ns3:atemp>
          </ns3:TrackPointExtension>
        </extensions>
      </trkpt>
      <trkpt lat="45.62119885347783565521240234375" lon="6.60232546739280223846435546875">
        <ele>1987.800048828125</ele>
        <time>2025-05-30T10:46:21.000Z</time>
        <extensions>
          <ns3:TrackPointExtension>
            <ns3:atemp>30.0</ns3:atemp>
          </ns3:TrackPointExtension>
        </extensions>
      </trkpt>
      <trkpt lat="45.62118041329085826873779296875" lon="6.6023163311183452606201171875">
        <ele>1987.800048828125</ele>
        <time>2025-05-30T10:46:22.000Z</time>
        <extensions>
          <ns3:TrackPointExtension>
            <ns3:atemp>30.0</ns3:atemp>
          </ns3:TrackPointExtension>
        </extensions>
      </trkpt>
      <trkpt lat="45.62116633169353008270263671875" lon="6.60230887122452259063720703125">
        <ele>1988</ele>
        <time>2025-05-30T10:46:23.000Z</time>
        <extensions>
          <ns3:TrackPointExtension>
            <ns3:atemp>30.0</ns3:atemp>
          </ns3:TrackPointExtension>
        </extensions>
      </trkpt>
      <trkpt lat="45.62115040607750415802001953125" lon="6.60229302942752838134765625">
        <ele>1988.5999755859375</ele>
        <time>2025-05-30T10:46:25.000Z</time>
        <extensions>
          <ns3:TrackPointExtension>
            <ns3:atemp>30.0</ns3:atemp>
          </ns3:TrackPointExtension>
        </extensions>
      </trkpt>
      <trkpt lat="45.6211350671947002410888671875" lon="6.60229437053203582763671875">
        <ele>1989.199951171875</ele>
        <time>2025-05-30T10:46:42.000Z</time>
        <extensions>
          <ns3:TrackPointExtension>
            <ns3:atemp>30.0</ns3:atemp>
          </ns3:TrackPointExtension>
        </extensions>
      </trkpt>
      <trkpt lat="45.62108150683343410491943359375" lon="6.60223443992435932159423828125">
        <ele>1989.5999755859375</ele>
        <time>2025-05-30T10:46:49.000Z</time>
        <extensions>
          <ns3:TrackPointExtension>
            <ns3:atemp>30.0</ns3:atemp>
          </ns3:TrackPointExtension>
        </extensions>
      </trkpt>
      <trkpt lat="45.621063150465488433837890625" lon="6.6022147424519062042236328125">
        <ele>1989.800048828125</ele>
        <time>2025-05-30T10:46:51.000Z</time>
        <extensions>
          <ns3:TrackPointExtension>
            <ns3:atemp>30.0</ns3:atemp>
          </ns3:TrackPointExtension>
        </extensions>
      </trkpt>
      <trkpt lat="45.62103264033794403076171875" lon="6.6022043488919734954833984375">
        <ele>1990</ele>
        <time>2025-05-30T10:46:54.000Z</time>
        <extensions>
          <ns3:TrackPointExtension>
            <ns3:atemp>30.0</ns3:atemp>
          </ns3:TrackPointExtension>
        </extensions>
      </trkpt>
      <trkpt lat="45.62102258205413818359375" lon="6.60219957120716571807861328125">
        <ele>1990.199951171875</ele>
        <time>2025-05-30T10:46:55.000Z</time>
        <extensions>
          <ns3:TrackPointExtension>
            <ns3:atemp>30.0</ns3:atemp>
          </ns3:TrackPointExtension>
        </extensions>
      </trkpt>
      <trkpt lat="45.620993077754974365234375" lon="6.60217098891735076904296875">
        <ele>1990.800048828125</ele>
        <time>2025-05-30T10:47:01.000Z</time>
        <extensions>
          <ns3:TrackPointExtension>
            <ns3:atemp>30.0</ns3:atemp>
          </ns3:TrackPointExtension>
        </extensions>
      </trkpt>
      <trkpt lat="45.621004812419414520263671875" lon="6.60220057703554630279541015625">
        <ele>1990.800048828125</ele>
        <time>2025-05-30T10:47:22.000Z</time>
        <extensions>
          <ns3:TrackPointExtension>
            <ns3:atemp>30.0</ns3:atemp>
          </ns3:TrackPointExtension>
        </extensions>
      </trkpt>
      <trkpt lat="45.621004812419414520263671875" lon="6.60220057703554630279541015625">
        <ele>1990.800048828125</ele>
        <time>2025-05-30T10:47:24.000Z</time>
        <extensions>
          <ns3:TrackPointExtension>
            <ns3:atemp>30.0</ns3:atemp>
          </ns3:TrackPointExtension>
        </extensions>
      </trkpt>
      <trkpt lat="45.621004812419414520263671875" lon="6.60220057703554630279541015625">
        <ele>1990.800048828125</ele>
        <time>2025-05-30T10:47:27.000Z</time>
        <extensions>
          <ns3:TrackPointExtension>
            <ns3:atemp>30.0</ns3:atemp>
          </ns3:TrackPointExtension>
        </extensions>
      </trkpt>
      <trkpt lat="45.62100858427584171295166015625" lon="6.6022078692913055419921875">
        <ele>1990.800048828125</ele>
        <time>2025-05-30T10:47:29.000Z</time>
        <extensions>
          <ns3:TrackPointExtension>
            <ns3:atemp>30.0</ns3:atemp>
          </ns3:TrackPointExtension>
        </extensions>
      </trkpt>
      <trkpt lat="45.62100313603878021240234375" lon="6.6021956317126750946044921875">
        <ele>1990.800048828125</ele>
        <time>2025-05-30T10:47:31.000Z</time>
        <extensions>
          <ns3:TrackPointExtension>
            <ns3:atemp>30.0</ns3:atemp>
          </ns3:TrackPointExtension>
        </extensions>
      </trkpt>
      <trkpt lat="45.621004141867160797119140625" lon="6.60220929421484470367431640625">
        <ele>1990.800048828125</ele>
        <time>2025-05-30T10:48:41.000Z</time>
        <extensions>
          <ns3:TrackPointExtension>
            <ns3:atemp>30.0</ns3:atemp>
          </ns3:TrackPointExtension>
        </extensions>
      </trkpt>
      <trkpt lat="45.621003806591033935546875" lon="6.602214239537715911865234375">
        <ele>1990.800048828125</ele>
        <time>2025-05-30T10:48:42.000Z</time>
        <extensions>
          <ns3:TrackPointExtension>
            <ns3:atemp>30.0</ns3:atemp>
          </ns3:TrackPointExtension>
        </extensions>
      </trkpt>
      <trkpt lat="45.621003806591033935546875" lon="6.602214239537715911865234375">
        <ele>1990.800048828125</ele>
        <time>2025-05-30T10:48:43.000Z</time>
        <extensions>
          <ns3:TrackPointExtension>
            <ns3:atemp>30.0</ns3:atemp>
          </ns3:TrackPointExtension>
        </extensions>
      </trkpt>
      <trkpt lat="45.62100037001073360443115234375" lon="6.60220158286392688751220703125">
        <ele>1990.800048828125</ele>
        <time>2025-05-30T10:48:46.000Z</time>
        <extensions>
          <ns3:TrackPointExtension>
            <ns3:atemp>30.0</ns3:atemp>
          </ns3:TrackPointExtension>
        </extensions>
      </trkpt>
      <trkpt lat="45.62098310329020023345947265625" lon="6.60214492119848728179931640625">
        <ele>1991</ele>
        <time>2025-05-30T10:48:53.000Z</time>
        <extensions>
          <ns3:TrackPointExtension>
            <ns3:atemp>30.0</ns3:atemp>
          </ns3:TrackPointExtension>
        </extensions>
      </trkpt>
      <trkpt lat="45.6209808401763439178466796875" lon="6.602138467133045196533203125">
        <ele>1991</ele>
        <time>2025-05-30T10:48:54.000Z</time>
        <extensions>
          <ns3:TrackPointExtension>
            <ns3:atemp>30.0</ns3:atemp>
          </ns3:TrackPointExtension>
        </extensions>
      </trkpt>
      <trkpt lat="45.6209677644073963165283203125" lon="6.6021218709647655487060546875">
        <ele>1991.199951171875</ele>
        <time>2025-05-30T10:48:59.000Z</time>
        <extensions>
          <ns3:TrackPointExtension>
            <ns3:atemp>30.0</ns3:atemp>
          </ns3:TrackPointExtension>
        </extensions>
      </trkpt>
      <trkpt lat="45.62095611356198787689208984375" lon="6.60210418514907360076904296875">
        <ele>1991.199951171875</ele>
        <time>2025-05-30T10:49:03.000Z</time>
        <extensions>
          <ns3:TrackPointExtension>
            <ns3:atemp>30.0</ns3:atemp>
          </ns3:TrackPointExtension>
        </extensions>
      </trkpt>
      <trkpt lat="45.6209449656307697296142578125" lon="6.60208809189498424530029296875">
        <ele>1991.4000244140625</ele>
        <time>2025-05-30T10:49:05.000Z</time>
        <extensions>
          <ns3:TrackPointExtension>
            <ns3:atemp>30.0</ns3:atemp>
          </ns3:TrackPointExtension>
        </extensions>
      </trkpt>
      <trkpt lat="45.62093281187117099761962890625" lon="6.60204970277845859527587890625">
        <ele>1992</ele>
        <time>2025-05-30T10:49:37.000Z</time>
        <extensions>
          <ns3:TrackPointExtension>
            <ns3:atemp>31.0</ns3:atemp>
          </ns3:TrackPointExtension>
        </extensions>
      </trkpt>
      <trkpt lat="45.6209271959960460662841796875" lon="6.6020362079143524169921875">
        <ele>1991.800048828125</ele>
        <time>2025-05-30T10:49:38.000Z</time>
        <extensions>
          <ns3:TrackPointExtension>
            <ns3:atemp>31.0</ns3:atemp>
          </ns3:TrackPointExtension>
        </extensions>
      </trkpt>
      <trkpt lat="45.6209127791225910186767578125" lon="6.60201600752770900726318359375">
        <ele>1991.800048828125</ele>
        <time>2025-05-30T10:49:39.000Z</time>
        <extensions>
          <ns3:TrackPointExtension>
            <ns3:atemp>31.0</ns3:atemp>
          </ns3:TrackPointExtension>
        </extensions>
      </trkpt>
      <trkpt lat="45.62082284130156040191650390625" lon="6.6019391454756259918212890625">
        <ele>1992.199951171875</ele>
        <time>2025-05-30T10:49:44.000Z</time>
        <extensions>
          <ns3:TrackPointExtension>
            <ns3:atemp>31.0</ns3:atemp>
          </ns3:TrackPointExtension>
        </extensions>
      </trkpt>
      <trkpt lat="45.6207753159105777740478515625" lon="6.6018090583384037017822265625">
        <ele>1992.800048828125</ele>
        <time>2025-05-30T10:49:48.000Z</time>
        <extensions>
          <ns3:TrackPointExtension>
            <ns3:atemp>31.0</ns3:atemp>
          </ns3:TrackPointExtension>
        </extensions>
      </trkpt>
      <trkpt lat="45.6207582168281078338623046875" lon="6.60171224735677242279052734375">
        <ele>1993.5999755859375</ele>
        <time>2025-05-30T10:49:51.000Z</time>
        <extensions>
          <ns3:TrackPointExtension>
            <ns3:atemp>31.0</ns3:atemp>
          </ns3:TrackPointExtension>
        </extensions>
      </trkpt>
      <trkpt lat="45.620747320353984832763671875" lon="6.6016902029514312744140625">
        <ele>1993.800048828125</ele>
        <time>2025-05-30T10:49:52.000Z</time>
        <extensions>
          <ns3:TrackPointExtension>
            <ns3:atemp>31.0</ns3:atemp>
          </ns3:TrackPointExtension>
        </extensions>
      </trkpt>
      <trkpt lat="45.6206452287733554840087890625" lon="6.6015532426536083221435546875">
        <ele>1995</ele>
        <time>2025-05-30T10:49:57.000Z</time>
        <extensions>
          <ns3:TrackPointExtension>
            <ns3:atemp>31.0</ns3:atemp>
          </ns3:TrackPointExtension>
        </extensions>
      </trkpt>
      <trkpt lat="45.6205583922564983367919921875" lon="6.60147621296346187591552734375">
        <ele>1996</ele>
        <time>2025-05-30T10:50:01.000Z</time>
        <extensions>
          <ns3:TrackPointExtension>
            <ns3:atemp>31.0</ns3:atemp>
          </ns3:TrackPointExtension>
        </extensions>
      </trkpt>
      <trkpt lat="45.6205030716955661773681640625" lon="6.6014218144118785858154296875">
        <ele>1996.800048828125</ele>
        <time>2025-05-30T10:50:04.000Z</time>
        <extensions>
          <ns3:TrackPointExtension>
            <ns3:atemp>31.0</ns3:atemp>
          </ns3:TrackPointExtension>
        </extensions>
      </trkpt>
      <trkpt lat="45.6204849667847156524658203125" lon="6.60140010528266429901123046875">
        <ele>1997</ele>
        <time>2025-05-30T10:50:05.000Z</time>
        <extensions>
          <ns3:TrackPointExtension>
            <ns3:atemp>31.0</ns3:atemp>
          </ns3:TrackPointExtension>
        </extensions>
      </trkpt>
      <trkpt lat="45.6203917600214481353759765625" lon="6.60130337812006473541259765625">
        <ele>1998.199951171875</ele>
        <time>2025-05-30T10:50:10.000Z</time>
        <extensions>
          <ns3:TrackPointExtension>
            <ns3:atemp>31.0</ns3:atemp>
          </ns3:TrackPointExtension>
        </extensions>
      </trkpt>
      <trkpt lat="45.6203149817883968353271484375" lon="6.60123548470437526702880859375">
        <ele>1999.4000244140625</ele>
        <time>2025-05-30T10:50:14.000Z</time>
        <extensions>
          <ns3:TrackPointExtension>
            <ns3:atemp>31.0</ns3:atemp>
          </ns3:TrackPointExtension>
        </extensions>
      </trkpt>
      <trkpt lat="45.62014709226787090301513671875" lon="6.601133309304714202880859375">
        <ele>2000.4000244140625</ele>
        <time>2025-05-30T10:50:21.000Z</time>
        <extensions>
          <ns3:TrackPointExtension>
            <ns3:atemp>31.0</ns3:atemp>
          </ns3:TrackPointExtension>
        </extensions>
      </trkpt>
      <trkpt lat="45.6201238743960857391357421875" lon="6.6011190600693225860595703125">
        <ele>2000.5999755859375</ele>
        <time>2025-05-30T10:50:22.000Z</time>
        <extensions>
          <ns3:TrackPointExtension>
            <ns3:atemp>31.0</ns3:atemp>
          </ns3:TrackPointExtension>
        </extensions>
      </trkpt>
      <trkpt lat="45.62002010643482208251953125" lon="6.6010815091431140899658203125">
        <ele>2001.4000244140625</ele>
        <time>2025-05-30T10:50:27.000Z</time>
        <extensions>
          <ns3:TrackPointExtension>
            <ns3:atemp>31.0</ns3:atemp>
          </ns3:TrackPointExtension>
        </extensions>
      </trkpt>
      <trkpt lat="45.6199807114899158477783203125" lon="6.60105141811072826385498046875">
        <ele>2001.5999755859375</ele>
        <time>2025-05-30T10:50:29.000Z</time>
        <extensions>
          <ns3:TrackPointExtension>
            <ns3:atemp>31.0</ns3:atemp>
          </ns3:TrackPointExtension>
        </extensions>
      </trkpt>
      <trkpt lat="45.61991726048290729522705078125" lon="6.60101772285997867584228515625">
        <ele>2002</ele>
        <time>2025-05-30T10:50:32.000Z</time>
        <extensions>
          <ns3:TrackPointExtension>
            <ns3:atemp>31.0</ns3:atemp>
          </ns3:TrackPointExtension>
        </extensions>
      </trkpt>
      <trkpt lat="45.61982824467122554779052734375" lon="6.6009866259992122650146484375">
        <ele>2002.800048828125</ele>
        <time>2025-05-30T10:50:37.000Z</time>
        <extensions>
          <ns3:TrackPointExtension>
            <ns3:atemp>31.0</ns3:atemp>
          </ns3:TrackPointExtension>
        </extensions>
      </trkpt>
      <trkpt lat="45.6197728402912616729736328125" lon="6.60090708173811435699462890625">
        <ele>2004</ele>
        <time>2025-05-30T10:50:42.000Z</time>
        <extensions>
          <ns3:TrackPointExtension>
            <ns3:atemp>31.0</ns3:atemp>
          </ns3:TrackPointExtension>
        </extensions>
      </trkpt>
      <trkpt lat="45.6197674758732318878173828125" lon="6.60089517943561077117919921875">
        <ele>2004.4000244140625</ele>
        <time>2025-05-30T10:50:43.000Z</time>
        <extensions>
          <ns3:TrackPointExtension>
            <ns3:atemp>31.0</ns3:atemp>
          </ns3:TrackPointExtension>
        </extensions>
      </trkpt>
    </trkseg>
  </trk>
</gpx>
