<?xml version="1.0" encoding="UTF-8"?>
<gpx creator="Garmin Connect" version="1.1"
  xsi:schemaLocation="http://www.topografix.com/GPX/1/1 http://www.topografix.com/GPX/11.xsd"
  xmlns:ns3="http://www.garmin.com/xmlschemas/TrackPointExtension/v1"
  xmlns="http://www.topografix.com/GPX/1/1"
  xmlns:xsi="http://www.w3.org/2001/XMLSchema-instance" xmlns:ns2="http://www.garmin.com/xmlschemas/GpxExtensions/v3">
  <metadata>
    <link href="connect.garmin.com">
      <text>Garmin Connect</text>
    </link>
    <time>2025-07-22T09:50:04.000Z</time>
  </metadata>
  <trk>
    <name>Delemont Gravel bike</name>
    <type>gravel_cycling</type>
    <trkseg>
      <trkpt lat="47.368789874017238616943359375" lon="7.3430512659251689910888671875">
        <ele>459</ele>
        <time>2025-07-22T09:50:04.000Z</time>
        <extensions>
          <ns3:TrackPointExtension>
            <ns3:atemp>28.0</ns3:atemp>
          </ns3:TrackPointExtension>
        </extensions>
      </trkpt>
      <trkpt lat="47.36866791732609272003173828125" lon="7.34281883575022220611572265625">
        <ele>445.600006103515625</ele>
        <time>2025-07-22T09:50:10.000Z</time>
        <extensions>
          <ns3:TrackPointExtension>
            <ns3:atemp>27.0</ns3:atemp>
          </ns3:TrackPointExtension>
        </extensions>
      </trkpt>
      <trkpt lat="47.368573285639286041259765625" lon="7.342583723366260528564453125">
        <ele>445</ele>
        <time>2025-07-22T09:50:15.000Z</time>
        <extensions>
          <ns3:TrackPointExtension>
            <ns3:atemp>27.0</ns3:atemp>
          </ns3:TrackPointExtension>
        </extensions>
      </trkpt>
      <trkpt lat="47.36839952878654003143310546875" lon="7.34235749579966068267822265625">
        <ele>447.79998779296875</ele>
        <time>2025-07-22T09:51:12.000Z</time>
        <extensions>
          <ns3:TrackPointExtension>
            <ns3:atemp>27.0</ns3:atemp>
          </ns3:TrackPointExtension>
        </extensions>
      </trkpt>
      <trkpt lat="47.368223257362842559814453125" lon="7.34242505393922328948974609375">
        <ele>447.20001220703125</ele>
        <time>2025-07-22T09:51:16.000Z</time>
        <extensions>
          <ns3:TrackPointExtension>
            <ns3:atemp>27.0</ns3:atemp>
          </ns3:TrackPointExtension>
        </extensions>
      </trkpt>
      <trkpt lat="47.36804078333079814910888671875" lon="7.3425195179879665374755859375">
        <ele>446.600006103515625</ele>
        <time>2025-07-22T09:51:19.000Z</time>
        <extensions>
          <ns3:TrackPointExtension>
            <ns3:atemp>27.0</ns3:atemp>
          </ns3:TrackPointExtension>
        </extensions>
      </trkpt>
      <trkpt lat="47.36790264956653118133544921875" lon="7.342586405575275421142578125">
        <ele>446.20001220703125</ele>
        <time>2025-07-22T09:51:21.000Z</time>
        <extensions>
          <ns3:TrackPointExtension>
            <ns3:atemp>27.0</ns3:atemp>
          </ns3:TrackPointExtension>
        </extensions>
      </trkpt>
      <trkpt lat="47.3677630908787250518798828125" lon="7.34266460873186588287353515625">
        <ele>445.20001220703125</ele>
        <time>2025-07-22T09:51:23.000Z</time>
        <extensions>
          <ns3:TrackPointExtension>
            <ns3:atemp>27.0</ns3:atemp>
          </ns3:TrackPointExtension>
        </extensions>
      </trkpt>
      <trkpt lat="47.36746251583099365234375" lon="7.34283895231783390045166015625">
        <ele>443.79998779296875</ele>
        <time>2025-07-22T09:51:27.000Z</time>
        <extensions>
          <ns3:TrackPointExtension>
            <ns3:atemp>27.0</ns3:atemp>
          </ns3:TrackPointExtension>
        </extensions>
      </trkpt>
      <trkpt lat="47.36729823052883148193359375" lon="7.3429278843104839324951171875">
        <ele>443</ele>
        <time>2025-07-22T09:51:31.000Z</time>
        <extensions>
          <ns3:TrackPointExtension>
            <ns3:atemp>28.0</ns3:atemp>
          </ns3:TrackPointExtension>
        </extensions>
      </trkpt>
      <trkpt lat="47.36728138290345668792724609375" lon="7.342925034463405609130859375">
        <ele>442.399993896484375</ele>
        <time>2025-07-22T09:51:32.000Z</time>
        <extensions>
          <ns3:TrackPointExtension>
            <ns3:atemp>28.0</ns3:atemp>
          </ns3:TrackPointExtension>
        </extensions>
      </trkpt>
      <trkpt lat="47.3671937920153141021728515625" lon="7.3429548740386962890625">
        <ele>441.399993896484375</ele>
        <time>2025-07-22T09:51:35.000Z</time>
        <extensions>
          <ns3:TrackPointExtension>
            <ns3:atemp>28.0</ns3:atemp>
          </ns3:TrackPointExtension>
        </extensions>
      </trkpt>
      <trkpt lat="47.36708390526473522186279296875" lon="7.34301145188510417938232421875">
        <ele>440.79998779296875</ele>
        <time>2025-07-22T09:51:37.000Z</time>
        <extensions>
          <ns3:TrackPointExtension>
            <ns3:atemp>28.0</ns3:atemp>
          </ns3:TrackPointExtension>
        </extensions>
      </trkpt>
      <trkpt lat="47.36697544343769550323486328125" lon="7.34306643716990947723388671875">
        <ele>440.600006103515625</ele>
        <time>2025-07-22T09:51:39.000Z</time>
        <extensions>
          <ns3:TrackPointExtension>
            <ns3:atemp>28.0</ns3:atemp>
          </ns3:TrackPointExtension>
        </extensions>
      </trkpt>
      <trkpt lat="47.36685206182301044464111328125" lon="7.34313583932816982269287109375">
        <ele>440.20001220703125</ele>
        <time>2025-07-22T09:51:41.000Z</time>
        <extensions>
          <ns3:TrackPointExtension>
            <ns3:atemp>28.0</ns3:atemp>
          </ns3:TrackPointExtension>
        </extensions>
      </trkpt>
      <trkpt lat="47.3667244054377079010009765625" lon="7.3432189039885997772216796875">
        <ele>439.399993896484375</ele>
        <time>2025-07-22T09:51:43.000Z</time>
        <extensions>
          <ns3:TrackPointExtension>
            <ns3:atemp>28.0</ns3:atemp>
          </ns3:TrackPointExtension>
        </extensions>
      </trkpt>
      <trkpt lat="47.36666397191584110260009765625" lon="7.3432646691799163818359375">
        <ele>439.20001220703125</ele>
        <time>2025-07-22T09:51:44.000Z</time>
        <extensions>
          <ns3:TrackPointExtension>
            <ns3:atemp>28.0</ns3:atemp>
          </ns3:TrackPointExtension>
        </extensions>
      </trkpt>
      <trkpt lat="47.36660697497427463531494140625" lon="7.343301214277744293212890625">
        <ele>438.79998779296875</ele>
        <time>2025-07-22T09:51:45.000Z</time>
        <extensions>
          <ns3:TrackPointExtension>
            <ns3:atemp>28.0</ns3:atemp>
          </ns3:TrackPointExtension>
        </extensions>
      </trkpt>
      <trkpt lat="47.3665135167539119720458984375" lon="7.34338461421430110931396484375">
        <ele>437.600006103515625</ele>
        <time>2025-07-22T09:51:47.000Z</time>
        <extensions>
          <ns3:TrackPointExtension>
            <ns3:atemp>28.0</ns3:atemp>
          </ns3:TrackPointExtension>
        </extensions>
      </trkpt>
      <trkpt lat="47.36647076904773712158203125" lon="7.3434217460453510284423828125">
        <ele>437.399993896484375</ele>
        <time>2025-07-22T09:51:48.000Z</time>
        <extensions>
          <ns3:TrackPointExtension>
            <ns3:atemp>28.0</ns3:atemp>
          </ns3:TrackPointExtension>
        </extensions>
      </trkpt>
      <trkpt lat="47.36634646542370319366455078125" lon="7.34351704828441143035888671875">
        <ele>436.399993896484375</ele>
        <time>2025-07-22T09:51:51.000Z</time>
        <extensions>
          <ns3:TrackPointExtension>
            <ns3:atemp>28.0</ns3:atemp>
          </ns3:TrackPointExtension>
        </extensions>
      </trkpt>
      <trkpt lat="47.36629785038530826568603515625" lon="7.34355635941028594970703125">
        <ele>436</ele>
        <time>2025-07-22T09:51:52.000Z</time>
        <extensions>
          <ns3:TrackPointExtension>
            <ns3:atemp>28.0</ns3:atemp>
          </ns3:TrackPointExtension>
        </extensions>
      </trkpt>
      <trkpt lat="47.36600129865109920501708984375" lon="7.34378878958523273468017578125">
        <ele>435.79998779296875</ele>
        <time>2025-07-22T09:51:57.000Z</time>
        <extensions>
          <ns3:TrackPointExtension>
            <ns3:atemp>28.0</ns3:atemp>
          </ns3:TrackPointExtension>
        </extensions>
      </trkpt>
      <trkpt lat="47.36580650322139263153076171875" lon="7.343950308859348297119140625">
        <ele>435.399993896484375</ele>
        <time>2025-07-22T09:52:00.000Z</time>
        <extensions>
          <ns3:TrackPointExtension>
            <ns3:atemp>28.0</ns3:atemp>
          </ns3:TrackPointExtension>
        </extensions>
      </trkpt>
      <trkpt lat="47.365681864321231842041015625" lon="7.3440277576446533203125">
        <ele>434.79998779296875</ele>
        <time>2025-07-22T09:52:02.000Z</time>
        <extensions>
          <ns3:TrackPointExtension>
            <ns3:atemp>28.0</ns3:atemp>
          </ns3:TrackPointExtension>
        </extensions>
      </trkpt>
      <trkpt lat="47.36556091345846652984619140625" lon="7.3441135883331298828125">
        <ele>434.399993896484375</ele>
        <time>2025-07-22T09:52:04.000Z</time>
        <extensions>
          <ns3:TrackPointExtension>
            <ns3:atemp>28.0</ns3:atemp>
          </ns3:TrackPointExtension>
        </extensions>
      </trkpt>
      <trkpt lat="47.36551724374294281005859375" lon="7.34417737461626529693603515625">
        <ele>433.79998779296875</ele>
        <time>2025-07-22T09:52:05.000Z</time>
        <extensions>
          <ns3:TrackPointExtension>
            <ns3:atemp>28.0</ns3:atemp>
          </ns3:TrackPointExtension>
        </extensions>
      </trkpt>
      <trkpt lat="47.36551984213292598724365234375" lon="7.34425851143896579742431640625">
        <ele>433.600006103515625</ele>
        <time>2025-07-22T09:52:06.000Z</time>
        <extensions>
          <ns3:TrackPointExtension>
            <ns3:atemp>28.0</ns3:atemp>
          </ns3:TrackPointExtension>
        </extensions>
      </trkpt>
      <trkpt lat="47.3655412159860134124755859375" lon="7.3443585075438022613525390625">
        <ele>433.399993896484375</ele>
        <time>2025-07-22T09:52:07.000Z</time>
        <extensions>
          <ns3:TrackPointExtension>
            <ns3:atemp>28.0</ns3:atemp>
          </ns3:TrackPointExtension>
        </extensions>
      </trkpt>
      <trkpt lat="47.365579269826412200927734375" lon="7.3444383032619953155517578125">
        <ele>433.20001220703125</ele>
        <time>2025-07-22T09:52:08.000Z</time>
        <extensions>
          <ns3:TrackPointExtension>
            <ns3:atemp>28.0</ns3:atemp>
          </ns3:TrackPointExtension>
        </extensions>
      </trkpt>
      <trkpt lat="47.36565646715462207794189453125" lon="7.34461859799921512603759765625">
        <ele>432.399993896484375</ele>
        <time>2025-07-22T09:52:10.000Z</time>
        <extensions>
          <ns3:TrackPointExtension>
            <ns3:atemp>28.0</ns3:atemp>
          </ns3:TrackPointExtension>
        </extensions>
      </trkpt>
      <trkpt lat="47.3656840436160564422607421875" lon="7.34471230767667293548583984375">
        <ele>431.79998779296875</ele>
        <time>2025-07-22T09:52:11.000Z</time>
        <extensions>
          <ns3:TrackPointExtension>
            <ns3:atemp>28.0</ns3:atemp>
          </ns3:TrackPointExtension>
        </extensions>
      </trkpt>
      <trkpt lat="47.36572905443608760833740234375" lon="7.34495152719318866729736328125">
        <ele>430.600006103515625</ele>
        <time>2025-07-22T09:52:14.000Z</time>
        <extensions>
          <ns3:TrackPointExtension>
            <ns3:atemp>28.0</ns3:atemp>
          </ns3:TrackPointExtension>
        </extensions>
      </trkpt>
      <trkpt lat="47.36573710106313228607177734375" lon="7.34498874284327030181884765625">
        <ele>430.399993896484375</ele>
        <time>2025-07-22T09:52:15.000Z</time>
        <extensions>
          <ns3:TrackPointExtension>
            <ns3:atemp>28.0</ns3:atemp>
          </ns3:TrackPointExtension>
        </extensions>
      </trkpt>
      <trkpt lat="47.36575973220169544219970703125" lon="7.34519124962389469146728515625">
        <ele>429.600006103515625</ele>
        <time>2025-07-22T09:52:19.000Z</time>
        <extensions>
          <ns3:TrackPointExtension>
            <ns3:atemp>28.0</ns3:atemp>
          </ns3:TrackPointExtension>
        </extensions>
      </trkpt>
      <trkpt lat="47.3657705448567867279052734375" lon="7.345258891582489013671875">
        <ele>429.399993896484375</ele>
        <time>2025-07-22T09:52:20.000Z</time>
        <extensions>
          <ns3:TrackPointExtension>
            <ns3:atemp>28.0</ns3:atemp>
          </ns3:TrackPointExtension>
        </extensions>
      </trkpt>
      <trkpt lat="47.36580130644142627716064453125" lon="7.34532888047397136688232421875">
        <ele>429</ele>
        <time>2025-07-22T09:52:21.000Z</time>
        <extensions>
          <ns3:TrackPointExtension>
            <ns3:atemp>28.0</ns3:atemp>
          </ns3:TrackPointExtension>
        </extensions>
      </trkpt>
      <trkpt lat="47.36589618958532810211181640625" lon="7.34547858126461505889892578125">
        <ele>428.20001220703125</ele>
        <time>2025-07-22T09:52:23.000Z</time>
        <extensions>
          <ns3:TrackPointExtension>
            <ns3:atemp>28.0</ns3:atemp>
          </ns3:TrackPointExtension>
        </extensions>
      </trkpt>
      <trkpt lat="47.3661259375512599945068359375" lon="7.34584017656743526458740234375">
        <ele>427.399993896484375</ele>
        <time>2025-07-22T09:52:27.000Z</time>
        <extensions>
          <ns3:TrackPointExtension>
            <ns3:atemp>28.0</ns3:atemp>
          </ns3:TrackPointExtension>
        </extensions>
      </trkpt>
      <trkpt lat="47.36617463640868663787841796875" lon="7.34595936723053455352783203125">
        <ele>427</ele>
        <time>2025-07-22T09:52:28.000Z</time>
        <extensions>
          <ns3:TrackPointExtension>
            <ns3:atemp>28.0</ns3:atemp>
          </ns3:TrackPointExtension>
        </extensions>
      </trkpt>
      <trkpt lat="47.36626113764941692352294921875" lon="7.34621317125856876373291015625">
        <ele>426</ele>
        <time>2025-07-22T09:52:30.000Z</time>
        <extensions>
          <ns3:TrackPointExtension>
            <ns3:atemp>28.0</ns3:atemp>
          </ns3:TrackPointExtension>
        </extensions>
      </trkpt>
      <trkpt lat="47.3663006164133548736572265625" lon="7.346344850957393646240234375">
        <ele>425.600006103515625</ele>
        <time>2025-07-22T09:52:31.000Z</time>
        <extensions>
          <ns3:TrackPointExtension>
            <ns3:atemp>28.0</ns3:atemp>
          </ns3:TrackPointExtension>
        </extensions>
      </trkpt>
      <trkpt lat="47.36634110100567340850830078125" lon="7.34647770412266254425048828125">
        <ele>424.79998779296875</ele>
        <time>2025-07-22T09:52:32.000Z</time>
        <extensions>
          <ns3:TrackPointExtension>
            <ns3:atemp>28.0</ns3:atemp>
          </ns3:TrackPointExtension>
        </extensions>
      </trkpt>
      <trkpt lat="47.36651158891618251800537109375" lon="7.3470004834234714508056640625">
        <ele>423.600006103515625</ele>
        <time>2025-07-22T09:52:36.000Z</time>
        <extensions>
          <ns3:TrackPointExtension>
            <ns3:atemp>28.0</ns3:atemp>
          </ns3:TrackPointExtension>
        </extensions>
      </trkpt>
      <trkpt lat="47.366672940552234649658203125" lon="7.34749258495867252349853515625">
        <ele>422.79998779296875</ele>
        <time>2025-07-22T09:52:40.000Z</time>
        <extensions>
          <ns3:TrackPointExtension>
            <ns3:atemp>28.0</ns3:atemp>
          </ns3:TrackPointExtension>
        </extensions>
      </trkpt>
      <trkpt lat="47.366704456508159637451171875" lon="7.34760825522243976593017578125">
        <ele>422.399993896484375</ele>
        <time>2025-07-22T09:52:41.000Z</time>
        <extensions>
          <ns3:TrackPointExtension>
            <ns3:atemp>28.0</ns3:atemp>
          </ns3:TrackPointExtension>
        </extensions>
      </trkpt>
      <trkpt lat="47.3666942305862903594970703125" lon="7.347838170826435089111328125">
        <ele>422</ele>
        <time>2025-07-22T09:52:43.000Z</time>
        <extensions>
          <ns3:TrackPointExtension>
            <ns3:atemp>28.0</ns3:atemp>
          </ns3:TrackPointExtension>
        </extensions>
      </trkpt>
      <trkpt lat="47.3666151054203510284423828125" lon="7.348047383129596710205078125">
        <ele>421.79998779296875</ele>
        <time>2025-07-22T09:52:45.000Z</time>
        <extensions>
          <ns3:TrackPointExtension>
            <ns3:atemp>28.0</ns3:atemp>
          </ns3:TrackPointExtension>
        </extensions>
      </trkpt>
      <trkpt lat="47.3665289394557476043701171875" lon="7.348148636519908905029296875">
        <ele>421.79998779296875</ele>
        <time>2025-07-22T09:52:46.000Z</time>
        <extensions>
          <ns3:TrackPointExtension>
            <ns3:atemp>28.0</ns3:atemp>
          </ns3:TrackPointExtension>
        </extensions>
      </trkpt>
      <trkpt lat="47.36623884178698062896728515625" lon="7.34854535199701786041259765625">
        <ele>421.399993896484375</ele>
        <time>2025-07-22T09:52:50.000Z</time>
        <extensions>
          <ns3:TrackPointExtension>
            <ns3:atemp>28.0</ns3:atemp>
          </ns3:TrackPointExtension>
        </extensions>
      </trkpt>
      <trkpt lat="47.36615854315459728240966796875" lon="7.34862313605844974517822265625">
        <ele>421</ele>
        <time>2025-07-22T09:52:51.000Z</time>
        <extensions>
          <ns3:TrackPointExtension>
            <ns3:atemp>28.0</ns3:atemp>
          </ns3:TrackPointExtension>
        </extensions>
      </trkpt>
      <trkpt lat="47.36607036553323268890380859375" lon="7.348681725561618804931640625">
        <ele>420.79998779296875</ele>
        <time>2025-07-22T09:52:52.000Z</time>
        <extensions>
          <ns3:TrackPointExtension>
            <ns3:atemp>28.0</ns3:atemp>
          </ns3:TrackPointExtension>
        </extensions>
      </trkpt>
      <trkpt lat="47.3659760691225528717041015625" lon="7.34872807748615741729736328125">
        <ele>420.600006103515625</ele>
        <time>2025-07-22T09:52:53.000Z</time>
        <extensions>
          <ns3:TrackPointExtension>
            <ns3:atemp>28.0</ns3:atemp>
          </ns3:TrackPointExtension>
        </extensions>
      </trkpt>
      <trkpt lat="47.3658785037696361541748046875" lon="7.3487640358507633209228515625">
        <ele>419.79998779296875</ele>
        <time>2025-07-22T09:52:54.000Z</time>
        <extensions>
          <ns3:TrackPointExtension>
            <ns3:atemp>28.0</ns3:atemp>
          </ns3:TrackPointExtension>
        </extensions>
      </trkpt>
      <trkpt lat="47.3655817843973636627197265625" lon="7.3488515429198741912841796875">
        <ele>418.600006103515625</ele>
        <time>2025-07-22T09:52:57.000Z</time>
        <extensions>
          <ns3:TrackPointExtension>
            <ns3:atemp>28.0</ns3:atemp>
          </ns3:TrackPointExtension>
        </extensions>
      </trkpt>
      <trkpt lat="47.36539252102375030517578125" lon="7.3489088751375675201416015625">
        <ele>417.20001220703125</ele>
        <time>2025-07-22T09:52:59.000Z</time>
        <extensions>
          <ns3:TrackPointExtension>
            <ns3:atemp>28.0</ns3:atemp>
          </ns3:TrackPointExtension>
        </extensions>
      </trkpt>
      <trkpt lat="47.3653011582791805267333984375" lon="7.34893980436027050018310546875">
        <ele>416.399993896484375</ele>
        <time>2025-07-22T09:53:00.000Z</time>
        <extensions>
          <ns3:TrackPointExtension>
            <ns3:atemp>28.0</ns3:atemp>
          </ns3:TrackPointExtension>
        </extensions>
      </trkpt>
      <trkpt lat="47.36521105282008647918701171875" lon="7.3489725776016712188720703125">
        <ele>416</ele>
        <time>2025-07-22T09:53:01.000Z</time>
        <extensions>
          <ns3:TrackPointExtension>
            <ns3:atemp>28.0</ns3:atemp>
          </ns3:TrackPointExtension>
        </extensions>
      </trkpt>
      <trkpt lat="47.36477854661643505096435546875" lon="7.34911129809916019439697265625">
        <ele>415.600006103515625</ele>
        <time>2025-07-22T09:53:06.000Z</time>
        <extensions>
          <ns3:TrackPointExtension>
            <ns3:atemp>28.0</ns3:atemp>
          </ns3:TrackPointExtension>
        </extensions>
      </trkpt>
      <trkpt lat="47.36437805928289890289306640625" lon="7.3492632620036602020263671875">
        <ele>415.399993896484375</ele>
        <time>2025-07-22T09:53:11.000Z</time>
        <extensions>
          <ns3:TrackPointExtension>
            <ns3:atemp>28.0</ns3:atemp>
          </ns3:TrackPointExtension>
        </extensions>
      </trkpt>
      <trkpt lat="47.36391135491430759429931640625" lon="7.34939544461667537689208984375">
        <ele>415.79998779296875</ele>
        <time>2025-07-22T09:53:17.000Z</time>
        <extensions>
          <ns3:TrackPointExtension>
            <ns3:atemp>28.0</ns3:atemp>
          </ns3:TrackPointExtension>
        </extensions>
      </trkpt>
      <trkpt lat="47.3635366000235080718994140625" lon="7.34950809739530086517333984375">
        <ele>416.399993896484375</ele>
        <time>2025-07-22T09:53:22.000Z</time>
        <extensions>
          <ns3:TrackPointExtension>
            <ns3:atemp>28.0</ns3:atemp>
          </ns3:TrackPointExtension>
        </extensions>
      </trkpt>
      <trkpt lat="47.363464348018169403076171875" lon="7.3495167307555675506591796875">
        <ele>416.399993896484375</ele>
        <time>2025-07-22T09:53:23.000Z</time>
        <extensions>
          <ns3:TrackPointExtension>
            <ns3:atemp>27.0</ns3:atemp>
          </ns3:TrackPointExtension>
        </extensions>
      </trkpt>
      <trkpt lat="47.36325136385858058929443359375" lon="7.3495785892009735107421875">
        <ele>416.600006103515625</ele>
        <time>2025-07-22T09:53:26.000Z</time>
        <extensions>
          <ns3:TrackPointExtension>
            <ns3:atemp>27.0</ns3:atemp>
          </ns3:TrackPointExtension>
        </extensions>
      </trkpt>
      <trkpt lat="47.36317760311067104339599609375" lon="7.34960683621466159820556640625">
        <ele>416.399993896484375</ele>
        <time>2025-07-22T09:53:27.000Z</time>
        <extensions>
          <ns3:TrackPointExtension>
            <ns3:atemp>27.0</ns3:atemp>
          </ns3:TrackPointExtension>
        </extensions>
      </trkpt>
      <trkpt lat="47.36274627037346363067626953125" lon="7.349723093211650848388671875">
        <ele>416.399993896484375</ele>
        <time>2025-07-22T09:53:33.000Z</time>
        <extensions>
          <ns3:TrackPointExtension>
            <ns3:atemp>27.0</ns3:atemp>
          </ns3:TrackPointExtension>
        </extensions>
      </trkpt>
      <trkpt lat="47.3626692406833171844482421875" lon="7.3498285375535488128662109375">
        <ele>416</ele>
        <time>2025-07-22T09:53:35.000Z</time>
        <extensions>
          <ns3:TrackPointExtension>
            <ns3:atemp>27.0</ns3:atemp>
          </ns3:TrackPointExtension>
        </extensions>
      </trkpt>
      <trkpt lat="47.36266530118882656097412109375" lon="7.350119389593601226806640625">
        <ele>416</ele>
        <time>2025-07-22T09:53:38.000Z</time>
        <extensions>
          <ns3:TrackPointExtension>
            <ns3:atemp>27.0</ns3:atemp>
          </ns3:TrackPointExtension>
        </extensions>
      </trkpt>
      <trkpt lat="47.36264484934508800506591796875" lon="7.3507243953645229339599609375">
        <ele>416.399993896484375</ele>
        <time>2025-07-22T09:53:43.000Z</time>
        <extensions>
          <ns3:TrackPointExtension>
            <ns3:atemp>27.0</ns3:atemp>
          </ns3:TrackPointExtension>
        </extensions>
      </trkpt>
      <trkpt lat="47.362610734999179840087890625" lon="7.3516316525638103485107421875">
        <ele>416.399993896484375</ele>
        <time>2025-07-22T09:53:50.000Z</time>
        <extensions>
          <ns3:TrackPointExtension>
            <ns3:atemp>27.0</ns3:atemp>
          </ns3:TrackPointExtension>
        </extensions>
      </trkpt>
      <trkpt lat="47.36258600838482379913330078125" lon="7.35188654623925685882568359375">
        <ele>416.399993896484375</ele>
        <time>2025-07-22T09:53:52.000Z</time>
        <extensions>
          <ns3:TrackPointExtension>
            <ns3:atemp>27.0</ns3:atemp>
          </ns3:TrackPointExtension>
        </extensions>
      </trkpt>
      <trkpt lat="47.3626090586185455322265625" lon="7.35214521177113056182861328125">
        <ele>416</ele>
        <time>2025-07-22T09:53:54.000Z</time>
        <extensions>
          <ns3:TrackPointExtension>
            <ns3:atemp>27.0</ns3:atemp>
          </ns3:TrackPointExtension>
        </extensions>
      </trkpt>
      <trkpt lat="47.36263093538582324981689453125" lon="7.3522800765931606292724609375">
        <ele>416</ele>
        <time>2025-07-22T09:53:55.000Z</time>
        <extensions>
          <ns3:TrackPointExtension>
            <ns3:atemp>27.0</ns3:atemp>
          </ns3:TrackPointExtension>
        </extensions>
      </trkpt>
      <trkpt lat="47.362679131329059600830078125" lon="7.3525476269423961639404296875">
        <ele>416</ele>
        <time>2025-07-22T09:53:57.000Z</time>
        <extensions>
          <ns3:TrackPointExtension>
            <ns3:atemp>27.0</ns3:atemp>
          </ns3:TrackPointExtension>
        </extensions>
      </trkpt>
      <trkpt lat="47.3628405667841434478759765625" lon="7.3533429019153118133544921875">
        <ele>416</ele>
        <time>2025-07-22T09:54:03.000Z</time>
        <extensions>
          <ns3:TrackPointExtension>
            <ns3:atemp>27.0</ns3:atemp>
          </ns3:TrackPointExtension>
        </extensions>
      </trkpt>
      <trkpt lat="47.3630065284669399261474609375" lon="7.35415737144649028778076171875">
        <ele>416</ele>
        <time>2025-07-22T09:54:09.000Z</time>
        <extensions>
          <ns3:TrackPointExtension>
            <ns3:atemp>27.0</ns3:atemp>
          </ns3:TrackPointExtension>
        </extensions>
      </trkpt>
      <trkpt lat="47.3630276508629322052001953125" lon="7.354294918477535247802734375">
        <ele>416</ele>
        <time>2025-07-22T09:54:10.000Z</time>
        <extensions>
          <ns3:TrackPointExtension>
            <ns3:atemp>27.0</ns3:atemp>
          </ns3:TrackPointExtension>
        </extensions>
      </trkpt>
      <trkpt lat="47.36317726783454418182373046875" lon="7.35510922037065029144287109375">
        <ele>416</ele>
        <time>2025-07-22T09:54:16.000Z</time>
        <extensions>
          <ns3:TrackPointExtension>
            <ns3:atemp>27.0</ns3:atemp>
          </ns3:TrackPointExtension>
        </extensions>
      </trkpt>
      <trkpt lat="47.36320425756275653839111328125" lon="7.3552439175546169281005859375">
        <ele>416</ele>
        <time>2025-07-22T09:54:17.000Z</time>
        <extensions>
          <ns3:TrackPointExtension>
            <ns3:atemp>27.0</ns3:atemp>
          </ns3:TrackPointExtension>
        </extensions>
      </trkpt>
      <trkpt lat="47.3633481748402118682861328125" lon="7.35604883171617984771728515625">
        <ele>416</ele>
        <time>2025-07-22T09:54:23.000Z</time>
        <extensions>
          <ns3:TrackPointExtension>
            <ns3:atemp>27.0</ns3:atemp>
          </ns3:TrackPointExtension>
        </extensions>
      </trkpt>
      <trkpt lat="47.3633696325123310089111328125" lon="7.3561875522136688232421875">
        <ele>416</ele>
        <time>2025-07-22T09:54:24.000Z</time>
        <extensions>
          <ns3:TrackPointExtension>
            <ns3:atemp>27.0</ns3:atemp>
          </ns3:TrackPointExtension>
        </extensions>
      </trkpt>
      <trkpt lat="47.3634846322238445281982421875" lon="7.3567187972366809844970703125">
        <ele>416</ele>
        <time>2025-07-22T09:54:28.000Z</time>
        <extensions>
          <ns3:TrackPointExtension>
            <ns3:atemp>27.0</ns3:atemp>
          </ns3:TrackPointExtension>
        </extensions>
      </trkpt>
      <trkpt lat="47.363526709377765655517578125" lon="7.3568473756313323974609375">
        <ele>416</ele>
        <time>2025-07-22T09:54:29.000Z</time>
        <extensions>
          <ns3:TrackPointExtension>
            <ns3:atemp>27.0</ns3:atemp>
          </ns3:TrackPointExtension>
        </extensions>
      </trkpt>
      <trkpt lat="47.3635751567780971527099609375" lon="7.35696581192314624786376953125">
        <ele>416</ele>
        <time>2025-07-22T09:54:30.000Z</time>
        <extensions>
          <ns3:TrackPointExtension>
            <ns3:atemp>27.0</ns3:atemp>
          </ns3:TrackPointExtension>
        </extensions>
      </trkpt>
      <trkpt lat="47.363705746829509735107421875" lon="7.3571663908660411834716796875">
        <ele>416</ele>
        <time>2025-07-22T09:54:32.000Z</time>
        <extensions>
          <ns3:TrackPointExtension>
            <ns3:atemp>27.0</ns3:atemp>
          </ns3:TrackPointExtension>
        </extensions>
      </trkpt>
      <trkpt lat="47.364080250263214111328125" lon="7.35751264728605747222900390625">
        <ele>416.399993896484375</ele>
        <time>2025-07-22T09:54:37.000Z</time>
        <extensions>
          <ns3:TrackPointExtension>
            <ns3:atemp>27.0</ns3:atemp>
          </ns3:TrackPointExtension>
        </extensions>
      </trkpt>
      <trkpt lat="47.36428300850093364715576171875" lon="7.3577325046062469482421875">
        <ele>417.20001220703125</ele>
        <time>2025-07-22T09:54:40.000Z</time>
        <extensions>
          <ns3:TrackPointExtension>
            <ns3:atemp>27.0</ns3:atemp>
          </ns3:TrackPointExtension>
        </extensions>
      </trkpt>
      <trkpt lat="47.36433506011962890625" lon="7.357826717197895050048828125">
        <ele>417.399993896484375</ele>
        <time>2025-07-22T09:54:41.000Z</time>
        <extensions>
          <ns3:TrackPointExtension>
            <ns3:atemp>27.0</ns3:atemp>
          </ns3:TrackPointExtension>
        </extensions>
      </trkpt>
      <trkpt lat="47.36436800099909305572509765625" lon="7.3579361848533153533935546875">
        <ele>417.600006103515625</ele>
        <time>2025-07-22T09:54:42.000Z</time>
        <extensions>
          <ns3:TrackPointExtension>
            <ns3:atemp>27.0</ns3:atemp>
          </ns3:TrackPointExtension>
        </extensions>
      </trkpt>
      <trkpt lat="47.36437722109258174896240234375" lon="7.35805227421224117279052734375">
        <ele>418</ele>
        <time>2025-07-22T09:54:43.000Z</time>
        <extensions>
          <ns3:TrackPointExtension>
            <ns3:atemp>27.0</ns3:atemp>
          </ns3:TrackPointExtension>
        </extensions>
      </trkpt>
      <trkpt lat="47.364364899694919586181640625" lon="7.35817381180822849273681640625">
        <ele>418.20001220703125</ele>
        <time>2025-07-22T09:54:44.000Z</time>
        <extensions>
          <ns3:TrackPointExtension>
            <ns3:atemp>27.0</ns3:atemp>
          </ns3:TrackPointExtension>
        </extensions>
      </trkpt>
      <trkpt lat="47.364300191402435302734375" lon="7.3584030568599700927734375">
        <ele>418.600006103515625</ele>
        <time>2025-07-22T09:54:46.000Z</time>
        <extensions>
          <ns3:TrackPointExtension>
            <ns3:atemp>27.0</ns3:atemp>
          </ns3:TrackPointExtension>
        </extensions>
      </trkpt>
      <trkpt lat="47.36405183561146259307861328125" lon="7.35897445119917392730712890625">
        <ele>419.20001220703125</ele>
        <time>2025-07-22T09:54:51.000Z</time>
        <extensions>
          <ns3:TrackPointExtension>
            <ns3:atemp>27.0</ns3:atemp>
          </ns3:TrackPointExtension>
        </extensions>
      </trkpt>
      <trkpt lat="47.3637505061924457550048828125" lon="7.35957409255206584930419921875">
        <ele>418.600006103515625</ele>
        <time>2025-07-22T09:54:56.000Z</time>
        <extensions>
          <ns3:TrackPointExtension>
            <ns3:atemp>27.0</ns3:atemp>
          </ns3:TrackPointExtension>
        </extensions>
      </trkpt>
      <trkpt lat="47.36368403770029544830322265625" lon="7.35967953689396381378173828125">
        <ele>418.600006103515625</ele>
        <time>2025-07-22T09:54:57.000Z</time>
        <extensions>
          <ns3:TrackPointExtension>
            <ns3:atemp>27.0</ns3:atemp>
          </ns3:TrackPointExtension>
        </extensions>
      </trkpt>
      <trkpt lat="47.3635436408221721649169921875" lon="7.35984113998711109161376953125">
        <ele>417.600006103515625</ele>
        <time>2025-07-22T09:54:59.000Z</time>
        <extensions>
          <ns3:TrackPointExtension>
            <ns3:atemp>27.0</ns3:atemp>
          </ns3:TrackPointExtension>
        </extensions>
      </trkpt>
      <trkpt lat="47.363410703837871551513671875" lon="7.359955050051212310791015625">
        <ele>417</ele>
        <time>2025-07-22T09:55:01.000Z</time>
        <extensions>
          <ns3:TrackPointExtension>
            <ns3:atemp>27.0</ns3:atemp>
          </ns3:TrackPointExtension>
        </extensions>
      </trkpt>
      <trkpt lat="47.3632931895554065704345703125" lon="7.36002889461815357208251953125">
        <ele>416.399993896484375</ele>
        <time>2025-07-22T09:55:03.000Z</time>
        <extensions>
          <ns3:TrackPointExtension>
            <ns3:atemp>27.0</ns3:atemp>
          </ns3:TrackPointExtension>
        </extensions>
      </trkpt>
      <trkpt lat="47.36317425034940242767333984375" lon="7.36006074585020542144775390625">
        <ele>416.20001220703125</ele>
        <time>2025-07-22T09:55:05.000Z</time>
        <extensions>
          <ns3:TrackPointExtension>
            <ns3:atemp>27.0</ns3:atemp>
          </ns3:TrackPointExtension>
        </extensions>
      </trkpt>
      <trkpt lat="47.36304935999214649200439453125" lon="7.360062338411808013916015625">
        <ele>416.20001220703125</ele>
        <time>2025-07-22T09:55:07.000Z</time>
        <extensions>
          <ns3:TrackPointExtension>
            <ns3:atemp>27.0</ns3:atemp>
          </ns3:TrackPointExtension>
        </extensions>
      </trkpt>
      <trkpt lat="47.36298800446093082427978515625" lon="7.360065020620822906494140625">
        <ele>416.20001220703125</ele>
        <time>2025-07-22T09:55:08.000Z</time>
        <extensions>
          <ns3:TrackPointExtension>
            <ns3:atemp>27.0</ns3:atemp>
          </ns3:TrackPointExtension>
        </extensions>
      </trkpt>
      <trkpt lat="47.3628744296729564666748046875" lon="7.36012998037040233612060546875">
        <ele>416.20001220703125</ele>
        <time>2025-07-22T09:55:10.000Z</time>
        <extensions>
          <ns3:TrackPointExtension>
            <ns3:atemp>27.0</ns3:atemp>
          </ns3:TrackPointExtension>
        </extensions>
      </trkpt>
      <trkpt lat="47.3627554066479206085205078125" lon="7.36022553406655788421630859375">
        <ele>416.20001220703125</ele>
        <time>2025-07-22T09:55:12.000Z</time>
        <extensions>
          <ns3:TrackPointExtension>
            <ns3:atemp>27.0</ns3:atemp>
          </ns3:TrackPointExtension>
        </extensions>
      </trkpt>
      <trkpt lat="47.362621463835239410400390625" lon="7.36029409803450107574462890625">
        <ele>416.20001220703125</ele>
        <time>2025-07-22T09:55:14.000Z</time>
        <extensions>
          <ns3:TrackPointExtension>
            <ns3:atemp>27.0</ns3:atemp>
          </ns3:TrackPointExtension>
        </extensions>
      </trkpt>
      <trkpt lat="47.36233170144259929656982421875" lon="7.36041714437305927276611328125">
        <ele>416.20001220703125</ele>
        <time>2025-07-22T09:55:18.000Z</time>
        <extensions>
          <ns3:TrackPointExtension>
            <ns3:atemp>27.0</ns3:atemp>
          </ns3:TrackPointExtension>
        </extensions>
      </trkpt>
      <trkpt lat="47.36218392848968505859375" lon="7.36046642996370792388916015625">
        <ele>416.20001220703125</ele>
        <time>2025-07-22T09:55:20.000Z</time>
        <extensions>
          <ns3:TrackPointExtension>
            <ns3:atemp>27.0</ns3:atemp>
          </ns3:TrackPointExtension>
        </extensions>
      </trkpt>
      <trkpt lat="47.3620362393558025360107421875" lon="7.3605526797473430633544921875">
        <ele>416.600006103515625</ele>
        <time>2025-07-22T09:55:22.000Z</time>
        <extensions>
          <ns3:TrackPointExtension>
            <ns3:atemp>27.0</ns3:atemp>
          </ns3:TrackPointExtension>
        </extensions>
      </trkpt>
      <trkpt lat="47.3618810065090656280517578125" lon="7.36062526702880859375">
        <ele>416.79998779296875</ele>
        <time>2025-07-22T09:55:24.000Z</time>
        <extensions>
          <ns3:TrackPointExtension>
            <ns3:atemp>27.0</ns3:atemp>
          </ns3:TrackPointExtension>
        </extensions>
      </trkpt>
      <trkpt lat="47.36131262965500354766845703125" lon="7.36086591146886348724365234375">
        <ele>417.600006103515625</ele>
        <time>2025-07-22T09:55:31.000Z</time>
        <extensions>
          <ns3:TrackPointExtension>
            <ns3:atemp>27.0</ns3:atemp>
          </ns3:TrackPointExtension>
        </extensions>
      </trkpt>
      <trkpt lat="47.36122948117554187774658203125" lon="7.36090413294732570648193359375">
        <ele>417.600006103515625</ele>
        <time>2025-07-22T09:55:32.000Z</time>
        <extensions>
          <ns3:TrackPointExtension>
            <ns3:atemp>27.0</ns3:atemp>
          </ns3:TrackPointExtension>
        </extensions>
      </trkpt>
      <trkpt lat="47.3609009943902492523193359375" lon="7.361062131822109222412109375">
        <ele>418.20001220703125</ele>
        <time>2025-07-22T09:55:36.000Z</time>
        <extensions>
          <ns3:TrackPointExtension>
            <ns3:atemp>27.0</ns3:atemp>
          </ns3:TrackPointExtension>
        </extensions>
      </trkpt>
      <trkpt lat="47.36057317815721035003662109375" lon="7.3611997626721858978271484375">
        <ele>418.399993896484375</ele>
        <time>2025-07-22T09:55:40.000Z</time>
        <extensions>
          <ns3:TrackPointExtension>
            <ns3:atemp>27.0</ns3:atemp>
          </ns3:TrackPointExtension>
        </extensions>
      </trkpt>
      <trkpt lat="47.3600698448717594146728515625" lon="7.3614277504384517669677734375">
        <ele>419.399993896484375</ele>
        <time>2025-07-22T09:55:46.000Z</time>
        <extensions>
          <ns3:TrackPointExtension>
            <ns3:atemp>27.0</ns3:atemp>
          </ns3:TrackPointExtension>
        </extensions>
      </trkpt>
      <trkpt lat="47.35990027897059917449951171875" lon="7.3615015111863613128662109375">
        <ele>419.399993896484375</ele>
        <time>2025-07-22T09:55:48.000Z</time>
        <extensions>
          <ns3:TrackPointExtension>
            <ns3:atemp>27.0</ns3:atemp>
          </ns3:TrackPointExtension>
        </extensions>
      </trkpt>
      <trkpt lat="47.359318993985652923583984375" lon="7.36175422556698322296142578125">
        <ele>419.600006103515625</ele>
        <time>2025-07-22T09:55:55.000Z</time>
        <extensions>
          <ns3:TrackPointExtension>
            <ns3:atemp>27.0</ns3:atemp>
          </ns3:TrackPointExtension>
        </extensions>
      </trkpt>
      <trkpt lat="47.35915127210319042205810546875" lon="7.3618267290294170379638671875">
        <ele>419.600006103515625</ele>
        <time>2025-07-22T09:55:57.000Z</time>
        <extensions>
          <ns3:TrackPointExtension>
            <ns3:atemp>27.0</ns3:atemp>
          </ns3:TrackPointExtension>
        </extensions>
      </trkpt>
      <trkpt lat="47.35873351804912090301513671875" lon="7.36201255582273006439208984375">
        <ele>420.399993896484375</ele>
        <time>2025-07-22T09:56:02.000Z</time>
        <extensions>
          <ns3:TrackPointExtension>
            <ns3:atemp>27.0</ns3:atemp>
          </ns3:TrackPointExtension>
        </extensions>
      </trkpt>
      <trkpt lat="47.35816053114831447601318359375" lon="7.3622639290988445281982421875">
        <ele>420.79998779296875</ele>
        <time>2025-07-22T09:56:09.000Z</time>
        <extensions>
          <ns3:TrackPointExtension>
            <ns3:atemp>27.0</ns3:atemp>
          </ns3:TrackPointExtension>
        </extensions>
      </trkpt>
      <trkpt lat="47.35807721503078937530517578125" lon="7.362301647663116455078125">
        <ele>420.79998779296875</ele>
        <time>2025-07-22T09:56:10.000Z</time>
        <extensions>
          <ns3:TrackPointExtension>
            <ns3:atemp>27.0</ns3:atemp>
          </ns3:TrackPointExtension>
        </extensions>
      </trkpt>
      <trkpt lat="47.35775803215801715850830078125" lon="7.3624379374086856842041015625">
        <ele>421.399993896484375</ele>
        <time>2025-07-22T09:56:14.000Z</time>
        <extensions>
          <ns3:TrackPointExtension>
            <ns3:atemp>27.0</ns3:atemp>
          </ns3:TrackPointExtension>
        </extensions>
      </trkpt>
      <trkpt lat="47.35719501972198486328125" lon="7.3626940883696079254150390625">
        <ele>421.79998779296875</ele>
        <time>2025-07-22T09:56:21.000Z</time>
        <extensions>
          <ns3:TrackPointExtension>
            <ns3:atemp>27.0</ns3:atemp>
          </ns3:TrackPointExtension>
        </extensions>
      </trkpt>
      <trkpt lat="47.35663510859012603759765625" lon="7.3629398457705974578857421875">
        <ele>422.600006103515625</ele>
        <time>2025-07-22T09:56:28.000Z</time>
        <extensions>
          <ns3:TrackPointExtension>
            <ns3:atemp>27.0</ns3:atemp>
          </ns3:TrackPointExtension>
        </extensions>
      </trkpt>
      <trkpt lat="47.3565578274428844451904296875" lon="7.3629727028310298919677734375">
        <ele>422.600006103515625</ele>
        <time>2025-07-22T09:56:29.000Z</time>
        <extensions>
          <ns3:TrackPointExtension>
            <ns3:atemp>27.0</ns3:atemp>
          </ns3:TrackPointExtension>
        </extensions>
      </trkpt>
      <trkpt lat="47.3560322821140289306640625" lon="7.3632027022540569305419921875">
        <ele>423.399993896484375</ele>
        <time>2025-07-22T09:56:36.000Z</time>
        <extensions>
          <ns3:TrackPointExtension>
            <ns3:atemp>27.0</ns3:atemp>
          </ns3:TrackPointExtension>
        </extensions>
      </trkpt>
      <trkpt lat="47.35595776699483394622802734375" lon="7.3632328771054744720458984375">
        <ele>423.600006103515625</ele>
        <time>2025-07-22T09:56:37.000Z</time>
        <extensions>
          <ns3:TrackPointExtension>
            <ns3:atemp>27.0</ns3:atemp>
          </ns3:TrackPointExtension>
        </extensions>
      </trkpt>
      <trkpt lat="47.35588434152305126190185546875" lon="7.36326531507074832916259765625">
        <ele>423.600006103515625</ele>
        <time>2025-07-22T09:56:38.000Z</time>
        <extensions>
          <ns3:TrackPointExtension>
            <ns3:atemp>27.0</ns3:atemp>
          </ns3:TrackPointExtension>
        </extensions>
      </trkpt>
      <trkpt lat="47.35530129633843898773193359375" lon="7.36352582462131977081298828125">
        <ele>424.600006103515625</ele>
        <time>2025-07-22T09:56:46.000Z</time>
        <extensions>
          <ns3:TrackPointExtension>
            <ns3:atemp>27.0</ns3:atemp>
          </ns3:TrackPointExtension>
        </extensions>
      </trkpt>
      <trkpt lat="47.35522753559052944183349609375" lon="7.3635570891201496124267578125">
        <ele>424.600006103515625</ele>
        <time>2025-07-22T09:56:47.000Z</time>
        <extensions>
          <ns3:TrackPointExtension>
            <ns3:atemp>27.0</ns3:atemp>
          </ns3:TrackPointExtension>
        </extensions>
      </trkpt>
      <trkpt lat="47.354647256433963775634765625" lon="7.36380594782531261444091796875">
        <ele>425.399993896484375</ele>
        <time>2025-07-22T09:56:55.000Z</time>
        <extensions>
          <ns3:TrackPointExtension>
            <ns3:atemp>27.0</ns3:atemp>
          </ns3:TrackPointExtension>
        </extensions>
      </trkpt>
      <trkpt lat="47.35450333915650844573974609375" lon="7.36387082375586032867431640625">
        <ele>425.600006103515625</ele>
        <time>2025-07-22T09:56:57.000Z</time>
        <extensions>
          <ns3:TrackPointExtension>
            <ns3:atemp>27.0</ns3:atemp>
          </ns3:TrackPointExtension>
        </extensions>
      </trkpt>
      <trkpt lat="47.35396455042064189910888671875" lon="7.3641441576182842254638671875">
        <ele>425.600006103515625</ele>
        <time>2025-07-22T09:57:04.000Z</time>
        <extensions>
          <ns3:TrackPointExtension>
            <ns3:atemp>27.0</ns3:atemp>
          </ns3:TrackPointExtension>
        </extensions>
      </trkpt>
      <trkpt lat="47.35352776944637298583984375" lon="7.36433166079223155975341796875">
        <ele>424.600006103515625</ele>
        <time>2025-07-22T09:57:09.000Z</time>
        <extensions>
          <ns3:TrackPointExtension>
            <ns3:atemp>27.0</ns3:atemp>
          </ns3:TrackPointExtension>
        </extensions>
      </trkpt>
      <trkpt lat="47.35309551469981670379638671875" lon="7.3644915036857128143310546875">
        <ele>424.600006103515625</ele>
        <time>2025-07-22T09:57:15.000Z</time>
        <extensions>
          <ns3:TrackPointExtension>
            <ns3:atemp>27.0</ns3:atemp>
          </ns3:TrackPointExtension>
        </extensions>
      </trkpt>
      <trkpt lat="47.352829389274120330810546875" lon="7.3645930923521518707275390625">
        <ele>426</ele>
        <time>2025-07-22T09:57:19.000Z</time>
        <extensions>
          <ns3:TrackPointExtension>
            <ns3:atemp>27.0</ns3:atemp>
          </ns3:TrackPointExtension>
        </extensions>
      </trkpt>
      <trkpt lat="47.3526163212954998016357421875" lon="7.36468688584864139556884765625">
        <ele>426.79998779296875</ele>
        <time>2025-07-22T09:57:22.000Z</time>
        <extensions>
          <ns3:TrackPointExtension>
            <ns3:atemp>27.0</ns3:atemp>
          </ns3:TrackPointExtension>
        </extensions>
      </trkpt>
      <trkpt lat="47.352544404566287994384765625" lon="7.36471907235682010650634765625">
        <ele>427.20001220703125</ele>
        <time>2025-07-22T09:57:23.000Z</time>
        <extensions>
          <ns3:TrackPointExtension>
            <ns3:atemp>27.0</ns3:atemp>
          </ns3:TrackPointExtension>
        </extensions>
      </trkpt>
      <trkpt lat="47.35195741988718509674072265625" lon="7.36497581005096435546875">
        <ele>428</ele>
        <time>2025-07-22T09:57:31.000Z</time>
        <extensions>
          <ns3:TrackPointExtension>
            <ns3:atemp>27.0</ns3:atemp>
          </ns3:TrackPointExtension>
        </extensions>
      </trkpt>
      <trkpt lat="47.3518854193389415740966796875" lon="7.3650066554546356201171875">
        <ele>428.20001220703125</ele>
        <time>2025-07-22T09:57:32.000Z</time>
        <extensions>
          <ns3:TrackPointExtension>
            <ns3:atemp>27.0</ns3:atemp>
          </ns3:TrackPointExtension>
        </extensions>
      </trkpt>
      <trkpt lat="47.351300530135631561279296875" lon="7.365257106721401214599609375">
        <ele>429</ele>
        <time>2025-07-22T09:57:40.000Z</time>
        <extensions>
          <ns3:TrackPointExtension>
            <ns3:atemp>27.0</ns3:atemp>
          </ns3:TrackPointExtension>
        </extensions>
      </trkpt>
      <trkpt lat="47.35122802667319774627685546875" lon="7.3652851022779941558837890625">
        <ele>429</ele>
        <time>2025-07-22T09:57:41.000Z</time>
        <extensions>
          <ns3:TrackPointExtension>
            <ns3:atemp>27.0</ns3:atemp>
          </ns3:TrackPointExtension>
        </extensions>
      </trkpt>
      <trkpt lat="47.3511555232107639312744140625" lon="7.3653152771294116973876953125">
        <ele>429.399993896484375</ele>
        <time>2025-07-22T09:57:42.000Z</time>
        <extensions>
          <ns3:TrackPointExtension>
            <ns3:atemp>27.0</ns3:atemp>
          </ns3:TrackPointExtension>
        </extensions>
      </trkpt>
      <trkpt lat="47.35056837089359760284423828125" lon="7.3655672371387481689453125">
        <ele>430.399993896484375</ele>
        <time>2025-07-22T09:57:50.000Z</time>
        <extensions>
          <ns3:TrackPointExtension>
            <ns3:atemp>27.0</ns3:atemp>
          </ns3:TrackPointExtension>
        </extensions>
      </trkpt>
      <trkpt lat="47.35049595125019550323486328125" lon="7.36559883691370487213134765625">
        <ele>430.399993896484375</ele>
        <time>2025-07-22T09:57:51.000Z</time>
        <extensions>
          <ns3:TrackPointExtension>
            <ns3:atemp>27.0</ns3:atemp>
          </ns3:TrackPointExtension>
        </extensions>
      </trkpt>
      <trkpt lat="47.34991961158812046051025390625" lon="7.365851216018199920654296875">
        <ele>430.79998779296875</ele>
        <time>2025-07-22T09:57:59.000Z</time>
        <extensions>
          <ns3:TrackPointExtension>
            <ns3:atemp>27.0</ns3:atemp>
          </ns3:TrackPointExtension>
        </extensions>
      </trkpt>
      <trkpt lat="47.34977426938712596893310546875" lon="7.36591164954006671905517578125">
        <ele>430.79998779296875</ele>
        <time>2025-07-22T09:58:01.000Z</time>
        <extensions>
          <ns3:TrackPointExtension>
            <ns3:atemp>27.0</ns3:atemp>
          </ns3:TrackPointExtension>
        </extensions>
      </trkpt>
      <trkpt lat="47.349199689924716949462890625" lon="7.36615397036075592041015625">
        <ele>431.20001220703125</ele>
        <time>2025-07-22T09:58:09.000Z</time>
        <extensions>
          <ns3:TrackPointExtension>
            <ns3:atemp>27.0</ns3:atemp>
          </ns3:TrackPointExtension>
        </extensions>
      </trkpt>
      <trkpt lat="47.34898000024259090423583984375" lon="7.3662460036575794219970703125">
        <ele>431.20001220703125</ele>
        <time>2025-07-22T09:58:12.000Z</time>
        <extensions>
          <ns3:TrackPointExtension>
            <ns3:atemp>27.0</ns3:atemp>
          </ns3:TrackPointExtension>
        </extensions>
      </trkpt>
      <trkpt lat="47.34862159006297588348388671875" lon="7.3663987219333648681640625">
        <ele>431.600006103515625</ele>
        <time>2025-07-22T09:58:17.000Z</time>
        <extensions>
          <ns3:TrackPointExtension>
            <ns3:atemp>27.0</ns3:atemp>
          </ns3:TrackPointExtension>
        </extensions>
      </trkpt>
      <trkpt lat="47.3484791815280914306640625" lon="7.36645898781716823577880859375">
        <ele>432</ele>
        <time>2025-07-22T09:58:19.000Z</time>
        <extensions>
          <ns3:TrackPointExtension>
            <ns3:atemp>27.0</ns3:atemp>
          </ns3:TrackPointExtension>
        </extensions>
      </trkpt>
      <trkpt lat="47.34811515547335147857666015625" lon="7.36661639995872974395751953125">
        <ele>432.79998779296875</ele>
        <time>2025-07-22T09:58:24.000Z</time>
        <extensions>
          <ns3:TrackPointExtension>
            <ns3:atemp>27.0</ns3:atemp>
          </ns3:TrackPointExtension>
        </extensions>
      </trkpt>
      <trkpt lat="47.3477504588663578033447265625" lon="7.3667700402438640594482421875">
        <ele>433</ele>
        <time>2025-07-22T09:58:29.000Z</time>
        <extensions>
          <ns3:TrackPointExtension>
            <ns3:atemp>27.0</ns3:atemp>
          </ns3:TrackPointExtension>
        </extensions>
      </trkpt>
      <trkpt lat="47.3472267575562000274658203125" lon="7.3669995367527008056640625">
        <ele>433</ele>
        <time>2025-07-22T09:58:36.000Z</time>
        <extensions>
          <ns3:TrackPointExtension>
            <ns3:atemp>27.0</ns3:atemp>
          </ns3:TrackPointExtension>
        </extensions>
      </trkpt>
      <trkpt lat="47.3470012843608856201171875" lon="7.36709752120077610015869140625">
        <ele>433.20001220703125</ele>
        <time>2025-07-22T09:58:39.000Z</time>
        <extensions>
          <ns3:TrackPointExtension>
            <ns3:atemp>27.0</ns3:atemp>
          </ns3:TrackPointExtension>
        </extensions>
      </trkpt>
      <trkpt lat="47.346483282744884490966796875" lon="7.3673232458531856536865234375">
        <ele>433.79998779296875</ele>
        <time>2025-07-22T09:58:46.000Z</time>
        <extensions>
          <ns3:TrackPointExtension>
            <ns3:atemp>27.0</ns3:atemp>
          </ns3:TrackPointExtension>
        </extensions>
      </trkpt>
      <trkpt lat="47.346339784562587738037109375" lon="7.367385439574718475341796875">
        <ele>434</ele>
        <time>2025-07-22T09:58:48.000Z</time>
        <extensions>
          <ns3:TrackPointExtension>
            <ns3:atemp>27.0</ns3:atemp>
          </ns3:TrackPointExtension>
        </extensions>
      </trkpt>
      <trkpt lat="47.34585204161703586578369140625" lon="7.3675948195159435272216796875">
        <ele>434.79998779296875</ele>
        <time>2025-07-22T09:58:55.000Z</time>
        <extensions>
          <ns3:TrackPointExtension>
            <ns3:atemp>27.0</ns3:atemp>
          </ns3:TrackPointExtension>
        </extensions>
      </trkpt>
      <trkpt lat="47.3457860760390758514404296875" lon="7.36762658692896366119384765625">
        <ele>434.79998779296875</ele>
        <time>2025-07-22T09:58:56.000Z</time>
        <extensions>
          <ns3:TrackPointExtension>
            <ns3:atemp>27.0</ns3:atemp>
          </ns3:TrackPointExtension>
        </extensions>
      </trkpt>
      <trkpt lat="47.34552137553691864013671875" lon="7.3677658103406429290771484375">
        <ele>435.399993896484375</ele>
        <time>2025-07-22T09:59:01.000Z</time>
        <extensions>
          <ns3:TrackPointExtension>
            <ns3:atemp>27.0</ns3:atemp>
          </ns3:TrackPointExtension>
        </extensions>
      </trkpt>
      <trkpt lat="47.345372177660465240478515625" lon="7.3678811453282833099365234375">
        <ele>435.600006103515625</ele>
        <time>2025-07-22T09:59:04.000Z</time>
        <extensions>
          <ns3:TrackPointExtension>
            <ns3:atemp>27.0</ns3:atemp>
          </ns3:TrackPointExtension>
        </extensions>
      </trkpt>
      <trkpt lat="47.3452201299369335174560546875" lon="7.36795985139906406402587890625">
        <ele>435.600006103515625</ele>
        <time>2025-07-22T09:59:06.000Z</time>
        <extensions>
          <ns3:TrackPointExtension>
            <ns3:atemp>27.0</ns3:atemp>
          </ns3:TrackPointExtension>
        </extensions>
      </trkpt>
      <trkpt lat="47.34468444250524044036865234375" lon="7.36827249638736248016357421875">
        <ele>435.79998779296875</ele>
        <time>2025-07-22T09:59:13.000Z</time>
        <extensions>
          <ns3:TrackPointExtension>
            <ns3:atemp>27.0</ns3:atemp>
          </ns3:TrackPointExtension>
        </extensions>
      </trkpt>
      <trkpt lat="47.34417968429625034332275390625" lon="7.36856686882674694061279296875">
        <ele>435.79998779296875</ele>
        <time>2025-07-22T09:59:19.000Z</time>
        <extensions>
          <ns3:TrackPointExtension>
            <ns3:atemp>27.0</ns3:atemp>
          </ns3:TrackPointExtension>
        </extensions>
      </trkpt>
      <trkpt lat="47.34410005621612071990966796875" lon="7.3686123825609683990478515625">
        <ele>435.79998779296875</ele>
        <time>2025-07-22T09:59:20.000Z</time>
        <extensions>
          <ns3:TrackPointExtension>
            <ns3:atemp>27.0</ns3:atemp>
          </ns3:TrackPointExtension>
        </extensions>
      </trkpt>
      <trkpt lat="47.343537546694278717041015625" lon="7.36892678774893283843994140625">
        <ele>435.600006103515625</ele>
        <time>2025-07-22T09:59:27.000Z</time>
        <extensions>
          <ns3:TrackPointExtension>
            <ns3:atemp>27.0</ns3:atemp>
          </ns3:TrackPointExtension>
        </extensions>
      </trkpt>
      <trkpt lat="47.34330427832901477813720703125" lon="7.36901194788515567779541015625">
        <ele>435.79998779296875</ele>
        <time>2025-07-22T09:59:30.000Z</time>
        <extensions>
          <ns3:TrackPointExtension>
            <ns3:atemp>27.0</ns3:atemp>
          </ns3:TrackPointExtension>
        </extensions>
      </trkpt>
      <trkpt lat="47.34323319979012012481689453125" lon="7.36908160150051116943359375">
        <ele>435.79998779296875</ele>
        <time>2025-07-22T09:59:31.000Z</time>
        <extensions>
          <ns3:TrackPointExtension>
            <ns3:atemp>27.0</ns3:atemp>
          </ns3:TrackPointExtension>
        </extensions>
      </trkpt>
      <trkpt lat="47.34316899441182613372802734375" lon="7.3691759817302227020263671875">
        <ele>435.79998779296875</ele>
        <time>2025-07-22T09:59:32.000Z</time>
        <extensions>
          <ns3:TrackPointExtension>
            <ns3:atemp>27.0</ns3:atemp>
          </ns3:TrackPointExtension>
        </extensions>
      </trkpt>
      <trkpt lat="47.3430294357240200042724609375" lon="7.369379661977291107177734375">
        <ele>435.79998779296875</ele>
        <time>2025-07-22T09:59:34.000Z</time>
        <extensions>
          <ns3:TrackPointExtension>
            <ns3:atemp>27.0</ns3:atemp>
          </ns3:TrackPointExtension>
        </extensions>
      </trkpt>
      <trkpt lat="47.34262098558247089385986328125" lon="7.3699223063886165618896484375">
        <ele>435.79998779296875</ele>
        <time>2025-07-22T09:59:40.000Z</time>
        <extensions>
          <ns3:TrackPointExtension>
            <ns3:atemp>27.0</ns3:atemp>
          </ns3:TrackPointExtension>
        </extensions>
      </trkpt>
      <trkpt lat="47.34253314323723316192626953125" lon="7.37003169022500514984130859375">
        <ele>435.79998779296875</ele>
        <time>2025-07-22T09:59:41.000Z</time>
        <extensions>
          <ns3:TrackPointExtension>
            <ns3:atemp>27.0</ns3:atemp>
          </ns3:TrackPointExtension>
        </extensions>
      </trkpt>
      <trkpt lat="47.34208538196980953216552734375" lon="7.37053561024367809295654296875">
        <ele>435</ele>
        <time>2025-07-22T09:59:47.000Z</time>
        <extensions>
          <ns3:TrackPointExtension>
            <ns3:atemp>27.0</ns3:atemp>
          </ns3:TrackPointExtension>
        </extensions>
      </trkpt>
      <trkpt lat="47.3419399559497833251953125" lon="7.37070157192647457122802734375">
        <ele>435</ele>
        <time>2025-07-22T09:59:49.000Z</time>
        <extensions>
          <ns3:TrackPointExtension>
            <ns3:atemp>27.0</ns3:atemp>
          </ns3:TrackPointExtension>
        </extensions>
      </trkpt>
      <trkpt lat="47.3414452560245990753173828125" lon="7.37124480307102203369140625">
        <ele>434.600006103515625</ele>
        <time>2025-07-22T09:59:56.000Z</time>
        <extensions>
          <ns3:TrackPointExtension>
            <ns3:atemp>27.0</ns3:atemp>
          </ns3:TrackPointExtension>
        </extensions>
      </trkpt>
      <trkpt lat="47.34135313890874385833740234375" lon="7.3713205754756927490234375">
        <ele>434.600006103515625</ele>
        <time>2025-07-22T09:59:57.000Z</time>
        <extensions>
          <ns3:TrackPointExtension>
            <ns3:atemp>27.0</ns3:atemp>
          </ns3:TrackPointExtension>
        </extensions>
      </trkpt>
      <trkpt lat="47.34083195216953754425048828125" lon="7.37170773558318614959716796875">
        <ele>435</ele>
        <time>2025-07-22T10:00:04.000Z</time>
        <extensions>
          <ns3:TrackPointExtension>
            <ns3:atemp>27.0</ns3:atemp>
          </ns3:TrackPointExtension>
        </extensions>
      </trkpt>
      <trkpt lat="47.34068158082664012908935546875" lon="7.37182524986565113067626953125">
        <ele>435</ele>
        <time>2025-07-22T10:00:06.000Z</time>
        <extensions>
          <ns3:TrackPointExtension>
            <ns3:atemp>27.0</ns3:atemp>
          </ns3:TrackPointExtension>
        </extensions>
      </trkpt>
      <trkpt lat="47.34061234630644321441650390625" lon="7.37189213745296001434326171875">
        <ele>435</ele>
        <time>2025-07-22T10:00:07.000Z</time>
        <extensions>
          <ns3:TrackPointExtension>
            <ns3:atemp>27.0</ns3:atemp>
          </ns3:TrackPointExtension>
        </extensions>
      </trkpt>
      <trkpt lat="47.340505979955196380615234375" lon="7.37205826677381992340087890625">
        <ele>435</ele>
        <time>2025-07-22T10:00:09.000Z</time>
        <extensions>
          <ns3:TrackPointExtension>
            <ns3:atemp>27.0</ns3:atemp>
          </ns3:TrackPointExtension>
        </extensions>
      </trkpt>
      <trkpt lat="47.34044135548174381256103515625" lon="7.37226362340152263641357421875">
        <ele>435</ele>
        <time>2025-07-22T10:00:11.000Z</time>
        <extensions>
          <ns3:TrackPointExtension>
            <ns3:atemp>27.0</ns3:atemp>
          </ns3:TrackPointExtension>
        </extensions>
      </trkpt>
      <trkpt lat="47.34039542265236377716064453125" lon="7.372501082718372344970703125">
        <ele>435.20001220703125</ele>
        <time>2025-07-22T10:00:13.000Z</time>
        <extensions>
          <ns3:TrackPointExtension>
            <ns3:atemp>27.0</ns3:atemp>
          </ns3:TrackPointExtension>
        </extensions>
      </trkpt>
      <trkpt lat="47.34033758752048015594482421875" lon="7.37271121703088283538818359375">
        <ele>435.79998779296875</ele>
        <time>2025-07-22T10:00:15.000Z</time>
        <extensions>
          <ns3:TrackPointExtension>
            <ns3:atemp>27.0</ns3:atemp>
          </ns3:TrackPointExtension>
        </extensions>
      </trkpt>
      <trkpt lat="47.34024756588041782379150390625" lon="7.372894696891307830810546875">
        <ele>435.79998779296875</ele>
        <time>2025-07-22T10:00:17.000Z</time>
        <extensions>
          <ns3:TrackPointExtension>
            <ns3:atemp>27.0</ns3:atemp>
          </ns3:TrackPointExtension>
        </extensions>
      </trkpt>
      <trkpt lat="47.34009820036590099334716796875" lon="7.3729736544191837310791015625">
        <ele>435.79998779296875</ele>
        <time>2025-07-22T10:00:19.000Z</time>
        <extensions>
          <ns3:TrackPointExtension>
            <ns3:atemp>27.0</ns3:atemp>
          </ns3:TrackPointExtension>
        </extensions>
      </trkpt>
      <trkpt lat="47.33964423649013042449951171875" lon="7.37301648594439029693603515625">
        <ele>435.600006103515625</ele>
        <time>2025-07-22T10:00:25.000Z</time>
        <extensions>
          <ns3:TrackPointExtension>
            <ns3:atemp>27.0</ns3:atemp>
          </ns3:TrackPointExtension>
        </extensions>
      </trkpt>
      <trkpt lat="47.3395251296460628509521484375" lon="7.3730423860251903533935546875">
        <ele>435.600006103515625</ele>
        <time>2025-07-22T10:00:27.000Z</time>
        <extensions>
          <ns3:TrackPointExtension>
            <ns3:atemp>27.0</ns3:atemp>
          </ns3:TrackPointExtension>
        </extensions>
      </trkpt>
      <trkpt lat="47.3394704796373844146728515625" lon="7.37308572046458721160888671875">
        <ele>435.600006103515625</ele>
        <time>2025-07-22T10:00:28.000Z</time>
        <extensions>
          <ns3:TrackPointExtension>
            <ns3:atemp>27.0</ns3:atemp>
          </ns3:TrackPointExtension>
        </extensions>
      </trkpt>
      <trkpt lat="47.33941842801868915557861328125" lon="7.37317088060081005096435546875">
        <ele>435.79998779296875</ele>
        <time>2025-07-22T10:00:29.000Z</time>
        <extensions>
          <ns3:TrackPointExtension>
            <ns3:atemp>27.0</ns3:atemp>
          </ns3:TrackPointExtension>
        </extensions>
      </trkpt>
      <trkpt lat="47.339347936213016510009765625" lon="7.3733444698154926300048828125">
        <ele>435.79998779296875</ele>
        <time>2025-07-22T10:00:31.000Z</time>
        <extensions>
          <ns3:TrackPointExtension>
            <ns3:atemp>27.0</ns3:atemp>
          </ns3:TrackPointExtension>
        </extensions>
      </trkpt>
      <trkpt lat="47.339246012270450592041015625" lon="7.3734544403851032257080078125">
        <ele>436.20001220703125</ele>
        <time>2025-07-22T10:00:33.000Z</time>
        <extensions>
          <ns3:TrackPointExtension>
            <ns3:atemp>27.0</ns3:atemp>
          </ns3:TrackPointExtension>
        </extensions>
      </trkpt>
      <trkpt lat="47.3391925357282161712646484375" lon="7.37347849644720554351806640625">
        <ele>436.399993896484375</ele>
        <time>2025-07-22T10:00:34.000Z</time>
        <extensions>
          <ns3:TrackPointExtension>
            <ns3:atemp>27.0</ns3:atemp>
          </ns3:TrackPointExtension>
        </extensions>
      </trkpt>
      <trkpt lat="47.33915775083005428314208984375" lon="7.37347899936139583587646484375">
        <ele>436.600006103515625</ele>
        <time>2025-07-22T10:00:35.000Z</time>
        <extensions>
          <ns3:TrackPointExtension>
            <ns3:atemp>27.0</ns3:atemp>
          </ns3:TrackPointExtension>
        </extensions>
      </trkpt>
      <trkpt lat="47.339120618999004364013671875" lon="7.37345167435705661773681640625">
        <ele>437</ele>
        <time>2025-07-22T10:00:36.000Z</time>
        <extensions>
          <ns3:TrackPointExtension>
            <ns3:atemp>27.0</ns3:atemp>
          </ns3:TrackPointExtension>
        </extensions>
      </trkpt>
      <trkpt lat="47.33906823210418224334716796875" lon="7.3733374290168285369873046875">
        <ele>437.600006103515625</ele>
        <time>2025-07-22T10:00:38.000Z</time>
        <extensions>
          <ns3:TrackPointExtension>
            <ns3:atemp>27.0</ns3:atemp>
          </ns3:TrackPointExtension>
        </extensions>
      </trkpt>
      <trkpt lat="47.339052222669124603271484375" lon="7.373251430690288543701171875">
        <ele>437.79998779296875</ele>
        <time>2025-07-22T10:00:39.000Z</time>
        <extensions>
          <ns3:TrackPointExtension>
            <ns3:atemp>27.0</ns3:atemp>
          </ns3:TrackPointExtension>
        </extensions>
      </trkpt>
      <trkpt lat="47.33904006890952587127685546875" lon="7.37315495498478412628173828125">
        <ele>437.79998779296875</ele>
        <time>2025-07-22T10:00:40.000Z</time>
        <extensions>
          <ns3:TrackPointExtension>
            <ns3:atemp>27.0</ns3:atemp>
          </ns3:TrackPointExtension>
        </extensions>
      </trkpt>
      <trkpt lat="47.3390497080981731414794921875" lon="7.3729454912245273590087890625">
        <ele>437.79998779296875</ele>
        <time>2025-07-22T10:00:42.000Z</time>
        <extensions>
          <ns3:TrackPointExtension>
            <ns3:atemp>27.0</ns3:atemp>
          </ns3:TrackPointExtension>
        </extensions>
      </trkpt>
      <trkpt lat="47.3390530608594417572021484375" lon="7.37284046597778797149658203125">
        <ele>437.600006103515625</ele>
        <time>2025-07-22T10:00:43.000Z</time>
        <extensions>
          <ns3:TrackPointExtension>
            <ns3:atemp>27.0</ns3:atemp>
          </ns3:TrackPointExtension>
        </extensions>
      </trkpt>
      <trkpt lat="47.33903034590184688568115234375" lon="7.37263108603656291961669921875">
        <ele>437.600006103515625</ele>
        <time>2025-07-22T10:00:45.000Z</time>
        <extensions>
          <ns3:TrackPointExtension>
            <ns3:atemp>27.0</ns3:atemp>
          </ns3:TrackPointExtension>
        </extensions>
      </trkpt>
      <trkpt lat="47.338981144130229949951171875" lon="7.37243059091269969940185546875">
        <ele>437.20001220703125</ele>
        <time>2025-07-22T10:00:47.000Z</time>
        <extensions>
          <ns3:TrackPointExtension>
            <ns3:atemp>27.0</ns3:atemp>
          </ns3:TrackPointExtension>
        </extensions>
      </trkpt>
      <trkpt lat="47.3388817347586154937744140625" lon="7.37227284349501132965087890625">
        <ele>436.600006103515625</ele>
        <time>2025-07-22T10:00:49.000Z</time>
        <extensions>
          <ns3:TrackPointExtension>
            <ns3:atemp>27.0</ns3:atemp>
          </ns3:TrackPointExtension>
        </extensions>
      </trkpt>
      <trkpt lat="47.3388381488621234893798828125" lon="7.37218491733074188232421875">
        <ele>436.399993896484375</ele>
        <time>2025-07-22T10:00:50.000Z</time>
        <extensions>
          <ns3:TrackPointExtension>
            <ns3:atemp>27.0</ns3:atemp>
          </ns3:TrackPointExtension>
        </extensions>
      </trkpt>
      <trkpt lat="47.33868182636797428131103515625" lon="7.3718357272446155548095703125">
        <ele>436.399993896484375</ele>
        <time>2025-07-22T10:00:54.000Z</time>
        <extensions>
          <ns3:TrackPointExtension>
            <ns3:atemp>27.0</ns3:atemp>
          </ns3:TrackPointExtension>
        </extensions>
      </trkpt>
      <trkpt lat="47.33835694380104541778564453125" lon="7.37128679640591144561767578125">
        <ele>436.399993896484375</ele>
        <time>2025-07-22T10:01:01.000Z</time>
        <extensions>
          <ns3:TrackPointExtension>
            <ns3:atemp>27.0</ns3:atemp>
          </ns3:TrackPointExtension>
        </extensions>
      </trkpt>
      <trkpt lat="47.3383087478578090667724609375" lon="7.37122644670307636260986328125">
        <ele>436.399993896484375</ele>
        <time>2025-07-22T10:01:02.000Z</time>
        <extensions>
          <ns3:TrackPointExtension>
            <ns3:atemp>27.0</ns3:atemp>
          </ns3:TrackPointExtension>
        </extensions>
      </trkpt>
      <trkpt lat="47.3381779901683330535888671875" lon="7.371181435883045196533203125">
        <ele>436.20001220703125</ele>
        <time>2025-07-22T10:01:04.000Z</time>
        <extensions>
          <ns3:TrackPointExtension>
            <ns3:atemp>27.0</ns3:atemp>
          </ns3:TrackPointExtension>
        </extensions>
      </trkpt>
      <trkpt lat="47.3380800895392894744873046875" lon="7.3712939210236072540283203125">
        <ele>436.20001220703125</ele>
        <time>2025-07-22T10:01:06.000Z</time>
        <extensions>
          <ns3:TrackPointExtension>
            <ns3:atemp>27.0</ns3:atemp>
          </ns3:TrackPointExtension>
        </extensions>
      </trkpt>
      <trkpt lat="47.3378453962504863739013671875" lon="7.371651828289031982421875">
        <ele>436.600006103515625</ele>
        <time>2025-07-22T10:01:11.000Z</time>
        <extensions>
          <ns3:TrackPointExtension>
            <ns3:atemp>27.0</ns3:atemp>
          </ns3:TrackPointExtension>
        </extensions>
      </trkpt>
      <trkpt lat="47.33781614340841770172119140625" lon="7.37172516994178295135498046875">
        <ele>436.79998779296875</ele>
        <time>2025-07-22T10:01:12.000Z</time>
        <extensions>
          <ns3:TrackPointExtension>
            <ns3:atemp>27.0</ns3:atemp>
          </ns3:TrackPointExtension>
        </extensions>
      </trkpt>
      <trkpt lat="47.337788902223110198974609375" lon="7.371796667575836181640625">
        <ele>437</ele>
        <time>2025-07-22T10:01:13.000Z</time>
        <extensions>
          <ns3:TrackPointExtension>
            <ns3:atemp>27.0</ns3:atemp>
          </ns3:TrackPointExtension>
        </extensions>
      </trkpt>
      <trkpt lat="47.33770550228655338287353515625" lon="7.3718650639057159423828125">
        <ele>437.20001220703125</ele>
        <time>2025-07-22T10:01:15.000Z</time>
        <extensions>
          <ns3:TrackPointExtension>
            <ns3:atemp>27.0</ns3:atemp>
          </ns3:TrackPointExtension>
        </extensions>
      </trkpt>
      <trkpt lat="47.33753434382379055023193359375" lon="7.3718679137527942657470703125">
        <ele>437.20001220703125</ele>
        <time>2025-07-22T10:01:18.000Z</time>
        <extensions>
          <ns3:TrackPointExtension>
            <ns3:atemp>27.0</ns3:atemp>
          </ns3:TrackPointExtension>
        </extensions>
      </trkpt>
      <trkpt lat="47.3374796099960803985595703125" lon="7.3718866892158985137939453125">
        <ele>437.20001220703125</ele>
        <time>2025-07-22T10:01:19.000Z</time>
        <extensions>
          <ns3:TrackPointExtension>
            <ns3:atemp>27.0</ns3:atemp>
          </ns3:TrackPointExtension>
        </extensions>
      </trkpt>
      <trkpt lat="47.337432168424129486083984375" lon="7.37191862426698207855224609375">
        <ele>437.20001220703125</ele>
        <time>2025-07-22T10:01:20.000Z</time>
        <extensions>
          <ns3:TrackPointExtension>
            <ns3:atemp>27.0</ns3:atemp>
          </ns3:TrackPointExtension>
        </extensions>
      </trkpt>
      <trkpt lat="47.33725941739976406097412109375" lon="7.37208374775946140289306640625">
        <ele>437.20001220703125</ele>
        <time>2025-07-22T10:01:24.000Z</time>
        <extensions>
          <ns3:TrackPointExtension>
            <ns3:atemp>27.0</ns3:atemp>
          </ns3:TrackPointExtension>
        </extensions>
      </trkpt>
      <trkpt lat="47.33720845542848110198974609375" lon="7.37212666310369968414306640625">
        <ele>437.399993896484375</ele>
        <time>2025-07-22T10:01:25.000Z</time>
        <extensions>
          <ns3:TrackPointExtension>
            <ns3:atemp>27.0</ns3:atemp>
          </ns3:TrackPointExtension>
        </extensions>
      </trkpt>
      <trkpt lat="47.33714282512664794921875" lon="7.3721693269908428192138671875">
        <ele>437.399993896484375</ele>
        <time>2025-07-22T10:01:26.000Z</time>
        <extensions>
          <ns3:TrackPointExtension>
            <ns3:atemp>27.0</ns3:atemp>
          </ns3:TrackPointExtension>
        </extensions>
      </trkpt>
      <trkpt lat="47.33703218400478363037109375" lon="7.3721703328192234039306640625">
        <ele>437.600006103515625</ele>
        <time>2025-07-22T10:01:28.000Z</time>
        <extensions>
          <ns3:TrackPointExtension>
            <ns3:atemp>27.0</ns3:atemp>
          </ns3:TrackPointExtension>
        </extensions>
      </trkpt>
      <trkpt lat="47.3368744365870952606201171875" lon="7.372030355036258697509765625">
        <ele>437.79998779296875</ele>
        <time>2025-07-22T10:01:31.000Z</time>
        <extensions>
          <ns3:TrackPointExtension>
            <ns3:atemp>27.0</ns3:atemp>
          </ns3:TrackPointExtension>
        </extensions>
      </trkpt>
      <trkpt lat="47.33680226840078830718994140625" lon="7.37193790264427661895751953125">
        <ele>437.79998779296875</ele>
        <time>2025-07-22T10:01:33.000Z</time>
        <extensions>
          <ns3:TrackPointExtension>
            <ns3:atemp>27.0</ns3:atemp>
          </ns3:TrackPointExtension>
        </extensions>
      </trkpt>
      <trkpt lat="47.33677024953067302703857421875" lon="7.37193270586431026458740234375">
        <ele>437.79998779296875</ele>
        <time>2025-07-22T10:01:34.000Z</time>
        <extensions>
          <ns3:TrackPointExtension>
            <ns3:atemp>27.0</ns3:atemp>
          </ns3:TrackPointExtension>
        </extensions>
      </trkpt>
      <trkpt lat="47.336737811565399169921875" lon="7.37201149575412273406982421875">
        <ele>437.79998779296875</ele>
        <time>2025-07-22T10:01:36.000Z</time>
        <extensions>
          <ns3:TrackPointExtension>
            <ns3:atemp>27.0</ns3:atemp>
          </ns3:TrackPointExtension>
        </extensions>
      </trkpt>
      <trkpt lat="47.33669565059244632720947265625" lon="7.3722712509334087371826171875">
        <ele>438.20001220703125</ele>
        <time>2025-07-22T10:01:40.000Z</time>
        <extensions>
          <ns3:TrackPointExtension>
            <ns3:atemp>27.0</ns3:atemp>
          </ns3:TrackPointExtension>
        </extensions>
      </trkpt>
      <trkpt lat="47.33667268417775630950927734375" lon="7.37234476022422313690185546875">
        <ele>438.20001220703125</ele>
        <time>2025-07-22T10:01:41.000Z</time>
        <extensions>
          <ns3:TrackPointExtension>
            <ns3:atemp>27.0</ns3:atemp>
          </ns3:TrackPointExtension>
        </extensions>
      </trkpt>
      <trkpt lat="47.33650236390531063079833984375" lon="7.37280878238379955291748046875">
        <ele>438.399993896484375</ele>
        <time>2025-07-22T10:01:47.000Z</time>
        <extensions>
          <ns3:TrackPointExtension>
            <ns3:atemp>27.0</ns3:atemp>
          </ns3:TrackPointExtension>
        </extensions>
      </trkpt>
      <trkpt lat="47.33647487126290798187255859375" lon="7.37288673408329486846923828125">
        <ele>438.399993896484375</ele>
        <time>2025-07-22T10:01:48.000Z</time>
        <extensions>
          <ns3:TrackPointExtension>
            <ns3:atemp>27.0</ns3:atemp>
          </ns3:TrackPointExtension>
        </extensions>
      </trkpt>
      <trkpt lat="47.336373366415500640869140625" lon="7.37320373766124248504638671875">
        <ele>438.399993896484375</ele>
        <time>2025-07-22T10:01:52.000Z</time>
        <extensions>
          <ns3:TrackPointExtension>
            <ns3:atemp>27.0</ns3:atemp>
          </ns3:TrackPointExtension>
        </extensions>
      </trkpt>
      <trkpt lat="47.33633372001349925994873046875" lon="7.37335125915706157684326171875">
        <ele>438.600006103515625</ele>
        <time>2025-07-22T10:01:54.000Z</time>
        <extensions>
          <ns3:TrackPointExtension>
            <ns3:atemp>27.0</ns3:atemp>
          </ns3:TrackPointExtension>
        </extensions>
      </trkpt>
      <trkpt lat="47.33628845773637294769287109375" lon="7.37347631715238094329833984375">
        <ele>438.600006103515625</ele>
        <time>2025-07-22T10:01:56.000Z</time>
        <extensions>
          <ns3:TrackPointExtension>
            <ns3:atemp>27.0</ns3:atemp>
          </ns3:TrackPointExtension>
        </extensions>
      </trkpt>
      <trkpt lat="47.33621620573103427886962890625" lon="7.37357170321047306060791015625">
        <ele>438.600006103515625</ele>
        <time>2025-07-22T10:01:58.000Z</time>
        <extensions>
          <ns3:TrackPointExtension>
            <ns3:atemp>27.0</ns3:atemp>
          </ns3:TrackPointExtension>
        </extensions>
      </trkpt>
      <trkpt lat="47.33614026568830013275146484375" lon="7.3736358247697353363037109375">
        <ele>438.79998779296875</ele>
        <time>2025-07-22T10:02:00.000Z</time>
        <extensions>
          <ns3:TrackPointExtension>
            <ns3:atemp>27.0</ns3:atemp>
          </ns3:TrackPointExtension>
        </extensions>
      </trkpt>
      <trkpt lat="47.336097769439220428466796875" lon="7.37363507039844989776611328125">
        <ele>439.399993896484375</ele>
        <time>2025-07-22T10:02:01.000Z</time>
        <extensions>
          <ns3:TrackPointExtension>
            <ns3:atemp>27.0</ns3:atemp>
          </ns3:TrackPointExtension>
        </extensions>
      </trkpt>
      <trkpt lat="47.3360523395240306854248046875" lon="7.37360782921314239501953125">
        <ele>439.79998779296875</ele>
        <time>2025-07-22T10:02:02.000Z</time>
        <extensions>
          <ns3:TrackPointExtension>
            <ns3:atemp>27.0</ns3:atemp>
          </ns3:TrackPointExtension>
        </extensions>
      </trkpt>
      <trkpt lat="47.33589199371635913848876953125" lon="7.3734695278108119964599609375">
        <ele>440.79998779296875</ele>
        <time>2025-07-22T10:02:05.000Z</time>
        <extensions>
          <ns3:TrackPointExtension>
            <ns3:atemp>27.0</ns3:atemp>
          </ns3:TrackPointExtension>
        </extensions>
      </trkpt>
      <trkpt lat="47.335773222148418426513671875" lon="7.37337590195238590240478515625">
        <ele>441</ele>
        <time>2025-07-22T10:02:07.000Z</time>
        <extensions>
          <ns3:TrackPointExtension>
            <ns3:atemp>27.0</ns3:atemp>
          </ns3:TrackPointExtension>
        </extensions>
      </trkpt>
      <trkpt lat="47.33558538369834423065185546875" lon="7.37324262969195842742919921875">
        <ele>441.399993896484375</ele>
        <time>2025-07-22T10:02:10.000Z</time>
        <extensions>
          <ns3:TrackPointExtension>
            <ns3:atemp>27.0</ns3:atemp>
          </ns3:TrackPointExtension>
        </extensions>
      </trkpt>
      <trkpt lat="47.3353821225464344024658203125" lon="7.37316191196441650390625">
        <ele>441.600006103515625</ele>
        <time>2025-07-22T10:02:13.000Z</time>
        <extensions>
          <ns3:TrackPointExtension>
            <ns3:atemp>27.0</ns3:atemp>
          </ns3:TrackPointExtension>
        </extensions>
      </trkpt>
      <trkpt lat="47.33517316170036792755126953125" lon="7.3731161467730998992919921875">
        <ele>441.79998779296875</ele>
        <time>2025-07-22T10:02:16.000Z</time>
        <extensions>
          <ns3:TrackPointExtension>
            <ns3:atemp>27.0</ns3:atemp>
          </ns3:TrackPointExtension>
        </extensions>
      </trkpt>
      <trkpt lat="47.33503201045095920562744140625" lon="7.3731178231537342071533203125">
        <ele>442</ele>
        <time>2025-07-22T10:02:18.000Z</time>
        <extensions>
          <ns3:TrackPointExtension>
            <ns3:atemp>27.0</ns3:atemp>
          </ns3:TrackPointExtension>
        </extensions>
      </trkpt>
      <trkpt lat="47.3349452577531337738037109375" lon="7.3731332458555698394775390625">
        <ele>442.20001220703125</ele>
        <time>2025-07-22T10:02:19.000Z</time>
        <extensions>
          <ns3:TrackPointExtension>
            <ns3:atemp>27.0</ns3:atemp>
          </ns3:TrackPointExtension>
        </extensions>
      </trkpt>
      <trkpt lat="47.33455357141792774200439453125" lon="7.37327364273369312286376953125">
        <ele>442.600006103515625</ele>
        <time>2025-07-22T10:02:25.000Z</time>
        <extensions>
          <ns3:TrackPointExtension>
            <ns3:atemp>27.0</ns3:atemp>
          </ns3:TrackPointExtension>
        </extensions>
      </trkpt>
      <trkpt lat="47.3343380726873874664306640625" lon="7.3733724653720855712890625">
        <ele>442.79998779296875</ele>
        <time>2025-07-22T10:02:28.000Z</time>
        <extensions>
          <ns3:TrackPointExtension>
            <ns3:atemp>27.0</ns3:atemp>
          </ns3:TrackPointExtension>
        </extensions>
      </trkpt>
      <trkpt lat="47.3341003619134426116943359375" lon="7.37349945120513439178466796875">
        <ele>443.20001220703125</ele>
        <time>2025-07-22T10:02:32.000Z</time>
        <extensions>
          <ns3:TrackPointExtension>
            <ns3:atemp>27.0</ns3:atemp>
          </ns3:TrackPointExtension>
        </extensions>
      </trkpt>
      <trkpt lat="47.3337607271969318389892578125" lon="7.37367597408592700958251953125">
        <ele>444</ele>
        <time>2025-07-22T10:02:38.000Z</time>
        <extensions>
          <ns3:TrackPointExtension>
            <ns3:atemp>27.0</ns3:atemp>
          </ns3:TrackPointExtension>
        </extensions>
      </trkpt>
      <trkpt lat="47.33369149267673492431640625" lon="7.3738017864525318145751953125">
        <ele>444.20001220703125</ele>
        <time>2025-07-22T10:02:40.000Z</time>
        <extensions>
          <ns3:TrackPointExtension>
            <ns3:atemp>27.0</ns3:atemp>
          </ns3:TrackPointExtension>
        </extensions>
      </trkpt>
      <trkpt lat="47.33367984183132648468017578125" lon="7.37388032488524913787841796875">
        <ele>444.399993896484375</ele>
        <time>2025-07-22T10:02:41.000Z</time>
        <extensions>
          <ns3:TrackPointExtension>
            <ns3:atemp>27.0</ns3:atemp>
          </ns3:TrackPointExtension>
        </extensions>
      </trkpt>
      <trkpt lat="47.33368604443967342376708984375" lon="7.37395660020411014556884765625">
        <ele>444.600006103515625</ele>
        <time>2025-07-22T10:02:42.000Z</time>
        <extensions>
          <ns3:TrackPointExtension>
            <ns3:atemp>27.0</ns3:atemp>
          </ns3:TrackPointExtension>
        </extensions>
      </trkpt>
      <trkpt lat="47.33371035195887088775634765625" lon="7.3740901239216327667236328125">
        <ele>445</ele>
        <time>2025-07-22T10:02:44.000Z</time>
        <extensions>
          <ns3:TrackPointExtension>
            <ns3:atemp>27.0</ns3:atemp>
          </ns3:TrackPointExtension>
        </extensions>
      </trkpt>
      <trkpt lat="47.3337657563388347625732421875" lon="7.37433596514165401458740234375">
        <ele>446.20001220703125</ele>
        <time>2025-07-22T10:02:48.000Z</time>
        <extensions>
          <ns3:TrackPointExtension>
            <ns3:atemp>27.0</ns3:atemp>
          </ns3:TrackPointExtension>
        </extensions>
      </trkpt>
      <trkpt lat="47.33380992896854877471923828125" lon="7.3745108954608440399169921875">
        <ele>447</ele>
        <time>2025-07-22T10:02:51.000Z</time>
        <extensions>
          <ns3:TrackPointExtension>
            <ns3:atemp>27.0</ns3:atemp>
          </ns3:TrackPointExtension>
        </extensions>
      </trkpt>
      <trkpt lat="47.33384077437222003936767578125" lon="7.37462840974330902099609375">
        <ele>447.399993896484375</ele>
        <time>2025-07-22T10:02:53.000Z</time>
        <extensions>
          <ns3:TrackPointExtension>
            <ns3:atemp>27.0</ns3:atemp>
          </ns3:TrackPointExtension>
        </extensions>
      </trkpt>
      <trkpt lat="47.333886288106441497802734375" lon="7.37485237419605255126953125">
        <ele>449</ele>
        <time>2025-07-22T10:02:57.000Z</time>
        <extensions>
          <ns3:TrackPointExtension>
            <ns3:atemp>27.0</ns3:atemp>
          </ns3:TrackPointExtension>
        </extensions>
      </trkpt>
      <trkpt lat="47.33391604386270046234130859375" lon="7.37501372583210468292236328125">
        <ele>450.20001220703125</ele>
        <time>2025-07-22T10:03:00.000Z</time>
        <extensions>
          <ns3:TrackPointExtension>
            <ns3:atemp>27.0</ns3:atemp>
          </ns3:TrackPointExtension>
        </extensions>
      </trkpt>
      <trkpt lat="47.33397237025201320648193359375" lon="7.37527674995362758636474609375">
        <ele>451.399993896484375</ele>
        <time>2025-07-22T10:03:05.000Z</time>
        <extensions>
          <ns3:TrackPointExtension>
            <ns3:atemp>27.0</ns3:atemp>
          </ns3:TrackPointExtension>
        </extensions>
      </trkpt>
      <trkpt lat="47.3340209014713764190673828125" lon="7.375424690544605255126953125">
        <ele>452.600006103515625</ele>
        <time>2025-07-22T10:03:08.000Z</time>
        <extensions>
          <ns3:TrackPointExtension>
            <ns3:atemp>27.0</ns3:atemp>
          </ns3:TrackPointExtension>
        </extensions>
      </trkpt>
      <trkpt lat="47.33403758145868778228759765625" lon="7.3754788376390933990478515625">
        <ele>452.600006103515625</ele>
        <time>2025-07-22T10:03:09.000Z</time>
        <extensions>
          <ns3:TrackPointExtension>
            <ns3:atemp>27.0</ns3:atemp>
          </ns3:TrackPointExtension>
        </extensions>
      </trkpt>
      <trkpt lat="47.33407312072813510894775390625" lon="7.375594340264797210693359375">
        <ele>453.399993896484375</ele>
        <time>2025-07-22T10:03:11.000Z</time>
        <extensions>
          <ns3:TrackPointExtension>
            <ns3:atemp>27.0</ns3:atemp>
          </ns3:TrackPointExtension>
        </extensions>
      </trkpt>
      <trkpt lat="47.3341593705117702484130859375" lon="7.37586750648915767669677734375">
        <ele>454.399993896484375</ele>
        <time>2025-07-22T10:03:15.000Z</time>
        <extensions>
          <ns3:TrackPointExtension>
            <ns3:atemp>27.0</ns3:atemp>
          </ns3:TrackPointExtension>
        </extensions>
      </trkpt>
      <trkpt lat="47.334187030792236328125" lon="7.37601787783205509185791015625">
        <ele>454.399993896484375</ele>
        <time>2025-07-22T10:03:17.000Z</time>
        <extensions>
          <ns3:TrackPointExtension>
            <ns3:atemp>27.0</ns3:atemp>
          </ns3:TrackPointExtension>
        </extensions>
      </trkpt>
      <trkpt lat="47.33418845571577548980712890625" lon="7.37624318338930606842041015625">
        <ele>454.399993896484375</ele>
        <time>2025-07-22T10:03:20.000Z</time>
        <extensions>
          <ns3:TrackPointExtension>
            <ns3:atemp>27.0</ns3:atemp>
          </ns3:TrackPointExtension>
        </extensions>
      </trkpt>
      <trkpt lat="47.33410497196018695831298828125" lon="7.37659974955022335052490234375">
        <ele>454.79998779296875</ele>
        <time>2025-07-22T10:03:25.000Z</time>
        <extensions>
          <ns3:TrackPointExtension>
            <ns3:atemp>27.0</ns3:atemp>
          </ns3:TrackPointExtension>
        </extensions>
      </trkpt>
      <trkpt lat="47.33399483375251293182373046875" lon="7.376880459487438201904296875">
        <ele>455.600006103515625</ele>
        <time>2025-07-22T10:03:30.000Z</time>
        <extensions>
          <ns3:TrackPointExtension>
            <ns3:atemp>27.0</ns3:atemp>
          </ns3:TrackPointExtension>
        </extensions>
      </trkpt>
      <trkpt lat="47.33396734111011028289794921875" lon="7.376948855817317962646484375">
        <ele>455.79998779296875</ele>
        <time>2025-07-22T10:03:31.000Z</time>
        <extensions>
          <ns3:TrackPointExtension>
            <ns3:atemp>27.0</ns3:atemp>
          </ns3:TrackPointExtension>
        </extensions>
      </trkpt>
      <trkpt lat="47.33392509631812572479248046875" lon="7.3770646937191486358642578125">
        <ele>456.399993896484375</ele>
        <time>2025-07-22T10:03:33.000Z</time>
        <extensions>
          <ns3:TrackPointExtension>
            <ns3:atemp>27.0</ns3:atemp>
          </ns3:TrackPointExtension>
        </extensions>
      </trkpt>
      <trkpt lat="47.3339122720062732696533203125" lon="7.37711347639560699462890625">
        <ele>457.20001220703125</ele>
        <time>2025-07-22T10:03:34.000Z</time>
        <extensions>
          <ns3:TrackPointExtension>
            <ns3:atemp>27.0</ns3:atemp>
          </ns3:TrackPointExtension>
        </extensions>
      </trkpt>
      <trkpt lat="47.3338780738413333892822265625" lon="7.3772376962006092071533203125">
        <ele>457.600006103515625</ele>
        <time>2025-07-22T10:03:36.000Z</time>
        <extensions>
          <ns3:TrackPointExtension>
            <ns3:atemp>27.0</ns3:atemp>
          </ns3:TrackPointExtension>
        </extensions>
      </trkpt>
      <trkpt lat="47.3338582925498485565185546875" lon="7.37731539644300937652587890625">
        <ele>458.20001220703125</ele>
        <time>2025-07-22T10:03:37.000Z</time>
        <extensions>
          <ns3:TrackPointExtension>
            <ns3:atemp>27.0</ns3:atemp>
          </ns3:TrackPointExtension>
        </extensions>
      </trkpt>
      <trkpt lat="47.33379702083766460418701171875" lon="7.3775820247828960418701171875">
        <ele>459.20001220703125</ele>
        <time>2025-07-22T10:03:41.000Z</time>
        <extensions>
          <ns3:TrackPointExtension>
            <ns3:atemp>27.0</ns3:atemp>
          </ns3:TrackPointExtension>
        </extensions>
      </trkpt>
      <trkpt lat="47.33377673663198947906494140625" lon="7.37771890126168727874755859375">
        <ele>460</ele>
        <time>2025-07-22T10:03:43.000Z</time>
        <extensions>
          <ns3:TrackPointExtension>
            <ns3:atemp>27.0</ns3:atemp>
          </ns3:TrackPointExtension>
        </extensions>
      </trkpt>
      <trkpt lat="47.333752848207950592041015625" lon="7.377831973135471343994140625">
        <ele>460.399993896484375</ele>
        <time>2025-07-22T10:03:45.000Z</time>
        <extensions>
          <ns3:TrackPointExtension>
            <ns3:atemp>27.0</ns3:atemp>
          </ns3:TrackPointExtension>
        </extensions>
      </trkpt>
      <trkpt lat="47.3337442986667156219482421875" lon="7.3778973519802093505859375">
        <ele>460.399993896484375</ele>
        <time>2025-07-22T10:03:46.000Z</time>
        <extensions>
          <ns3:TrackPointExtension>
            <ns3:atemp>27.0</ns3:atemp>
          </ns3:TrackPointExtension>
        </extensions>
      </trkpt>
      <trkpt lat="47.33374320901930332183837890625" lon="7.37803749740123748779296875">
        <ele>461.20001220703125</ele>
        <time>2025-07-22T10:03:48.000Z</time>
        <extensions>
          <ns3:TrackPointExtension>
            <ns3:atemp>27.0</ns3:atemp>
          </ns3:TrackPointExtension>
        </extensions>
      </trkpt>
      <trkpt lat="47.333743460476398468017578125" lon="7.37808569334447383880615234375">
        <ele>461.20001220703125</ele>
        <time>2025-07-22T10:03:49.000Z</time>
        <extensions>
          <ns3:TrackPointExtension>
            <ns3:atemp>27.0</ns3:atemp>
          </ns3:TrackPointExtension>
        </extensions>
      </trkpt>
      <trkpt lat="47.33374723233282566070556640625" lon="7.37831871025264263153076171875">
        <ele>462.600006103515625</ele>
        <time>2025-07-22T10:03:53.000Z</time>
        <extensions>
          <ns3:TrackPointExtension>
            <ns3:atemp>27.0</ns3:atemp>
          </ns3:TrackPointExtension>
        </extensions>
      </trkpt>
      <trkpt lat="47.33375712297856807708740234375" lon="7.378508560359477996826171875">
        <ele>463.79998779296875</ele>
        <time>2025-07-22T10:03:57.000Z</time>
        <extensions>
          <ns3:TrackPointExtension>
            <ns3:atemp>27.0</ns3:atemp>
          </ns3:TrackPointExtension>
        </extensions>
      </trkpt>
      <trkpt lat="47.3337667621672153472900390625" lon="7.37872757948935031890869140625">
        <ele>465</ele>
        <time>2025-07-22T10:04:01.000Z</time>
        <extensions>
          <ns3:TrackPointExtension>
            <ns3:atemp>27.0</ns3:atemp>
          </ns3:TrackPointExtension>
        </extensions>
      </trkpt>
      <trkpt lat="47.33377204276621341705322265625" lon="7.378912903368473052978515625">
        <ele>466</ele>
        <time>2025-07-22T10:04:05.000Z</time>
        <extensions>
          <ns3:TrackPointExtension>
            <ns3:atemp>27.0</ns3:atemp>
          </ns3:TrackPointExtension>
        </extensions>
      </trkpt>
      <trkpt lat="47.333782017230987548828125" lon="7.37900753505527973175048828125">
        <ele>466.399993896484375</ele>
        <time>2025-07-22T10:04:07.000Z</time>
        <extensions>
          <ns3:TrackPointExtension>
            <ns3:atemp>27.0</ns3:atemp>
          </ns3:TrackPointExtension>
        </extensions>
      </trkpt>
      <trkpt lat="47.33378193341195583343505859375" lon="7.3790525458753108978271484375">
        <ele>467</ele>
        <time>2025-07-22T10:04:08.000Z</time>
        <extensions>
          <ns3:TrackPointExtension>
            <ns3:atemp>27.0</ns3:atemp>
          </ns3:TrackPointExtension>
        </extensions>
      </trkpt>
      <trkpt lat="47.33378805220127105712890625" lon="7.37912655808031558990478515625">
        <ele>467.600006103515625</ele>
        <time>2025-07-22T10:04:10.000Z</time>
        <extensions>
          <ns3:TrackPointExtension>
            <ns3:atemp>27.0</ns3:atemp>
          </ns3:TrackPointExtension>
        </extensions>
      </trkpt>
      <trkpt lat="47.3338009603321552276611328125" lon="7.37916561774909496307373046875">
        <ele>467.79998779296875</ele>
        <time>2025-07-22T10:04:11.000Z</time>
        <extensions>
          <ns3:TrackPointExtension>
            <ns3:atemp>27.0</ns3:atemp>
          </ns3:TrackPointExtension>
        </extensions>
      </trkpt>
      <trkpt lat="47.33381646685302257537841796875" lon="7.37921909429132938385009765625">
        <ele>468.20001220703125</ele>
        <time>2025-07-22T10:04:12.000Z</time>
        <extensions>
          <ns3:TrackPointExtension>
            <ns3:atemp>27.0</ns3:atemp>
          </ns3:TrackPointExtension>
        </extensions>
      </trkpt>
      <trkpt lat="47.33385921455919742584228515625" lon="7.37940249033272266387939453125">
        <ele>469.20001220703125</ele>
        <time>2025-07-22T10:04:16.000Z</time>
        <extensions>
          <ns3:TrackPointExtension>
            <ns3:atemp>27.0</ns3:atemp>
          </ns3:TrackPointExtension>
        </extensions>
      </trkpt>
      <trkpt lat="47.33390263281762599945068359375" lon="7.37954816780984401702880859375">
        <ele>470.600006103515625</ele>
        <time>2025-07-22T10:04:19.000Z</time>
        <extensions>
          <ns3:TrackPointExtension>
            <ns3:atemp>27.0</ns3:atemp>
          </ns3:TrackPointExtension>
        </extensions>
      </trkpt>
      <trkpt lat="47.333915792405605316162109375" lon="7.37959158606827259063720703125">
        <ele>470.79998779296875</ele>
        <time>2025-07-22T10:04:20.000Z</time>
        <extensions>
          <ns3:TrackPointExtension>
            <ns3:atemp>27.0</ns3:atemp>
          </ns3:TrackPointExtension>
        </extensions>
      </trkpt>
      <trkpt lat="47.333925850689411163330078125" lon="7.3796972818672657012939453125">
        <ele>471.79998779296875</ele>
        <time>2025-07-22T10:04:22.000Z</time>
        <extensions>
          <ns3:TrackPointExtension>
            <ns3:atemp>27.0</ns3:atemp>
          </ns3:TrackPointExtension>
        </extensions>
      </trkpt>
      <trkpt lat="47.3339442908763885498046875" lon="7.37984798848628997802734375">
        <ele>472.399993896484375</ele>
        <time>2025-07-22T10:04:25.000Z</time>
        <extensions>
          <ns3:TrackPointExtension>
            <ns3:atemp>27.0</ns3:atemp>
          </ns3:TrackPointExtension>
        </extensions>
      </trkpt>
      <trkpt lat="47.33396641910076141357421875" lon="7.3799584619700908660888671875">
        <ele>473</ele>
        <time>2025-07-22T10:04:27.000Z</time>
        <extensions>
          <ns3:TrackPointExtension>
            <ns3:atemp>27.0</ns3:atemp>
          </ns3:TrackPointExtension>
        </extensions>
      </trkpt>
      <trkpt lat="47.3339920677244663238525390625" lon="7.38009072840213775634765625">
        <ele>474.20001220703125</ele>
        <time>2025-07-22T10:04:30.000Z</time>
        <extensions>
          <ns3:TrackPointExtension>
            <ns3:atemp>27.0</ns3:atemp>
          </ns3:TrackPointExtension>
        </extensions>
      </trkpt>
      <trkpt lat="47.3340450413525104522705078125" lon="7.38028049468994140625">
        <ele>475</ele>
        <time>2025-07-22T10:04:34.000Z</time>
        <extensions>
          <ns3:TrackPointExtension>
            <ns3:atemp>27.0</ns3:atemp>
          </ns3:TrackPointExtension>
        </extensions>
      </trkpt>
      <trkpt lat="47.33407194726169109344482421875" lon="7.380422987043857574462890625">
        <ele>476</ele>
        <time>2025-07-22T10:04:37.000Z</time>
        <extensions>
          <ns3:TrackPointExtension>
            <ns3:atemp>27.0</ns3:atemp>
          </ns3:TrackPointExtension>
        </extensions>
      </trkpt>
      <trkpt lat="47.33413229696452617645263671875" lon="7.3805830813944339752197265625">
        <ele>477.20001220703125</ele>
        <time>2025-07-22T10:04:41.000Z</time>
        <extensions>
          <ns3:TrackPointExtension>
            <ns3:atemp>27.0</ns3:atemp>
          </ns3:TrackPointExtension>
        </extensions>
      </trkpt>
      <trkpt lat="47.33415107242763042449951171875" lon="7.38072431646287441253662109375">
        <ele>478.20001220703125</ele>
        <time>2025-07-22T10:04:44.000Z</time>
        <extensions>
          <ns3:TrackPointExtension>
            <ns3:atemp>27.0</ns3:atemp>
          </ns3:TrackPointExtension>
        </extensions>
      </trkpt>
      <trkpt lat="47.33415593393146991729736328125" lon="7.3807711713016033172607421875">
        <ele>478.399993896484375</ele>
        <time>2025-07-22T10:04:45.000Z</time>
        <extensions>
          <ns3:TrackPointExtension>
            <ns3:atemp>27.0</ns3:atemp>
          </ns3:TrackPointExtension>
        </extensions>
      </trkpt>
      <trkpt lat="47.334178984165191650390625" lon="7.38089698366820812225341796875">
        <ele>479.399993896484375</ele>
        <time>2025-07-22T10:04:48.000Z</time>
        <extensions>
          <ns3:TrackPointExtension>
            <ns3:atemp>27.0</ns3:atemp>
          </ns3:TrackPointExtension>
        </extensions>
      </trkpt>
      <trkpt lat="47.334215529263019561767578125" lon="7.38110301084816455841064453125">
        <ele>480.399993896484375</ele>
        <time>2025-07-22T10:04:52.000Z</time>
        <extensions>
          <ns3:TrackPointExtension>
            <ns3:atemp>27.0</ns3:atemp>
          </ns3:TrackPointExtension>
        </extensions>
      </trkpt>
      <trkpt lat="47.334226258099079132080078125" lon="7.3811570741236209869384765625">
        <ele>480.79998779296875</ele>
        <time>2025-07-22T10:04:53.000Z</time>
        <extensions>
          <ns3:TrackPointExtension>
            <ns3:atemp>27.0</ns3:atemp>
          </ns3:TrackPointExtension>
        </extensions>
      </trkpt>
      <trkpt lat="47.334260456264019012451171875" lon="7.38135077990591526031494140625">
        <ele>481.600006103515625</ele>
        <time>2025-07-22T10:04:57.000Z</time>
        <extensions>
          <ns3:TrackPointExtension>
            <ns3:atemp>27.0</ns3:atemp>
          </ns3:TrackPointExtension>
        </extensions>
      </trkpt>
      <trkpt lat="47.33430077321827411651611328125" lon="7.38152964971959590911865234375">
        <ele>482.79998779296875</ele>
        <time>2025-07-22T10:05:01.000Z</time>
        <extensions>
          <ns3:TrackPointExtension>
            <ns3:atemp>27.0</ns3:atemp>
          </ns3:TrackPointExtension>
        </extensions>
      </trkpt>
      <trkpt lat="47.33432776294648647308349609375" lon="7.38167029805481433868408203125">
        <ele>483.79998779296875</ele>
        <time>2025-07-22T10:05:04.000Z</time>
        <extensions>
          <ns3:TrackPointExtension>
            <ns3:atemp>27.0</ns3:atemp>
          </ns3:TrackPointExtension>
        </extensions>
      </trkpt>
      <trkpt lat="47.3343504779040813446044921875" lon="7.381786890327930450439453125">
        <ele>485</ele>
        <time>2025-07-22T10:05:07.000Z</time>
        <extensions>
          <ns3:TrackPointExtension>
            <ns3:atemp>27.0</ns3:atemp>
          </ns3:TrackPointExtension>
        </extensions>
      </trkpt>
      <trkpt lat="47.33437771908938884735107421875" lon="7.38194807432591915130615234375">
        <ele>486</ele>
        <time>2025-07-22T10:05:11.000Z</time>
        <extensions>
          <ns3:TrackPointExtension>
            <ns3:atemp>27.0</ns3:atemp>
          </ns3:TrackPointExtension>
        </extensions>
      </trkpt>
      <trkpt lat="47.33441208489239215850830078125" lon="7.38210062496364116668701171875">
        <ele>487.399993896484375</ele>
        <time>2025-07-22T10:05:15.000Z</time>
        <extensions>
          <ns3:TrackPointExtension>
            <ns3:atemp>27.0</ns3:atemp>
          </ns3:TrackPointExtension>
        </extensions>
      </trkpt>
      <trkpt lat="47.3344329558312892913818359375" lon="7.3821719549596309661865234375">
        <ele>488.20001220703125</ele>
        <time>2025-07-22T10:05:17.000Z</time>
        <extensions>
          <ns3:TrackPointExtension>
            <ns3:atemp>27.0</ns3:atemp>
          </ns3:TrackPointExtension>
        </extensions>
      </trkpt>
      <trkpt lat="47.33445751480758190155029296875" lon="7.38223515450954437255859375">
        <ele>488.79998779296875</ele>
        <time>2025-07-22T10:05:19.000Z</time>
        <extensions>
          <ns3:TrackPointExtension>
            <ns3:atemp>28.0</ns3:atemp>
          </ns3:TrackPointExtension>
        </extensions>
      </trkpt>
      <trkpt lat="47.33453915454447269439697265625" lon="7.3823516629636287689208984375">
        <ele>489.79998779296875</ele>
        <time>2025-07-22T10:05:23.000Z</time>
        <extensions>
          <ns3:TrackPointExtension>
            <ns3:atemp>28.0</ns3:atemp>
          </ns3:TrackPointExtension>
        </extensions>
      </trkpt>
      <trkpt lat="47.3345504701137542724609375" lon="7.3823838494718074798583984375">
        <ele>490</ele>
        <time>2025-07-22T10:05:24.000Z</time>
        <extensions>
          <ns3:TrackPointExtension>
            <ns3:atemp>28.0</ns3:atemp>
          </ns3:TrackPointExtension>
        </extensions>
      </trkpt>
      <trkpt lat="47.33456832356750965118408203125" lon="7.38248501904308795928955078125">
        <ele>491.20001220703125</ele>
        <time>2025-07-22T10:05:27.000Z</time>
        <extensions>
          <ns3:TrackPointExtension>
            <ns3:atemp>28.0</ns3:atemp>
          </ns3:TrackPointExtension>
        </extensions>
      </trkpt>
      <trkpt lat="47.3345727659761905670166015625" lon="7.3825166188180446624755859375">
        <ele>492</ele>
        <time>2025-07-22T10:05:28.000Z</time>
        <extensions>
          <ns3:TrackPointExtension>
            <ns3:atemp>28.0</ns3:atemp>
          </ns3:TrackPointExtension>
        </extensions>
      </trkpt>
      <trkpt lat="47.3345808126032352447509765625" lon="7.38255073316395282745361328125">
        <ele>492.399993896484375</ele>
        <time>2025-07-22T10:05:29.000Z</time>
        <extensions>
          <ns3:TrackPointExtension>
            <ns3:atemp>28.0</ns3:atemp>
          </ns3:TrackPointExtension>
        </extensions>
      </trkpt>
      <trkpt lat="47.334582991898059844970703125" lon="7.3826564289629459381103515625">
        <ele>493.600006103515625</ele>
        <time>2025-07-22T10:05:33.000Z</time>
        <extensions>
          <ns3:TrackPointExtension>
            <ns3:atemp>28.0</ns3:atemp>
          </ns3:TrackPointExtension>
        </extensions>
      </trkpt>
      <trkpt lat="47.3345818184316158294677734375" lon="7.38268333487212657928466796875">
        <ele>494</ele>
        <time>2025-07-22T10:05:34.000Z</time>
        <extensions>
          <ns3:TrackPointExtension>
            <ns3:atemp>28.0</ns3:atemp>
          </ns3:TrackPointExtension>
        </extensions>
      </trkpt>
      <trkpt lat="47.33457352034747600555419921875" lon="7.38274150528013706207275390625">
        <ele>494.79998779296875</ele>
        <time>2025-07-22T10:05:36.000Z</time>
        <extensions>
          <ns3:TrackPointExtension>
            <ns3:atemp>28.0</ns3:atemp>
          </ns3:TrackPointExtension>
        </extensions>
      </trkpt>
      <trkpt lat="47.33457888476550579071044921875" lon="7.382771261036396026611328125">
        <ele>495.20001220703125</ele>
        <time>2025-07-22T10:05:37.000Z</time>
        <extensions>
          <ns3:TrackPointExtension>
            <ns3:atemp>28.0</ns3:atemp>
          </ns3:TrackPointExtension>
        </extensions>
      </trkpt>
      <trkpt lat="47.33459397219121456146240234375" lon="7.38282926380634307861328125">
        <ele>495.600006103515625</ele>
        <time>2025-07-22T10:05:39.000Z</time>
        <extensions>
          <ns3:TrackPointExtension>
            <ns3:atemp>28.0</ns3:atemp>
          </ns3:TrackPointExtension>
        </extensions>
      </trkpt>
      <trkpt lat="47.33459363691508769989013671875" lon="7.3828669823706150054931640625">
        <ele>496.20001220703125</ele>
        <time>2025-07-22T10:05:40.000Z</time>
        <extensions>
          <ns3:TrackPointExtension>
            <ns3:atemp>28.0</ns3:atemp>
          </ns3:TrackPointExtension>
        </extensions>
      </trkpt>
      <trkpt lat="47.33458869159221649169921875" lon="7.38293680362403392791748046875">
        <ele>497.20001220703125</ele>
        <time>2025-07-22T10:05:42.000Z</time>
        <extensions>
          <ns3:TrackPointExtension>
            <ns3:atemp>27.0</ns3:atemp>
          </ns3:TrackPointExtension>
        </extensions>
      </trkpt>
      <trkpt lat="47.33459942042827606201171875" lon="7.383010648190975189208984375">
        <ele>497.600006103515625</ele>
        <time>2025-07-22T10:05:44.000Z</time>
        <extensions>
          <ns3:TrackPointExtension>
            <ns3:atemp>28.0</ns3:atemp>
          </ns3:TrackPointExtension>
        </extensions>
      </trkpt>
      <trkpt lat="47.33458357863128185272216796875" lon="7.3830758593976497650146484375">
        <ele>498.20001220703125</ele>
        <time>2025-07-22T10:05:46.000Z</time>
        <extensions>
          <ns3:TrackPointExtension>
            <ns3:atemp>27.0</ns3:atemp>
          </ns3:TrackPointExtension>
        </extensions>
      </trkpt>
      <trkpt lat="47.33453546650707721710205078125" lon="7.3831492848694324493408203125">
        <ele>499.600006103515625</ele>
        <time>2025-07-22T10:05:49.000Z</time>
        <extensions>
          <ns3:TrackPointExtension>
            <ns3:atemp>27.0</ns3:atemp>
          </ns3:TrackPointExtension>
        </extensions>
      </trkpt>
      <trkpt lat="47.3345120809972286224365234375" lon="7.383213825523853302001953125">
        <ele>500.20001220703125</ele>
        <time>2025-07-22T10:05:51.000Z</time>
        <extensions>
          <ns3:TrackPointExtension>
            <ns3:atemp>27.0</ns3:atemp>
          </ns3:TrackPointExtension>
        </extensions>
      </trkpt>
      <trkpt lat="47.33448483981192111968994140625" lon="7.3832589201629161834716796875">
        <ele>500.79998779296875</ele>
        <time>2025-07-22T10:05:53.000Z</time>
        <extensions>
          <ns3:TrackPointExtension>
            <ns3:atemp>27.0</ns3:atemp>
          </ns3:TrackPointExtension>
        </extensions>
      </trkpt>
      <trkpt lat="47.33441946096718311309814453125" lon="7.38331474363803863525390625">
        <ele>502</ele>
        <time>2025-07-22T10:05:57.000Z</time>
        <extensions>
          <ns3:TrackPointExtension>
            <ns3:atemp>27.0</ns3:atemp>
          </ns3:TrackPointExtension>
        </extensions>
      </trkpt>
      <trkpt lat="47.33437101356685161590576171875" lon="7.38337241113185882568359375">
        <ele>503.399993896484375</ele>
        <time>2025-07-22T10:06:00.000Z</time>
        <extensions>
          <ns3:TrackPointExtension>
            <ns3:atemp>27.0</ns3:atemp>
          </ns3:TrackPointExtension>
        </extensions>
      </trkpt>
      <trkpt lat="47.33434217981994152069091796875" lon="7.3834252171218395233154296875">
        <ele>504</ele>
        <time>2025-07-22T10:06:02.000Z</time>
        <extensions>
          <ns3:TrackPointExtension>
            <ns3:atemp>27.0</ns3:atemp>
          </ns3:TrackPointExtension>
        </extensions>
      </trkpt>
      <trkpt lat="47.3343209736049175262451171875" lon="7.38347341306507587432861328125">
        <ele>504.600006103515625</ele>
        <time>2025-07-22T10:06:04.000Z</time>
        <extensions>
          <ns3:TrackPointExtension>
            <ns3:atemp>27.0</ns3:atemp>
          </ns3:TrackPointExtension>
        </extensions>
      </trkpt>
      <trkpt lat="47.33427026309072971343994140625" lon="7.3835848085582256317138671875">
        <ele>506.20001220703125</ele>
        <time>2025-07-22T10:06:08.000Z</time>
        <extensions>
          <ns3:TrackPointExtension>
            <ns3:atemp>27.0</ns3:atemp>
          </ns3:TrackPointExtension>
        </extensions>
      </trkpt>
      <trkpt lat="47.3342244140803813934326171875" lon="7.383665777742862701416015625">
        <ele>507.20001220703125</ele>
        <time>2025-07-22T10:06:11.000Z</time>
        <extensions>
          <ns3:TrackPointExtension>
            <ns3:atemp>27.0</ns3:atemp>
          </ns3:TrackPointExtension>
        </extensions>
      </trkpt>
      <trkpt lat="47.33420941047370433807373046875" lon="7.3836981318891048431396484375">
        <ele>507.399993896484375</ele>
        <time>2025-07-22T10:06:12.000Z</time>
        <extensions>
          <ns3:TrackPointExtension>
            <ns3:atemp>27.0</ns3:atemp>
          </ns3:TrackPointExtension>
        </extensions>
      </trkpt>
      <trkpt lat="47.3341771401464939117431640625" lon="7.383738197386264801025390625">
        <ele>508.20001220703125</ele>
        <time>2025-07-22T10:06:14.000Z</time>
        <extensions>
          <ns3:TrackPointExtension>
            <ns3:atemp>27.0</ns3:atemp>
          </ns3:TrackPointExtension>
        </extensions>
      </trkpt>
      <trkpt lat="47.3341239988803863525390625" lon="7.38382092677056789398193359375">
        <ele>509.20001220703125</ele>
        <time>2025-07-22T10:06:18.000Z</time>
        <extensions>
          <ns3:TrackPointExtension>
            <ns3:atemp>27.0</ns3:atemp>
          </ns3:TrackPointExtension>
        </extensions>
      </trkpt>
      <trkpt lat="47.3341070674359798431396484375" lon="7.383838109672069549560546875">
        <ele>509.399993896484375</ele>
        <time>2025-07-22T10:06:19.000Z</time>
        <extensions>
          <ns3:TrackPointExtension>
            <ns3:atemp>27.0</ns3:atemp>
          </ns3:TrackPointExtension>
        </extensions>
      </trkpt>
      <trkpt lat="47.33405359089374542236328125" lon="7.3839683644473552703857421875">
        <ele>510.399993896484375</ele>
        <time>2025-07-22T10:06:24.000Z</time>
        <extensions>
          <ns3:TrackPointExtension>
            <ns3:atemp>27.0</ns3:atemp>
          </ns3:TrackPointExtension>
        </extensions>
      </trkpt>
      <trkpt lat="47.33403389342129230499267578125" lon="7.38399376161396503448486328125">
        <ele>510.79998779296875</ele>
        <time>2025-07-22T10:06:25.000Z</time>
        <extensions>
          <ns3:TrackPointExtension>
            <ns3:atemp>27.0</ns3:atemp>
          </ns3:TrackPointExtension>
        </extensions>
      </trkpt>
      <trkpt lat="47.33398712240159511566162109375" lon="7.3840645886957645416259765625">
        <ele>511.600006103515625</ele>
        <time>2025-07-22T10:06:28.000Z</time>
        <extensions>
          <ns3:TrackPointExtension>
            <ns3:atemp>27.0</ns3:atemp>
          </ns3:TrackPointExtension>
        </extensions>
      </trkpt>
      <trkpt lat="47.333934567868709564208984375" lon="7.38416123203933238983154296875">
        <ele>512.5999755859375</ele>
        <time>2025-07-22T10:06:32.000Z</time>
        <extensions>
          <ns3:TrackPointExtension>
            <ns3:atemp>27.0</ns3:atemp>
          </ns3:TrackPointExtension>
        </extensions>
      </trkpt>
      <trkpt lat="47.333900034427642822265625" lon="7.3842121101915836334228515625">
        <ele>513</ele>
        <time>2025-07-22T10:06:34.000Z</time>
        <extensions>
          <ns3:TrackPointExtension>
            <ns3:atemp>27.0</ns3:atemp>
          </ns3:TrackPointExtension>
        </extensions>
      </trkpt>
      <trkpt lat="47.3338656686246395111083984375" lon="7.38428771495819091796875">
        <ele>514</ele>
        <time>2025-07-22T10:06:37.000Z</time>
        <extensions>
          <ns3:TrackPointExtension>
            <ns3:atemp>27.0</ns3:atemp>
          </ns3:TrackPointExtension>
        </extensions>
      </trkpt>
      <trkpt lat="47.33382216654717922210693359375" lon="7.38435334526002407073974609375">
        <ele>514.79998779296875</ele>
        <time>2025-07-22T10:06:40.000Z</time>
        <extensions>
          <ns3:TrackPointExtension>
            <ns3:atemp>27.0</ns3:atemp>
          </ns3:TrackPointExtension>
        </extensions>
      </trkpt>
      <trkpt lat="47.33380774967372417449951171875" lon="7.38436843268573284149169921875">
        <ele>515.20001220703125</ele>
        <time>2025-07-22T10:06:41.000Z</time>
        <extensions>
          <ns3:TrackPointExtension>
            <ns3:atemp>27.0</ns3:atemp>
          </ns3:TrackPointExtension>
        </extensions>
      </trkpt>
      <trkpt lat="47.33375309966504573822021484375" lon="7.38440774381160736083984375">
        <ele>516.4000244140625</ele>
        <time>2025-07-22T10:06:44.000Z</time>
        <extensions>
          <ns3:TrackPointExtension>
            <ns3:atemp>27.0</ns3:atemp>
          </ns3:TrackPointExtension>
        </extensions>
      </trkpt>
      <trkpt lat="47.33371336944401264190673828125" lon="7.38447220064699649810791015625">
        <ele>517.5999755859375</ele>
        <time>2025-07-22T10:06:47.000Z</time>
        <extensions>
          <ns3:TrackPointExtension>
            <ns3:atemp>27.0</ns3:atemp>
          </ns3:TrackPointExtension>
        </extensions>
      </trkpt>
      <trkpt lat="47.3336598090827465057373046875" lon="7.3845591209828853607177734375">
        <ele>518.79998779296875</ele>
        <time>2025-07-22T10:06:51.000Z</time>
        <extensions>
          <ns3:TrackPointExtension>
            <ns3:atemp>27.0</ns3:atemp>
          </ns3:TrackPointExtension>
        </extensions>
      </trkpt>
      <trkpt lat="47.33363223262131214141845703125" lon="7.38461100496351718902587890625">
        <ele>519.4000244140625</ele>
        <time>2025-07-22T10:06:53.000Z</time>
        <extensions>
          <ns3:TrackPointExtension>
            <ns3:atemp>27.0</ns3:atemp>
          </ns3:TrackPointExtension>
        </extensions>
      </trkpt>
      <trkpt lat="47.3336165584623813629150390625" lon="7.38463279791176319122314453125">
        <ele>520</ele>
        <time>2025-07-22T10:06:54.000Z</time>
        <extensions>
          <ns3:TrackPointExtension>
            <ns3:atemp>27.0</ns3:atemp>
          </ns3:TrackPointExtension>
        </extensions>
      </trkpt>
      <trkpt lat="47.33359250240027904510498046875" lon="7.3846717737615108489990234375">
        <ele>521</ele>
        <time>2025-07-22T10:06:56.000Z</time>
        <extensions>
          <ns3:TrackPointExtension>
            <ns3:atemp>27.0</ns3:atemp>
          </ns3:TrackPointExtension>
        </extensions>
      </trkpt>
      <trkpt lat="47.33355947770178318023681640625" lon="7.38471058197319507598876953125">
        <ele>522.20001220703125</ele>
        <time>2025-07-22T10:06:58.000Z</time>
        <extensions>
          <ns3:TrackPointExtension>
            <ns3:atemp>27.0</ns3:atemp>
          </ns3:TrackPointExtension>
        </extensions>
      </trkpt>
      <trkpt lat="47.33353458344936370849609375" lon="7.38476757891476154327392578125">
        <ele>522.79998779296875</ele>
        <time>2025-07-22T10:07:00.000Z</time>
        <extensions>
          <ns3:TrackPointExtension>
            <ns3:atemp>27.0</ns3:atemp>
          </ns3:TrackPointExtension>
        </extensions>
      </trkpt>
      <trkpt lat="47.333518154919147491455078125" lon="7.38482340238988399505615234375">
        <ele>523.4000244140625</ele>
        <time>2025-07-22T10:07:02.000Z</time>
        <extensions>
          <ns3:TrackPointExtension>
            <ns3:atemp>27.0</ns3:atemp>
          </ns3:TrackPointExtension>
        </extensions>
      </trkpt>
      <trkpt lat="47.33349041081964969635009765625" lon="7.3849046230316162109375">
        <ele>524.20001220703125</ele>
        <time>2025-07-22T10:07:05.000Z</time>
        <extensions>
          <ns3:TrackPointExtension>
            <ns3:atemp>27.0</ns3:atemp>
          </ns3:TrackPointExtension>
        </extensions>
      </trkpt>
      <trkpt lat="47.3334693722426891326904296875" lon="7.3849607817828655242919921875">
        <ele>524.79998779296875</ele>
        <time>2025-07-22T10:07:07.000Z</time>
        <extensions>
          <ns3:TrackPointExtension>
            <ns3:atemp>27.0</ns3:atemp>
          </ns3:TrackPointExtension>
        </extensions>
      </trkpt>
      <trkpt lat="47.33345285989344120025634765625" lon="7.38502406515181064605712890625">
        <ele>525.5999755859375</ele>
        <time>2025-07-22T10:07:09.000Z</time>
        <extensions>
          <ns3:TrackPointExtension>
            <ns3:atemp>28.0</ns3:atemp>
          </ns3:TrackPointExtension>
        </extensions>
      </trkpt>
      <trkpt lat="47.33342369087040424346923828125" lon="7.38515281118452548980712890625">
        <ele>526.79998779296875</ele>
        <time>2025-07-22T10:07:13.000Z</time>
        <extensions>
          <ns3:TrackPointExtension>
            <ns3:atemp>28.0</ns3:atemp>
          </ns3:TrackPointExtension>
        </extensions>
      </trkpt>
      <trkpt lat="47.33341597951948642730712890625" lon="7.385186590254306793212890625">
        <ele>527</ele>
        <time>2025-07-22T10:07:14.000Z</time>
        <extensions>
          <ns3:TrackPointExtension>
            <ns3:atemp>28.0</ns3:atemp>
          </ns3:TrackPointExtension>
        </extensions>
      </trkpt>
      <trkpt lat="47.33338815160095691680908203125" lon="7.38528088666498661041259765625">
        <ele>527.5999755859375</ele>
        <time>2025-07-22T10:07:17.000Z</time>
        <extensions>
          <ns3:TrackPointExtension>
            <ns3:atemp>28.0</ns3:atemp>
          </ns3:TrackPointExtension>
        </extensions>
      </trkpt>
      <trkpt lat="47.33337323181331157684326171875" lon="7.38529865629971027374267578125">
        <ele>528.20001220703125</ele>
        <time>2025-07-22T10:07:18.000Z</time>
        <extensions>
          <ns3:TrackPointExtension>
            <ns3:atemp>28.0</ns3:atemp>
          </ns3:TrackPointExtension>
        </extensions>
      </trkpt>
      <trkpt lat="47.333355881273746490478515625" lon="7.385325394570827484130859375">
        <ele>528.4000244140625</ele>
        <time>2025-07-22T10:07:19.000Z</time>
        <extensions>
          <ns3:TrackPointExtension>
            <ns3:atemp>28.0</ns3:atemp>
          </ns3:TrackPointExtension>
        </extensions>
      </trkpt>
      <trkpt lat="47.3333449847996234893798828125" lon="7.3853446729481220245361328125">
        <ele>528.79998779296875</ele>
        <time>2025-07-22T10:07:20.000Z</time>
        <extensions>
          <ns3:TrackPointExtension>
            <ns3:atemp>28.0</ns3:atemp>
          </ns3:TrackPointExtension>
        </extensions>
      </trkpt>
      <trkpt lat="47.3333141393959522247314453125" lon="7.385453470051288604736328125">
        <ele>530</ele>
        <time>2025-07-22T10:07:24.000Z</time>
        <extensions>
          <ns3:TrackPointExtension>
            <ns3:atemp>28.0</ns3:atemp>
          </ns3:TrackPointExtension>
        </extensions>
      </trkpt>
      <trkpt lat="47.333306930959224700927734375" lon="7.38548238761723041534423828125">
        <ele>530.4000244140625</ele>
        <time>2025-07-22T10:07:25.000Z</time>
        <extensions>
          <ns3:TrackPointExtension>
            <ns3:atemp>28.0</ns3:atemp>
          </ns3:TrackPointExtension>
        </extensions>
      </trkpt>
      <trkpt lat="47.3332953639328479766845703125" lon="7.3855418153107166290283203125">
        <ele>531</ele>
        <time>2025-07-22T10:07:27.000Z</time>
        <extensions>
          <ns3:TrackPointExtension>
            <ns3:atemp>27.0</ns3:atemp>
          </ns3:TrackPointExtension>
        </extensions>
      </trkpt>
      <trkpt lat="47.33328153379261493682861328125" lon="7.385570816695690155029296875">
        <ele>531.20001220703125</ele>
        <time>2025-07-22T10:07:28.000Z</time>
        <extensions>
          <ns3:TrackPointExtension>
            <ns3:atemp>27.0</ns3:atemp>
          </ns3:TrackPointExtension>
        </extensions>
      </trkpt>
      <trkpt lat="47.33325856737792491912841796875" lon="7.3856494389474391937255859375">
        <ele>532</ele>
        <time>2025-07-22T10:07:31.000Z</time>
        <extensions>
          <ns3:TrackPointExtension>
            <ns3:atemp>27.0</ns3:atemp>
          </ns3:TrackPointExtension>
        </extensions>
      </trkpt>
      <trkpt lat="47.33322939835488796234130859375" lon="7.38573753274977207183837890625">
        <ele>532.4000244140625</ele>
        <time>2025-07-22T10:07:34.000Z</time>
        <extensions>
          <ns3:TrackPointExtension>
            <ns3:atemp>27.0</ns3:atemp>
          </ns3:TrackPointExtension>
        </extensions>
      </trkpt>
      <trkpt lat="47.33322369866073131561279296875" lon="7.385776340961456298828125">
        <ele>533</ele>
        <time>2025-07-22T10:07:35.000Z</time>
        <extensions>
          <ns3:TrackPointExtension>
            <ns3:atemp>27.0</ns3:atemp>
          </ns3:TrackPointExtension>
        </extensions>
      </trkpt>
      <trkpt lat="47.33321296982467174530029296875" lon="7.38583794794976711273193359375">
        <ele>533.20001220703125</ele>
        <time>2025-07-22T10:07:37.000Z</time>
        <extensions>
          <ns3:TrackPointExtension>
            <ns3:atemp>27.0</ns3:atemp>
          </ns3:TrackPointExtension>
        </extensions>
      </trkpt>
      <trkpt lat="47.33319620601832866668701171875" lon="7.38586661405861377716064453125">
        <ele>533.79998779296875</ele>
        <time>2025-07-22T10:07:38.000Z</time>
        <extensions>
          <ns3:TrackPointExtension>
            <ns3:atemp>27.0</ns3:atemp>
          </ns3:TrackPointExtension>
        </extensions>
      </trkpt>
      <trkpt lat="47.33319251798093318939208984375" lon="7.38590173423290252685546875">
        <ele>534</ele>
        <time>2025-07-22T10:07:39.000Z</time>
        <extensions>
          <ns3:TrackPointExtension>
            <ns3:atemp>27.0</ns3:atemp>
          </ns3:TrackPointExtension>
        </extensions>
      </trkpt>
      <trkpt lat="47.333168797194957733154296875" lon="7.3860185779631137847900390625">
        <ele>535</ele>
        <time>2025-07-22T10:07:43.000Z</time>
        <extensions>
          <ns3:TrackPointExtension>
            <ns3:atemp>28.0</ns3:atemp>
          </ns3:TrackPointExtension>
        </extensions>
      </trkpt>
      <trkpt lat="47.33314373530447483062744140625" lon="7.38607741892337799072265625">
        <ele>535.79998779296875</ele>
        <time>2025-07-22T10:07:45.000Z</time>
        <extensions>
          <ns3:TrackPointExtension>
            <ns3:atemp>28.0</ns3:atemp>
          </ns3:TrackPointExtension>
        </extensions>
      </trkpt>
      <trkpt lat="47.33314340002834796905517578125" lon="7.3861741460859775543212890625">
        <ele>536.4000244140625</ele>
        <time>2025-07-22T10:07:48.000Z</time>
        <extensions>
          <ns3:TrackPointExtension>
            <ns3:atemp>28.0</ns3:atemp>
          </ns3:TrackPointExtension>
        </extensions>
      </trkpt>
      <trkpt lat="47.3331431485712528228759765625" lon="7.38621261902153491973876953125">
        <ele>536.79998779296875</ele>
        <time>2025-07-22T10:07:49.000Z</time>
        <extensions>
          <ns3:TrackPointExtension>
            <ns3:atemp>28.0</ns3:atemp>
          </ns3:TrackPointExtension>
        </extensions>
      </trkpt>
      <trkpt lat="47.3331059329211711883544921875" lon="7.386345975100994110107421875">
        <ele>538.20001220703125</ele>
        <time>2025-07-22T10:07:53.000Z</time>
        <extensions>
          <ns3:TrackPointExtension>
            <ns3:atemp>28.0</ns3:atemp>
          </ns3:TrackPointExtension>
        </extensions>
      </trkpt>
      <trkpt lat="47.3330838046967983245849609375" lon="7.38641009666025638580322265625">
        <ele>538.79998779296875</ele>
        <time>2025-07-22T10:07:55.000Z</time>
        <extensions>
          <ns3:TrackPointExtension>
            <ns3:atemp>28.0</ns3:atemp>
          </ns3:TrackPointExtension>
        </extensions>
      </trkpt>
      <trkpt lat="47.33306117355823516845703125" lon="7.38648486323654651641845703125">
        <ele>539.20001220703125</ele>
        <time>2025-07-22T10:07:57.000Z</time>
        <extensions>
          <ns3:TrackPointExtension>
            <ns3:atemp>28.0</ns3:atemp>
          </ns3:TrackPointExtension>
        </extensions>
      </trkpt>
      <trkpt lat="47.33300912193953990936279296875" lon="7.38658628426492214202880859375">
        <ele>540.4000244140625</ele>
        <time>2025-07-22T10:08:01.000Z</time>
        <extensions>
          <ns3:TrackPointExtension>
            <ns3:atemp>28.0</ns3:atemp>
          </ns3:TrackPointExtension>
        </extensions>
      </trkpt>
      <trkpt lat="47.33298716135323047637939453125" lon="7.386643029749393463134765625">
        <ele>541.4000244140625</ele>
        <time>2025-07-22T10:08:03.000Z</time>
        <extensions>
          <ns3:TrackPointExtension>
            <ns3:atemp>28.0</ns3:atemp>
          </ns3:TrackPointExtension>
        </extensions>
      </trkpt>
      <trkpt lat="47.33297509141266345977783203125" lon="7.38666524179279804229736328125">
        <ele>541.79998779296875</ele>
        <time>2025-07-22T10:08:04.000Z</time>
        <extensions>
          <ns3:TrackPointExtension>
            <ns3:atemp>28.0</ns3:atemp>
          </ns3:TrackPointExtension>
        </extensions>
      </trkpt>
      <trkpt lat="47.332918345928192138671875" lon="7.38672223873436450958251953125">
        <ele>542.79998779296875</ele>
        <time>2025-07-22T10:08:08.000Z</time>
        <extensions>
          <ns3:TrackPointExtension>
            <ns3:atemp>28.0</ns3:atemp>
          </ns3:TrackPointExtension>
        </extensions>
      </trkpt>
      <trkpt lat="47.33289931900799274444580078125" lon="7.38671754486858844757080078125">
        <ele>543</ele>
        <time>2025-07-22T10:08:09.000Z</time>
        <extensions>
          <ns3:TrackPointExtension>
            <ns3:atemp>28.0</ns3:atemp>
          </ns3:TrackPointExtension>
        </extensions>
      </trkpt>
      <trkpt lat="47.33285598456859588623046875" lon="7.3866817541420459747314453125">
        <ele>543.4000244140625</ele>
        <time>2025-07-22T10:08:11.000Z</time>
        <extensions>
          <ns3:TrackPointExtension>
            <ns3:atemp>28.0</ns3:atemp>
          </ns3:TrackPointExtension>
        </extensions>
      </trkpt>
      <trkpt lat="47.33284533955156803131103515625" lon="7.3866515792906284332275390625">
        <ele>544</ele>
        <time>2025-07-22T10:08:13.000Z</time>
        <extensions>
          <ns3:TrackPointExtension>
            <ns3:atemp>28.0</ns3:atemp>
          </ns3:TrackPointExtension>
        </extensions>
      </trkpt>
      <trkpt lat="47.332851625978946685791015625" lon="7.386608831584453582763671875">
        <ele>545.20001220703125</ele>
        <time>2025-07-22T10:08:16.000Z</time>
        <extensions>
          <ns3:TrackPointExtension>
            <ns3:atemp>28.0</ns3:atemp>
          </ns3:TrackPointExtension>
        </extensions>
      </trkpt>
      <trkpt lat="47.33286746777594089508056640625" lon="7.38654387183487415313720703125">
        <ele>545.5999755859375</ele>
        <time>2025-07-22T10:08:18.000Z</time>
        <extensions>
          <ns3:TrackPointExtension>
            <ns3:atemp>28.0</ns3:atemp>
          </ns3:TrackPointExtension>
        </extensions>
      </trkpt>
      <trkpt lat="47.33287014998495578765869140625" lon="7.3865077458322048187255859375">
        <ele>545.79998779296875</ele>
        <time>2025-07-22T10:08:19.000Z</time>
        <extensions>
          <ns3:TrackPointExtension>
            <ns3:atemp>28.0</ns3:atemp>
          </ns3:TrackPointExtension>
        </extensions>
      </trkpt>
      <trkpt lat="47.33286730013787746429443359375" lon="7.38647849299013614654541015625">
        <ele>546</ele>
        <time>2025-07-22T10:08:20.000Z</time>
        <extensions>
          <ns3:TrackPointExtension>
            <ns3:atemp>28.0</ns3:atemp>
          </ns3:TrackPointExtension>
        </extensions>
      </trkpt>
      <trkpt lat="47.3328618519008159637451171875" lon="7.38641981966793537139892578125">
        <ele>546.79998779296875</ele>
        <time>2025-07-22T10:08:22.000Z</time>
        <extensions>
          <ns3:TrackPointExtension>
            <ns3:atemp>28.0</ns3:atemp>
          </ns3:TrackPointExtension>
        </extensions>
      </trkpt>
      <trkpt lat="47.33286445029079914093017578125" lon="7.38636466674506664276123046875">
        <ele>547.20001220703125</ele>
        <time>2025-07-22T10:08:24.000Z</time>
        <extensions>
          <ns3:TrackPointExtension>
            <ns3:atemp>28.0</ns3:atemp>
          </ns3:TrackPointExtension>
        </extensions>
      </trkpt>
      <trkpt lat="47.3328829742968082427978515625" lon="7.3862817697227001190185546875">
        <ele>548.4000244140625</ele>
        <time>2025-07-22T10:08:27.000Z</time>
        <extensions>
          <ns3:TrackPointExtension>
            <ns3:atemp>28.0</ns3:atemp>
          </ns3:TrackPointExtension>
        </extensions>
      </trkpt>
      <trkpt lat="47.33289898373186588287353515625" lon="7.38607331179082393646240234375">
        <ele>549.79998779296875</ele>
        <time>2025-07-22T10:08:33.000Z</time>
        <extensions>
          <ns3:TrackPointExtension>
            <ns3:atemp>28.0</ns3:atemp>
          </ns3:TrackPointExtension>
        </extensions>
      </trkpt>
      <trkpt lat="47.3329071141779422760009765625" lon="7.3860464058816432952880859375">
        <ele>550</ele>
        <time>2025-07-22T10:08:34.000Z</time>
        <extensions>
          <ns3:TrackPointExtension>
            <ns3:atemp>28.0</ns3:atemp>
          </ns3:TrackPointExtension>
        </extensions>
      </trkpt>
      <trkpt lat="47.33290493488311767578125" lon="7.38598630763590335845947265625">
        <ele>550.79998779296875</ele>
        <time>2025-07-22T10:08:36.000Z</time>
        <extensions>
          <ns3:TrackPointExtension>
            <ns3:atemp>28.0</ns3:atemp>
          </ns3:TrackPointExtension>
        </extensions>
      </trkpt>
      <trkpt lat="47.33288456685841083526611328125" lon="7.38585303537547588348388671875">
        <ele>552.20001220703125</ele>
        <time>2025-07-22T10:08:40.000Z</time>
        <extensions>
          <ns3:TrackPointExtension>
            <ns3:atemp>28.0</ns3:atemp>
          </ns3:TrackPointExtension>
        </extensions>
      </trkpt>
      <trkpt lat="47.33286176808178424835205078125" lon="7.38575077615678310394287109375">
        <ele>553</ele>
        <time>2025-07-22T10:08:43.000Z</time>
        <extensions>
          <ns3:TrackPointExtension>
            <ns3:atemp>28.0</ns3:atemp>
          </ns3:TrackPointExtension>
        </extensions>
      </trkpt>
      <trkpt lat="47.332856990396976470947265625" lon="7.38571741618216037750244140625">
        <ele>553.5999755859375</ele>
        <time>2025-07-22T10:08:44.000Z</time>
        <extensions>
          <ns3:TrackPointExtension>
            <ns3:atemp>28.0</ns3:atemp>
          </ns3:TrackPointExtension>
        </extensions>
      </trkpt>
      <trkpt lat="47.33286403119564056396484375" lon="7.38567869178950786590576171875">
        <ele>554</ele>
        <time>2025-07-22T10:08:45.000Z</time>
        <extensions>
          <ns3:TrackPointExtension>
            <ns3:atemp>28.0</ns3:atemp>
          </ns3:TrackPointExtension>
        </extensions>
      </trkpt>
      <trkpt lat="47.33287199400365352630615234375" lon="7.38555430434644222259521484375">
        <ele>555</ele>
        <time>2025-07-22T10:08:49.000Z</time>
        <extensions>
          <ns3:TrackPointExtension>
            <ns3:atemp>28.0</ns3:atemp>
          </ns3:TrackPointExtension>
        </extensions>
      </trkpt>
      <trkpt lat="47.332873083651065826416015625" lon="7.38544198684394359588623046875">
        <ele>555.79998779296875</ele>
        <time>2025-07-22T10:08:52.000Z</time>
        <extensions>
          <ns3:TrackPointExtension>
            <ns3:atemp>28.0</ns3:atemp>
          </ns3:TrackPointExtension>
        </extensions>
      </trkpt>
      <trkpt lat="47.3328836448490619659423828125" lon="7.385405860841274261474609375">
        <ele>556.20001220703125</ele>
        <time>2025-07-22T10:08:53.000Z</time>
        <extensions>
          <ns3:TrackPointExtension>
            <ns3:atemp>28.0</ns3:atemp>
          </ns3:TrackPointExtension>
        </extensions>
      </trkpt>
      <trkpt lat="47.3328548111021518707275390625" lon="7.3852920345962047576904296875">
        <ele>557.20001220703125</ele>
        <time>2025-07-22T10:08:56.000Z</time>
        <extensions>
          <ns3:TrackPointExtension>
            <ns3:atemp>28.0</ns3:atemp>
          </ns3:TrackPointExtension>
        </extensions>
      </trkpt>
      <trkpt lat="47.33284567482769489288330078125" lon="7.38519857637584209442138671875">
        <ele>557.79998779296875</ele>
        <time>2025-07-22T10:08:59.000Z</time>
        <extensions>
          <ns3:TrackPointExtension>
            <ns3:atemp>28.0</ns3:atemp>
          </ns3:TrackPointExtension>
        </extensions>
      </trkpt>
      <trkpt lat="47.3328494466841220855712890625" lon="7.38514275290071964263916015625">
        <ele>558.20001220703125</ele>
        <time>2025-07-22T10:09:01.000Z</time>
        <extensions>
          <ns3:TrackPointExtension>
            <ns3:atemp>28.0</ns3:atemp>
          </ns3:TrackPointExtension>
        </extensions>
      </trkpt>
      <trkpt lat="47.33284550718963146209716796875" lon="7.38503948785364627838134765625">
        <ele>559.4000244140625</ele>
        <time>2025-07-22T10:09:05.000Z</time>
        <extensions>
          <ns3:TrackPointExtension>
            <ns3:atemp>28.0</ns3:atemp>
          </ns3:TrackPointExtension>
        </extensions>
      </trkpt>
      <trkpt lat="47.33284257352352142333984375" lon="7.385019958019256591796875">
        <ele>559.4000244140625</ele>
        <time>2025-07-22T10:09:06.000Z</time>
        <extensions>
          <ns3:TrackPointExtension>
            <ns3:atemp>28.0</ns3:atemp>
          </ns3:TrackPointExtension>
        </extensions>
      </trkpt>
      <trkpt lat="47.332832850515842437744140625" lon="7.3849953152239322662353515625">
        <ele>560</ele>
        <time>2025-07-22T10:09:07.000Z</time>
        <extensions>
          <ns3:TrackPointExtension>
            <ns3:atemp>27.0</ns3:atemp>
          </ns3:TrackPointExtension>
        </extensions>
      </trkpt>
      <trkpt lat="47.33281935565173625946044921875" lon="7.38495851866900920867919921875">
        <ele>560.4000244140625</ele>
        <time>2025-07-22T10:09:09.000Z</time>
        <extensions>
          <ns3:TrackPointExtension>
            <ns3:atemp>27.0</ns3:atemp>
          </ns3:TrackPointExtension>
        </extensions>
      </trkpt>
      <trkpt lat="47.33279756270349025726318359375" lon="7.3849165253341197967529296875">
        <ele>561</ele>
        <time>2025-07-22T10:09:11.000Z</time>
        <extensions>
          <ns3:TrackPointExtension>
            <ns3:atemp>27.0</ns3:atemp>
          </ns3:TrackPointExtension>
        </extensions>
      </trkpt>
      <trkpt lat="47.33277224935591220855712890625" lon="7.38486061803996562957763671875">
        <ele>561.5999755859375</ele>
        <time>2025-07-22T10:09:13.000Z</time>
        <extensions>
          <ns3:TrackPointExtension>
            <ns3:atemp>27.0</ns3:atemp>
          </ns3:TrackPointExtension>
        </extensions>
      </trkpt>
      <trkpt lat="47.33268574811518192291259765625" lon="7.384735979139804840087890625">
        <ele>562.5999755859375</ele>
        <time>2025-07-22T10:09:18.000Z</time>
        <extensions>
          <ns3:TrackPointExtension>
            <ns3:atemp>27.0</ns3:atemp>
          </ns3:TrackPointExtension>
        </extensions>
      </trkpt>
      <trkpt lat="47.3326595127582550048828125" lon="7.38470823504030704498291015625">
        <ele>563</ele>
        <time>2025-07-22T10:09:19.000Z</time>
        <extensions>
          <ns3:TrackPointExtension>
            <ns3:atemp>27.0</ns3:atemp>
          </ns3:TrackPointExtension>
        </extensions>
      </trkpt>
      <trkpt lat="47.3325926251709461212158203125" lon="7.38462240435183048248291015625">
        <ele>563.79998779296875</ele>
        <time>2025-07-22T10:09:22.000Z</time>
        <extensions>
          <ns3:TrackPointExtension>
            <ns3:atemp>27.0</ns3:atemp>
          </ns3:TrackPointExtension>
        </extensions>
      </trkpt>
      <trkpt lat="47.33252883888781070709228515625" lon="7.3845420219004154205322265625">
        <ele>565.20001220703125</ele>
        <time>2025-07-22T10:09:25.000Z</time>
        <extensions>
          <ns3:TrackPointExtension>
            <ns3:atemp>27.0</ns3:atemp>
          </ns3:TrackPointExtension>
        </extensions>
      </trkpt>
      <trkpt lat="47.332510650157928466796875" lon="7.38452450372278690338134765625">
        <ele>565.20001220703125</ele>
        <time>2025-07-22T10:09:26.000Z</time>
        <extensions>
          <ns3:TrackPointExtension>
            <ns3:atemp>27.0</ns3:atemp>
          </ns3:TrackPointExtension>
        </extensions>
      </trkpt>
      <trkpt lat="47.33243060298264026641845703125" lon="7.38444252870976924896240234375">
        <ele>566.4000244140625</ele>
        <time>2025-07-22T10:09:29.000Z</time>
        <extensions>
          <ns3:TrackPointExtension>
            <ns3:atemp>27.0</ns3:atemp>
          </ns3:TrackPointExtension>
        </extensions>
      </trkpt>
      <trkpt lat="47.33233924023807048797607421875" lon="7.3843462206423282623291015625">
        <ele>567.5999755859375</ele>
        <time>2025-07-22T10:09:33.000Z</time>
        <extensions>
          <ns3:TrackPointExtension>
            <ns3:atemp>27.0</ns3:atemp>
          </ns3:TrackPointExtension>
        </extensions>
      </trkpt>
      <trkpt lat="47.3322895355522632598876953125" lon="7.38428427837789058685302734375">
        <ele>568.5999755859375</ele>
        <time>2025-07-22T10:09:36.000Z</time>
        <extensions>
          <ns3:TrackPointExtension>
            <ns3:atemp>27.0</ns3:atemp>
          </ns3:TrackPointExtension>
        </extensions>
      </trkpt>
      <trkpt lat="47.3322727717459201812744140625" lon="7.38426298834383487701416015625">
        <ele>568.79998779296875</ele>
        <time>2025-07-22T10:09:37.000Z</time>
        <extensions>
          <ns3:TrackPointExtension>
            <ns3:atemp>27.0</ns3:atemp>
          </ns3:TrackPointExtension>
        </extensions>
      </trkpt>
      <trkpt lat="47.33221552334725856781005859375" lon="7.384214960038661956787109375">
        <ele>569.5999755859375</ele>
        <time>2025-07-22T10:09:40.000Z</time>
        <extensions>
          <ns3:TrackPointExtension>
            <ns3:atemp>27.0</ns3:atemp>
          </ns3:TrackPointExtension>
        </extensions>
      </trkpt>
      <trkpt lat="47.3321042954921722412109375" lon="7.38414178602397441864013671875">
        <ele>571</ele>
        <time>2025-07-22T10:09:45.000Z</time>
        <extensions>
          <ns3:TrackPointExtension>
            <ns3:atemp>27.0</ns3:atemp>
          </ns3:TrackPointExtension>
        </extensions>
      </trkpt>
      <trkpt lat="47.3320833407342433929443359375" lon="7.384131811559200286865234375">
        <ele>571.4000244140625</ele>
        <time>2025-07-22T10:09:46.000Z</time>
        <extensions>
          <ns3:TrackPointExtension>
            <ns3:atemp>27.0</ns3:atemp>
          </ns3:TrackPointExtension>
        </extensions>
      </trkpt>
      <trkpt lat="47.33201737515628337860107421875" lon="7.38410457037389278411865234375">
        <ele>572.20001220703125</ele>
        <time>2025-07-22T10:09:49.000Z</time>
        <extensions>
          <ns3:TrackPointExtension>
            <ns3:atemp>27.0</ns3:atemp>
          </ns3:TrackPointExtension>
        </extensions>
      </trkpt>
      <trkpt lat="47.33192852698266506195068359375" lon="7.38410054706037044525146484375">
        <ele>573.79998779296875</ele>
        <time>2025-07-22T10:09:53.000Z</time>
        <extensions>
          <ns3:TrackPointExtension>
            <ns3:atemp>27.0</ns3:atemp>
          </ns3:TrackPointExtension>
        </extensions>
      </trkpt>
      <trkpt lat="47.3318550176918506622314453125" lon="7.384120412170886993408203125">
        <ele>575</ele>
        <time>2025-07-22T10:09:56.000Z</time>
        <extensions>
          <ns3:TrackPointExtension>
            <ns3:atemp>27.0</ns3:atemp>
          </ns3:TrackPointExtension>
        </extensions>
      </trkpt>
      <trkpt lat="47.331789471209049224853515625" lon="7.3841303028166294097900390625">
        <ele>575.79998779296875</ele>
        <time>2025-07-22T10:09:59.000Z</time>
        <extensions>
          <ns3:TrackPointExtension>
            <ns3:atemp>27.0</ns3:atemp>
          </ns3:TrackPointExtension>
        </extensions>
      </trkpt>
      <trkpt lat="47.331740856170654296875" lon="7.384129129350185394287109375">
        <ele>576.20001220703125</ele>
        <time>2025-07-22T10:10:01.000Z</time>
        <extensions>
          <ns3:TrackPointExtension>
            <ns3:atemp>27.0</ns3:atemp>
          </ns3:TrackPointExtension>
        </extensions>
      </trkpt>
      <trkpt lat="47.33166650868952274322509765625" lon="7.38412770442664623260498046875">
        <ele>577.4000244140625</ele>
        <time>2025-07-22T10:10:04.000Z</time>
        <extensions>
          <ns3:TrackPointExtension>
            <ns3:atemp>27.0</ns3:atemp>
          </ns3:TrackPointExtension>
        </extensions>
      </trkpt>
      <trkpt lat="47.3315938375890254974365234375" lon="7.38414027728140354156494140625">
        <ele>578.4000244140625</ele>
        <time>2025-07-22T10:10:07.000Z</time>
        <extensions>
          <ns3:TrackPointExtension>
            <ns3:atemp>27.0</ns3:atemp>
          </ns3:TrackPointExtension>
        </extensions>
      </trkpt>
      <trkpt lat="47.331571877002716064453125" lon="7.384150922298431396484375">
        <ele>578.5999755859375</ele>
        <time>2025-07-22T10:10:08.000Z</time>
        <extensions>
          <ns3:TrackPointExtension>
            <ns3:atemp>27.0</ns3:atemp>
          </ns3:TrackPointExtension>
        </extensions>
      </trkpt>
      <trkpt lat="47.33145696111023426055908203125" lon="7.38415963947772979736328125">
        <ele>580</ele>
        <time>2025-07-22T10:10:13.000Z</time>
        <extensions>
          <ns3:TrackPointExtension>
            <ns3:atemp>27.0</ns3:atemp>
          </ns3:TrackPointExtension>
        </extensions>
      </trkpt>
      <trkpt lat="47.3313618265092372894287109375" lon="7.3841802589595317840576171875">
        <ele>581</ele>
        <time>2025-07-22T10:10:17.000Z</time>
        <extensions>
          <ns3:TrackPointExtension>
            <ns3:atemp>27.0</ns3:atemp>
          </ns3:TrackPointExtension>
        </extensions>
      </trkpt>
      <trkpt lat="47.3312884010374546051025390625" lon="7.3841856233775615692138671875">
        <ele>582</ele>
        <time>2025-07-22T10:10:20.000Z</time>
        <extensions>
          <ns3:TrackPointExtension>
            <ns3:atemp>27.0</ns3:atemp>
          </ns3:TrackPointExtension>
        </extensions>
      </trkpt>
      <trkpt lat="47.331199385225772857666015625" lon="7.38421596586704254150390625">
        <ele>583.20001220703125</ele>
        <time>2025-07-22T10:10:24.000Z</time>
        <extensions>
          <ns3:TrackPointExtension>
            <ns3:atemp>27.0</ns3:atemp>
          </ns3:TrackPointExtension>
        </extensions>
      </trkpt>
      <trkpt lat="47.3311038315296173095703125" lon="7.3842268623411655426025390625">
        <ele>584.20001220703125</ele>
        <time>2025-07-22T10:10:28.000Z</time>
        <extensions>
          <ns3:TrackPointExtension>
            <ns3:atemp>27.0</ns3:atemp>
          </ns3:TrackPointExtension>
        </extensions>
      </trkpt>
      <trkpt lat="47.3310520313680171966552734375" lon="7.38424672745168209075927734375">
        <ele>584.79998779296875</ele>
        <time>2025-07-22T10:10:30.000Z</time>
        <extensions>
          <ns3:TrackPointExtension>
            <ns3:atemp>27.0</ns3:atemp>
          </ns3:TrackPointExtension>
        </extensions>
      </trkpt>
      <trkpt lat="47.331006266176700592041015625" lon="7.38424404524266719818115234375">
        <ele>585.4000244140625</ele>
        <time>2025-07-22T10:10:32.000Z</time>
        <extensions>
          <ns3:TrackPointExtension>
            <ns3:atemp>27.0</ns3:atemp>
          </ns3:TrackPointExtension>
        </extensions>
      </trkpt>
      <trkpt lat="47.3309363611042499542236328125" lon="7.38425108604133129119873046875">
        <ele>586.4000244140625</ele>
        <time>2025-07-22T10:10:35.000Z</time>
        <extensions>
          <ns3:TrackPointExtension>
            <ns3:atemp>27.0</ns3:atemp>
          </ns3:TrackPointExtension>
        </extensions>
      </trkpt>
      <trkpt lat="47.33091515488922595977783203125" lon="7.38426332361996173858642578125">
        <ele>586.5999755859375</ele>
        <time>2025-07-22T10:10:36.000Z</time>
        <extensions>
          <ns3:TrackPointExtension>
            <ns3:atemp>27.0</ns3:atemp>
          </ns3:TrackPointExtension>
        </extensions>
      </trkpt>
      <trkpt lat="47.3308924399316310882568359375" lon="7.38427422009408473968505859375">
        <ele>586.5999755859375</ele>
        <time>2025-07-22T10:10:37.000Z</time>
        <extensions>
          <ns3:TrackPointExtension>
            <ns3:atemp>27.0</ns3:atemp>
          </ns3:TrackPointExtension>
        </extensions>
      </trkpt>
      <trkpt lat="47.33080065809190273284912109375" lon="7.38427086733281612396240234375">
        <ele>587.5999755859375</ele>
        <time>2025-07-22T10:10:41.000Z</time>
        <extensions>
          <ns3:TrackPointExtension>
            <ns3:atemp>27.0</ns3:atemp>
          </ns3:TrackPointExtension>
        </extensions>
      </trkpt>
      <trkpt lat="47.330776266753673553466796875" lon="7.38426818512380123138427734375">
        <ele>588</ele>
        <time>2025-07-22T10:10:42.000Z</time>
        <extensions>
          <ns3:TrackPointExtension>
            <ns3:atemp>27.0</ns3:atemp>
          </ns3:TrackPointExtension>
        </extensions>
      </trkpt>
      <trkpt lat="47.330731339752674102783203125" lon="7.384276650846004486083984375">
        <ele>588.79998779296875</ele>
        <time>2025-07-22T10:10:44.000Z</time>
        <extensions>
          <ns3:TrackPointExtension>
            <ns3:atemp>27.0</ns3:atemp>
          </ns3:TrackPointExtension>
        </extensions>
      </trkpt>
      <trkpt lat="47.3306103050708770751953125" lon="7.38429131917655467987060546875">
        <ele>590</ele>
        <time>2025-07-22T10:10:49.000Z</time>
        <extensions>
          <ns3:TrackPointExtension>
            <ns3:atemp>27.0</ns3:atemp>
          </ns3:TrackPointExtension>
        </extensions>
      </trkpt>
      <trkpt lat="47.33059127815067768096923828125" lon="7.3842925764620304107666015625">
        <ele>590.20001220703125</ele>
        <time>2025-07-22T10:10:50.000Z</time>
        <extensions>
          <ns3:TrackPointExtension>
            <ns3:atemp>27.0</ns3:atemp>
          </ns3:TrackPointExtension>
        </extensions>
      </trkpt>
      <trkpt lat="47.3305155895650386810302734375" lon="7.38429953344166278839111328125">
        <ele>591.20001220703125</ele>
        <time>2025-07-22T10:10:53.000Z</time>
        <extensions>
          <ns3:TrackPointExtension>
            <ns3:atemp>27.0</ns3:atemp>
          </ns3:TrackPointExtension>
        </extensions>
      </trkpt>
      <trkpt lat="47.33044174499809741973876953125" lon="7.38427589647471904754638671875">
        <ele>591.79998779296875</ele>
        <time>2025-07-22T10:10:56.000Z</time>
        <extensions>
          <ns3:TrackPointExtension>
            <ns3:atemp>27.0</ns3:atemp>
          </ns3:TrackPointExtension>
        </extensions>
      </trkpt>
      <trkpt lat="47.3303962312638759613037109375" lon="7.38426600582897663116455078125">
        <ele>592.20001220703125</ele>
        <time>2025-07-22T10:10:58.000Z</time>
        <extensions>
          <ns3:TrackPointExtension>
            <ns3:atemp>27.0</ns3:atemp>
          </ns3:TrackPointExtension>
        </extensions>
      </trkpt>
      <trkpt lat="47.3303117416799068450927734375" lon="7.3842273652553558349609375">
        <ele>593.4000244140625</ele>
        <time>2025-07-22T10:11:02.000Z</time>
        <extensions>
          <ns3:TrackPointExtension>
            <ns3:atemp>27.0</ns3:atemp>
          </ns3:TrackPointExtension>
        </extensions>
      </trkpt>
      <trkpt lat="47.33022482134401798248291015625" lon="7.38418512046337127685546875">
        <ele>594.5999755859375</ele>
        <time>2025-07-22T10:11:06.000Z</time>
        <extensions>
          <ns3:TrackPointExtension>
            <ns3:atemp>27.0</ns3:atemp>
          </ns3:TrackPointExtension>
        </extensions>
      </trkpt>
      <trkpt lat="47.33014754019677639007568359375" lon="7.38413927145302295684814453125">
        <ele>595.5999755859375</ele>
        <time>2025-07-22T10:11:10.000Z</time>
        <extensions>
          <ns3:TrackPointExtension>
            <ns3:atemp>27.0</ns3:atemp>
          </ns3:TrackPointExtension>
        </extensions>
      </trkpt>
      <trkpt lat="47.3301301896572113037109375" lon="7.384119741618633270263671875">
        <ele>595.79998779296875</ele>
        <time>2025-07-22T10:11:11.000Z</time>
        <extensions>
          <ns3:TrackPointExtension>
            <ns3:atemp>27.0</ns3:atemp>
          </ns3:TrackPointExtension>
        </extensions>
      </trkpt>
      <trkpt lat="47.33010579831898212432861328125" lon="7.3841004632413387298583984375">
        <ele>595.79998779296875</ele>
        <time>2025-07-22T10:11:12.000Z</time>
        <extensions>
          <ns3:TrackPointExtension>
            <ns3:atemp>27.0</ns3:atemp>
          </ns3:TrackPointExtension>
        </extensions>
      </trkpt>
      <trkpt lat="47.33006103895604610443115234375" lon="7.3840793408453464508056640625">
        <ele>596.79998779296875</ele>
        <time>2025-07-22T10:11:14.000Z</time>
        <extensions>
          <ns3:TrackPointExtension>
            <ns3:atemp>27.0</ns3:atemp>
          </ns3:TrackPointExtension>
        </extensions>
      </trkpt>
      <trkpt lat="47.3299955762922763824462890625" lon="7.3840729705989360809326171875">
        <ele>597.5999755859375</ele>
        <time>2025-07-22T10:11:17.000Z</time>
        <extensions>
          <ns3:TrackPointExtension>
            <ns3:atemp>27.0</ns3:atemp>
          </ns3:TrackPointExtension>
        </extensions>
      </trkpt>
      <trkpt lat="47.3299746215343475341796875" lon="7.38406618125736713409423828125">
        <ele>598</ele>
        <time>2025-07-22T10:11:18.000Z</time>
        <extensions>
          <ns3:TrackPointExtension>
            <ns3:atemp>27.0</ns3:atemp>
          </ns3:TrackPointExtension>
        </extensions>
      </trkpt>
      <trkpt lat="47.32988870702683925628662109375" lon="7.38403131254017353057861328125">
        <ele>599.20001220703125</ele>
        <time>2025-07-22T10:11:22.000Z</time>
        <extensions>
          <ns3:TrackPointExtension>
            <ns3:atemp>27.0</ns3:atemp>
          </ns3:TrackPointExtension>
        </extensions>
      </trkpt>
      <trkpt lat="47.32984520494937896728515625" lon="7.384027205407619476318359375">
        <ele>599.79998779296875</ele>
        <time>2025-07-22T10:11:24.000Z</time>
        <extensions>
          <ns3:TrackPointExtension>
            <ns3:atemp>27.0</ns3:atemp>
          </ns3:TrackPointExtension>
        </extensions>
      </trkpt>
      <trkpt lat="47.32978678308427333831787109375" lon="7.3840558715164661407470703125">
        <ele>600.79998779296875</ele>
        <time>2025-07-22T10:11:27.000Z</time>
        <extensions>
          <ns3:TrackPointExtension>
            <ns3:atemp>27.0</ns3:atemp>
          </ns3:TrackPointExtension>
        </extensions>
      </trkpt>
      <trkpt lat="47.3297519981861114501953125" lon="7.38409451209008693695068359375">
        <ele>601.4000244140625</ele>
        <time>2025-07-22T10:11:29.000Z</time>
        <extensions>
          <ns3:TrackPointExtension>
            <ns3:atemp>27.0</ns3:atemp>
          </ns3:TrackPointExtension>
        </extensions>
      </trkpt>
      <trkpt lat="47.329723834991455078125" lon="7.38414027728140354156494140625">
        <ele>601.79998779296875</ele>
        <time>2025-07-22T10:11:31.000Z</time>
        <extensions>
          <ns3:TrackPointExtension>
            <ns3:atemp>27.0</ns3:atemp>
          </ns3:TrackPointExtension>
        </extensions>
      </trkpt>
      <trkpt lat="47.3296720348298549652099609375" lon="7.38423264585435390472412109375">
        <ele>602.5999755859375</ele>
        <time>2025-07-22T10:11:35.000Z</time>
        <extensions>
          <ns3:TrackPointExtension>
            <ns3:atemp>27.0</ns3:atemp>
          </ns3:TrackPointExtension>
        </extensions>
      </trkpt>
      <trkpt lat="47.32966390438377857208251953125" lon="7.384259887039661407470703125">
        <ele>603</ele>
        <time>2025-07-22T10:11:36.000Z</time>
        <extensions>
          <ns3:TrackPointExtension>
            <ns3:atemp>27.0</ns3:atemp>
          </ns3:TrackPointExtension>
        </extensions>
      </trkpt>
      <trkpt lat="47.32964294962584972381591796875" lon="7.3843750543892383575439453125">
        <ele>604.4000244140625</ele>
        <time>2025-07-22T10:11:40.000Z</time>
        <extensions>
          <ns3:TrackPointExtension>
            <ns3:atemp>27.0</ns3:atemp>
          </ns3:TrackPointExtension>
        </extensions>
      </trkpt>
      <trkpt lat="47.32964060269296169281005859375" lon="7.38445040769875049591064453125">
        <ele>605.79998779296875</ele>
        <time>2025-07-22T10:11:43.000Z</time>
        <extensions>
          <ns3:TrackPointExtension>
            <ns3:atemp>26.0</ns3:atemp>
          </ns3:TrackPointExtension>
        </extensions>
      </trkpt>
      <trkpt lat="47.3296502418816089630126953125" lon="7.38447840325534343719482421875">
        <ele>606</ele>
        <time>2025-07-22T10:11:44.000Z</time>
        <extensions>
          <ns3:TrackPointExtension>
            <ns3:atemp>27.0</ns3:atemp>
          </ns3:TrackPointExtension>
        </extensions>
      </trkpt>
      <trkpt lat="47.3296767286956310272216796875" lon="7.38456440158188343048095703125">
        <ele>607.20001220703125</ele>
        <time>2025-07-22T10:11:47.000Z</time>
        <extensions>
          <ns3:TrackPointExtension>
            <ns3:atemp>27.0</ns3:atemp>
          </ns3:TrackPointExtension>
        </extensions>
      </trkpt>
      <trkpt lat="47.32970413751900196075439453125" lon="7.38468644209206104278564453125">
        <ele>608.20001220703125</ele>
        <time>2025-07-22T10:11:51.000Z</time>
        <extensions>
          <ns3:TrackPointExtension>
            <ns3:atemp>27.0</ns3:atemp>
          </ns3:TrackPointExtension>
        </extensions>
      </trkpt>
      <trkpt lat="47.32974068261682987213134765625" lon="7.3848094046115875244140625">
        <ele>609</ele>
        <time>2025-07-22T10:11:55.000Z</time>
        <extensions>
          <ns3:TrackPointExtension>
            <ns3:atemp>27.0</ns3:atemp>
          </ns3:TrackPointExtension>
        </extensions>
      </trkpt>
      <trkpt lat="47.3297508247196674346923828125" lon="7.3848430998623371124267578125">
        <ele>609.20001220703125</ele>
        <time>2025-07-22T10:11:56.000Z</time>
        <extensions>
          <ns3:TrackPointExtension>
            <ns3:atemp>27.0</ns3:atemp>
          </ns3:TrackPointExtension>
        </extensions>
      </trkpt>
      <trkpt lat="47.32979600317776203155517578125" lon="7.38500763662159442901611328125">
        <ele>610.20001220703125</ele>
        <time>2025-07-22T10:12:01.000Z</time>
        <extensions>
          <ns3:TrackPointExtension>
            <ns3:atemp>27.0</ns3:atemp>
          </ns3:TrackPointExtension>
        </extensions>
      </trkpt>
      <trkpt lat="47.3298002779483795166015625" lon="7.38505172543227672576904296875">
        <ele>610.5999755859375</ele>
        <time>2025-07-22T10:12:02.000Z</time>
        <extensions>
          <ns3:TrackPointExtension>
            <ns3:atemp>27.0</ns3:atemp>
          </ns3:TrackPointExtension>
        </extensions>
      </trkpt>
      <trkpt lat="47.3298202268779277801513671875" lon="7.3851596005260944366455078125">
        <ele>611.5999755859375</ele>
        <time>2025-07-22T10:12:05.000Z</time>
        <extensions>
          <ns3:TrackPointExtension>
            <ns3:atemp>26.0</ns3:atemp>
          </ns3:TrackPointExtension>
        </extensions>
      </trkpt>
      <trkpt lat="47.32983640395104885101318359375" lon="7.3852772824466228485107421875">
        <ele>612.20001220703125</ele>
        <time>2025-07-22T10:12:09.000Z</time>
        <extensions>
          <ns3:TrackPointExtension>
            <ns3:atemp>26.0</ns3:atemp>
          </ns3:TrackPointExtension>
        </extensions>
      </trkpt>
      <trkpt lat="47.32984109781682491302490234375" lon="7.3853270709514617919921875">
        <ele>612.5999755859375</ele>
        <time>2025-07-22T10:12:11.000Z</time>
        <extensions>
          <ns3:TrackPointExtension>
            <ns3:atemp>26.0</ns3:atemp>
          </ns3:TrackPointExtension>
        </extensions>
      </trkpt>
      <trkpt lat="47.3298420198261737823486328125" lon="7.38536872901022434234619140625">
        <ele>613.20001220703125</ele>
        <time>2025-07-22T10:12:13.000Z</time>
        <extensions>
          <ns3:TrackPointExtension>
            <ns3:atemp>26.0</ns3:atemp>
          </ns3:TrackPointExtension>
        </extensions>
      </trkpt>
      <trkpt lat="47.32984947971999645233154296875" lon="7.3853941261768341064453125">
        <ele>614</ele>
        <time>2025-07-22T10:12:14.000Z</time>
        <extensions>
          <ns3:TrackPointExtension>
            <ns3:atemp>26.0</ns3:atemp>
          </ns3:TrackPointExtension>
        </extensions>
      </trkpt>
      <trkpt lat="47.3298621363937854766845703125" lon="7.3854375444352626800537109375">
        <ele>614.4000244140625</ele>
        <time>2025-07-22T10:12:16.000Z</time>
        <extensions>
          <ns3:TrackPointExtension>
            <ns3:atemp>26.0</ns3:atemp>
          </ns3:TrackPointExtension>
        </extensions>
      </trkpt>
      <trkpt lat="47.32988066039979457855224609375" lon="7.3855113051831722259521484375">
        <ele>615</ele>
        <time>2025-07-22T10:12:20.000Z</time>
        <extensions>
          <ns3:TrackPointExtension>
            <ns3:atemp>26.0</ns3:atemp>
          </ns3:TrackPointExtension>
        </extensions>
      </trkpt>
      <trkpt lat="47.32988853938877582550048828125" lon="7.38554273732006549835205078125">
        <ele>615.79998779296875</ele>
        <time>2025-07-22T10:12:22.000Z</time>
        <extensions>
          <ns3:TrackPointExtension>
            <ns3:atemp>26.0</ns3:atemp>
          </ns3:TrackPointExtension>
        </extensions>
      </trkpt>
      <trkpt lat="47.32991636730730533599853515625" lon="7.38564382307231426239013671875">
        <ele>616.79998779296875</ele>
        <time>2025-07-22T10:12:25.000Z</time>
        <extensions>
          <ns3:TrackPointExtension>
            <ns3:atemp>26.0</ns3:atemp>
          </ns3:TrackPointExtension>
        </extensions>
      </trkpt>
      <trkpt lat="47.32992927543818950653076171875" lon="7.38567936234176158905029296875">
        <ele>617</ele>
        <time>2025-07-22T10:12:26.000Z</time>
        <extensions>
          <ns3:TrackPointExtension>
            <ns3:atemp>26.0</ns3:atemp>
          </ns3:TrackPointExtension>
        </extensions>
      </trkpt>
      <trkpt lat="47.32993329875171184539794921875" lon="7.3857201822102069854736328125">
        <ele>617.20001220703125</ele>
        <time>2025-07-22T10:12:27.000Z</time>
        <extensions>
          <ns3:TrackPointExtension>
            <ns3:atemp>26.0</ns3:atemp>
          </ns3:TrackPointExtension>
        </extensions>
      </trkpt>
      <trkpt lat="47.32993531040847301483154296875" lon="7.38575362600386142730712890625">
        <ele>617.4000244140625</ele>
        <time>2025-07-22T10:12:28.000Z</time>
        <extensions>
          <ns3:TrackPointExtension>
            <ns3:atemp>26.0</ns3:atemp>
          </ns3:TrackPointExtension>
        </extensions>
      </trkpt>
      <trkpt lat="47.32995995320379734039306640625" lon="7.38587667234241962432861328125">
        <ele>618.4000244140625</ele>
        <time>2025-07-22T10:12:31.000Z</time>
        <extensions>
          <ns3:TrackPointExtension>
            <ns3:atemp>26.0</ns3:atemp>
          </ns3:TrackPointExtension>
        </extensions>
      </trkpt>
      <trkpt lat="47.32997671701014041900634765625" lon="7.385967783629894256591796875">
        <ele>619.4000244140625</ele>
        <time>2025-07-22T10:12:34.000Z</time>
        <extensions>
          <ns3:TrackPointExtension>
            <ns3:atemp>26.0</ns3:atemp>
          </ns3:TrackPointExtension>
        </extensions>
      </trkpt>
      <trkpt lat="47.32999850995838642120361328125" lon="7.38609158433973789215087890625">
        <ele>620</ele>
        <time>2025-07-22T10:12:37.000Z</time>
        <extensions>
          <ns3:TrackPointExtension>
            <ns3:atemp>26.0</ns3:atemp>
          </ns3:TrackPointExtension>
        </extensions>
      </trkpt>
      <trkpt lat="47.3300039581954479217529296875" lon="7.38613265566527843475341796875">
        <ele>620.20001220703125</ele>
        <time>2025-07-22T10:12:38.000Z</time>
        <extensions>
          <ns3:TrackPointExtension>
            <ns3:atemp>26.0</ns3:atemp>
          </ns3:TrackPointExtension>
        </extensions>
      </trkpt>
      <trkpt lat="47.33001024462282657623291015625" lon="7.3861992917954921722412109375">
        <ele>620.5999755859375</ele>
        <time>2025-07-22T10:12:40.000Z</time>
        <extensions>
          <ns3:TrackPointExtension>
            <ns3:atemp>26.0</ns3:atemp>
          </ns3:TrackPointExtension>
        </extensions>
      </trkpt>
      <trkpt lat="47.3299808241426944732666015625" lon="7.38627263344824314117431640625">
        <ele>621.4000244140625</ele>
        <time>2025-07-22T10:12:42.000Z</time>
        <extensions>
          <ns3:TrackPointExtension>
            <ns3:atemp>26.0</ns3:atemp>
          </ns3:TrackPointExtension>
        </extensions>
      </trkpt>
      <trkpt lat="47.3299888707697391510009765625" lon="7.38630406558513641357421875">
        <ele>621.79998779296875</ele>
        <time>2025-07-22T10:12:43.000Z</time>
        <extensions>
          <ns3:TrackPointExtension>
            <ns3:atemp>26.0</ns3:atemp>
          </ns3:TrackPointExtension>
        </extensions>
      </trkpt>
      <trkpt lat="47.33000881969928741455078125" lon="7.38633767701685428619384765625">
        <ele>622</ele>
        <time>2025-07-22T10:12:44.000Z</time>
        <extensions>
          <ns3:TrackPointExtension>
            <ns3:atemp>26.0</ns3:atemp>
          </ns3:TrackPointExtension>
        </extensions>
      </trkpt>
      <trkpt lat="47.3300458677113056182861328125" lon="7.38640389405190944671630859375">
        <ele>622.4000244140625</ele>
        <time>2025-07-22T10:12:46.000Z</time>
        <extensions>
          <ns3:TrackPointExtension>
            <ns3:atemp>26.0</ns3:atemp>
          </ns3:TrackPointExtension>
        </extensions>
      </trkpt>
      <trkpt lat="47.3300512321293354034423828125" lon="7.3864348232746124267578125">
        <ele>622.79998779296875</ele>
        <time>2025-07-22T10:12:47.000Z</time>
        <extensions>
          <ns3:TrackPointExtension>
            <ns3:atemp>26.0</ns3:atemp>
          </ns3:TrackPointExtension>
        </extensions>
      </trkpt>
      <trkpt lat="47.3300589434802532196044921875" lon="7.386470697820186614990234375">
        <ele>622.79998779296875</ele>
        <time>2025-07-22T10:12:48.000Z</time>
        <extensions>
          <ns3:TrackPointExtension>
            <ns3:atemp>26.0</ns3:atemp>
          </ns3:TrackPointExtension>
        </extensions>
      </trkpt>
      <trkpt lat="47.33007880859076976776123046875" lon="7.38657639361917972564697265625">
        <ele>623.5999755859375</ele>
        <time>2025-07-22T10:12:51.000Z</time>
        <extensions>
          <ns3:TrackPointExtension>
            <ns3:atemp>26.0</ns3:atemp>
          </ns3:TrackPointExtension>
        </extensions>
      </trkpt>
      <trkpt lat="47.33007897622883319854736328125" lon="7.38661377690732479095458984375">
        <ele>624</ele>
        <time>2025-07-22T10:12:52.000Z</time>
        <extensions>
          <ns3:TrackPointExtension>
            <ns3:atemp>26.0</ns3:atemp>
          </ns3:TrackPointExtension>
        </extensions>
      </trkpt>
      <trkpt lat="47.33006740920245647430419921875" lon="7.38669089041650295257568359375">
        <ele>624.4000244140625</ele>
        <time>2025-07-22T10:12:54.000Z</time>
        <extensions>
          <ns3:TrackPointExtension>
            <ns3:atemp>26.0</ns3:atemp>
          </ns3:TrackPointExtension>
        </extensions>
      </trkpt>
      <trkpt lat="47.33009708113968372344970703125" lon="7.3867511563003063201904296875">
        <ele>624.79998779296875</ele>
        <time>2025-07-22T10:12:56.000Z</time>
        <extensions>
          <ns3:TrackPointExtension>
            <ns3:atemp>26.0</ns3:atemp>
          </ns3:TrackPointExtension>
        </extensions>
      </trkpt>
      <trkpt lat="47.3301005177199840545654296875" lon="7.38677035085856914520263671875">
        <ele>625.20001220703125</ele>
        <time>2025-07-22T10:12:57.000Z</time>
        <extensions>
          <ns3:TrackPointExtension>
            <ns3:atemp>26.0</ns3:atemp>
          </ns3:TrackPointExtension>
        </extensions>
      </trkpt>
      <trkpt lat="47.33010579831898212432861328125" lon="7.38678879104554653167724609375">
        <ele>625.5999755859375</ele>
        <time>2025-07-22T10:12:58.000Z</time>
        <extensions>
          <ns3:TrackPointExtension>
            <ns3:atemp>26.0</ns3:atemp>
          </ns3:TrackPointExtension>
        </extensions>
      </trkpt>
      <trkpt lat="47.33011032454669475555419921875" lon="7.3868237435817718505859375">
        <ele>626.20001220703125</ele>
        <time>2025-07-22T10:13:00.000Z</time>
        <extensions>
          <ns3:TrackPointExtension>
            <ns3:atemp>26.0</ns3:atemp>
          </ns3:TrackPointExtension>
        </extensions>
      </trkpt>
      <trkpt lat="47.3300953209400177001953125" lon="7.3869258351624011993408203125">
        <ele>627.20001220703125</ele>
        <time>2025-07-22T10:13:04.000Z</time>
        <extensions>
          <ns3:TrackPointExtension>
            <ns3:atemp>26.0</ns3:atemp>
          </ns3:TrackPointExtension>
        </extensions>
      </trkpt>
      <trkpt lat="47.3300980031490325927734375" lon="7.3869412578642368316650390625">
        <ele>627.5999755859375</ele>
        <time>2025-07-22T10:13:05.000Z</time>
        <extensions>
          <ns3:TrackPointExtension>
            <ns3:atemp>26.0</ns3:atemp>
          </ns3:TrackPointExtension>
        </extensions>
      </trkpt>
      <trkpt lat="47.330099008977413177490234375" lon="7.38702096976339817047119140625">
        <ele>628.4000244140625</ele>
        <time>2025-07-22T10:13:08.000Z</time>
        <extensions>
          <ns3:TrackPointExtension>
            <ns3:atemp>26.0</ns3:atemp>
          </ns3:TrackPointExtension>
        </extensions>
      </trkpt>
      <trkpt lat="47.3301273398101329803466796875" lon="7.38708651624619960784912109375">
        <ele>629.20001220703125</ele>
        <time>2025-07-22T10:13:10.000Z</time>
        <extensions>
          <ns3:TrackPointExtension>
            <ns3:atemp>26.0</ns3:atemp>
          </ns3:TrackPointExtension>
        </extensions>
      </trkpt>
      <trkpt lat="47.33013178221881389617919921875" lon="7.387115098536014556884765625">
        <ele>629.5999755859375</ele>
        <time>2025-07-22T10:13:11.000Z</time>
        <extensions>
          <ns3:TrackPointExtension>
            <ns3:atemp>26.0</ns3:atemp>
          </ns3:TrackPointExtension>
        </extensions>
      </trkpt>
      <trkpt lat="47.33013010583817958831787109375" lon="7.3871524818241596221923828125">
        <ele>630.20001220703125</ele>
        <time>2025-07-22T10:13:13.000Z</time>
        <extensions>
          <ns3:TrackPointExtension>
            <ns3:atemp>26.0</ns3:atemp>
          </ns3:TrackPointExtension>
        </extensions>
      </trkpt>
      <trkpt lat="47.33012792654335498809814453125" lon="7.3872111551463603973388671875">
        <ele>630.79998779296875</ele>
        <time>2025-07-22T10:13:15.000Z</time>
        <extensions>
          <ns3:TrackPointExtension>
            <ns3:atemp>26.0</ns3:atemp>
          </ns3:TrackPointExtension>
        </extensions>
      </trkpt>
      <trkpt lat="47.33011610805988311767578125" lon="7.3873797990381717681884765625">
        <ele>631.4000244140625</ele>
        <time>2025-07-22T10:13:19.000Z</time>
        <extensions>
          <ns3:TrackPointExtension>
            <ns3:atemp>26.0</ns3:atemp>
          </ns3:TrackPointExtension>
        </extensions>
      </trkpt>
      <trkpt lat="47.33011082746088504791259765625" lon="7.38742363639175891876220703125">
        <ele>631.79998779296875</ele>
        <time>2025-07-22T10:13:20.000Z</time>
        <extensions>
          <ns3:TrackPointExtension>
            <ns3:atemp>26.0</ns3:atemp>
          </ns3:TrackPointExtension>
        </extensions>
      </trkpt>
      <trkpt lat="47.3301273398101329803466796875" lon="7.38751248456537723541259765625">
        <ele>632.79998779296875</ele>
        <time>2025-07-22T10:13:23.000Z</time>
        <extensions>
          <ns3:TrackPointExtension>
            <ns3:atemp>26.0</ns3:atemp>
          </ns3:TrackPointExtension>
        </extensions>
      </trkpt>
      <trkpt lat="47.33012524433434009552001953125" lon="7.38752874545753002166748046875">
        <ele>633</ele>
        <time>2025-07-22T10:13:24.000Z</time>
        <extensions>
          <ns3:TrackPointExtension>
            <ns3:atemp>26.0</ns3:atemp>
          </ns3:TrackPointExtension>
        </extensions>
      </trkpt>
      <trkpt lat="47.330123484134674072265625" lon="7.38756277598440647125244140625">
        <ele>633.4000244140625</ele>
        <time>2025-07-22T10:13:26.000Z</time>
        <extensions>
          <ns3:TrackPointExtension>
            <ns3:atemp>26.0</ns3:atemp>
          </ns3:TrackPointExtension>
        </extensions>
      </trkpt>
      <trkpt lat="47.33014318160712718963623046875" lon="7.38760384730994701385498046875">
        <ele>633.79998779296875</ele>
        <time>2025-07-22T10:13:28.000Z</time>
        <extensions>
          <ns3:TrackPointExtension>
            <ns3:atemp>26.0</ns3:atemp>
          </ns3:TrackPointExtension>
        </extensions>
      </trkpt>
      <trkpt lat="47.33015541918575763702392578125" lon="7.38768003880977630615234375">
        <ele>634</ele>
        <time>2025-07-22T10:13:29.000Z</time>
        <extensions>
          <ns3:TrackPointExtension>
            <ns3:atemp>26.0</ns3:atemp>
          </ns3:TrackPointExtension>
        </extensions>
      </trkpt>
      <trkpt lat="47.3301679082214832305908203125" lon="7.3877330124378204345703125">
        <ele>634</ele>
        <time>2025-07-22T10:13:30.000Z</time>
        <extensions>
          <ns3:TrackPointExtension>
            <ns3:atemp>26.0</ns3:atemp>
          </ns3:TrackPointExtension>
        </extensions>
      </trkpt>
      <trkpt lat="47.33016983605921268463134765625" lon="7.38776863552629947662353515625">
        <ele>634.20001220703125</ele>
        <time>2025-07-22T10:13:31.000Z</time>
        <extensions>
          <ns3:TrackPointExtension>
            <ns3:atemp>26.0</ns3:atemp>
          </ns3:TrackPointExtension>
        </extensions>
      </trkpt>
      <trkpt lat="47.3301873542368412017822265625" lon="7.38791330717504024505615234375">
        <ele>634.79998779296875</ele>
        <time>2025-07-22T10:13:34.000Z</time>
        <extensions>
          <ns3:TrackPointExtension>
            <ns3:atemp>25.0</ns3:atemp>
          </ns3:TrackPointExtension>
        </extensions>
      </trkpt>
      <trkpt lat="47.3302027769386768341064453125" lon="7.38798036240041255950927734375">
        <ele>635.5999755859375</ele>
        <time>2025-07-22T10:13:36.000Z</time>
        <extensions>
          <ns3:TrackPointExtension>
            <ns3:atemp>25.0</ns3:atemp>
          </ns3:TrackPointExtension>
        </extensions>
      </trkpt>
      <trkpt lat="47.3301893658936023712158203125" lon="7.38800550810992717742919921875">
        <ele>635.79998779296875</ele>
        <time>2025-07-22T10:13:37.000Z</time>
        <extensions>
          <ns3:TrackPointExtension>
            <ns3:atemp>25.0</ns3:atemp>
          </ns3:TrackPointExtension>
        </extensions>
      </trkpt>
      <trkpt lat="47.33017318882048130035400390625" lon="7.38814196549355983734130859375">
        <ele>636.5999755859375</ele>
        <time>2025-07-22T10:13:40.000Z</time>
        <extensions>
          <ns3:TrackPointExtension>
            <ns3:atemp>25.0</ns3:atemp>
          </ns3:TrackPointExtension>
        </extensions>
      </trkpt>
      <trkpt lat="47.33014133758842945098876953125" lon="7.3882186599075794219970703125">
        <ele>637.5999755859375</ele>
        <time>2025-07-22T10:13:43.000Z</time>
        <extensions>
          <ns3:TrackPointExtension>
            <ns3:atemp>25.0</ns3:atemp>
          </ns3:TrackPointExtension>
        </extensions>
      </trkpt>
      <trkpt lat="47.330141253769397735595703125" lon="7.38823902793228626251220703125">
        <ele>637.79998779296875</ele>
        <time>2025-07-22T10:13:44.000Z</time>
        <extensions>
          <ns3:TrackPointExtension>
            <ns3:atemp>25.0</ns3:atemp>
          </ns3:TrackPointExtension>
        </extensions>
      </trkpt>
      <trkpt lat="47.33015558682382106781005859375" lon="7.3882944323122501373291015625">
        <ele>638.20001220703125</ele>
        <time>2025-07-22T10:13:46.000Z</time>
        <extensions>
          <ns3:TrackPointExtension>
            <ns3:atemp>25.0</ns3:atemp>
          </ns3:TrackPointExtension>
        </extensions>
      </trkpt>
      <trkpt lat="47.3301685787737369537353515625" lon="7.388382442295551300048828125">
        <ele>638.5999755859375</ele>
        <time>2025-07-22T10:13:49.000Z</time>
        <extensions>
          <ns3:TrackPointExtension>
            <ns3:atemp>25.0</ns3:atemp>
          </ns3:TrackPointExtension>
        </extensions>
      </trkpt>
      <trkpt lat="47.3301776312291622161865234375" lon="7.38841135986149311065673828125">
        <ele>638.79998779296875</ele>
        <time>2025-07-22T10:13:50.000Z</time>
        <extensions>
          <ns3:TrackPointExtension>
            <ns3:atemp>25.0</ns3:atemp>
          </ns3:TrackPointExtension>
        </extensions>
      </trkpt>
      <trkpt lat="47.33018525876104831695556640625" lon="7.38846592605113983154296875">
        <ele>639.5999755859375</ele>
        <time>2025-07-22T10:13:52.000Z</time>
        <extensions>
          <ns3:TrackPointExtension>
            <ns3:atemp>25.0</ns3:atemp>
          </ns3:TrackPointExtension>
        </extensions>
      </trkpt>
      <trkpt lat="47.33019297011196613311767578125" lon="7.38849132321774959564208984375">
        <ele>639.79998779296875</ele>
        <time>2025-07-22T10:13:53.000Z</time>
        <extensions>
          <ns3:TrackPointExtension>
            <ns3:atemp>25.0</ns3:atemp>
          </ns3:TrackPointExtension>
        </extensions>
      </trkpt>
      <trkpt lat="47.3301913775503635406494140625" lon="7.38853725604712963104248046875">
        <ele>640.4000244140625</ele>
        <time>2025-07-22T10:13:55.000Z</time>
        <extensions>
          <ns3:TrackPointExtension>
            <ns3:atemp>25.0</ns3:atemp>
          </ns3:TrackPointExtension>
        </extensions>
      </trkpt>
      <trkpt lat="47.3301950655877590179443359375" lon="7.3885576240718364715576171875">
        <ele>640.79998779296875</ele>
        <time>2025-07-22T10:13:56.000Z</time>
        <extensions>
          <ns3:TrackPointExtension>
            <ns3:atemp>25.0</ns3:atemp>
          </ns3:TrackPointExtension>
        </extensions>
      </trkpt>
      <trkpt lat="47.33022213913500308990478515625" lon="7.38860783167183399200439453125">
        <ele>641.20001220703125</ele>
        <time>2025-07-22T10:13:58.000Z</time>
        <extensions>
          <ns3:TrackPointExtension>
            <ns3:atemp>25.0</ns3:atemp>
          </ns3:TrackPointExtension>
        </extensions>
      </trkpt>
      <trkpt lat="47.33025901950895786285400390625" lon="7.3887031339108943939208984375">
        <ele>642</ele>
        <time>2025-07-22T10:14:01.000Z</time>
        <extensions>
          <ns3:TrackPointExtension>
            <ns3:atemp>25.0</ns3:atemp>
          </ns3:TrackPointExtension>
        </extensions>
      </trkpt>
      <trkpt lat="47.33027997426688671112060546875" lon="7.3887951672077178955078125">
        <ele>642.4000244140625</ele>
        <time>2025-07-22T10:14:04.000Z</time>
        <extensions>
          <ns3:TrackPointExtension>
            <ns3:atemp>25.0</ns3:atemp>
          </ns3:TrackPointExtension>
        </extensions>
      </trkpt>
      <trkpt lat="47.33029439114034175872802734375" lon="7.3888198100030422210693359375">
        <ele>642.5999755859375</ele>
        <time>2025-07-22T10:14:05.000Z</time>
        <extensions>
          <ns3:TrackPointExtension>
            <ns3:atemp>25.0</ns3:atemp>
          </ns3:TrackPointExtension>
        </extensions>
      </trkpt>
      <trkpt lat="47.33030059374868869781494140625" lon="7.38885191269218921661376953125">
        <ele>642.5999755859375</ele>
        <time>2025-07-22T10:14:06.000Z</time>
        <extensions>
          <ns3:TrackPointExtension>
            <ns3:atemp>25.0</ns3:atemp>
          </ns3:TrackPointExtension>
        </extensions>
      </trkpt>
      <trkpt lat="47.33030679635703563690185546875" lon="7.38888476975262165069580078125">
        <ele>642.79998779296875</ele>
        <time>2025-07-22T10:14:07.000Z</time>
        <extensions>
          <ns3:TrackPointExtension>
            <ns3:atemp>25.0</ns3:atemp>
          </ns3:TrackPointExtension>
        </extensions>
      </trkpt>
      <trkpt lat="47.33031786046922206878662109375" lon="7.38892030902206897735595703125">
        <ele>643</ele>
        <time>2025-07-22T10:14:08.000Z</time>
        <extensions>
          <ns3:TrackPointExtension>
            <ns3:atemp>25.0</ns3:atemp>
          </ns3:TrackPointExtension>
        </extensions>
      </trkpt>
      <trkpt lat="47.3303365521132946014404296875" lon="7.38903027959167957305908203125">
        <ele>643.79998779296875</ele>
        <time>2025-07-22T10:14:11.000Z</time>
        <extensions>
          <ns3:TrackPointExtension>
            <ns3:atemp>25.0</ns3:atemp>
          </ns3:TrackPointExtension>
        </extensions>
      </trkpt>
      <trkpt lat="47.33036194927990436553955078125" lon="7.389139831066131591796875">
        <ele>644.79998779296875</ele>
        <time>2025-07-22T10:14:14.000Z</time>
        <extensions>
          <ns3:TrackPointExtension>
            <ns3:atemp>25.0</ns3:atemp>
          </ns3:TrackPointExtension>
        </extensions>
      </trkpt>
      <trkpt lat="47.33035557903349399566650390625" lon="7.3892097361385822296142578125">
        <ele>645.5999755859375</ele>
        <time>2025-07-22T10:14:16.000Z</time>
        <extensions>
          <ns3:TrackPointExtension>
            <ns3:atemp>25.0</ns3:atemp>
          </ns3:TrackPointExtension>
        </extensions>
      </trkpt>
      <trkpt lat="47.33035909943282604217529296875" lon="7.389244772493839263916015625">
        <ele>645.79998779296875</ele>
        <time>2025-07-22T10:14:17.000Z</time>
        <extensions>
          <ns3:TrackPointExtension>
            <ns3:atemp>25.0</ns3:atemp>
          </ns3:TrackPointExtension>
        </extensions>
      </trkpt>
      <trkpt lat="47.330369912087917327880859375" lon="7.38926983438432216644287109375">
        <ele>646</ele>
        <time>2025-07-22T10:14:18.000Z</time>
        <extensions>
          <ns3:TrackPointExtension>
            <ns3:atemp>25.0</ns3:atemp>
          </ns3:TrackPointExtension>
        </extensions>
      </trkpt>
      <trkpt lat="47.33037536032497882843017578125" lon="7.3892967402935028076171875">
        <ele>646.4000244140625</ele>
        <time>2025-07-22T10:14:19.000Z</time>
        <extensions>
          <ns3:TrackPointExtension>
            <ns3:atemp>25.0</ns3:atemp>
          </ns3:TrackPointExtension>
        </extensions>
      </trkpt>
      <trkpt lat="47.33037955127656459808349609375" lon="7.38933269865810871124267578125">
        <ele>646.4000244140625</ele>
        <time>2025-07-22T10:14:20.000Z</time>
        <extensions>
          <ns3:TrackPointExtension>
            <ns3:atemp>25.0</ns3:atemp>
          </ns3:TrackPointExtension>
        </extensions>
      </trkpt>
      <trkpt lat="47.33037225902080535888671875" lon="7.389442920684814453125">
        <ele>647.4000244140625</ele>
        <time>2025-07-22T10:14:23.000Z</time>
        <extensions>
          <ns3:TrackPointExtension>
            <ns3:atemp>25.0</ns3:atemp>
          </ns3:TrackPointExtension>
        </extensions>
      </trkpt>
      <trkpt lat="47.33037292957305908203125" lon="7.38951995037496089935302734375">
        <ele>648</ele>
        <time>2025-07-22T10:14:25.000Z</time>
        <extensions>
          <ns3:TrackPointExtension>
            <ns3:atemp>25.0</ns3:atemp>
          </ns3:TrackPointExtension>
        </extensions>
      </trkpt>
      <trkpt lat="47.33038541860878467559814453125" lon="7.3895798809826374053955078125">
        <ele>648.5999755859375</ele>
        <time>2025-07-22T10:14:27.000Z</time>
        <extensions>
          <ns3:TrackPointExtension>
            <ns3:atemp>25.0</ns3:atemp>
          </ns3:TrackPointExtension>
        </extensions>
      </trkpt>
      <trkpt lat="47.3304270766675472259521484375" lon="7.38968364894390106201171875">
        <ele>649.4000244140625</ele>
        <time>2025-07-22T10:14:30.000Z</time>
        <extensions>
          <ns3:TrackPointExtension>
            <ns3:atemp>25.0</ns3:atemp>
          </ns3:TrackPointExtension>
        </extensions>
      </trkpt>
      <trkpt lat="47.3304394818842411041259765625" lon="7.3897111415863037109375">
        <ele>649.5999755859375</ele>
        <time>2025-07-22T10:14:31.000Z</time>
        <extensions>
          <ns3:TrackPointExtension>
            <ns3:atemp>25.0</ns3:atemp>
          </ns3:TrackPointExtension>
        </extensions>
      </trkpt>
      <trkpt lat="47.33042263425886631011962890625" lon="7.38974659703671932220458984375">
        <ele>650</ele>
        <time>2025-07-22T10:14:32.000Z</time>
        <extensions>
          <ns3:TrackPointExtension>
            <ns3:atemp>25.0</ns3:atemp>
          </ns3:TrackPointExtension>
        </extensions>
      </trkpt>
      <trkpt lat="47.3304212093353271484375" lon="7.38985137082636356353759765625">
        <ele>650.20001220703125</ele>
        <time>2025-07-22T10:14:35.000Z</time>
        <extensions>
          <ns3:TrackPointExtension>
            <ns3:atemp>25.0</ns3:atemp>
          </ns3:TrackPointExtension>
        </extensions>
      </trkpt>
      <trkpt lat="47.33043554238975048065185546875" lon="7.38989797420799732208251953125">
        <ele>650.5999755859375</ele>
        <time>2025-07-22T10:14:36.000Z</time>
        <extensions>
          <ns3:TrackPointExtension>
            <ns3:atemp>25.0</ns3:atemp>
          </ns3:TrackPointExtension>
        </extensions>
      </trkpt>
      <trkpt lat="47.33042858541011810302734375" lon="7.3899258859455585479736328125">
        <ele>651.20001220703125</ele>
        <time>2025-07-22T10:14:37.000Z</time>
        <extensions>
          <ns3:TrackPointExtension>
            <ns3:atemp>25.0</ns3:atemp>
          </ns3:TrackPointExtension>
        </extensions>
      </trkpt>
      <trkpt lat="47.330413497984409332275390625" lon="7.38997676409780979156494140625">
        <ele>651.79998779296875</ele>
        <time>2025-07-22T10:14:39.000Z</time>
        <extensions>
          <ns3:TrackPointExtension>
            <ns3:atemp>25.0</ns3:atemp>
          </ns3:TrackPointExtension>
        </extensions>
      </trkpt>
      <trkpt lat="47.3304146714508533477783203125" lon="7.3899983055889606475830078125">
        <ele>652</ele>
        <time>2025-07-22T10:14:40.000Z</time>
        <extensions>
          <ns3:TrackPointExtension>
            <ns3:atemp>24.0</ns3:atemp>
          </ns3:TrackPointExtension>
        </extensions>
      </trkpt>
      <trkpt lat="47.33042112551629543304443359375" lon="7.390019930899143218994140625">
        <ele>652.20001220703125</ele>
        <time>2025-07-22T10:14:41.000Z</time>
        <extensions>
          <ns3:TrackPointExtension>
            <ns3:atemp>24.0</ns3:atemp>
          </ns3:TrackPointExtension>
        </extensions>
      </trkpt>
      <trkpt lat="47.330432273447513580322265625" lon="7.3901186697185039520263671875">
        <ele>653</ele>
        <time>2025-07-22T10:14:44.000Z</time>
        <extensions>
          <ns3:TrackPointExtension>
            <ns3:atemp>24.0</ns3:atemp>
          </ns3:TrackPointExtension>
        </extensions>
      </trkpt>
      <trkpt lat="47.3304398171603679656982421875" lon="7.39014993421733379364013671875">
        <ele>653</ele>
        <time>2025-07-22T10:14:45.000Z</time>
        <extensions>
          <ns3:TrackPointExtension>
            <ns3:atemp>24.0</ns3:atemp>
          </ns3:TrackPointExtension>
        </extensions>
      </trkpt>
      <trkpt lat="47.33043537475168704986572265625" lon="7.39017851650714874267578125">
        <ele>653.5999755859375</ele>
        <time>2025-07-22T10:14:46.000Z</time>
        <extensions>
          <ns3:TrackPointExtension>
            <ns3:atemp>24.0</ns3:atemp>
          </ns3:TrackPointExtension>
        </extensions>
      </trkpt>
      <trkpt lat="47.3304279148578643798828125" lon="7.39020307548344135284423828125">
        <ele>654</ele>
        <time>2025-07-22T10:14:47.000Z</time>
        <extensions>
          <ns3:TrackPointExtension>
            <ns3:atemp>24.0</ns3:atemp>
          </ns3:TrackPointExtension>
        </extensions>
      </trkpt>
      <trkpt lat="47.3304237239062786102294921875" lon="7.39029309712350368499755859375">
        <ele>655.20001220703125</ele>
        <time>2025-07-22T10:14:50.000Z</time>
        <extensions>
          <ns3:TrackPointExtension>
            <ns3:atemp>24.0</ns3:atemp>
          </ns3:TrackPointExtension>
        </extensions>
      </trkpt>
      <trkpt lat="47.3304026015102863311767578125" lon="7.39049510098993778228759765625">
        <ele>656.20001220703125</ele>
        <time>2025-07-22T10:14:56.000Z</time>
        <extensions>
          <ns3:TrackPointExtension>
            <ns3:atemp>24.0</ns3:atemp>
          </ns3:TrackPointExtension>
        </extensions>
      </trkpt>
      <trkpt lat="47.33041441999375820159912109375" lon="7.39068939350545406341552734375">
        <ele>657.5999755859375</ele>
        <time>2025-07-22T10:15:01.000Z</time>
        <extensions>
          <ns3:TrackPointExtension>
            <ns3:atemp>24.0</ns3:atemp>
          </ns3:TrackPointExtension>
        </extensions>
      </trkpt>
      <trkpt lat="47.3303982429206371307373046875" lon="7.39078829996287822723388671875">
        <ele>658.20001220703125</ele>
        <time>2025-07-22T10:15:04.000Z</time>
        <extensions>
          <ns3:TrackPointExtension>
            <ns3:atemp>24.0</ns3:atemp>
          </ns3:TrackPointExtension>
        </extensions>
      </trkpt>
      <trkpt lat="47.33040553517639636993408203125" lon="7.39083942957222461700439453125">
        <ele>658.4000244140625</ele>
        <time>2025-07-22T10:15:05.000Z</time>
        <extensions>
          <ns3:TrackPointExtension>
            <ns3:atemp>24.0</ns3:atemp>
          </ns3:TrackPointExtension>
        </extensions>
      </trkpt>
      <trkpt lat="47.33041157014667987823486328125" lon="7.3908767290413379669189453125">
        <ele>658.79998779296875</ele>
        <time>2025-07-22T10:15:06.000Z</time>
        <extensions>
          <ns3:TrackPointExtension>
            <ns3:atemp>24.0</ns3:atemp>
          </ns3:TrackPointExtension>
        </extensions>
      </trkpt>
      <trkpt lat="47.3303945548832416534423828125" lon="7.390909753739833831787109375">
        <ele>659</ele>
        <time>2025-07-22T10:15:07.000Z</time>
        <extensions>
          <ns3:TrackPointExtension>
            <ns3:atemp>24.0</ns3:atemp>
          </ns3:TrackPointExtension>
        </extensions>
      </trkpt>
      <trkpt lat="47.33037904836237430572509765625" lon="7.39093632437288761138916015625">
        <ele>659.4000244140625</ele>
        <time>2025-07-22T10:15:08.000Z</time>
        <extensions>
          <ns3:TrackPointExtension>
            <ns3:atemp>24.0</ns3:atemp>
          </ns3:TrackPointExtension>
        </extensions>
      </trkpt>
      <trkpt lat="47.33036018908023834228515625" lon="7.3910094983875751495361328125">
        <ele>659.79998779296875</ele>
        <time>2025-07-22T10:15:11.000Z</time>
        <extensions>
          <ns3:TrackPointExtension>
            <ns3:atemp>24.0</ns3:atemp>
          </ns3:TrackPointExtension>
        </extensions>
      </trkpt>
      <trkpt lat="47.33036563731729984283447265625" lon="7.3910943232476711273193359375">
        <ele>660.5999755859375</ele>
        <time>2025-07-22T10:15:14.000Z</time>
        <extensions>
          <ns3:TrackPointExtension>
            <ns3:atemp>24.0</ns3:atemp>
          </ns3:TrackPointExtension>
        </extensions>
      </trkpt>
      <trkpt lat="47.33029422350227832794189453125" lon="7.39118275232613086700439453125">
        <ele>661.79998779296875</ele>
        <time>2025-07-22T10:15:17.000Z</time>
        <extensions>
          <ns3:TrackPointExtension>
            <ns3:atemp>24.0</ns3:atemp>
          </ns3:TrackPointExtension>
        </extensions>
      </trkpt>
      <trkpt lat="47.33024460263550281524658203125" lon="7.3912539146840572357177734375">
        <ele>662.5999755859375</ele>
        <time>2025-07-22T10:15:20.000Z</time>
        <extensions>
          <ns3:TrackPointExtension>
            <ns3:atemp>24.0</ns3:atemp>
          </ns3:TrackPointExtension>
        </extensions>
      </trkpt>
      <trkpt lat="47.33021275140345096588134765625" lon="7.391285933554172515869140625">
        <ele>663</ele>
        <time>2025-07-22T10:15:22.000Z</time>
        <extensions>
          <ns3:TrackPointExtension>
            <ns3:atemp>24.0</ns3:atemp>
          </ns3:TrackPointExtension>
        </extensions>
      </trkpt>
      <trkpt lat="47.3302071355283260345458984375" lon="7.39136078394949436187744140625">
        <ele>663.79998779296875</ele>
        <time>2025-07-22T10:15:25.000Z</time>
        <extensions>
          <ns3:TrackPointExtension>
            <ns3:atemp>24.0</ns3:atemp>
          </ns3:TrackPointExtension>
        </extensions>
      </trkpt>
      <trkpt lat="47.33014904893934726715087890625" lon="7.3913977481424808502197265625">
        <ele>664.5999755859375</ele>
        <time>2025-07-22T10:15:27.000Z</time>
        <extensions>
          <ns3:TrackPointExtension>
            <ns3:atemp>24.0</ns3:atemp>
          </ns3:TrackPointExtension>
        </extensions>
      </trkpt>
      <trkpt lat="47.33010713942348957061767578125" lon="7.391446195542812347412109375">
        <ele>664.79998779296875</ele>
        <time>2025-07-22T10:15:29.000Z</time>
        <extensions>
          <ns3:TrackPointExtension>
            <ns3:atemp>24.0</ns3:atemp>
          </ns3:TrackPointExtension>
        </extensions>
      </trkpt>
      <trkpt lat="47.33005039393901824951171875" lon="7.3914934694766998291015625">
        <ele>665.20001220703125</ele>
        <time>2025-07-22T10:15:32.000Z</time>
        <extensions>
          <ns3:TrackPointExtension>
            <ns3:atemp>24.0</ns3:atemp>
          </ns3:TrackPointExtension>
        </extensions>
      </trkpt>
      <trkpt lat="47.33004544861614704132080078125" lon="7.39150755107402801513671875">
        <ele>665.4000244140625</ele>
        <time>2025-07-22T10:15:33.000Z</time>
        <extensions>
          <ns3:TrackPointExtension>
            <ns3:atemp>24.0</ns3:atemp>
          </ns3:TrackPointExtension>
        </extensions>
      </trkpt>
      <trkpt lat="47.33002667315304279327392578125" lon="7.39153814502060413360595703125">
        <ele>666.20001220703125</ele>
        <time>2025-07-22T10:15:35.000Z</time>
        <extensions>
          <ns3:TrackPointExtension>
            <ns3:atemp>24.0</ns3:atemp>
          </ns3:TrackPointExtension>
        </extensions>
      </trkpt>
      <trkpt lat="47.330014519393444061279296875" lon="7.3915472812950611114501953125">
        <ele>666.4000244140625</ele>
        <time>2025-07-22T10:15:36.000Z</time>
        <extensions>
          <ns3:TrackPointExtension>
            <ns3:atemp>24.0</ns3:atemp>
          </ns3:TrackPointExtension>
        </extensions>
      </trkpt>
      <trkpt lat="47.32997319661080837249755859375" lon="7.391597069799900054931640625">
        <ele>667.5999755859375</ele>
        <time>2025-07-22T10:15:39.000Z</time>
        <extensions>
          <ns3:TrackPointExtension>
            <ns3:atemp>24.0</ns3:atemp>
          </ns3:TrackPointExtension>
        </extensions>
      </trkpt>
      <trkpt lat="47.329927347600460052490234375" lon="7.39169874228537082672119140625">
        <ele>669</ele>
        <time>2025-07-22T10:15:43.000Z</time>
        <extensions>
          <ns3:TrackPointExtension>
            <ns3:atemp>24.0</ns3:atemp>
          </ns3:TrackPointExtension>
        </extensions>
      </trkpt>
      <trkpt lat="47.32987915165722370147705078125" lon="7.39181005395948886871337890625">
        <ele>670</ele>
        <time>2025-07-22T10:15:47.000Z</time>
        <extensions>
          <ns3:TrackPointExtension>
            <ns3:atemp>24.0</ns3:atemp>
          </ns3:TrackPointExtension>
        </extensions>
      </trkpt>
      <trkpt lat="47.329869680106639862060546875" lon="7.3918367922306060791015625">
        <ele>670.20001220703125</ele>
        <time>2025-07-22T10:15:48.000Z</time>
        <extensions>
          <ns3:TrackPointExtension>
            <ns3:atemp>23.0</ns3:atemp>
          </ns3:TrackPointExtension>
        </extensions>
      </trkpt>
      <trkpt lat="47.32985115610063076019287109375" lon="7.39189286716282367706298828125">
        <ele>670.79998779296875</ele>
        <time>2025-07-22T10:15:50.000Z</time>
        <extensions>
          <ns3:TrackPointExtension>
            <ns3:atemp>23.0</ns3:atemp>
          </ns3:TrackPointExtension>
        </extensions>
      </trkpt>
      <trkpt lat="47.3298490606248378753662109375" lon="7.3919157497584819793701171875">
        <ele>671</ele>
        <time>2025-07-22T10:15:51.000Z</time>
        <extensions>
          <ns3:TrackPointExtension>
            <ns3:atemp>23.0</ns3:atemp>
          </ns3:TrackPointExtension>
        </extensions>
      </trkpt>
      <trkpt lat="47.3298400081694126129150390625" lon="7.39194299094378948211669921875">
        <ele>671.5999755859375</ele>
        <time>2025-07-22T10:15:52.000Z</time>
        <extensions>
          <ns3:TrackPointExtension>
            <ns3:atemp>23.0</ns3:atemp>
          </ns3:TrackPointExtension>
        </extensions>
      </trkpt>
      <trkpt lat="47.3298162035644054412841796875" lon="7.3920206911861896514892578125">
        <ele>672</ele>
        <time>2025-07-22T10:15:55.000Z</time>
        <extensions>
          <ns3:TrackPointExtension>
            <ns3:atemp>23.0</ns3:atemp>
          </ns3:TrackPointExtension>
        </extensions>
      </trkpt>
      <trkpt lat="47.32979516498744487762451171875" lon="7.39204977639019489288330078125">
        <ele>672.20001220703125</ele>
        <time>2025-07-22T10:15:56.000Z</time>
        <extensions>
          <ns3:TrackPointExtension>
            <ns3:atemp>23.0</ns3:atemp>
          </ns3:TrackPointExtension>
        </extensions>
      </trkpt>
      <trkpt lat="47.32972911559045314788818359375" lon="7.39220869727432727813720703125">
        <ele>673.20001220703125</ele>
        <time>2025-07-22T10:16:00.000Z</time>
        <extensions>
          <ns3:TrackPointExtension>
            <ns3:atemp>23.0</ns3:atemp>
          </ns3:TrackPointExtension>
        </extensions>
      </trkpt>
      <trkpt lat="47.32972693629562854766845703125" lon="7.39223836921155452728271484375">
        <ele>673.4000244140625</ele>
        <time>2025-07-22T10:16:01.000Z</time>
        <extensions>
          <ns3:TrackPointExtension>
            <ns3:atemp>23.0</ns3:atemp>
          </ns3:TrackPointExtension>
        </extensions>
      </trkpt>
      <trkpt lat="47.329737246036529541015625" lon="7.392266280949115753173828125">
        <ele>673.79998779296875</ele>
        <time>2025-07-22T10:16:02.000Z</time>
        <extensions>
          <ns3:TrackPointExtension>
            <ns3:atemp>23.0</ns3:atemp>
          </ns3:TrackPointExtension>
        </extensions>
      </trkpt>
      <trkpt lat="47.3297525011003017425537109375" lon="7.39233409054577350616455078125">
        <ele>674.20001220703125</ele>
        <time>2025-07-22T10:16:04.000Z</time>
        <extensions>
          <ns3:TrackPointExtension>
            <ns3:atemp>23.0</ns3:atemp>
          </ns3:TrackPointExtension>
        </extensions>
      </trkpt>
      <trkpt lat="47.32980069704353809356689453125" lon="7.392382286489009857177734375">
        <ele>674.4000244140625</ele>
        <time>2025-07-22T10:16:06.000Z</time>
        <extensions>
          <ns3:TrackPointExtension>
            <ns3:atemp>23.0</ns3:atemp>
          </ns3:TrackPointExtension>
        </extensions>
      </trkpt>
      <trkpt lat="47.3298624716699123382568359375" lon="7.39241288043558597564697265625">
        <ele>675.20001220703125</ele>
        <time>2025-07-22T10:16:09.000Z</time>
        <extensions>
          <ns3:TrackPointExtension>
            <ns3:atemp>23.0</ns3:atemp>
          </ns3:TrackPointExtension>
        </extensions>
      </trkpt>
      <trkpt lat="47.329889126121997833251953125" lon="7.39239268004894256591796875">
        <ele>675.20001220703125</ele>
        <time>2025-07-22T10:16:10.000Z</time>
        <extensions>
          <ns3:TrackPointExtension>
            <ns3:atemp>23.0</ns3:atemp>
          </ns3:TrackPointExtension>
        </extensions>
      </trkpt>
      <trkpt lat="47.32990848831832408905029296875" lon="7.3923915065824985504150390625">
        <ele>675.4000244140625</ele>
        <time>2025-07-22T10:16:11.000Z</time>
        <extensions>
          <ns3:TrackPointExtension>
            <ns3:atemp>23.0</ns3:atemp>
          </ns3:TrackPointExtension>
        </extensions>
      </trkpt>
      <trkpt lat="47.32994838617742061614990234375" lon="7.39238907583057880401611328125">
        <ele>675.79998779296875</ele>
        <time>2025-07-22T10:16:13.000Z</time>
        <extensions>
          <ns3:TrackPointExtension>
            <ns3:atemp>23.0</ns3:atemp>
          </ns3:TrackPointExtension>
        </extensions>
      </trkpt>
      <trkpt lat="47.329960875213146209716796875" lon="7.39239192567765712738037109375">
        <ele>676</ele>
        <time>2025-07-22T10:16:15.000Z</time>
        <extensions>
          <ns3:TrackPointExtension>
            <ns3:atemp>23.0</ns3:atemp>
          </ns3:TrackPointExtension>
        </extensions>
      </trkpt>
      <trkpt lat="47.3299979232251644134521484375" lon="7.3923804424703121185302734375">
        <ele>676.4000244140625</ele>
        <time>2025-07-22T10:16:17.000Z</time>
        <extensions>
          <ns3:TrackPointExtension>
            <ns3:atemp>23.0</ns3:atemp>
          </ns3:TrackPointExtension>
        </extensions>
      </trkpt>
      <trkpt lat="47.3300747014582157135009765625" lon="7.3923663608729839324951171875">
        <ele>677.20001220703125</ele>
        <time>2025-07-22T10:16:21.000Z</time>
        <extensions>
          <ns3:TrackPointExtension>
            <ns3:atemp>23.0</ns3:atemp>
          </ns3:TrackPointExtension>
        </extensions>
      </trkpt>
      <trkpt lat="47.3300951533019542694091796875" lon="7.39237122237682342529296875">
        <ele>677.4000244140625</ele>
        <time>2025-07-22T10:16:22.000Z</time>
        <extensions>
          <ns3:TrackPointExtension>
            <ns3:atemp>23.0</ns3:atemp>
          </ns3:TrackPointExtension>
        </extensions>
      </trkpt>
      <trkpt lat="47.3301367275416851043701171875" lon="7.39237516187131404876708984375">
        <ele>677.79998779296875</ele>
        <time>2025-07-22T10:16:24.000Z</time>
        <extensions>
          <ns3:TrackPointExtension>
            <ns3:atemp>23.0</ns3:atemp>
          </ns3:TrackPointExtension>
        </extensions>
      </trkpt>
      <trkpt lat="47.3301893658936023712158203125" lon="7.39235873334109783172607421875">
        <ele>678.20001220703125</ele>
        <time>2025-07-22T10:16:26.000Z</time>
        <extensions>
          <ns3:TrackPointExtension>
            <ns3:atemp>23.0</ns3:atemp>
          </ns3:TrackPointExtension>
        </extensions>
      </trkpt>
      <trkpt lat="47.33022515662014484405517578125" lon="7.3923475854098796844482421875">
        <ele>678.4000244140625</ele>
        <time>2025-07-22T10:16:27.000Z</time>
        <extensions>
          <ns3:TrackPointExtension>
            <ns3:atemp>23.0</ns3:atemp>
          </ns3:TrackPointExtension>
        </extensions>
      </trkpt>
      <trkpt lat="47.33033529482781887054443359375" lon="7.392318248748779296875">
        <ele>679.5999755859375</ele>
        <time>2025-07-22T10:16:31.000Z</time>
        <extensions>
          <ns3:TrackPointExtension>
            <ns3:atemp>23.0</ns3:atemp>
          </ns3:TrackPointExtension>
        </extensions>
      </trkpt>
      <trkpt lat="47.3304264061152935028076171875" lon="7.39235940389335155487060546875">
        <ele>680.20001220703125</ele>
        <time>2025-07-22T10:16:34.000Z</time>
        <extensions>
          <ns3:TrackPointExtension>
            <ns3:atemp>23.0</ns3:atemp>
          </ns3:TrackPointExtension>
        </extensions>
      </trkpt>
      <trkpt lat="47.33046236447989940643310546875" lon="7.39238337613642215728759765625">
        <ele>680.5999755859375</ele>
        <time>2025-07-22T10:16:35.000Z</time>
        <extensions>
          <ns3:TrackPointExtension>
            <ns3:atemp>23.0</ns3:atemp>
          </ns3:TrackPointExtension>
        </extensions>
      </trkpt>
      <trkpt lat="47.33050075359642505645751953125" lon="7.39241455681622028350830078125">
        <ele>681.4000244140625</ele>
        <time>2025-07-22T10:16:37.000Z</time>
        <extensions>
          <ns3:TrackPointExtension>
            <ns3:atemp>23.0</ns3:atemp>
          </ns3:TrackPointExtension>
        </extensions>
      </trkpt>
      <trkpt lat="47.33055221848189830780029296875" lon="7.392457388341426849365234375">
        <ele>681.79998779296875</ele>
        <time>2025-07-22T10:16:39.000Z</time>
        <extensions>
          <ns3:TrackPointExtension>
            <ns3:atemp>23.0</ns3:atemp>
          </ns3:TrackPointExtension>
        </extensions>
      </trkpt>
      <trkpt lat="47.330567054450511932373046875" lon="7.3924790136516094207763671875">
        <ele>682.4000244140625</ele>
        <time>2025-07-22T10:16:40.000Z</time>
        <extensions>
          <ns3:TrackPointExtension>
            <ns3:atemp>23.0</ns3:atemp>
          </ns3:TrackPointExtension>
        </extensions>
      </trkpt>
      <trkpt lat="47.3306044377386569976806640625" lon="7.392561994493007659912109375">
        <ele>683</ele>
        <time>2025-07-22T10:16:43.000Z</time>
        <extensions>
          <ns3:TrackPointExtension>
            <ns3:atemp>23.0</ns3:atemp>
          </ns3:TrackPointExtension>
        </extensions>
      </trkpt>
      <trkpt lat="47.33062095008790493011474609375" lon="7.39266349934041500091552734375">
        <ele>683.79998779296875</ele>
        <time>2025-07-22T10:16:46.000Z</time>
        <extensions>
          <ns3:TrackPointExtension>
            <ns3:atemp>23.0</ns3:atemp>
          </ns3:TrackPointExtension>
        </extensions>
      </trkpt>
      <trkpt lat="47.33063704334199428558349609375" lon="7.39274195395410060882568359375">
        <ele>684.20001220703125</ele>
        <time>2025-07-22T10:16:49.000Z</time>
        <extensions>
          <ns3:TrackPointExtension>
            <ns3:atemp>23.0</ns3:atemp>
          </ns3:TrackPointExtension>
        </extensions>
      </trkpt>
      <trkpt lat="47.330636121332645416259765625" lon="7.392772547900676727294921875">
        <ele>684.20001220703125</ele>
        <time>2025-07-22T10:16:50.000Z</time>
        <extensions>
          <ns3:TrackPointExtension>
            <ns3:atemp>23.0</ns3:atemp>
          </ns3:TrackPointExtension>
        </extensions>
      </trkpt>
      <trkpt lat="47.33065414242446422576904296875" lon="7.39288226701319217681884765625">
        <ele>685.20001220703125</ele>
        <time>2025-07-22T10:16:55.000Z</time>
        <extensions>
          <ns3:TrackPointExtension>
            <ns3:atemp>23.0</ns3:atemp>
          </ns3:TrackPointExtension>
        </extensions>
      </trkpt>
      <trkpt lat="47.33066235668957233428955078125" lon="7.3929085023701190948486328125">
        <ele>685.4000244140625</ele>
        <time>2025-07-22T10:16:56.000Z</time>
        <extensions>
          <ns3:TrackPointExtension>
            <ns3:atemp>23.0</ns3:atemp>
          </ns3:TrackPointExtension>
        </extensions>
      </trkpt>
      <trkpt lat="47.3306570760905742645263671875" lon="7.39294127561151981353759765625">
        <ele>685.79998779296875</ele>
        <time>2025-07-22T10:16:57.000Z</time>
        <extensions>
          <ns3:TrackPointExtension>
            <ns3:atemp>23.0</ns3:atemp>
          </ns3:TrackPointExtension>
        </extensions>
      </trkpt>
      <trkpt lat="47.33062732033431529998779296875" lon="7.39302090369164943695068359375">
        <ele>686.5999755859375</ele>
        <time>2025-07-22T10:17:00.000Z</time>
        <extensions>
          <ns3:TrackPointExtension>
            <ns3:atemp>23.0</ns3:atemp>
          </ns3:TrackPointExtension>
        </extensions>
      </trkpt>
      <trkpt lat="47.33059429563581943511962890625" lon="7.39311444573104381561279296875">
        <ele>687.5999755859375</ele>
        <time>2025-07-22T10:17:04.000Z</time>
        <extensions>
          <ns3:TrackPointExtension>
            <ns3:atemp>23.0</ns3:atemp>
          </ns3:TrackPointExtension>
        </extensions>
      </trkpt>
      <trkpt lat="47.330571077764034271240234375" lon="7.39318368025124073028564453125">
        <ele>688.4000244140625</ele>
        <time>2025-07-22T10:17:07.000Z</time>
        <extensions>
          <ns3:TrackPointExtension>
            <ns3:atemp>23.0</ns3:atemp>
          </ns3:TrackPointExtension>
        </extensions>
      </trkpt>
      <trkpt lat="47.3305658809840679168701171875" lon="7.3932072333991527557373046875">
        <ele>688.5999755859375</ele>
        <time>2025-07-22T10:17:08.000Z</time>
        <extensions>
          <ns3:TrackPointExtension>
            <ns3:atemp>23.0</ns3:atemp>
          </ns3:TrackPointExtension>
        </extensions>
      </trkpt>
      <trkpt lat="47.3305655457079410552978515625" lon="7.39322726614773273468017578125">
        <ele>689</ele>
        <time>2025-07-22T10:17:09.000Z</time>
        <extensions>
          <ns3:TrackPointExtension>
            <ns3:atemp>23.0</ns3:atemp>
          </ns3:TrackPointExtension>
        </extensions>
      </trkpt>
      <trkpt lat="47.3305700719356536865234375" lon="7.39336539991199970245361328125">
        <ele>689.79998779296875</ele>
        <time>2025-07-22T10:17:13.000Z</time>
        <extensions>
          <ns3:TrackPointExtension>
            <ns3:atemp>23.0</ns3:atemp>
          </ns3:TrackPointExtension>
        </extensions>
      </trkpt>
      <trkpt lat="47.33056730590760707855224609375" lon="7.39339289255440235137939453125">
        <ele>690</ele>
        <time>2025-07-22T10:17:14.000Z</time>
        <extensions>
          <ns3:TrackPointExtension>
            <ns3:atemp>23.0</ns3:atemp>
          </ns3:TrackPointExtension>
        </extensions>
      </trkpt>
      <trkpt lat="47.33056378550827503204345703125" lon="7.39346422255039215087890625">
        <ele>690.5999755859375</ele>
        <time>2025-07-22T10:17:16.000Z</time>
        <extensions>
          <ns3:TrackPointExtension>
            <ns3:atemp>23.0</ns3:atemp>
          </ns3:TrackPointExtension>
        </extensions>
      </trkpt>
      <trkpt lat="47.3305749334394931793212890625" lon="7.39353504963219165802001953125">
        <ele>691</ele>
        <time>2025-07-22T10:17:18.000Z</time>
        <extensions>
          <ns3:TrackPointExtension>
            <ns3:atemp>23.0</ns3:atemp>
          </ns3:TrackPointExtension>
        </extensions>
      </trkpt>
      <trkpt lat="47.330588512122631072998046875" lon="7.39356304518878459930419921875">
        <ele>691.4000244140625</ele>
        <time>2025-07-22T10:17:19.000Z</time>
        <extensions>
          <ns3:TrackPointExtension>
            <ns3:atemp>23.0</ns3:atemp>
          </ns3:TrackPointExtension>
        </extensions>
      </trkpt>
      <trkpt lat="47.3306505382061004638671875" lon="7.393676452338695526123046875">
        <ele>692</ele>
        <time>2025-07-22T10:17:22.000Z</time>
        <extensions>
          <ns3:TrackPointExtension>
            <ns3:atemp>23.0</ns3:atemp>
          </ns3:TrackPointExtension>
        </extensions>
      </trkpt>
      <trkpt lat="47.3306585848331451416015625" lon="7.39379187114536762237548828125">
        <ele>693</ele>
        <time>2025-07-22T10:17:25.000Z</time>
        <extensions>
          <ns3:TrackPointExtension>
            <ns3:atemp>23.0</ns3:atemp>
          </ns3:TrackPointExtension>
        </extensions>
      </trkpt>
      <trkpt lat="47.33067710883915424346923828125" lon="7.39382841624319553375244140625">
        <ele>693.20001220703125</ele>
        <time>2025-07-22T10:17:26.000Z</time>
        <extensions>
          <ns3:TrackPointExtension>
            <ns3:atemp>23.0</ns3:atemp>
          </ns3:TrackPointExtension>
        </extensions>
      </trkpt>
      <trkpt lat="47.33068817295134067535400390625" lon="7.39385389722883701324462890625">
        <ele>693.5999755859375</ele>
        <time>2025-07-22T10:17:27.000Z</time>
        <extensions>
          <ns3:TrackPointExtension>
            <ns3:atemp>22.0</ns3:atemp>
          </ns3:TrackPointExtension>
        </extensions>
      </trkpt>
      <trkpt lat="47.33072522096335887908935546875" lon="7.39393335767090320587158203125">
        <ele>694.20001220703125</ele>
        <time>2025-07-22T10:17:29.000Z</time>
        <extensions>
          <ns3:TrackPointExtension>
            <ns3:atemp>22.0</ns3:atemp>
          </ns3:TrackPointExtension>
        </extensions>
      </trkpt>
      <trkpt lat="47.3307234607636928558349609375" lon="7.39396655000746250152587890625">
        <ele>694.4000244140625</ele>
        <time>2025-07-22T10:17:30.000Z</time>
        <extensions>
          <ns3:TrackPointExtension>
            <ns3:atemp>22.0</ns3:atemp>
          </ns3:TrackPointExtension>
        </extensions>
      </trkpt>
      <trkpt lat="47.3307358659803867340087890625" lon="7.39400602877140045166015625">
        <ele>695</ele>
        <time>2025-07-22T10:17:32.000Z</time>
        <extensions>
          <ns3:TrackPointExtension>
            <ns3:atemp>22.0</ns3:atemp>
          </ns3:TrackPointExtension>
        </extensions>
      </trkpt>
      <trkpt lat="47.3307499475777149200439453125" lon="7.39403025247156620025634765625">
        <ele>695.5999755859375</ele>
        <time>2025-07-22T10:17:33.000Z</time>
        <extensions>
          <ns3:TrackPointExtension>
            <ns3:atemp>22.0</ns3:atemp>
          </ns3:TrackPointExtension>
        </extensions>
      </trkpt>
      <trkpt lat="47.33076159842312335968017578125" lon="7.39408381283283233642578125">
        <ele>696</ele>
        <time>2025-07-22T10:17:35.000Z</time>
        <extensions>
          <ns3:TrackPointExtension>
            <ns3:atemp>22.0</ns3:atemp>
          </ns3:TrackPointExtension>
        </extensions>
      </trkpt>
      <trkpt lat="47.33078255318105220794677734375" lon="7.3941403068602085113525390625">
        <ele>696.20001220703125</ele>
        <time>2025-07-22T10:17:37.000Z</time>
        <extensions>
          <ns3:TrackPointExtension>
            <ns3:atemp>22.0</ns3:atemp>
          </ns3:TrackPointExtension>
        </extensions>
      </trkpt>
      <trkpt lat="47.330784983932971954345703125" lon="7.39420811645686626434326171875">
        <ele>696.4000244140625</ele>
        <time>2025-07-22T10:17:39.000Z</time>
        <extensions>
          <ns3:TrackPointExtension>
            <ns3:atemp>22.0</ns3:atemp>
          </ns3:TrackPointExtension>
        </extensions>
      </trkpt>
      <trkpt lat="47.33079873025417327880859375" lon="7.39423929713666439056396484375">
        <ele>696.5999755859375</ele>
        <time>2025-07-22T10:17:40.000Z</time>
        <extensions>
          <ns3:TrackPointExtension>
            <ns3:atemp>22.0</ns3:atemp>
          </ns3:TrackPointExtension>
        </extensions>
      </trkpt>
      <trkpt lat="47.33083787374198436737060546875" lon="7.3943481780588626861572265625">
        <ele>697.79998779296875</ele>
        <time>2025-07-22T10:17:44.000Z</time>
        <extensions>
          <ns3:TrackPointExtension>
            <ns3:atemp>22.0</ns3:atemp>
          </ns3:TrackPointExtension>
        </extensions>
      </trkpt>
      <trkpt lat="47.33088833279907703399658203125" lon="7.3944236151874065399169921875">
        <ele>698.79998779296875</ele>
        <time>2025-07-22T10:17:47.000Z</time>
        <extensions>
          <ns3:TrackPointExtension>
            <ns3:atemp>22.0</ns3:atemp>
          </ns3:TrackPointExtension>
        </extensions>
      </trkpt>
      <trkpt lat="47.330961339175701141357421875" lon="7.3944977112114429473876953125">
        <ele>699.79998779296875</ele>
        <time>2025-07-22T10:17:51.000Z</time>
        <extensions>
          <ns3:TrackPointExtension>
            <ns3:atemp>22.0</ns3:atemp>
          </ns3:TrackPointExtension>
        </extensions>
      </trkpt>
      <trkpt lat="47.3309776000678539276123046875" lon="7.39453802816569805145263671875">
        <ele>700</ele>
        <time>2025-07-22T10:17:52.000Z</time>
        <extensions>
          <ns3:TrackPointExtension>
            <ns3:atemp>22.0</ns3:atemp>
          </ns3:TrackPointExtension>
        </extensions>
      </trkpt>
      <trkpt lat="47.3309858143329620361328125" lon="7.39456518553197383880615234375">
        <ele>700.20001220703125</ele>
        <time>2025-07-22T10:17:53.000Z</time>
        <extensions>
          <ns3:TrackPointExtension>
            <ns3:atemp>22.0</ns3:atemp>
          </ns3:TrackPointExtension>
        </extensions>
      </trkpt>
      <trkpt lat="47.3310314118862152099609375" lon="7.39462084136903285980224609375">
        <ele>701.20001220703125</ele>
        <time>2025-07-22T10:17:56.000Z</time>
        <extensions>
          <ns3:TrackPointExtension>
            <ns3:atemp>22.0</ns3:atemp>
          </ns3:TrackPointExtension>
        </extensions>
      </trkpt>
      <trkpt lat="47.33108245767652988433837890625" lon="7.3946754075586795806884765625">
        <ele>701.79998779296875</ele>
        <time>2025-07-22T10:17:59.000Z</time>
        <extensions>
          <ns3:TrackPointExtension>
            <ns3:atemp>22.0</ns3:atemp>
          </ns3:TrackPointExtension>
        </extensions>
      </trkpt>
      <trkpt lat="47.3311314918100833892822265625" lon="7.39473751746118068695068359375">
        <ele>702.20001220703125</ele>
        <time>2025-07-22T10:18:02.000Z</time>
        <extensions>
          <ns3:TrackPointExtension>
            <ns3:atemp>22.0</ns3:atemp>
          </ns3:TrackPointExtension>
        </extensions>
      </trkpt>
      <trkpt lat="47.33118907548487186431884765625" lon="7.39480641670525074005126953125">
        <ele>703.4000244140625</ele>
        <time>2025-07-22T10:18:05.000Z</time>
        <extensions>
          <ns3:TrackPointExtension>
            <ns3:atemp>22.0</ns3:atemp>
          </ns3:TrackPointExtension>
        </extensions>
      </trkpt>
      <trkpt lat="47.33124339021742343902587890625" lon="7.394884116947650909423828125">
        <ele>704.20001220703125</ele>
        <time>2025-07-22T10:18:08.000Z</time>
        <extensions>
          <ns3:TrackPointExtension>
            <ns3:atemp>22.0</ns3:atemp>
          </ns3:TrackPointExtension>
        </extensions>
      </trkpt>
      <trkpt lat="47.33125797472894191741943359375" lon="7.39490590989589691162109375">
        <ele>704.4000244140625</ele>
        <time>2025-07-22T10:18:09.000Z</time>
        <extensions>
          <ns3:TrackPointExtension>
            <ns3:atemp>22.0</ns3:atemp>
          </ns3:TrackPointExtension>
        </extensions>
      </trkpt>
      <trkpt lat="47.33135369606316089630126953125" lon="7.39503926597535610198974609375">
        <ele>705.4000244140625</ele>
        <time>2025-07-22T10:18:15.000Z</time>
        <extensions>
          <ns3:TrackPointExtension>
            <ns3:atemp>22.0</ns3:atemp>
          </ns3:TrackPointExtension>
        </extensions>
      </trkpt>
      <trkpt lat="47.33137465082108974456787109375" lon="7.3951025493443012237548828125">
        <ele>706.79998779296875</ele>
        <time>2025-07-22T10:18:18.000Z</time>
        <extensions>
          <ns3:TrackPointExtension>
            <ns3:atemp>22.0</ns3:atemp>
          </ns3:TrackPointExtension>
        </extensions>
      </trkpt>
      <trkpt lat="47.33136643655598163604736328125" lon="7.39512509666383266448974609375">
        <ele>707</ele>
        <time>2025-07-22T10:18:19.000Z</time>
        <extensions>
          <ns3:TrackPointExtension>
            <ns3:atemp>22.0</ns3:atemp>
          </ns3:TrackPointExtension>
        </extensions>
      </trkpt>
      <trkpt lat="47.3313661850988864898681640625" lon="7.39518360234797000885009765625">
        <ele>707.5999755859375</ele>
        <time>2025-07-22T10:18:21.000Z</time>
        <extensions>
          <ns3:TrackPointExtension>
            <ns3:atemp>22.0</ns3:atemp>
          </ns3:TrackPointExtension>
        </extensions>
      </trkpt>
      <trkpt lat="47.33137942850589752197265625" lon="7.39523674361407756805419921875">
        <ele>707.79998779296875</ele>
        <time>2025-07-22T10:18:23.000Z</time>
        <extensions>
          <ns3:TrackPointExtension>
            <ns3:atemp>22.0</ns3:atemp>
          </ns3:TrackPointExtension>
        </extensions>
      </trkpt>
      <trkpt lat="47.33139426447451114654541015625" lon="7.3952700197696685791015625">
        <ele>708</ele>
        <time>2025-07-22T10:18:24.000Z</time>
        <extensions>
          <ns3:TrackPointExtension>
            <ns3:atemp>22.0</ns3:atemp>
          </ns3:TrackPointExtension>
        </extensions>
      </trkpt>
      <trkpt lat="47.3314297199249267578125" lon="7.39534822292625904083251953125">
        <ele>709</ele>
        <time>2025-07-22T10:18:27.000Z</time>
        <extensions>
          <ns3:TrackPointExtension>
            <ns3:atemp>22.0</ns3:atemp>
          </ns3:TrackPointExtension>
        </extensions>
      </trkpt>
      <trkpt lat="47.33149317093193531036376953125" lon="7.395419217646121978759765625">
        <ele>709.5999755859375</ele>
        <time>2025-07-22T10:18:30.000Z</time>
        <extensions>
          <ns3:TrackPointExtension>
            <ns3:atemp>22.0</ns3:atemp>
          </ns3:TrackPointExtension>
        </extensions>
      </trkpt>
      <trkpt lat="47.331518568098545074462890625" lon="7.39548836834728717803955078125">
        <ele>710.4000244140625</ele>
        <time>2025-07-22T10:18:32.000Z</time>
        <extensions>
          <ns3:TrackPointExtension>
            <ns3:atemp>22.0</ns3:atemp>
          </ns3:TrackPointExtension>
        </extensions>
      </trkpt>
      <trkpt lat="47.3316223360598087310791015625" lon="7.39557336084544658660888671875">
        <ele>711.5999755859375</ele>
        <time>2025-07-22T10:18:36.000Z</time>
        <extensions>
          <ns3:TrackPointExtension>
            <ns3:atemp>22.0</ns3:atemp>
          </ns3:TrackPointExtension>
        </extensions>
      </trkpt>
      <trkpt lat="47.33165645040571689605712890625" lon="7.39559934474527835845947265625">
        <ele>711.79998779296875</ele>
        <time>2025-07-22T10:18:37.000Z</time>
        <extensions>
          <ns3:TrackPointExtension>
            <ns3:atemp>22.0</ns3:atemp>
          </ns3:TrackPointExtension>
        </extensions>
      </trkpt>
      <trkpt lat="47.33167958445847034454345703125" lon="7.39562700502574443817138671875">
        <ele>712</ele>
        <time>2025-07-22T10:18:38.000Z</time>
        <extensions>
          <ns3:TrackPointExtension>
            <ns3:atemp>22.0</ns3:atemp>
          </ns3:TrackPointExtension>
        </extensions>
      </trkpt>
      <trkpt lat="47.33172669075429439544677734375" lon="7.39568802528083324432373046875">
        <ele>712.5999755859375</ele>
        <time>2025-07-22T10:18:40.000Z</time>
        <extensions>
          <ns3:TrackPointExtension>
            <ns3:atemp>22.0</ns3:atemp>
          </ns3:TrackPointExtension>
        </extensions>
      </trkpt>
      <trkpt lat="47.33173641376197338104248046875" lon="7.3957072198390960693359375">
        <ele>713</ele>
        <time>2025-07-22T10:18:41.000Z</time>
        <extensions>
          <ns3:TrackPointExtension>
            <ns3:atemp>22.0</ns3:atemp>
          </ns3:TrackPointExtension>
        </extensions>
      </trkpt>
      <trkpt lat="47.3318181373178958892822265625" lon="7.395777963101863861083984375">
        <ele>713.79998779296875</ele>
        <time>2025-07-22T10:18:45.000Z</time>
        <extensions>
          <ns3:TrackPointExtension>
            <ns3:atemp>22.0</ns3:atemp>
          </ns3:TrackPointExtension>
        </extensions>
      </trkpt>
      <trkpt lat="47.33184169046580791473388671875" lon="7.39579279907047748565673828125">
        <ele>714</ele>
        <time>2025-07-22T10:18:46.000Z</time>
        <extensions>
          <ns3:TrackPointExtension>
            <ns3:atemp>22.0</ns3:atemp>
          </ns3:TrackPointExtension>
        </extensions>
      </trkpt>
      <trkpt lat="47.331878654658794403076171875" lon="7.39582817070186138153076171875">
        <ele>715.4000244140625</ele>
        <time>2025-07-22T10:18:48.000Z</time>
        <extensions>
          <ns3:TrackPointExtension>
            <ns3:atemp>22.0</ns3:atemp>
          </ns3:TrackPointExtension>
        </extensions>
      </trkpt>
      <trkpt lat="47.33198099769651889801025390625" lon="7.39590059034526348114013671875">
        <ele>716.5999755859375</ele>
        <time>2025-07-22T10:18:52.000Z</time>
        <extensions>
          <ns3:TrackPointExtension>
            <ns3:atemp>22.0</ns3:atemp>
          </ns3:TrackPointExtension>
        </extensions>
      </trkpt>
      <trkpt lat="47.33201486058533191680908203125" lon="7.39590763114392757415771484375">
        <ele>716.5999755859375</ele>
        <time>2025-07-22T10:18:53.000Z</time>
        <extensions>
          <ns3:TrackPointExtension>
            <ns3:atemp>21.0</ns3:atemp>
          </ns3:TrackPointExtension>
        </extensions>
      </trkpt>
      <trkpt lat="47.33210320584475994110107421875" lon="7.39597217179834842681884765625">
        <ele>717.4000244140625</ele>
        <time>2025-07-22T10:18:57.000Z</time>
        <extensions>
          <ns3:TrackPointExtension>
            <ns3:atemp>21.0</ns3:atemp>
          </ns3:TrackPointExtension>
        </extensions>
      </trkpt>
      <trkpt lat="47.3321366496384143829345703125" lon="7.3960151709616184234619140625">
        <ele>717.5999755859375</ele>
        <time>2025-07-22T10:18:59.000Z</time>
        <extensions>
          <ns3:TrackPointExtension>
            <ns3:atemp>21.0</ns3:atemp>
          </ns3:TrackPointExtension>
        </extensions>
      </trkpt>
      <trkpt lat="47.33222189359366893768310546875" lon="7.39615355618298053741455078125">
        <ele>718.5999755859375</ele>
        <time>2025-07-22T10:19:04.000Z</time>
        <extensions>
          <ns3:TrackPointExtension>
            <ns3:atemp>21.0</ns3:atemp>
          </ns3:TrackPointExtension>
        </extensions>
      </trkpt>
      <trkpt lat="47.3322384059429168701171875" lon="7.3962461762130260467529296875">
        <ele>719.4000244140625</ele>
        <time>2025-07-22T10:19:07.000Z</time>
        <extensions>
          <ns3:TrackPointExtension>
            <ns3:atemp>21.0</ns3:atemp>
          </ns3:TrackPointExtension>
        </extensions>
      </trkpt>
      <trkpt lat="47.33223865740001201629638671875" lon="7.39627207629382610321044921875">
        <ele>719.79998779296875</ele>
        <time>2025-07-22T10:19:08.000Z</time>
        <extensions>
          <ns3:TrackPointExtension>
            <ns3:atemp>21.0</ns3:atemp>
          </ns3:TrackPointExtension>
        </extensions>
      </trkpt>
      <trkpt lat="47.33223647810518741607666015625" lon="7.39629990421235561370849609375">
        <ele>720</ele>
        <time>2025-07-22T10:19:09.000Z</time>
        <extensions>
          <ns3:TrackPointExtension>
            <ns3:atemp>21.0</ns3:atemp>
          </ns3:TrackPointExtension>
        </extensions>
      </trkpt>
      <trkpt lat="47.33219054527580738067626953125" lon="7.39638137631118297576904296875">
        <ele>721</ele>
        <time>2025-07-22T10:19:12.000Z</time>
        <extensions>
          <ns3:TrackPointExtension>
            <ns3:atemp>21.0</ns3:atemp>
          </ns3:TrackPointExtension>
        </extensions>
      </trkpt>
      <trkpt lat="47.33213136903941631317138671875" lon="7.3964403010904788970947265625">
        <ele>721.5999755859375</ele>
        <time>2025-07-22T10:19:15.000Z</time>
        <extensions>
          <ns3:TrackPointExtension>
            <ns3:atemp>21.0</ns3:atemp>
          </ns3:TrackPointExtension>
        </extensions>
      </trkpt>
      <trkpt lat="47.33208996243774890899658203125" lon="7.3964674584567546844482421875">
        <ele>722</ele>
        <time>2025-07-22T10:19:17.000Z</time>
        <extensions>
          <ns3:TrackPointExtension>
            <ns3:atemp>21.0</ns3:atemp>
          </ns3:TrackPointExtension>
        </extensions>
      </trkpt>
      <trkpt lat="47.3320068977773189544677734375" lon="7.39649453200399875640869140625">
        <ele>723</ele>
        <time>2025-07-22T10:19:21.000Z</time>
        <extensions>
          <ns3:TrackPointExtension>
            <ns3:atemp>21.0</ns3:atemp>
          </ns3:TrackPointExtension>
        </extensions>
      </trkpt>
      <trkpt lat="47.3319780640304088592529296875" lon="7.39650048315525054931640625">
        <ele>723.4000244140625</ele>
        <time>2025-07-22T10:19:23.000Z</time>
        <extensions>
          <ns3:TrackPointExtension>
            <ns3:atemp>21.0</ns3:atemp>
          </ns3:TrackPointExtension>
        </extensions>
      </trkpt>
      <trkpt lat="47.33196104876697063446044921875" lon="7.39650542847812175750732421875">
        <ele>724.20001220703125</ele>
        <time>2025-07-22T10:19:24.000Z</time>
        <extensions>
          <ns3:TrackPointExtension>
            <ns3:atemp>21.0</ns3:atemp>
          </ns3:TrackPointExtension>
        </extensions>
      </trkpt>
      <trkpt lat="47.3318915627896785736083984375" lon="7.396493442356586456298828125">
        <ele>725.20001220703125</ele>
        <time>2025-07-22T10:19:28.000Z</time>
        <extensions>
          <ns3:TrackPointExtension>
            <ns3:atemp>21.0</ns3:atemp>
          </ns3:TrackPointExtension>
        </extensions>
      </trkpt>
      <trkpt lat="47.33182274736464023590087890625" lon="7.3964823782444000244140625">
        <ele>725.79998779296875</ele>
        <time>2025-07-22T10:19:30.000Z</time>
        <extensions>
          <ns3:TrackPointExtension>
            <ns3:atemp>21.0</ns3:atemp>
          </ns3:TrackPointExtension>
        </extensions>
      </trkpt>
      <trkpt lat="47.33179743401706218719482421875" lon="7.396473996341228485107421875">
        <ele>726.5999755859375</ele>
        <time>2025-07-22T10:19:32.000Z</time>
        <extensions>
          <ns3:TrackPointExtension>
            <ns3:atemp>21.0</ns3:atemp>
          </ns3:TrackPointExtension>
        </extensions>
      </trkpt>
      <trkpt lat="47.33175418339669704437255859375" lon="7.3964421451091766357421875">
        <ele>727.4000244140625</ele>
        <time>2025-07-22T10:19:36.000Z</time>
        <extensions>
          <ns3:TrackPointExtension>
            <ns3:atemp>21.0</ns3:atemp>
          </ns3:TrackPointExtension>
        </extensions>
      </trkpt>
      <trkpt lat="47.33174957334995269775390625" lon="7.3964372836053371429443359375">
        <ele>727.5999755859375</ele>
        <time>2025-07-22T10:19:37.000Z</time>
        <extensions>
          <ns3:TrackPointExtension>
            <ns3:atemp>21.0</ns3:atemp>
          </ns3:TrackPointExtension>
        </extensions>
      </trkpt>
      <trkpt lat="47.3317450471222400665283203125" lon="7.3964314162731170654296875">
        <ele>727.79998779296875</ele>
        <time>2025-07-22T10:19:38.000Z</time>
        <extensions>
          <ns3:TrackPointExtension>
            <ns3:atemp>21.0</ns3:atemp>
          </ns3:TrackPointExtension>
        </extensions>
      </trkpt>
      <trkpt lat="47.33171311207115650177001953125" lon="7.39637039601802825927734375">
        <ele>728.4000244140625</ele>
        <time>2025-07-22T10:19:41.000Z</time>
        <extensions>
          <ns3:TrackPointExtension>
            <ns3:atemp>21.0</ns3:atemp>
          </ns3:TrackPointExtension>
        </extensions>
      </trkpt>
      <trkpt lat="47.3317014612257480621337890625" lon="7.39635623060166835784912109375">
        <ele>728.5999755859375</ele>
        <time>2025-07-22T10:19:42.000Z</time>
        <extensions>
          <ns3:TrackPointExtension>
            <ns3:atemp>21.0</ns3:atemp>
          </ns3:TrackPointExtension>
        </extensions>
      </trkpt>
      <trkpt lat="47.3316873796284198760986328125" lon="7.396333180367946624755859375">
        <ele>728.5999755859375</ele>
        <time>2025-07-22T10:19:43.000Z</time>
        <extensions>
          <ns3:TrackPointExtension>
            <ns3:atemp>21.0</ns3:atemp>
          </ns3:TrackPointExtension>
        </extensions>
      </trkpt>
      <trkpt lat="47.3316188156604766845703125" lon="7.3962284065783023834228515625">
        <ele>729.79998779296875</ele>
        <time>2025-07-22T10:19:47.000Z</time>
        <extensions>
          <ns3:TrackPointExtension>
            <ns3:atemp>21.0</ns3:atemp>
          </ns3:TrackPointExtension>
        </extensions>
      </trkpt>
      <trkpt lat="47.33159945346415042877197265625" lon="7.396210469305515289306640625">
        <ele>730</ele>
        <time>2025-07-22T10:19:48.000Z</time>
        <extensions>
          <ns3:TrackPointExtension>
            <ns3:atemp>21.0</ns3:atemp>
          </ns3:TrackPointExtension>
        </extensions>
      </trkpt>
      <trkpt lat="47.3315517604351043701171875" lon="7.3961740918457508087158203125">
        <ele>730.4000244140625</ele>
        <time>2025-07-22T10:19:50.000Z</time>
        <extensions>
          <ns3:TrackPointExtension>
            <ns3:atemp>21.0</ns3:atemp>
          </ns3:TrackPointExtension>
        </extensions>
      </trkpt>
      <trkpt lat="47.33149836771190166473388671875" lon="7.396134696900844573974609375">
        <ele>730.79998779296875</ele>
        <time>2025-07-22T10:19:52.000Z</time>
        <extensions>
          <ns3:TrackPointExtension>
            <ns3:atemp>21.0</ns3:atemp>
          </ns3:TrackPointExtension>
        </extensions>
      </trkpt>
      <trkpt lat="47.33143231831490993499755859375" lon="7.39608733914792537689208984375">
        <ele>731.5999755859375</ele>
        <time>2025-07-22T10:19:54.000Z</time>
        <extensions>
          <ns3:TrackPointExtension>
            <ns3:atemp>21.0</ns3:atemp>
          </ns3:TrackPointExtension>
        </extensions>
      </trkpt>
      <trkpt lat="47.33133860863745212554931640625" lon="7.3960473574697971343994140625">
        <ele>731.79998779296875</ele>
        <time>2025-07-22T10:19:56.000Z</time>
        <extensions>
          <ns3:TrackPointExtension>
            <ns3:atemp>21.0</ns3:atemp>
          </ns3:TrackPointExtension>
        </extensions>
      </trkpt>
      <trkpt lat="47.331223525106906890869140625" lon="7.395995557308197021484375">
        <ele>732.4000244140625</ele>
        <time>2025-07-22T10:19:59.000Z</time>
        <extensions>
          <ns3:TrackPointExtension>
            <ns3:atemp>21.0</ns3:atemp>
          </ns3:TrackPointExtension>
        </extensions>
      </trkpt>
      <trkpt lat="47.33111397363245487213134765625" lon="7.39596546627581119537353515625">
        <ele>733</ele>
        <time>2025-07-22T10:20:02.000Z</time>
        <extensions>
          <ns3:TrackPointExtension>
            <ns3:atemp>21.0</ns3:atemp>
          </ns3:TrackPointExtension>
        </extensions>
      </trkpt>
      <trkpt lat="47.33096125535666942596435546875" lon="7.39592246711254119873046875">
        <ele>740.20001220703125</ele>
        <time>2025-07-22T10:20:06.000Z</time>
        <extensions>
          <ns3:TrackPointExtension>
            <ns3:atemp>21.0</ns3:atemp>
          </ns3:TrackPointExtension>
        </extensions>
      </trkpt>
      <trkpt lat="47.3307781107723712921142578125" lon="7.3959199525415897369384765625">
        <ele>733.5999755859375</ele>
        <time>2025-07-22T10:20:11.000Z</time>
        <extensions>
          <ns3:TrackPointExtension>
            <ns3:atemp>21.0</ns3:atemp>
          </ns3:TrackPointExtension>
        </extensions>
      </trkpt>
      <trkpt lat="47.33066855929791927337646484375" lon="7.39592841826379299163818359375">
        <ele>734</ele>
        <time>2025-07-22T10:20:14.000Z</time>
        <extensions>
          <ns3:TrackPointExtension>
            <ns3:atemp>21.0</ns3:atemp>
          </ns3:TrackPointExtension>
        </extensions>
      </trkpt>
      <trkpt lat="47.33056261204183101654052734375" lon="7.39595473743975162506103515625">
        <ele>734.5999755859375</ele>
        <time>2025-07-22T10:20:17.000Z</time>
        <extensions>
          <ns3:TrackPointExtension>
            <ns3:atemp>21.0</ns3:atemp>
          </ns3:TrackPointExtension>
        </extensions>
      </trkpt>
      <trkpt lat="47.33044660650193691253662109375" lon="7.39598524756729602813720703125">
        <ele>734.79998779296875</ele>
        <time>2025-07-22T10:20:20.000Z</time>
        <extensions>
          <ns3:TrackPointExtension>
            <ns3:atemp>21.0</ns3:atemp>
          </ns3:TrackPointExtension>
        </extensions>
      </trkpt>
      <trkpt lat="47.33040838502347469329833984375" lon="7.395997233688831329345703125">
        <ele>734.79998779296875</ele>
        <time>2025-07-22T10:20:21.000Z</time>
        <extensions>
          <ns3:TrackPointExtension>
            <ns3:atemp>21.0</ns3:atemp>
          </ns3:TrackPointExtension>
        </extensions>
      </trkpt>
      <trkpt lat="47.3303673975169658660888671875" lon="7.3960024304687976837158203125">
        <ele>735.20001220703125</ele>
        <time>2025-07-22T10:20:22.000Z</time>
        <extensions>
          <ns3:TrackPointExtension>
            <ns3:atemp>21.0</ns3:atemp>
          </ns3:TrackPointExtension>
        </extensions>
      </trkpt>
      <trkpt lat="47.3301829956471920013427734375" lon="7.39596144296228885650634765625">
        <ele>735.4000244140625</ele>
        <time>2025-07-22T10:20:27.000Z</time>
        <extensions>
          <ns3:TrackPointExtension>
            <ns3:atemp>21.0</ns3:atemp>
          </ns3:TrackPointExtension>
        </extensions>
      </trkpt>
      <trkpt lat="47.3300690017640590667724609375" lon="7.3957999236881732940673828125">
        <ele>736.20001220703125</ele>
        <time>2025-07-22T10:20:32.000Z</time>
        <extensions>
          <ns3:TrackPointExtension>
            <ns3:atemp>21.0</ns3:atemp>
          </ns3:TrackPointExtension>
        </extensions>
      </trkpt>
      <trkpt lat="47.33004041947424411773681640625" lon="7.3957650549709796905517578125">
        <ele>736.79998779296875</ele>
        <time>2025-07-22T10:20:33.000Z</time>
        <extensions>
          <ns3:TrackPointExtension>
            <ns3:atemp>21.0</ns3:atemp>
          </ns3:TrackPointExtension>
        </extensions>
      </trkpt>
      <trkpt lat="47.32998124323785305023193359375" lon="7.39568416960537433624267578125">
        <ele>737.4000244140625</ele>
        <time>2025-07-22T10:20:36.000Z</time>
        <extensions>
          <ns3:TrackPointExtension>
            <ns3:atemp>20.0</ns3:atemp>
          </ns3:TrackPointExtension>
        </extensions>
      </trkpt>
      <trkpt lat="47.32982433401048183441162109375" lon="7.3955159448087215423583984375">
        <ele>738.20001220703125</ele>
        <time>2025-07-22T10:20:42.000Z</time>
        <extensions>
          <ns3:TrackPointExtension>
            <ns3:atemp>20.0</ns3:atemp>
          </ns3:TrackPointExtension>
        </extensions>
      </trkpt>
      <trkpt lat="47.3297944106161594390869140625" lon="7.39548836834728717803955078125">
        <ele>738.20001220703125</ele>
        <time>2025-07-22T10:20:43.000Z</time>
        <extensions>
          <ns3:TrackPointExtension>
            <ns3:atemp>20.0</ns3:atemp>
          </ns3:TrackPointExtension>
        </extensions>
      </trkpt>
      <trkpt lat="47.32976742088794708251953125" lon="7.3954559303820133209228515625">
        <ele>738.5999755859375</ele>
        <time>2025-07-22T10:20:44.000Z</time>
        <extensions>
          <ns3:TrackPointExtension>
            <ns3:atemp>20.0</ns3:atemp>
          </ns3:TrackPointExtension>
        </extensions>
      </trkpt>
      <trkpt lat="47.32961579225957393646240234375" lon="7.39532106555998325347900390625">
        <ele>739.5999755859375</ele>
        <time>2025-07-22T10:20:48.000Z</time>
        <extensions>
          <ns3:TrackPointExtension>
            <ns3:atemp>20.0</ns3:atemp>
          </ns3:TrackPointExtension>
        </extensions>
      </trkpt>
      <trkpt lat="47.329565919935703277587890625" lon="7.39529105834662914276123046875">
        <ele>740</ele>
        <time>2025-07-22T10:20:49.000Z</time>
        <extensions>
          <ns3:TrackPointExtension>
            <ns3:atemp>20.0</ns3:atemp>
          </ns3:TrackPointExtension>
        </extensions>
      </trkpt>
      <trkpt lat="47.32954479753971099853515625" lon="7.3952594585716724395751953125">
        <ele>740.20001220703125</ele>
        <time>2025-07-22T10:20:50.000Z</time>
        <extensions>
          <ns3:TrackPointExtension>
            <ns3:atemp>20.0</ns3:atemp>
          </ns3:TrackPointExtension>
        </extensions>
      </trkpt>
      <trkpt lat="47.329503558576107025146484375" lon="7.3952188901603221893310546875">
        <ele>740.4000244140625</ele>
        <time>2025-07-22T10:20:52.000Z</time>
        <extensions>
          <ns3:TrackPointExtension>
            <ns3:atemp>20.0</ns3:atemp>
          </ns3:TrackPointExtension>
        </extensions>
      </trkpt>
      <trkpt lat="47.32945167459547519683837890625" lon="7.3951826803386211395263671875">
        <ele>740.79998779296875</ele>
        <time>2025-07-22T10:20:54.000Z</time>
        <extensions>
          <ns3:TrackPointExtension>
            <ns3:atemp>20.0</ns3:atemp>
          </ns3:TrackPointExtension>
        </extensions>
      </trkpt>
      <trkpt lat="47.3293877206742763519287109375" lon="7.3951287008821964263916015625">
        <ele>741.20001220703125</ele>
        <time>2025-07-22T10:20:57.000Z</time>
        <extensions>
          <ns3:TrackPointExtension>
            <ns3:atemp>20.0</ns3:atemp>
          </ns3:TrackPointExtension>
        </extensions>
      </trkpt>
      <trkpt lat="47.32937355525791645050048828125" lon="7.39511906169354915618896484375">
        <ele>742</ele>
        <time>2025-07-22T10:20:58.000Z</time>
        <extensions>
          <ns3:TrackPointExtension>
            <ns3:atemp>20.0</ns3:atemp>
          </ns3:TrackPointExtension>
        </extensions>
      </trkpt>
      <trkpt lat="47.329296357929706573486328125" lon="7.39508637227118015289306640625">
        <ele>742.5999755859375</ele>
        <time>2025-07-22T10:21:02.000Z</time>
        <extensions>
          <ns3:TrackPointExtension>
            <ns3:atemp>20.0</ns3:atemp>
          </ns3:TrackPointExtension>
        </extensions>
      </trkpt>
      <trkpt lat="47.3292609862983226776123046875" lon="7.3950633220374584197998046875">
        <ele>743</ele>
        <time>2025-07-22T10:21:04.000Z</time>
        <extensions>
          <ns3:TrackPointExtension>
            <ns3:atemp>20.0</ns3:atemp>
          </ns3:TrackPointExtension>
        </extensions>
      </trkpt>
      <trkpt lat="47.32916635461151599884033203125" lon="7.39498159848153591156005859375">
        <ele>744</ele>
        <time>2025-07-22T10:21:08.000Z</time>
        <extensions>
          <ns3:TrackPointExtension>
            <ns3:atemp>20.0</ns3:atemp>
          </ns3:TrackPointExtension>
        </extensions>
      </trkpt>
      <trkpt lat="47.32911874540150165557861328125" lon="7.39494077861309051513671875">
        <ele>744.4000244140625</ele>
        <time>2025-07-22T10:21:10.000Z</time>
        <extensions>
          <ns3:TrackPointExtension>
            <ns3:atemp>20.0</ns3:atemp>
          </ns3:TrackPointExtension>
        </extensions>
      </trkpt>
      <trkpt lat="47.32906694523990154266357421875" lon="7.39488218910992145538330078125">
        <ele>745.20001220703125</ele>
        <time>2025-07-22T10:21:12.000Z</time>
        <extensions>
          <ns3:TrackPointExtension>
            <ns3:atemp>20.0</ns3:atemp>
          </ns3:TrackPointExtension>
        </extensions>
      </trkpt>
      <trkpt lat="47.32900324277579784393310546875" lon="7.394818402826786041259765625">
        <ele>746.4000244140625</ele>
        <time>2025-07-22T10:21:14.000Z</time>
        <extensions>
          <ns3:TrackPointExtension>
            <ns3:atemp>20.0</ns3:atemp>
          </ns3:TrackPointExtension>
        </extensions>
      </trkpt>
      <trkpt lat="47.32890752144157886505126953125" lon="7.3947246931493282318115234375">
        <ele>747.4000244140625</ele>
        <time>2025-07-22T10:21:18.000Z</time>
        <extensions>
          <ns3:TrackPointExtension>
            <ns3:atemp>20.0</ns3:atemp>
          </ns3:TrackPointExtension>
        </extensions>
      </trkpt>
      <trkpt lat="47.3288775980472564697265625" lon="7.3946998827159404754638671875">
        <ele>747.4000244140625</ele>
        <time>2025-07-22T10:21:19.000Z</time>
        <extensions>
          <ns3:TrackPointExtension>
            <ns3:atemp>20.0</ns3:atemp>
          </ns3:TrackPointExtension>
        </extensions>
      </trkpt>
      <trkpt lat="47.32874323613941669464111328125" lon="7.3946106992661952972412109375">
        <ele>748.5999755859375</ele>
        <time>2025-07-22T10:21:23.000Z</time>
        <extensions>
          <ns3:TrackPointExtension>
            <ns3:atemp>20.0</ns3:atemp>
          </ns3:TrackPointExtension>
        </extensions>
      </trkpt>
      <trkpt lat="47.32871373184025287628173828125" lon="7.3945912532508373260498046875">
        <ele>748.79998779296875</ele>
        <time>2025-07-22T10:21:24.000Z</time>
        <extensions>
          <ns3:TrackPointExtension>
            <ns3:atemp>20.0</ns3:atemp>
          </ns3:TrackPointExtension>
        </extensions>
      </trkpt>
      <trkpt lat="47.3286521248519420623779296875" lon="7.39453442394733428955078125">
        <ele>749.5999755859375</ele>
        <time>2025-07-22T10:21:27.000Z</time>
        <extensions>
          <ns3:TrackPointExtension>
            <ns3:atemp>20.0</ns3:atemp>
          </ns3:TrackPointExtension>
        </extensions>
      </trkpt>
      <trkpt lat="47.32863225974142551422119140625" lon="7.394505254924297332763671875">
        <ele>749.79998779296875</ele>
        <time>2025-07-22T10:21:28.000Z</time>
        <extensions>
          <ns3:TrackPointExtension>
            <ns3:atemp>20.0</ns3:atemp>
          </ns3:TrackPointExtension>
        </extensions>
      </trkpt>
      <trkpt lat="47.32861180789768695831298828125" lon="7.39447549916803836822509765625">
        <ele>750</ele>
        <time>2025-07-22T10:21:29.000Z</time>
        <extensions>
          <ns3:TrackPointExtension>
            <ns3:atemp>20.0</ns3:atemp>
          </ns3:TrackPointExtension>
        </extensions>
      </trkpt>
      <trkpt lat="47.32856637798249721527099609375" lon="7.39443845115602016448974609375">
        <ele>750.4000244140625</ele>
        <time>2025-07-22T10:21:31.000Z</time>
        <extensions>
          <ns3:TrackPointExtension>
            <ns3:atemp>20.0</ns3:atemp>
          </ns3:TrackPointExtension>
        </extensions>
      </trkpt>
      <trkpt lat="47.32850007712841033935546875" lon="7.39440022967755794525146484375">
        <ele>751.20001220703125</ele>
        <time>2025-07-22T10:21:34.000Z</time>
        <extensions>
          <ns3:TrackPointExtension>
            <ns3:atemp>20.0</ns3:atemp>
          </ns3:TrackPointExtension>
        </extensions>
      </trkpt>
      <trkpt lat="47.32840351760387420654296875" lon="7.39434130489826202392578125">
        <ele>752.20001220703125</ele>
        <time>2025-07-22T10:21:38.000Z</time>
        <extensions>
          <ns3:TrackPointExtension>
            <ns3:atemp>20.0</ns3:atemp>
          </ns3:TrackPointExtension>
        </extensions>
      </trkpt>
      <trkpt lat="47.32834693975746631622314453125" lon="7.394287995994091033935546875">
        <ele>753.20001220703125</ele>
        <time>2025-07-22T10:21:41.000Z</time>
        <extensions>
          <ns3:TrackPointExtension>
            <ns3:atemp>20.0</ns3:atemp>
          </ns3:TrackPointExtension>
        </extensions>
      </trkpt>
      <trkpt lat="47.32830972410738468170166015625" lon="7.39424734376370906829833984375">
        <ele>753.79998779296875</ele>
        <time>2025-07-22T10:21:44.000Z</time>
        <extensions>
          <ns3:TrackPointExtension>
            <ns3:atemp>20.0</ns3:atemp>
          </ns3:TrackPointExtension>
        </extensions>
      </trkpt>
      <trkpt lat="47.32827686704695224761962890625" lon="7.39421163685619831085205078125">
        <ele>754.20001220703125</ele>
        <time>2025-07-22T10:21:46.000Z</time>
        <extensions>
          <ns3:TrackPointExtension>
            <ns3:atemp>20.0</ns3:atemp>
          </ns3:TrackPointExtension>
        </extensions>
      </trkpt>
      <trkpt lat="47.3282461054623126983642578125" lon="7.394173331558704376220703125">
        <ele>755.20001220703125</ele>
        <time>2025-07-22T10:21:48.000Z</time>
        <extensions>
          <ns3:TrackPointExtension>
            <ns3:atemp>20.0</ns3:atemp>
          </ns3:TrackPointExtension>
        </extensions>
      </trkpt>
      <trkpt lat="47.32822942547500133514404296875" lon="7.3941540531814098358154296875">
        <ele>755.4000244140625</ele>
        <time>2025-07-22T10:21:49.000Z</time>
        <extensions>
          <ns3:TrackPointExtension>
            <ns3:atemp>20.0</ns3:atemp>
          </ns3:TrackPointExtension>
        </extensions>
      </trkpt>
      <trkpt lat="47.3281864263117313385009765625" lon="7.39409127272665500640869140625">
        <ele>756.4000244140625</ele>
        <time>2025-07-22T10:21:52.000Z</time>
        <extensions>
          <ns3:TrackPointExtension>
            <ns3:atemp>20.0</ns3:atemp>
          </ns3:TrackPointExtension>
        </extensions>
      </trkpt>
      <trkpt lat="47.32812431640923023223876953125" lon="7.3940135724842548370361328125">
        <ele>757.20001220703125</ele>
        <time>2025-07-22T10:21:55.000Z</time>
        <extensions>
          <ns3:TrackPointExtension>
            <ns3:atemp>20.0</ns3:atemp>
          </ns3:TrackPointExtension>
        </extensions>
      </trkpt>
      <trkpt lat="47.32808659784495830535888671875" lon="7.39392380230128765106201171875">
        <ele>757.5999755859375</ele>
        <time>2025-07-22T10:21:58.000Z</time>
        <extensions>
          <ns3:TrackPointExtension>
            <ns3:atemp>20.0</ns3:atemp>
          </ns3:TrackPointExtension>
        </extensions>
      </trkpt>
      <trkpt lat="47.32803680934011936187744140625" lon="7.39383973181247711181640625">
        <ele>758.5999755859375</ele>
        <time>2025-07-22T10:22:01.000Z</time>
        <extensions>
          <ns3:TrackPointExtension>
            <ns3:atemp>20.0</ns3:atemp>
          </ns3:TrackPointExtension>
        </extensions>
      </trkpt>
      <trkpt lat="47.32801602222025394439697265625" lon="7.39380754530429840087890625">
        <ele>758.5999755859375</ele>
        <time>2025-07-22T10:22:02.000Z</time>
        <extensions>
          <ns3:TrackPointExtension>
            <ns3:atemp>20.0</ns3:atemp>
          </ns3:TrackPointExtension>
        </extensions>
      </trkpt>
      <trkpt lat="47.32797260396182537078857421875" lon="7.3936709202826023101806640625">
        <ele>759.79998779296875</ele>
        <time>2025-07-22T10:22:07.000Z</time>
        <extensions>
          <ns3:TrackPointExtension>
            <ns3:atemp>20.0</ns3:atemp>
          </ns3:TrackPointExtension>
        </extensions>
      </trkpt>
      <trkpt lat="47.32792516238987445831298828125" lon="7.39357880316674709320068359375">
        <ele>760.5999755859375</ele>
        <time>2025-07-22T10:22:10.000Z</time>
        <extensions>
          <ns3:TrackPointExtension>
            <ns3:atemp>20.0</ns3:atemp>
          </ns3:TrackPointExtension>
        </extensions>
      </trkpt>
      <trkpt lat="47.32793019153177738189697265625" lon="7.3935119993984699249267578125">
        <ele>761.4000244140625</ele>
        <time>2025-07-22T10:22:12.000Z</time>
        <extensions>
          <ns3:TrackPointExtension>
            <ns3:atemp>19.0</ns3:atemp>
          </ns3:TrackPointExtension>
        </extensions>
      </trkpt>
      <trkpt lat="47.32792901806533336639404296875" lon="7.3934717662632465362548828125">
        <ele>761.79998779296875</ele>
        <time>2025-07-22T10:22:13.000Z</time>
        <extensions>
          <ns3:TrackPointExtension>
            <ns3:atemp>20.0</ns3:atemp>
          </ns3:TrackPointExtension>
        </extensions>
      </trkpt>
      <trkpt lat="47.32793857343494892120361328125" lon="7.3934085667133331298828125">
        <ele>762.5999755859375</ele>
        <time>2025-07-22T10:22:15.000Z</time>
        <extensions>
          <ns3:TrackPointExtension>
            <ns3:atemp>19.0</ns3:atemp>
          </ns3:TrackPointExtension>
        </extensions>
      </trkpt>
      <trkpt lat="47.32794779352843761444091796875" lon="7.39336003549396991729736328125">
        <ele>763.4000244140625</ele>
        <time>2025-07-22T10:22:17.000Z</time>
        <extensions>
          <ns3:TrackPointExtension>
            <ns3:atemp>19.0</ns3:atemp>
          </ns3:TrackPointExtension>
        </extensions>
      </trkpt>
      <trkpt lat="47.32794544659554958343505859375" lon="7.3932746239006519317626953125">
        <ele>763.79998779296875</ele>
        <time>2025-07-22T10:22:19.000Z</time>
        <extensions>
          <ns3:TrackPointExtension>
            <ns3:atemp>19.0</ns3:atemp>
          </ns3:TrackPointExtension>
        </extensions>
      </trkpt>
      <trkpt lat="47.327929772436618804931640625" lon="7.39319658838212490081787109375">
        <ele>764</ele>
        <time>2025-07-22T10:22:21.000Z</time>
        <extensions>
          <ns3:TrackPointExtension>
            <ns3:atemp>19.0</ns3:atemp>
          </ns3:TrackPointExtension>
        </extensions>
      </trkpt>
      <trkpt lat="47.327937819063663482666015625" lon="7.3931656591594219207763671875">
        <ele>764</ele>
        <time>2025-07-22T10:22:22.000Z</time>
        <extensions>
          <ns3:TrackPointExtension>
            <ns3:atemp>19.0</ns3:atemp>
          </ns3:TrackPointExtension>
        </extensions>
      </trkpt>
      <trkpt lat="47.327943854033946990966796875" lon="7.393097095191478729248046875">
        <ele>764.4000244140625</ele>
        <time>2025-07-22T10:22:24.000Z</time>
        <extensions>
          <ns3:TrackPointExtension>
            <ns3:atemp>19.0</ns3:atemp>
          </ns3:TrackPointExtension>
        </extensions>
      </trkpt>
      <trkpt lat="47.32789649628102779388427734375" lon="7.39299709908664226531982421875">
        <ele>765</ele>
        <time>2025-07-22T10:22:26.000Z</time>
        <extensions>
          <ns3:TrackPointExtension>
            <ns3:atemp>19.0</ns3:atemp>
          </ns3:TrackPointExtension>
        </extensions>
      </trkpt>
      <trkpt lat="47.327870093286037445068359375" lon="7.39294010214507579803466796875">
        <ele>765.20001220703125</ele>
        <time>2025-07-22T10:22:27.000Z</time>
        <extensions>
          <ns3:TrackPointExtension>
            <ns3:atemp>19.0</ns3:atemp>
          </ns3:TrackPointExtension>
        </extensions>
      </trkpt>
      <trkpt lat="47.32786296866834163665771484375" lon="7.3928401060402393341064453125">
        <ele>766.20001220703125</ele>
        <time>2025-07-22T10:22:30.000Z</time>
        <extensions>
          <ns3:TrackPointExtension>
            <ns3:atemp>19.0</ns3:atemp>
          </ns3:TrackPointExtension>
        </extensions>
      </trkpt>
      <trkpt lat="47.32785693369805812835693359375" lon="7.3927787505090236663818359375">
        <ele>766.4000244140625</ele>
        <time>2025-07-22T10:22:32.000Z</time>
        <extensions>
          <ns3:TrackPointExtension>
            <ns3:atemp>19.0</ns3:atemp>
          </ns3:TrackPointExtension>
        </extensions>
      </trkpt>
      <trkpt lat="47.3278444446623325347900390625" lon="7.39275637082755565643310546875">
        <ele>767</ele>
        <time>2025-07-22T10:22:34.000Z</time>
        <extensions>
          <ns3:TrackPointExtension>
            <ns3:atemp>19.0</ns3:atemp>
          </ns3:TrackPointExtension>
        </extensions>
      </trkpt>
      <trkpt lat="47.3278420977294445037841796875" lon="7.39273357205092906951904296875">
        <ele>767.4000244140625</ele>
        <time>2025-07-22T10:22:35.000Z</time>
        <extensions>
          <ns3:TrackPointExtension>
            <ns3:atemp>19.0</ns3:atemp>
          </ns3:TrackPointExtension>
        </extensions>
      </trkpt>
      <trkpt lat="47.3278414271771907806396484375" lon="7.39271479658782482147216796875">
        <ele>767.5999755859375</ele>
        <time>2025-07-22T10:22:36.000Z</time>
        <extensions>
          <ns3:TrackPointExtension>
            <ns3:atemp>19.0</ns3:atemp>
          </ns3:TrackPointExtension>
        </extensions>
      </trkpt>
      <trkpt lat="47.3278261721134185791015625" lon="7.39263734780251979827880859375">
        <ele>768.5999755859375</ele>
        <time>2025-07-22T10:22:39.000Z</time>
        <extensions>
          <ns3:TrackPointExtension>
            <ns3:atemp>19.0</ns3:atemp>
          </ns3:TrackPointExtension>
        </extensions>
      </trkpt>
      <trkpt lat="47.3278276808559894561767578125" lon="7.39255788736045360565185546875">
        <ele>769.20001220703125</ele>
        <time>2025-07-22T10:22:42.000Z</time>
        <extensions>
          <ns3:TrackPointExtension>
            <ns3:atemp>19.0</ns3:atemp>
          </ns3:TrackPointExtension>
        </extensions>
      </trkpt>
      <trkpt lat="47.32783396728336811065673828125" lon="7.39253659732639789581298828125">
        <ele>769.4000244140625</ele>
        <time>2025-07-22T10:22:43.000Z</time>
        <extensions>
          <ns3:TrackPointExtension>
            <ns3:atemp>19.0</ns3:atemp>
          </ns3:TrackPointExtension>
        </extensions>
      </trkpt>
      <trkpt lat="47.3278327099978923797607421875" lon="7.39250407554209232330322265625">
        <ele>769.79998779296875</ele>
        <time>2025-07-22T10:22:44.000Z</time>
        <extensions>
          <ns3:TrackPointExtension>
            <ns3:atemp>19.0</ns3:atemp>
          </ns3:TrackPointExtension>
        </extensions>
      </trkpt>
      <trkpt lat="47.327822484076023101806640625" lon="7.3924672789871692657470703125">
        <ele>770</ele>
        <time>2025-07-22T10:22:45.000Z</time>
        <extensions>
          <ns3:TrackPointExtension>
            <ns3:atemp>19.0</ns3:atemp>
          </ns3:TrackPointExtension>
        </extensions>
      </trkpt>
      <trkpt lat="47.32780479826033115386962890625" lon="7.39242679439485073089599609375">
        <ele>770.4000244140625</ele>
        <time>2025-07-22T10:22:46.000Z</time>
        <extensions>
          <ns3:TrackPointExtension>
            <ns3:atemp>19.0</ns3:atemp>
          </ns3:TrackPointExtension>
        </extensions>
      </trkpt>
      <trkpt lat="47.32778468169271945953369140625" lon="7.3923298157751560211181640625">
        <ele>771</ele>
        <time>2025-07-22T10:22:48.000Z</time>
        <extensions>
          <ns3:TrackPointExtension>
            <ns3:atemp>19.0</ns3:atemp>
          </ns3:TrackPointExtension>
        </extensions>
      </trkpt>
      <trkpt lat="47.32777412049472332000732421875" lon="7.39225295372307300567626953125">
        <ele>771.4000244140625</ele>
        <time>2025-07-22T10:22:50.000Z</time>
        <extensions>
          <ns3:TrackPointExtension>
            <ns3:atemp>19.0</ns3:atemp>
          </ns3:TrackPointExtension>
        </extensions>
      </trkpt>
      <trkpt lat="47.3277725279331207275390625" lon="7.392226047813892364501953125">
        <ele>771.5999755859375</ele>
        <time>2025-07-22T10:22:51.000Z</time>
        <extensions>
          <ns3:TrackPointExtension>
            <ns3:atemp>19.0</ns3:atemp>
          </ns3:TrackPointExtension>
        </extensions>
      </trkpt>
      <trkpt lat="47.32775718905031681060791015625" lon="7.39212169311940670013427734375">
        <ele>772.4000244140625</ele>
        <time>2025-07-22T10:22:54.000Z</time>
        <extensions>
          <ns3:TrackPointExtension>
            <ns3:atemp>19.0</ns3:atemp>
          </ns3:TrackPointExtension>
        </extensions>
      </trkpt>
      <trkpt lat="47.32772148214280605316162109375" lon="7.39201356656849384307861328125">
        <ele>773.4000244140625</ele>
        <time>2025-07-22T10:22:57.000Z</time>
        <extensions>
          <ns3:TrackPointExtension>
            <ns3:atemp>19.0</ns3:atemp>
          </ns3:TrackPointExtension>
        </extensions>
      </trkpt>
      <trkpt lat="47.32770924456417560577392578125" lon="7.39198590628802776336669921875">
        <ele>773.5999755859375</ele>
        <time>2025-07-22T10:22:58.000Z</time>
        <extensions>
          <ns3:TrackPointExtension>
            <ns3:atemp>19.0</ns3:atemp>
          </ns3:TrackPointExtension>
        </extensions>
      </trkpt>
      <trkpt lat="47.32769046910107135772705078125" lon="7.3919120617210865020751953125">
        <ele>773.79998779296875</ele>
        <time>2025-07-22T10:23:00.000Z</time>
        <extensions>
          <ns3:TrackPointExtension>
            <ns3:atemp>19.0</ns3:atemp>
          </ns3:TrackPointExtension>
        </extensions>
      </trkpt>
      <trkpt lat="47.3276758007705211639404296875" lon="7.39182413555681705474853515625">
        <ele>774.5999755859375</ele>
        <time>2025-07-22T10:23:02.000Z</time>
        <extensions>
          <ns3:TrackPointExtension>
            <ns3:atemp>19.0</ns3:atemp>
          </ns3:TrackPointExtension>
        </extensions>
      </trkpt>
      <trkpt lat="47.32766934670507907867431640625" lon="7.3917590081691741943359375">
        <ele>775</ele>
        <time>2025-07-22T10:23:03.000Z</time>
        <extensions>
          <ns3:TrackPointExtension>
            <ns3:atemp>19.0</ns3:atemp>
          </ns3:TrackPointExtension>
        </extensions>
      </trkpt>
      <trkpt lat="47.327664233744144439697265625" lon="7.39169589243829250335693359375">
        <ele>775.79998779296875</ele>
        <time>2025-07-22T10:23:05.000Z</time>
        <extensions>
          <ns3:TrackPointExtension>
            <ns3:atemp>19.0</ns3:atemp>
          </ns3:TrackPointExtension>
        </extensions>
      </trkpt>
      <trkpt lat="47.32765786349773406982421875" lon="7.39166856743395328521728515625">
        <ele>775.79998779296875</ele>
        <time>2025-07-22T10:23:06.000Z</time>
        <extensions>
          <ns3:TrackPointExtension>
            <ns3:atemp>19.0</ns3:atemp>
          </ns3:TrackPointExtension>
        </extensions>
      </trkpt>
      <trkpt lat="47.327666580677032470703125" lon="7.3916344530880451202392578125">
        <ele>776.4000244140625</ele>
        <time>2025-07-22T10:23:08.000Z</time>
        <extensions>
          <ns3:TrackPointExtension>
            <ns3:atemp>19.0</ns3:atemp>
          </ns3:TrackPointExtension>
        </extensions>
      </trkpt>
      <trkpt lat="47.32766767032444477081298828125" lon="7.3916039429605007171630859375">
        <ele>777</ele>
        <time>2025-07-22T10:23:09.000Z</time>
        <extensions>
          <ns3:TrackPointExtension>
            <ns3:atemp>19.0</ns3:atemp>
          </ns3:TrackPointExtension>
        </extensions>
      </trkpt>
      <trkpt lat="47.32765845023095607757568359375" lon="7.39157116971909999847412109375">
        <ele>777.20001220703125</ele>
        <time>2025-07-22T10:23:10.000Z</time>
        <extensions>
          <ns3:TrackPointExtension>
            <ns3:atemp>19.0</ns3:atemp>
          </ns3:TrackPointExtension>
        </extensions>
      </trkpt>
      <trkpt lat="47.32763447798788547515869140625" lon="7.391527332365512847900390625">
        <ele>777.5999755859375</ele>
        <time>2025-07-22T10:23:11.000Z</time>
        <extensions>
          <ns3:TrackPointExtension>
            <ns3:atemp>19.0</ns3:atemp>
          </ns3:TrackPointExtension>
        </extensions>
      </trkpt>
      <trkpt lat="47.32761000283062458038330078125" lon="7.39145457744598388671875">
        <ele>778</ele>
        <time>2025-07-22T10:23:13.000Z</time>
        <extensions>
          <ns3:TrackPointExtension>
            <ns3:atemp>19.0</ns3:atemp>
          </ns3:TrackPointExtension>
        </extensions>
      </trkpt>
      <trkpt lat="47.32760648243129253387451171875" lon="7.3914322815835475921630859375">
        <ele>778.4000244140625</ele>
        <time>2025-07-22T10:23:14.000Z</time>
        <extensions>
          <ns3:TrackPointExtension>
            <ns3:atemp>19.0</ns3:atemp>
          </ns3:TrackPointExtension>
        </extensions>
      </trkpt>
      <trkpt lat="47.32761184684932231903076171875" lon="7.39131837151944637298583984375">
        <ele>779.4000244140625</ele>
        <time>2025-07-22T10:23:19.000Z</time>
        <extensions>
          <ns3:TrackPointExtension>
            <ns3:atemp>19.0</ns3:atemp>
          </ns3:TrackPointExtension>
        </extensions>
      </trkpt>
      <trkpt lat="47.327613942325115203857421875" lon="7.39129557274281978607177734375">
        <ele>779.79998779296875</ele>
        <time>2025-07-22T10:23:20.000Z</time>
        <extensions>
          <ns3:TrackPointExtension>
            <ns3:atemp>19.0</ns3:atemp>
          </ns3:TrackPointExtension>
        </extensions>
      </trkpt>
      <trkpt lat="47.32759592123329639434814453125" lon="7.39123664796352386474609375">
        <ele>780.5999755859375</ele>
        <time>2025-07-22T10:23:22.000Z</time>
        <extensions>
          <ns3:TrackPointExtension>
            <ns3:atemp>19.0</ns3:atemp>
          </ns3:TrackPointExtension>
        </extensions>
      </trkpt>
      <trkpt lat="47.32752685435116291046142578125" lon="7.39110790193080902099609375">
        <ele>781.4000244140625</ele>
        <time>2025-07-22T10:23:25.000Z</time>
        <extensions>
          <ns3:TrackPointExtension>
            <ns3:atemp>19.0</ns3:atemp>
          </ns3:TrackPointExtension>
        </extensions>
      </trkpt>
      <trkpt lat="47.32752643525600433349609375" lon="7.39105618558824062347412109375">
        <ele>781.4000244140625</ele>
        <time>2025-07-22T10:23:27.000Z</time>
        <extensions>
          <ns3:TrackPointExtension>
            <ns3:atemp>19.0</ns3:atemp>
          </ns3:TrackPointExtension>
        </extensions>
      </trkpt>
      <trkpt lat="47.32754613272845745086669921875" lon="7.3910299502313137054443359375">
        <ele>781.79998779296875</ele>
        <time>2025-07-22T10:23:28.000Z</time>
        <extensions>
          <ns3:TrackPointExtension>
            <ns3:atemp>19.0</ns3:atemp>
          </ns3:TrackPointExtension>
        </extensions>
      </trkpt>
      <trkpt lat="47.32755200006067752838134765625" lon="7.39099633879959583282470703125">
        <ele>782</ele>
        <time>2025-07-22T10:23:30.000Z</time>
        <extensions>
          <ns3:TrackPointExtension>
            <ns3:atemp>19.0</ns3:atemp>
          </ns3:TrackPointExtension>
        </extensions>
      </trkpt>
      <trkpt lat="47.327545545995235443115234375" lon="7.39096440374851226806640625">
        <ele>782.20001220703125</ele>
        <time>2025-07-22T10:23:31.000Z</time>
        <extensions>
          <ns3:TrackPointExtension>
            <ns3:atemp>19.0</ns3:atemp>
          </ns3:TrackPointExtension>
        </extensions>
      </trkpt>
      <trkpt lat="47.32754948548972606658935546875" lon="7.3909411020576953887939453125">
        <ele>782.4000244140625</ele>
        <time>2025-07-22T10:23:32.000Z</time>
        <extensions>
          <ns3:TrackPointExtension>
            <ns3:atemp>19.0</ns3:atemp>
          </ns3:TrackPointExtension>
        </extensions>
      </trkpt>
      <trkpt lat="47.32754847966134548187255859375" lon="7.39090598188340663909912109375">
        <ele>782.79998779296875</ele>
        <time>2025-07-22T10:23:33.000Z</time>
        <extensions>
          <ns3:TrackPointExtension>
            <ns3:atemp>19.0</ns3:atemp>
          </ns3:TrackPointExtension>
        </extensions>
      </trkpt>
      <trkpt lat="47.32754998840391635894775390625" lon="7.39090028218924999237060546875">
        <ele>783.20001220703125</ele>
        <time>2025-07-22T10:23:34.000Z</time>
        <extensions>
          <ns3:TrackPointExtension>
            <ns3:atemp>19.0</ns3:atemp>
          </ns3:TrackPointExtension>
        </extensions>
      </trkpt>
      <trkpt lat="47.32754412107169628143310546875" lon="7.3908740468323230743408203125">
        <ele>783.5999755859375</ele>
        <time>2025-07-22T10:23:36.000Z</time>
        <extensions>
          <ns3:TrackPointExtension>
            <ns3:atemp>19.0</ns3:atemp>
          </ns3:TrackPointExtension>
        </extensions>
      </trkpt>
      <trkpt lat="47.327522747218608856201171875" lon="7.390768937766551971435546875">
        <ele>784.79998779296875</ele>
        <time>2025-07-22T10:23:40.000Z</time>
        <extensions>
          <ns3:TrackPointExtension>
            <ns3:atemp>19.0</ns3:atemp>
          </ns3:TrackPointExtension>
        </extensions>
      </trkpt>
      <trkpt lat="47.3274605534970760345458984375" lon="7.39066408015787601470947265625">
        <ele>785.5999755859375</ele>
        <time>2025-07-22T10:23:43.000Z</time>
        <extensions>
          <ns3:TrackPointExtension>
            <ns3:atemp>19.0</ns3:atemp>
          </ns3:TrackPointExtension>
        </extensions>
      </trkpt>
      <trkpt lat="47.327420152723789215087890625" lon="7.3906031437218189239501953125">
        <ele>785.79998779296875</ele>
        <time>2025-07-22T10:23:45.000Z</time>
        <extensions>
          <ns3:TrackPointExtension>
            <ns3:atemp>19.0</ns3:atemp>
          </ns3:TrackPointExtension>
        </extensions>
      </trkpt>
      <trkpt lat="47.32736726291477680206298828125" lon="7.3905548639595508575439453125">
        <ele>786</ele>
        <time>2025-07-22T10:23:46.000Z</time>
        <extensions>
          <ns3:TrackPointExtension>
            <ns3:atemp>19.0</ns3:atemp>
          </ns3:TrackPointExtension>
        </extensions>
      </trkpt>
      <trkpt lat="47.3272763192653656005859375" lon="7.3903848789632320404052734375">
        <ele>786.79998779296875</ele>
        <time>2025-07-22T10:23:51.000Z</time>
        <extensions>
          <ns3:TrackPointExtension>
            <ns3:atemp>19.0</ns3:atemp>
          </ns3:TrackPointExtension>
        </extensions>
      </trkpt>
      <trkpt lat="47.32727740891277790069580078125" lon="7.390357889235019683837890625">
        <ele>787</ele>
        <time>2025-07-22T10:23:52.000Z</time>
        <extensions>
          <ns3:TrackPointExtension>
            <ns3:atemp>19.0</ns3:atemp>
          </ns3:TrackPointExtension>
        </extensions>
      </trkpt>
      <trkpt lat="47.32727439142763614654541015625" lon="7.3902641795575618743896484375">
        <ele>787.79998779296875</ele>
        <time>2025-07-22T10:23:55.000Z</time>
        <extensions>
          <ns3:TrackPointExtension>
            <ns3:atemp>19.0</ns3:atemp>
          </ns3:TrackPointExtension>
        </extensions>
      </trkpt>
      <trkpt lat="47.327249161899089813232421875" lon="7.39011657424271106719970703125">
        <ele>788.79998779296875</ele>
        <time>2025-07-22T10:23:58.000Z</time>
        <extensions>
          <ns3:TrackPointExtension>
            <ns3:atemp>19.0</ns3:atemp>
          </ns3:TrackPointExtension>
        </extensions>
      </trkpt>
      <trkpt lat="47.3272494971752166748046875" lon="7.39007147960364818572998046875">
        <ele>789.4000244140625</ele>
        <time>2025-07-22T10:23:59.000Z</time>
        <extensions>
          <ns3:TrackPointExtension>
            <ns3:atemp>19.0</ns3:atemp>
          </ns3:TrackPointExtension>
        </extensions>
      </trkpt>
      <trkpt lat="47.3271762393414974212646484375" lon="7.3898615129292011260986328125">
        <ele>790.4000244140625</ele>
        <time>2025-07-22T10:24:03.000Z</time>
        <extensions>
          <ns3:TrackPointExtension>
            <ns3:atemp>19.0</ns3:atemp>
          </ns3:TrackPointExtension>
        </extensions>
      </trkpt>
      <trkpt lat="47.327168695628643035888671875" lon="7.38981851376593112945556640625">
        <ele>790.5999755859375</ele>
        <time>2025-07-22T10:24:04.000Z</time>
        <extensions>
          <ns3:TrackPointExtension>
            <ns3:atemp>19.0</ns3:atemp>
          </ns3:TrackPointExtension>
        </extensions>
      </trkpt>
      <trkpt lat="47.32713223434984683990478515625" lon="7.38967962563037872314453125">
        <ele>791.4000244140625</ele>
        <time>2025-07-22T10:24:08.000Z</time>
        <extensions>
          <ns3:TrackPointExtension>
            <ns3:atemp>19.0</ns3:atemp>
          </ns3:TrackPointExtension>
        </extensions>
      </trkpt>
      <trkpt lat="47.32714480720460414886474609375" lon="7.3896335251629352569580078125">
        <ele>791.5999755859375</ele>
        <time>2025-07-22T10:24:09.000Z</time>
        <extensions>
          <ns3:TrackPointExtension>
            <ns3:atemp>19.0</ns3:atemp>
          </ns3:TrackPointExtension>
        </extensions>
      </trkpt>
      <trkpt lat="47.32714212499558925628662109375" lon="7.389562614262104034423828125">
        <ele>792.20001220703125</ele>
        <time>2025-07-22T10:24:11.000Z</time>
        <extensions>
          <ns3:TrackPointExtension>
            <ns3:atemp>19.0</ns3:atemp>
          </ns3:TrackPointExtension>
        </extensions>
      </trkpt>
      <trkpt lat="47.327143214643001556396484375" lon="7.38954283297061920166015625">
        <ele>792.4000244140625</ele>
        <time>2025-07-22T10:24:12.000Z</time>
        <extensions>
          <ns3:TrackPointExtension>
            <ns3:atemp>19.0</ns3:atemp>
          </ns3:TrackPointExtension>
        </extensions>
      </trkpt>
      <trkpt lat="47.32712452299892902374267578125" lon="7.38949681632220745086669921875">
        <ele>792.5999755859375</ele>
        <time>2025-07-22T10:24:13.000Z</time>
        <extensions>
          <ns3:TrackPointExtension>
            <ns3:atemp>19.0</ns3:atemp>
          </ns3:TrackPointExtension>
        </extensions>
      </trkpt>
      <trkpt lat="47.32710993848741054534912109375" lon="7.38945901393890380859375">
        <ele>793</ele>
        <time>2025-07-22T10:24:14.000Z</time>
        <extensions>
          <ns3:TrackPointExtension>
            <ns3:atemp>19.0</ns3:atemp>
          </ns3:TrackPointExtension>
        </extensions>
      </trkpt>
      <trkpt lat="47.3271323181688785552978515625" lon="7.38940210081636905670166015625">
        <ele>793.5999755859375</ele>
        <time>2025-07-22T10:24:16.000Z</time>
        <extensions>
          <ns3:TrackPointExtension>
            <ns3:atemp>19.0</ns3:atemp>
          </ns3:TrackPointExtension>
        </extensions>
      </trkpt>
      <trkpt lat="47.3271287977695465087890625" lon="7.3893254064023494720458984375">
        <ele>794.4000244140625</ele>
        <time>2025-07-22T10:24:19.000Z</time>
        <extensions>
          <ns3:TrackPointExtension>
            <ns3:atemp>19.0</ns3:atemp>
          </ns3:TrackPointExtension>
        </extensions>
      </trkpt>
      <trkpt lat="47.32711547054350376129150390625" lon="7.38925172947347164154052734375">
        <ele>794.79998779296875</ele>
        <time>2025-07-22T10:24:21.000Z</time>
        <extensions>
          <ns3:TrackPointExtension>
            <ns3:atemp>19.0</ns3:atemp>
          </ns3:TrackPointExtension>
        </extensions>
      </trkpt>
      <trkpt lat="47.32707456685602664947509765625" lon="7.389150224626064300537109375">
        <ele>795.5999755859375</ele>
        <time>2025-07-22T10:24:24.000Z</time>
        <extensions>
          <ns3:TrackPointExtension>
            <ns3:atemp>19.0</ns3:atemp>
          </ns3:TrackPointExtension>
        </extensions>
      </trkpt>
      <trkpt lat="47.3270696215331554412841796875" lon="7.38912172615528106689453125">
        <ele>795.79998779296875</ele>
        <time>2025-07-22T10:24:25.000Z</time>
        <extensions>
          <ns3:TrackPointExtension>
            <ns3:atemp>19.0</ns3:atemp>
          </ns3:TrackPointExtension>
        </extensions>
      </trkpt>
      <trkpt lat="47.3270706273615360260009765625" lon="7.3890964128077030181884765625">
        <ele>796</ele>
        <time>2025-07-22T10:24:26.000Z</time>
        <extensions>
          <ns3:TrackPointExtension>
            <ns3:atemp>19.0</ns3:atemp>
          </ns3:TrackPointExtension>
        </extensions>
      </trkpt>
      <trkpt lat="47.327055372297763824462890625" lon="7.38902759738266468048095703125">
        <ele>796.4000244140625</ele>
        <time>2025-07-22T10:24:28.000Z</time>
        <extensions>
          <ns3:TrackPointExtension>
            <ns3:atemp>19.0</ns3:atemp>
          </ns3:TrackPointExtension>
        </extensions>
      </trkpt>
      <trkpt lat="47.3270562104880809783935546875" lon="7.38900060765445232391357421875">
        <ele>796.5999755859375</ele>
        <time>2025-07-22T10:24:29.000Z</time>
        <extensions>
          <ns3:TrackPointExtension>
            <ns3:atemp>19.0</ns3:atemp>
          </ns3:TrackPointExtension>
        </extensions>
      </trkpt>
      <trkpt lat="47.327050007879734039306640625" lon="7.38892458379268646240234375">
        <ele>797</ele>
        <time>2025-07-22T10:24:31.000Z</time>
        <extensions>
          <ns3:TrackPointExtension>
            <ns3:atemp>19.0</ns3:atemp>
          </ns3:TrackPointExtension>
        </extensions>
      </trkpt>
      <trkpt lat="47.32702997513115406036376953125" lon="7.3888513259589672088623046875">
        <ele>797.5999755859375</ele>
        <time>2025-07-22T10:24:33.000Z</time>
        <extensions>
          <ns3:TrackPointExtension>
            <ns3:atemp>19.0</ns3:atemp>
          </ns3:TrackPointExtension>
        </extensions>
      </trkpt>
      <trkpt lat="47.327010445296764373779296875" lon="7.3887705244123935699462890625">
        <ele>798</ele>
        <time>2025-07-22T10:24:35.000Z</time>
        <extensions>
          <ns3:TrackPointExtension>
            <ns3:atemp>19.0</ns3:atemp>
          </ns3:TrackPointExtension>
        </extensions>
      </trkpt>
      <trkpt lat="47.32694548554718494415283203125" lon="7.38860213197767734527587890625">
        <ele>798.4000244140625</ele>
        <time>2025-07-22T10:24:39.000Z</time>
        <extensions>
          <ns3:TrackPointExtension>
            <ns3:atemp>19.0</ns3:atemp>
          </ns3:TrackPointExtension>
        </extensions>
      </trkpt>
      <trkpt lat="47.32685445807874202728271484375" lon="7.38852786831557750701904296875">
        <ele>799</ele>
        <time>2025-07-22T10:24:42.000Z</time>
        <extensions>
          <ns3:TrackPointExtension>
            <ns3:atemp>19.0</ns3:atemp>
          </ns3:TrackPointExtension>
        </extensions>
      </trkpt>
      <trkpt lat="47.32681103982031345367431640625" lon="7.3885247670114040374755859375">
        <ele>799.4000244140625</ele>
        <time>2025-07-22T10:24:44.000Z</time>
        <extensions>
          <ns3:TrackPointExtension>
            <ns3:atemp>19.0</ns3:atemp>
          </ns3:TrackPointExtension>
        </extensions>
      </trkpt>
      <trkpt lat="47.3267474211752414703369140625" lon="7.3885371722280979156494140625">
        <ele>800.20001220703125</ele>
        <time>2025-07-22T10:24:47.000Z</time>
        <extensions>
          <ns3:TrackPointExtension>
            <ns3:atemp>19.0</ns3:atemp>
          </ns3:TrackPointExtension>
        </extensions>
      </trkpt>
      <trkpt lat="47.32670542784035205841064453125" lon="7.38857866264879703521728515625">
        <ele>801</ele>
        <time>2025-07-22T10:24:50.000Z</time>
        <extensions>
          <ns3:TrackPointExtension>
            <ns3:atemp>19.0</ns3:atemp>
          </ns3:TrackPointExtension>
        </extensions>
      </trkpt>
      <trkpt lat="47.32670023106038570404052734375" lon="7.38858905620872974395751953125">
        <ele>801.4000244140625</ele>
        <time>2025-07-22T10:24:51.000Z</time>
        <extensions>
          <ns3:TrackPointExtension>
            <ns3:atemp>19.0</ns3:atemp>
          </ns3:TrackPointExtension>
        </extensions>
      </trkpt>
      <trkpt lat="47.32670777477324008941650390625" lon="7.388520576059818267822265625">
        <ele>803.20001220703125</ele>
        <time>2025-07-22T10:25:32.000Z</time>
        <extensions>
          <ns3:TrackPointExtension>
            <ns3:atemp>19.0</ns3:atemp>
          </ns3:TrackPointExtension>
        </extensions>
      </trkpt>
      <trkpt lat="47.32670777477324008941650390625" lon="7.388520576059818267822265625">
        <ele>803.20001220703125</ele>
        <time>2025-07-22T10:25:33.000Z</time>
        <extensions>
          <ns3:TrackPointExtension>
            <ns3:atemp>19.0</ns3:atemp>
          </ns3:TrackPointExtension>
        </extensions>
      </trkpt>
      <trkpt lat="47.32670777477324008941650390625" lon="7.388520576059818267822265625">
        <ele>803.5999755859375</ele>
        <time>2025-07-22T10:25:34.000Z</time>
        <extensions>
          <ns3:TrackPointExtension>
            <ns3:atemp>19.0</ns3:atemp>
          </ns3:TrackPointExtension>
        </extensions>
      </trkpt>
      <trkpt lat="47.3266625963151454925537109375" lon="7.388560138642787933349609375">
        <ele>805.4000244140625</ele>
        <time>2025-07-22T10:25:46.000Z</time>
        <extensions>
          <ns3:TrackPointExtension>
            <ns3:atemp>19.0</ns3:atemp>
          </ns3:TrackPointExtension>
        </extensions>
      </trkpt>
      <trkpt lat="47.32666117139160633087158203125" lon="7.388564161956310272216796875">
        <ele>805.79998779296875</ele>
        <time>2025-07-22T10:25:49.000Z</time>
        <extensions>
          <ns3:TrackPointExtension>
            <ns3:atemp>19.0</ns3:atemp>
          </ns3:TrackPointExtension>
        </extensions>
      </trkpt>
      <trkpt lat="47.32665295712649822235107421875" lon="7.38856625743210315704345703125">
        <ele>806.4000244140625</ele>
        <time>2025-07-22T10:25:51.000Z</time>
        <extensions>
          <ns3:TrackPointExtension>
            <ns3:atemp>19.0</ns3:atemp>
          </ns3:TrackPointExtension>
        </extensions>
      </trkpt>
      <trkpt lat="47.3266468383371829986572265625" lon="7.38857463933527469635009765625">
        <ele>806.79998779296875</ele>
        <time>2025-07-22T10:25:52.000Z</time>
        <extensions>
          <ns3:TrackPointExtension>
            <ns3:atemp>19.0</ns3:atemp>
          </ns3:TrackPointExtension>
        </extensions>
      </trkpt>
      <trkpt lat="47.32661808840930461883544921875" lon="7.38861302845180034637451171875">
        <ele>807.4000244140625</ele>
        <time>2025-07-22T10:25:58.000Z</time>
        <extensions>
          <ns3:TrackPointExtension>
            <ns3:atemp>19.0</ns3:atemp>
          </ns3:TrackPointExtension>
        </extensions>
      </trkpt>
      <trkpt lat="47.3265992291271686553955078125" lon="7.3886270262300968170166015625">
        <ele>807.79998779296875</ele>
        <time>2025-07-22T10:26:00.000Z</time>
        <extensions>
          <ns3:TrackPointExtension>
            <ns3:atemp>19.0</ns3:atemp>
          </ns3:TrackPointExtension>
        </extensions>
      </trkpt>
      <trkpt lat="47.32654633931815624237060546875" lon="7.3886592127382755279541015625">
        <ele>808.79998779296875</ele>
        <time>2025-07-22T10:26:06.000Z</time>
        <extensions>
          <ns3:TrackPointExtension>
            <ns3:atemp>19.0</ns3:atemp>
          </ns3:TrackPointExtension>
        </extensions>
      </trkpt>
      <trkpt lat="47.32651029713451862335205078125" lon="7.38869986496865749359130859375">
        <ele>810</ele>
        <time>2025-07-22T10:26:10.000Z</time>
        <extensions>
          <ns3:TrackPointExtension>
            <ns3:atemp>19.0</ns3:atemp>
          </ns3:TrackPointExtension>
        </extensions>
      </trkpt>
      <trkpt lat="47.32645095326006412506103515625" lon="7.38873439840972423553466796875">
        <ele>811.20001220703125</ele>
        <time>2025-07-22T10:26:13.000Z</time>
        <extensions>
          <ns3:TrackPointExtension>
            <ns3:atemp>19.0</ns3:atemp>
          </ns3:TrackPointExtension>
        </extensions>
      </trkpt>
      <trkpt lat="47.3264097981154918670654296875" lon="7.3887654952704906463623046875">
        <ele>812.4000244140625</ele>
        <time>2025-07-22T10:26:17.000Z</time>
        <extensions>
          <ns3:TrackPointExtension>
            <ns3:atemp>19.0</ns3:atemp>
          </ns3:TrackPointExtension>
        </extensions>
      </trkpt>
      <trkpt lat="47.3263665474951267242431640625" lon="7.3887943290174007415771484375">
        <ele>813.4000244140625</ele>
        <time>2025-07-22T10:26:20.000Z</time>
        <extensions>
          <ns3:TrackPointExtension>
            <ns3:atemp>19.0</ns3:atemp>
          </ns3:TrackPointExtension>
        </extensions>
      </trkpt>
      <trkpt lat="47.3263563215732574462890625" lon="7.3888074047863483428955078125">
        <ele>813.79998779296875</ele>
        <time>2025-07-22T10:26:21.000Z</time>
        <extensions>
          <ns3:TrackPointExtension>
            <ns3:atemp>19.0</ns3:atemp>
          </ns3:TrackPointExtension>
        </extensions>
      </trkpt>
      <trkpt lat="47.32631407678127288818359375" lon="7.38884135149419307708740234375">
        <ele>814.79998779296875</ele>
        <time>2025-07-22T10:26:26.000Z</time>
        <extensions>
          <ns3:TrackPointExtension>
            <ns3:atemp>19.0</ns3:atemp>
          </ns3:TrackPointExtension>
        </extensions>
      </trkpt>
      <trkpt lat="47.32630603015422821044921875" lon="7.38885752856731414794921875">
        <ele>815</ele>
        <time>2025-07-22T10:26:27.000Z</time>
        <extensions>
          <ns3:TrackPointExtension>
            <ns3:atemp>19.0</ns3:atemp>
          </ns3:TrackPointExtension>
        </extensions>
      </trkpt>
      <trkpt lat="47.3262839019298553466796875" lon="7.38886867649853229522705078125">
        <ele>815</ele>
        <time>2025-07-22T10:26:29.000Z</time>
        <extensions>
          <ns3:TrackPointExtension>
            <ns3:atemp>19.0</ns3:atemp>
          </ns3:TrackPointExtension>
        </extensions>
      </trkpt>
      <trkpt lat="47.3262619413435459136962890625" lon="7.38890312612056732177734375">
        <ele>815.79998779296875</ele>
        <time>2025-07-22T10:26:31.000Z</time>
        <extensions>
          <ns3:TrackPointExtension>
            <ns3:atemp>19.0</ns3:atemp>
          </ns3:TrackPointExtension>
        </extensions>
      </trkpt>
      <trkpt lat="47.326262108981609344482421875" lon="7.38891075365245342254638671875">
        <ele>816</ele>
        <time>2025-07-22T10:26:32.000Z</time>
        <extensions>
          <ns3:TrackPointExtension>
            <ns3:atemp>19.0</ns3:atemp>
          </ns3:TrackPointExtension>
        </extensions>
      </trkpt>
      <trkpt lat="47.326262108981609344482421875" lon="7.38891075365245342254638671875">
        <ele>817.20001220703125</ele>
        <time>2025-07-22T10:26:35.000Z</time>
        <extensions>
          <ns3:TrackPointExtension>
            <ns3:atemp>19.0</ns3:atemp>
          </ns3:TrackPointExtension>
        </extensions>
      </trkpt>
      <trkpt lat="47.3261948861181735992431640625" lon="7.38905777223408222198486328125">
        <ele>819</ele>
        <time>2025-07-22T10:26:49.000Z</time>
        <extensions>
          <ns3:TrackPointExtension>
            <ns3:atemp>19.0</ns3:atemp>
          </ns3:TrackPointExtension>
        </extensions>
      </trkpt>
      <trkpt lat="47.3261838220059871673583984375" lon="7.3890739493072032928466796875">
        <ele>819.20001220703125</ele>
        <time>2025-07-22T10:26:50.000Z</time>
        <extensions>
          <ns3:TrackPointExtension>
            <ns3:atemp>19.0</ns3:atemp>
          </ns3:TrackPointExtension>
        </extensions>
      </trkpt>
      <trkpt lat="47.3261824809014797210693359375" lon="7.38908174447715282440185546875">
        <ele>820</ele>
        <time>2025-07-22T10:26:52.000Z</time>
        <extensions>
          <ns3:TrackPointExtension>
            <ns3:atemp>19.0</ns3:atemp>
          </ns3:TrackPointExtension>
        </extensions>
      </trkpt>
      <trkpt lat="47.3261819779872894287109375" lon="7.38908560015261173248291015625">
        <ele>821.20001220703125</ele>
        <time>2025-07-22T10:26:58.000Z</time>
        <extensions>
          <ns3:TrackPointExtension>
            <ns3:atemp>19.0</ns3:atemp>
          </ns3:TrackPointExtension>
        </extensions>
      </trkpt>
      <trkpt lat="47.32606924138963222503662109375" lon="7.3891983367502689361572265625">
        <ele>825.4000244140625</ele>
        <time>2025-07-22T10:27:15.000Z</time>
        <extensions>
          <ns3:TrackPointExtension>
            <ns3:atemp>19.0</ns3:atemp>
          </ns3:TrackPointExtension>
        </extensions>
      </trkpt>
      <trkpt lat="47.32603847980499267578125" lon="7.3892228119075298309326171875">
        <ele>826.5999755859375</ele>
        <time>2025-07-22T10:27:18.000Z</time>
        <extensions>
          <ns3:TrackPointExtension>
            <ns3:atemp>19.0</ns3:atemp>
          </ns3:TrackPointExtension>
        </extensions>
      </trkpt>
      <trkpt lat="47.32601023279130458831787109375" lon="7.38923706114292144775390625">
        <ele>827</ele>
        <time>2025-07-22T10:27:20.000Z</time>
        <extensions>
          <ns3:TrackPointExtension>
            <ns3:atemp>19.0</ns3:atemp>
          </ns3:TrackPointExtension>
        </extensions>
      </trkpt>
      <trkpt lat="47.3259674012660980224609375" lon="7.38927687518298625946044921875">
        <ele>827.79998779296875</ele>
        <time>2025-07-22T10:27:23.000Z</time>
        <extensions>
          <ns3:TrackPointExtension>
            <ns3:atemp>19.0</ns3:atemp>
          </ns3:TrackPointExtension>
        </extensions>
      </trkpt>
      <trkpt lat="47.3259390704333782196044921875" lon="7.389311492443084716796875">
        <ele>828.4000244140625</ele>
        <time>2025-07-22T10:27:28.000Z</time>
        <extensions>
          <ns3:TrackPointExtension>
            <ns3:atemp>19.0</ns3:atemp>
          </ns3:TrackPointExtension>
        </extensions>
      </trkpt>
      <trkpt lat="47.3259179480373859405517578125" lon="7.3893584311008453369140625">
        <ele>828.4000244140625</ele>
        <time>2025-07-22T10:27:33.000Z</time>
        <extensions>
          <ns3:TrackPointExtension>
            <ns3:atemp>19.0</ns3:atemp>
          </ns3:TrackPointExtension>
        </extensions>
      </trkpt>
      <trkpt lat="47.32590193860232830047607421875" lon="7.389366142451763153076171875">
        <ele>829.20001220703125</ele>
        <time>2025-07-22T10:27:38.000Z</time>
        <extensions>
          <ns3:TrackPointExtension>
            <ns3:atemp>19.0</ns3:atemp>
          </ns3:TrackPointExtension>
        </extensions>
      </trkpt>
      <trkpt lat="47.325844354927539825439453125" lon="7.389388941228389739990234375">
        <ele>829.79998779296875</ele>
        <time>2025-07-22T10:27:40.000Z</time>
        <extensions>
          <ns3:TrackPointExtension>
            <ns3:atemp>19.0</ns3:atemp>
          </ns3:TrackPointExtension>
        </extensions>
      </trkpt>
      <trkpt lat="47.3258398286998271942138671875" lon="7.38939153961837291717529296875">
        <ele>830</ele>
        <time>2025-07-22T10:27:42.000Z</time>
        <extensions>
          <ns3:TrackPointExtension>
            <ns3:atemp>19.0</ns3:atemp>
          </ns3:TrackPointExtension>
        </extensions>
      </trkpt>
      <trkpt lat="47.3258398286998271942138671875" lon="7.38939153961837291717529296875">
        <ele>830.20001220703125</ele>
        <time>2025-07-22T10:27:45.000Z</time>
        <extensions>
          <ns3:TrackPointExtension>
            <ns3:atemp>19.0</ns3:atemp>
          </ns3:TrackPointExtension>
        </extensions>
      </trkpt>
      <trkpt lat="47.3257033713161945343017578125" lon="7.38947988487780094146728515625">
        <ele>831.20001220703125</ele>
        <time>2025-07-22T10:27:59.000Z</time>
        <extensions>
          <ns3:TrackPointExtension>
            <ns3:atemp>19.0</ns3:atemp>
          </ns3:TrackPointExtension>
        </extensions>
      </trkpt>
      <trkpt lat="47.3256805725395679473876953125" lon="7.38950033672153949737548828125">
        <ele>831.4000244140625</ele>
        <time>2025-07-22T10:28:00.000Z</time>
        <extensions>
          <ns3:TrackPointExtension>
            <ns3:atemp>19.0</ns3:atemp>
          </ns3:TrackPointExtension>
        </extensions>
      </trkpt>
      <trkpt lat="47.3256762139499187469482421875" lon="7.38950503058731555938720703125">
        <ele>831.5999755859375</ele>
        <time>2025-07-22T10:28:02.000Z</time>
        <extensions>
          <ns3:TrackPointExtension>
            <ns3:atemp>19.0</ns3:atemp>
          </ns3:TrackPointExtension>
        </extensions>
      </trkpt>
      <trkpt lat="47.32561075128614902496337890625" lon="7.38956253044307231903076171875">
        <ele>832.5999755859375</ele>
        <time>2025-07-22T10:28:06.000Z</time>
        <extensions>
          <ns3:TrackPointExtension>
            <ns3:atemp>19.0</ns3:atemp>
          </ns3:TrackPointExtension>
        </extensions>
      </trkpt>
      <trkpt lat="47.325605638325214385986328125" lon="7.3895637877285480499267578125">
        <ele>833</ele>
        <time>2025-07-22T10:28:07.000Z</time>
        <extensions>
          <ns3:TrackPointExtension>
            <ns3:atemp>19.0</ns3:atemp>
          </ns3:TrackPointExtension>
        </extensions>
      </trkpt>
      <trkpt lat="47.325605638325214385986328125" lon="7.3895637877285480499267578125">
        <ele>833.5999755859375</ele>
        <time>2025-07-22T10:28:08.000Z</time>
        <extensions>
          <ns3:TrackPointExtension>
            <ns3:atemp>19.0</ns3:atemp>
          </ns3:TrackPointExtension>
        </extensions>
      </trkpt>
      <trkpt lat="47.325605638325214385986328125" lon="7.3895637877285480499267578125">
        <ele>834</ele>
        <time>2025-07-22T10:28:10.000Z</time>
        <extensions>
          <ns3:TrackPointExtension>
            <ns3:atemp>19.0</ns3:atemp>
          </ns3:TrackPointExtension>
        </extensions>
      </trkpt>
      <trkpt lat="47.32556037604808807373046875" lon="7.38959790207445621490478515625">
        <ele>835</ele>
        <time>2025-07-22T10:28:18.000Z</time>
        <extensions>
          <ns3:TrackPointExtension>
            <ns3:atemp>19.0</ns3:atemp>
          </ns3:TrackPointExtension>
        </extensions>
      </trkpt>
      <trkpt lat="47.325535230338573455810546875" lon="7.38961081020534038543701171875">
        <ele>835.20001220703125</ele>
        <time>2025-07-22T10:28:20.000Z</time>
        <extensions>
          <ns3:TrackPointExtension>
            <ns3:atemp>19.0</ns3:atemp>
          </ns3:TrackPointExtension>
        </extensions>
      </trkpt>
      <trkpt lat="47.3254720307886600494384765625" lon="7.389630340039730072021484375">
        <ele>835.79998779296875</ele>
        <time>2025-07-22T10:28:24.000Z</time>
        <extensions>
          <ns3:TrackPointExtension>
            <ns3:atemp>19.0</ns3:atemp>
          </ns3:TrackPointExtension>
        </extensions>
      </trkpt>
      <trkpt lat="47.32544009573757648468017578125" lon="7.3896409012377262115478515625">
        <ele>836</ele>
        <time>2025-07-22T10:28:25.000Z</time>
        <extensions>
          <ns3:TrackPointExtension>
            <ns3:atemp>19.0</ns3:atemp>
          </ns3:TrackPointExtension>
        </extensions>
      </trkpt>
      <trkpt lat="47.32541645877063274383544921875" lon="7.389649115502834320068359375">
        <ele>836.20001220703125</ele>
        <time>2025-07-22T10:28:26.000Z</time>
        <extensions>
          <ns3:TrackPointExtension>
            <ns3:atemp>19.0</ns3:atemp>
          </ns3:TrackPointExtension>
        </extensions>
      </trkpt>
      <trkpt lat="47.32538159005343914031982421875" lon="7.38967426121234893798828125">
        <ele>836.5999755859375</ele>
        <time>2025-07-22T10:28:29.000Z</time>
        <extensions>
          <ns3:TrackPointExtension>
            <ns3:atemp>19.0</ns3:atemp>
          </ns3:TrackPointExtension>
        </extensions>
      </trkpt>
      <trkpt lat="47.325333058834075927734375" lon="7.38969462923705577850341796875">
        <ele>837.5999755859375</ele>
        <time>2025-07-22T10:28:32.000Z</time>
        <extensions>
          <ns3:TrackPointExtension>
            <ns3:atemp>19.0</ns3:atemp>
          </ns3:TrackPointExtension>
        </extensions>
      </trkpt>
      <trkpt lat="47.32528008520603179931640625" lon="7.3897160030901432037353515625">
        <ele>838.5999755859375</ele>
        <time>2025-07-22T10:28:36.000Z</time>
        <extensions>
          <ns3:TrackPointExtension>
            <ns3:atemp>19.0</ns3:atemp>
          </ns3:TrackPointExtension>
        </extensions>
      </trkpt>
      <trkpt lat="47.325271703302860260009765625" lon="7.3897180147469043731689453125">
        <ele>839</ele>
        <time>2025-07-22T10:28:37.000Z</time>
        <extensions>
          <ns3:TrackPointExtension>
            <ns3:atemp>19.0</ns3:atemp>
          </ns3:TrackPointExtension>
        </extensions>
      </trkpt>
      <trkpt lat="47.32526759617030620574951171875" lon="7.3897170089185237884521484375">
        <ele>839</ele>
        <time>2025-07-22T10:28:38.000Z</time>
        <extensions>
          <ns3:TrackPointExtension>
            <ns3:atemp>19.0</ns3:atemp>
          </ns3:TrackPointExtension>
        </extensions>
      </trkpt>
      <trkpt lat="47.3252460546791553497314453125" lon="7.38971809856593608856201171875">
        <ele>839.5999755859375</ele>
        <time>2025-07-22T10:28:40.000Z</time>
        <extensions>
          <ns3:TrackPointExtension>
            <ns3:atemp>19.0</ns3:atemp>
          </ns3:TrackPointExtension>
        </extensions>
      </trkpt>
      <trkpt lat="47.325211353600025177001953125" lon="7.38972681574523448944091796875">
        <ele>841</ele>
        <time>2025-07-22T10:28:43.000Z</time>
        <extensions>
          <ns3:TrackPointExtension>
            <ns3:atemp>19.0</ns3:atemp>
          </ns3:TrackPointExtension>
        </extensions>
      </trkpt>
      <trkpt lat="47.32521043159067630767822265625" lon="7.38972187042236328125">
        <ele>841.4000244140625</ele>
        <time>2025-07-22T10:28:44.000Z</time>
        <extensions>
          <ns3:TrackPointExtension>
            <ns3:atemp>19.0</ns3:atemp>
          </ns3:TrackPointExtension>
        </extensions>
      </trkpt>
      <trkpt lat="47.32521043159067630767822265625" lon="7.38972187042236328125">
        <ele>842.20001220703125</ele>
        <time>2025-07-22T10:28:46.000Z</time>
        <extensions>
          <ns3:TrackPointExtension>
            <ns3:atemp>19.0</ns3:atemp>
          </ns3:TrackPointExtension>
        </extensions>
      </trkpt>
      <trkpt lat="47.32508252374827861785888671875" lon="7.38974936306476593017578125">
        <ele>843.79998779296875</ele>
        <time>2025-07-22T10:28:56.000Z</time>
        <extensions>
          <ns3:TrackPointExtension>
            <ns3:atemp>19.0</ns3:atemp>
          </ns3:TrackPointExtension>
        </extensions>
      </trkpt>
      <trkpt lat="47.325047068297863006591796875" lon="7.3897518776357173919677734375">
        <ele>844.4000244140625</ele>
        <time>2025-07-22T10:28:58.000Z</time>
        <extensions>
          <ns3:TrackPointExtension>
            <ns3:atemp>19.0</ns3:atemp>
          </ns3:TrackPointExtension>
        </extensions>
      </trkpt>
      <trkpt lat="47.32498512603342533111572265625" lon="7.3897495307028293609619140625">
        <ele>845.4000244140625</ele>
        <time>2025-07-22T10:29:02.000Z</time>
        <extensions>
          <ns3:TrackPointExtension>
            <ns3:atemp>18.0</ns3:atemp>
          </ns3:TrackPointExtension>
        </extensions>
      </trkpt>
      <trkpt lat="47.32498512603342533111572265625" lon="7.3897495307028293609619140625">
        <ele>845.5999755859375</ele>
        <time>2025-07-22T10:29:04.000Z</time>
        <extensions>
          <ns3:TrackPointExtension>
            <ns3:atemp>18.0</ns3:atemp>
          </ns3:TrackPointExtension>
        </extensions>
      </trkpt>
      <trkpt lat="47.3248852975666522979736328125" lon="7.389744333922863006591796875">
        <ele>846</ele>
        <time>2025-07-22T10:29:20.000Z</time>
        <extensions>
          <ns3:TrackPointExtension>
            <ns3:atemp>18.0</ns3:atemp>
          </ns3:TrackPointExtension>
        </extensions>
      </trkpt>
      <trkpt lat="47.3248618282377719879150390625" lon="7.38974626176059246063232421875">
        <ele>846.4000244140625</ele>
        <time>2025-07-22T10:29:22.000Z</time>
        <extensions>
          <ns3:TrackPointExtension>
            <ns3:atemp>18.0</ns3:atemp>
          </ns3:TrackPointExtension>
        </extensions>
      </trkpt>
      <trkpt lat="47.3248158954083919525146484375" lon="7.38974894396960735321044921875">
        <ele>847.20001220703125</ele>
        <time>2025-07-22T10:29:25.000Z</time>
        <extensions>
          <ns3:TrackPointExtension>
            <ns3:atemp>18.0</ns3:atemp>
          </ns3:TrackPointExtension>
        </extensions>
      </trkpt>
      <trkpt lat="47.3247890733182430267333984375" lon="7.38977358676493167877197265625">
        <ele>847.4000244140625</ele>
        <time>2025-07-22T10:29:27.000Z</time>
        <extensions>
          <ns3:TrackPointExtension>
            <ns3:atemp>18.0</ns3:atemp>
          </ns3:TrackPointExtension>
        </extensions>
      </trkpt>
      <trkpt lat="47.324748337268829345703125" lon="7.38980560563504695892333984375">
        <ele>847.79998779296875</ele>
        <time>2025-07-22T10:29:30.000Z</time>
        <extensions>
          <ns3:TrackPointExtension>
            <ns3:atemp>18.0</ns3:atemp>
          </ns3:TrackPointExtension>
        </extensions>
      </trkpt>
      <trkpt lat="47.3247287236154079437255859375" lon="7.38981641829013824462890625">
        <ele>848</ele>
        <time>2025-07-22T10:29:33.000Z</time>
        <extensions>
          <ns3:TrackPointExtension>
            <ns3:atemp>18.0</ns3:atemp>
          </ns3:TrackPointExtension>
        </extensions>
      </trkpt>
      <trkpt lat="47.324689663946628570556640625" lon="7.38984583877027034759521484375">
        <ele>848.20001220703125</ele>
        <time>2025-07-22T10:29:35.000Z</time>
        <extensions>
          <ns3:TrackPointExtension>
            <ns3:atemp>18.0</ns3:atemp>
          </ns3:TrackPointExtension>
        </extensions>
      </trkpt>
      <trkpt lat="47.32466208748519420623779296875" lon="7.38987140357494354248046875">
        <ele>848.4000244140625</ele>
        <time>2025-07-22T10:29:36.000Z</time>
        <extensions>
          <ns3:TrackPointExtension>
            <ns3:atemp>18.0</ns3:atemp>
          </ns3:TrackPointExtension>
        </extensions>
      </trkpt>
      <trkpt lat="47.32461397536098957061767578125" lon="7.38991876132786273956298828125">
        <ele>848.5999755859375</ele>
        <time>2025-07-22T10:29:38.000Z</time>
        <extensions>
          <ns3:TrackPointExtension>
            <ns3:atemp>18.0</ns3:atemp>
          </ns3:TrackPointExtension>
        </extensions>
      </trkpt>
      <trkpt lat="47.3245815373957157135009765625" lon="7.38995128311216831207275390625">
        <ele>848.79998779296875</ele>
        <time>2025-07-22T10:29:40.000Z</time>
        <extensions>
          <ns3:TrackPointExtension>
            <ns3:atemp>18.0</ns3:atemp>
          </ns3:TrackPointExtension>
        </extensions>
      </trkpt>
      <trkpt lat="47.32456586323678493499755859375" lon="7.3899701423943042755126953125">
        <ele>848.79998779296875</ele>
        <time>2025-07-22T10:29:41.000Z</time>
        <extensions>
          <ns3:TrackPointExtension>
            <ns3:atemp>18.0</ns3:atemp>
          </ns3:TrackPointExtension>
        </extensions>
      </trkpt>
      <trkpt lat="47.32453585602343082427978515625" lon="7.39001356065273284912109375">
        <ele>849</ele>
        <time>2025-07-22T10:29:44.000Z</time>
        <extensions>
          <ns3:TrackPointExtension>
            <ns3:atemp>18.0</ns3:atemp>
          </ns3:TrackPointExtension>
        </extensions>
      </trkpt>
      <trkpt lat="47.3244779370725154876708984375" lon="7.39010207355022430419921875">
        <ele>849.5999755859375</ele>
        <time>2025-07-22T10:29:48.000Z</time>
        <extensions>
          <ns3:TrackPointExtension>
            <ns3:atemp>18.0</ns3:atemp>
          </ns3:TrackPointExtension>
        </extensions>
      </trkpt>
      <trkpt lat="47.32445086352527141571044921875" lon="7.39016099832952022552490234375">
        <ele>849.5999755859375</ele>
        <time>2025-07-22T10:29:50.000Z</time>
        <extensions>
          <ns3:TrackPointExtension>
            <ns3:atemp>18.0</ns3:atemp>
          </ns3:TrackPointExtension>
        </extensions>
      </trkpt>
      <trkpt lat="47.3244035057723522186279296875" lon="7.3902695439755916595458984375">
        <ele>849.5999755859375</ele>
        <time>2025-07-22T10:29:54.000Z</time>
        <extensions>
          <ns3:TrackPointExtension>
            <ns3:atemp>18.0</ns3:atemp>
          </ns3:TrackPointExtension>
        </extensions>
      </trkpt>
      <trkpt lat="47.32437525875866413116455078125" lon="7.3903295584022998809814453125">
        <ele>849.79998779296875</ele>
        <time>2025-07-22T10:29:57.000Z</time>
        <extensions>
          <ns3:TrackPointExtension>
            <ns3:atemp>18.0</ns3:atemp>
          </ns3:TrackPointExtension>
        </extensions>
      </trkpt>
      <trkpt lat="47.3243525438010692596435546875" lon="7.39033651538193225860595703125">
        <ele>850</ele>
        <time>2025-07-22T10:29:59.000Z</time>
        <extensions>
          <ns3:TrackPointExtension>
            <ns3:atemp>18.0</ns3:atemp>
          </ns3:TrackPointExtension>
        </extensions>
      </trkpt>
      <trkpt lat="47.32433460652828216552734375" lon="7.39034355618059635162353515625">
        <ele>850.4000244140625</ele>
        <time>2025-07-22T10:30:00.000Z</time>
        <extensions>
          <ns3:TrackPointExtension>
            <ns3:atemp>18.0</ns3:atemp>
          </ns3:TrackPointExtension>
        </extensions>
      </trkpt>
      <trkpt lat="47.3243307508528232574462890625" lon="7.39035931415855884552001953125">
        <ele>851</ele>
        <time>2025-07-22T10:30:03.000Z</time>
        <extensions>
          <ns3:TrackPointExtension>
            <ns3:atemp>18.0</ns3:atemp>
          </ns3:TrackPointExtension>
        </extensions>
      </trkpt>
      <trkpt lat="47.3243258893489837646484375" lon="7.39038244821131229400634765625">
        <ele>851.20001220703125</ele>
        <time>2025-07-22T10:30:04.000Z</time>
        <extensions>
          <ns3:TrackPointExtension>
            <ns3:atemp>18.0</ns3:atemp>
          </ns3:TrackPointExtension>
        </extensions>
      </trkpt>
      <trkpt lat="47.32429060153663158416748046875" lon="7.39041781984269618988037109375">
        <ele>851.5999755859375</ele>
        <time>2025-07-22T10:30:06.000Z</time>
        <extensions>
          <ns3:TrackPointExtension>
            <ns3:atemp>18.0</ns3:atemp>
          </ns3:TrackPointExtension>
        </extensions>
      </trkpt>
      <trkpt lat="47.32424148358404636383056640625" lon="7.390424944460391998291015625">
        <ele>852</ele>
        <time>2025-07-22T10:30:08.000Z</time>
        <extensions>
          <ns3:TrackPointExtension>
            <ns3:atemp>18.0</ns3:atemp>
          </ns3:TrackPointExtension>
        </extensions>
      </trkpt>
      <trkpt lat="47.32421549968421459197998046875" lon="7.39044078625738620758056640625">
        <ele>852.20001220703125</ele>
        <time>2025-07-22T10:30:09.000Z</time>
        <extensions>
          <ns3:TrackPointExtension>
            <ns3:atemp>18.0</ns3:atemp>
          </ns3:TrackPointExtension>
        </extensions>
      </trkpt>
      <trkpt lat="47.3241778649389743804931640625" lon="7.39050666801631450653076171875">
        <ele>852.79998779296875</ele>
        <time>2025-07-22T10:30:12.000Z</time>
        <extensions>
          <ns3:TrackPointExtension>
            <ns3:atemp>18.0</ns3:atemp>
          </ns3:TrackPointExtension>
        </extensions>
      </trkpt>
      <trkpt lat="47.3241631127893924713134765625" lon="7.39053349010646343231201171875">
        <ele>853.20001220703125</ele>
        <time>2025-07-22T10:30:14.000Z</time>
        <extensions>
          <ns3:TrackPointExtension>
            <ns3:atemp>18.0</ns3:atemp>
          </ns3:TrackPointExtension>
        </extensions>
      </trkpt>
      <trkpt lat="47.3240876756608486175537109375" lon="7.39060842432081699371337890625">
        <ele>854</ele>
        <time>2025-07-22T10:30:21.000Z</time>
        <extensions>
          <ns3:TrackPointExtension>
            <ns3:atemp>18.0</ns3:atemp>
          </ns3:TrackPointExtension>
        </extensions>
      </trkpt>
      <trkpt lat="47.32408038340508937835693359375" lon="7.3906199075281620025634765625">
        <ele>854.5999755859375</ele>
        <time>2025-07-22T10:30:23.000Z</time>
        <extensions>
          <ns3:TrackPointExtension>
            <ns3:atemp>18.0</ns3:atemp>
          </ns3:TrackPointExtension>
        </extensions>
      </trkpt>
      <trkpt lat="47.32408247888088226318359375" lon="7.39064346067607402801513671875">
        <ele>855.79998779296875</ele>
        <time>2025-07-22T10:30:26.000Z</time>
        <extensions>
          <ns3:TrackPointExtension>
            <ns3:atemp>18.0</ns3:atemp>
          </ns3:TrackPointExtension>
        </extensions>
      </trkpt>
      <trkpt lat="47.324081473052501678466796875" lon="7.3906480707228183746337890625">
        <ele>856</ele>
        <time>2025-07-22T10:30:27.000Z</time>
        <extensions>
          <ns3:TrackPointExtension>
            <ns3:atemp>18.0</ns3:atemp>
          </ns3:TrackPointExtension>
        </extensions>
      </trkpt>
      <trkpt lat="47.32406764291226863861083984375" lon="7.39065938629209995269775390625">
        <ele>856.5999755859375</ele>
        <time>2025-07-22T10:30:31.000Z</time>
        <extensions>
          <ns3:TrackPointExtension>
            <ns3:atemp>18.0</ns3:atemp>
          </ns3:TrackPointExtension>
        </extensions>
      </trkpt>
      <trkpt lat="47.32406764291226863861083984375" lon="7.39065938629209995269775390625">
        <ele>856.79998779296875</ele>
        <time>2025-07-22T10:30:34.000Z</time>
        <extensions>
          <ns3:TrackPointExtension>
            <ns3:atemp>18.0</ns3:atemp>
          </ns3:TrackPointExtension>
        </extensions>
      </trkpt>
      <trkpt lat="47.3240482807159423828125" lon="7.39067715592682361602783203125">
        <ele>856.5999755859375</ele>
        <time>2025-07-22T10:30:42.000Z</time>
        <extensions>
          <ns3:TrackPointExtension>
            <ns3:atemp>18.0</ns3:atemp>
          </ns3:TrackPointExtension>
        </extensions>
      </trkpt>
      <trkpt lat="47.3240310139954090118408203125" lon="7.3907000385224819183349609375">
        <ele>856.5999755859375</ele>
        <time>2025-07-22T10:30:43.000Z</time>
        <extensions>
          <ns3:TrackPointExtension>
            <ns3:atemp>18.0</ns3:atemp>
          </ns3:TrackPointExtension>
        </extensions>
      </trkpt>
      <trkpt lat="47.32398767955601215362548828125" lon="7.39075058139860630035400390625">
        <ele>856.79998779296875</ele>
        <time>2025-07-22T10:30:47.000Z</time>
        <extensions>
          <ns3:TrackPointExtension>
            <ns3:atemp>18.0</ns3:atemp>
          </ns3:TrackPointExtension>
        </extensions>
      </trkpt>
      <trkpt lat="47.323873937129974365234375" lon="7.39080556668341159820556640625">
        <ele>857</ele>
        <time>2025-07-22T10:30:50.000Z</time>
        <extensions>
          <ns3:TrackPointExtension>
            <ns3:atemp>18.0</ns3:atemp>
          </ns3:TrackPointExtension>
        </extensions>
      </trkpt>
      <trkpt lat="47.323856838047504425048828125" lon="7.390810512006282806396484375">
        <ele>857.4000244140625</ele>
        <time>2025-07-22T10:30:51.000Z</time>
        <extensions>
          <ns3:TrackPointExtension>
            <ns3:atemp>18.0</ns3:atemp>
          </ns3:TrackPointExtension>
        </extensions>
      </trkpt>
      <trkpt lat="47.3238191194832324981689453125" lon="7.39080824889242649078369140625">
        <ele>857.5999755859375</ele>
        <time>2025-07-22T10:30:53.000Z</time>
        <extensions>
          <ns3:TrackPointExtension>
            <ns3:atemp>18.0</ns3:atemp>
          </ns3:TrackPointExtension>
        </extensions>
      </trkpt>
      <trkpt lat="47.32378550805151462554931640625" lon="7.39080481231212615966796875">
        <ele>858.20001220703125</ele>
        <time>2025-07-22T10:30:56.000Z</time>
        <extensions>
          <ns3:TrackPointExtension>
            <ns3:atemp>18.0</ns3:atemp>
          </ns3:TrackPointExtension>
        </extensions>
      </trkpt>
      <trkpt lat="47.32375784777104854583740234375" lon="7.3908063210546970367431640625">
        <ele>858.5999755859375</ele>
        <time>2025-07-22T10:30:57.000Z</time>
        <extensions>
          <ns3:TrackPointExtension>
            <ns3:atemp>18.0</ns3:atemp>
          </ns3:TrackPointExtension>
        </extensions>
      </trkpt>
      <trkpt lat="47.32368157245218753814697265625" lon="7.3908267728984355926513671875">
        <ele>859.20001220703125</ele>
        <time>2025-07-22T10:31:00.000Z</time>
        <extensions>
          <ns3:TrackPointExtension>
            <ns3:atemp>18.0</ns3:atemp>
          </ns3:TrackPointExtension>
        </extensions>
      </trkpt>
      <trkpt lat="47.3236642219126224517822265625" lon="7.39083230495452880859375">
        <ele>859.4000244140625</ele>
        <time>2025-07-22T10:31:01.000Z</time>
        <extensions>
          <ns3:TrackPointExtension>
            <ns3:atemp>18.0</ns3:atemp>
          </ns3:TrackPointExtension>
        </extensions>
      </trkpt>
      <trkpt lat="47.32358316890895366668701171875" lon="7.39084462635219097137451171875">
        <ele>860</ele>
        <time>2025-07-22T10:31:05.000Z</time>
        <extensions>
          <ns3:TrackPointExtension>
            <ns3:atemp>18.0</ns3:atemp>
          </ns3:TrackPointExtension>
        </extensions>
      </trkpt>
      <trkpt lat="47.32353891246020793914794921875" lon="7.39084764383733272552490234375">
        <ele>860.20001220703125</ele>
        <time>2025-07-22T10:31:07.000Z</time>
        <extensions>
          <ns3:TrackPointExtension>
            <ns3:atemp>18.0</ns3:atemp>
          </ns3:TrackPointExtension>
        </extensions>
      </trkpt>
      <trkpt lat="47.3234890401363372802734375" lon="7.39083959721028804779052734375">
        <ele>860.4000244140625</ele>
        <time>2025-07-22T10:31:10.000Z</time>
        <extensions>
          <ns3:TrackPointExtension>
            <ns3:atemp>18.0</ns3:atemp>
          </ns3:TrackPointExtension>
        </extensions>
      </trkpt>
      <trkpt lat="47.32344008982181549072265625" lon="7.3908604681491851806640625">
        <ele>860.20001220703125</ele>
        <time>2025-07-22T10:31:12.000Z</time>
        <extensions>
          <ns3:TrackPointExtension>
            <ns3:atemp>18.0</ns3:atemp>
          </ns3:TrackPointExtension>
        </extensions>
      </trkpt>
      <trkpt lat="47.323373369872570037841796875" lon="7.390875555574893951416015625">
        <ele>860.20001220703125</ele>
        <time>2025-07-22T10:31:17.000Z</time>
        <extensions>
          <ns3:TrackPointExtension>
            <ns3:atemp>18.0</ns3:atemp>
          </ns3:TrackPointExtension>
        </extensions>
      </trkpt>
      <trkpt lat="47.32330321334302425384521484375" lon="7.3910413496196269989013671875">
        <ele>859.4000244140625</ele>
        <time>2025-07-22T10:36:25.000Z</time>
        <extensions>
          <ns3:TrackPointExtension>
            <ns3:atemp>21.0</ns3:atemp>
          </ns3:TrackPointExtension>
        </extensions>
      </trkpt>
      <trkpt lat="47.32330321334302425384521484375" lon="7.3910413496196269989013671875">
        <ele>859.4000244140625</ele>
        <time>2025-07-22T10:36:26.000Z</time>
        <extensions>
          <ns3:TrackPointExtension>
            <ns3:atemp>21.0</ns3:atemp>
          </ns3:TrackPointExtension>
        </extensions>
      </trkpt>
      <trkpt lat="47.32330690138041973114013671875" lon="7.39107009954750537872314453125">
        <ele>859.4000244140625</ele>
        <time>2025-07-22T10:36:33.000Z</time>
        <extensions>
          <ns3:TrackPointExtension>
            <ns3:atemp>22.0</ns3:atemp>
          </ns3:TrackPointExtension>
        </extensions>
      </trkpt>
      <trkpt lat="47.32330732047557830810546875" lon="7.391147129237651824951171875">
        <ele>859.5999755859375</ele>
        <time>2025-07-22T10:36:36.000Z</time>
        <extensions>
          <ns3:TrackPointExtension>
            <ns3:atemp>22.0</ns3:atemp>
          </ns3:TrackPointExtension>
        </extensions>
      </trkpt>
      <trkpt lat="47.3233058117330074310302734375" lon="7.39122114144265651702880859375">
        <ele>859.20001220703125</ele>
        <time>2025-07-22T10:36:40.000Z</time>
        <extensions>
          <ns3:TrackPointExtension>
            <ns3:atemp>22.0</ns3:atemp>
          </ns3:TrackPointExtension>
        </extensions>
      </trkpt>
      <trkpt lat="47.323296256363391876220703125" lon="7.39126791246235370635986328125">
        <ele>859</ele>
        <time>2025-07-22T10:36:42.000Z</time>
        <extensions>
          <ns3:TrackPointExtension>
            <ns3:atemp>22.0</ns3:atemp>
          </ns3:TrackPointExtension>
        </extensions>
      </trkpt>
      <trkpt lat="47.32327890582382678985595703125" lon="7.391315437853336334228515625">
        <ele>858.5999755859375</ele>
        <time>2025-07-22T10:36:44.000Z</time>
        <extensions>
          <ns3:TrackPointExtension>
            <ns3:atemp>22.0</ns3:atemp>
          </ns3:TrackPointExtension>
        </extensions>
      </trkpt>
      <trkpt lat="47.32327647507190704345703125" lon="7.3913377337157726287841796875">
        <ele>858.4000244140625</ele>
        <time>2025-07-22T10:36:45.000Z</time>
        <extensions>
          <ns3:TrackPointExtension>
            <ns3:atemp>22.0</ns3:atemp>
          </ns3:TrackPointExtension>
        </extensions>
      </trkpt>
      <trkpt lat="47.32327354140579700469970703125" lon="7.39139355719089508056640625">
        <ele>858</ele>
        <time>2025-07-22T10:36:47.000Z</time>
        <extensions>
          <ns3:TrackPointExtension>
            <ns3:atemp>22.0</ns3:atemp>
          </ns3:TrackPointExtension>
        </extensions>
      </trkpt>
      <trkpt lat="47.32325627468526363372802734375" lon="7.391485087573528289794921875">
        <ele>857.5999755859375</ele>
        <time>2025-07-22T10:36:50.000Z</time>
        <extensions>
          <ns3:TrackPointExtension>
            <ns3:atemp>22.0</ns3:atemp>
          </ns3:TrackPointExtension>
        </extensions>
      </trkpt>
      <trkpt lat="47.32325174845755100250244140625" lon="7.39150822162628173828125">
        <ele>857.5999755859375</ele>
        <time>2025-07-22T10:36:51.000Z</time>
        <extensions>
          <ns3:TrackPointExtension>
            <ns3:atemp>22.0</ns3:atemp>
          </ns3:TrackPointExtension>
        </extensions>
      </trkpt>
      <trkpt lat="47.32323867268860340118408203125" lon="7.3915583454072475433349609375">
        <ele>857.4000244140625</ele>
        <time>2025-07-22T10:36:53.000Z</time>
        <extensions>
          <ns3:TrackPointExtension>
            <ns3:atemp>22.0</ns3:atemp>
          </ns3:TrackPointExtension>
        </extensions>
      </trkpt>
      <trkpt lat="47.32321076095104217529296875" lon="7.39159078337252140045166015625">
        <ele>857</ele>
        <time>2025-07-22T10:36:55.000Z</time>
        <extensions>
          <ns3:TrackPointExtension>
            <ns3:atemp>22.0</ns3:atemp>
          </ns3:TrackPointExtension>
        </extensions>
      </trkpt>
      <trkpt lat="47.32317295856773853302001953125" lon="7.39161039702594280242919921875">
        <ele>856.79998779296875</ele>
        <time>2025-07-22T10:36:57.000Z</time>
        <extensions>
          <ns3:TrackPointExtension>
            <ns3:atemp>22.0</ns3:atemp>
          </ns3:TrackPointExtension>
        </extensions>
      </trkpt>
      <trkpt lat="47.3231713660061359405517578125" lon="7.391618527472019195556640625">
        <ele>856.79998779296875</ele>
        <time>2025-07-22T10:36:58.000Z</time>
        <extensions>
          <ns3:TrackPointExtension>
            <ns3:atemp>22.0</ns3:atemp>
          </ns3:TrackPointExtension>
        </extensions>
      </trkpt>
      <trkpt lat="47.3231660015881061553955078125" lon="7.391642667353153228759765625">
        <ele>856.79998779296875</ele>
        <time>2025-07-22T10:36:59.000Z</time>
        <extensions>
          <ns3:TrackPointExtension>
            <ns3:atemp>22.0</ns3:atemp>
          </ns3:TrackPointExtension>
        </extensions>
      </trkpt>
      <trkpt lat="47.3231281153857707977294921875" lon="7.39173419773578643798828125">
        <ele>856.4000244140625</ele>
        <time>2025-07-22T10:37:03.000Z</time>
        <extensions>
          <ns3:TrackPointExtension>
            <ns3:atemp>22.0</ns3:atemp>
          </ns3:TrackPointExtension>
        </extensions>
      </trkpt>
      <trkpt lat="47.3231106810271739959716796875" lon="7.3917568288743495941162109375">
        <ele>856.4000244140625</ele>
        <time>2025-07-22T10:37:04.000Z</time>
        <extensions>
          <ns3:TrackPointExtension>
            <ns3:atemp>22.0</ns3:atemp>
          </ns3:TrackPointExtension>
        </extensions>
      </trkpt>
      <trkpt lat="47.323037087917327880859375" lon="7.3918287456035614013671875">
        <ele>856.20001220703125</ele>
        <time>2025-07-22T10:37:08.000Z</time>
        <extensions>
          <ns3:TrackPointExtension>
            <ns3:atemp>22.0</ns3:atemp>
          </ns3:TrackPointExtension>
        </extensions>
      </trkpt>
      <trkpt lat="47.32290071435272693634033203125" lon="7.39189068786799907684326171875">
        <ele>856.79998779296875</ele>
        <time>2025-07-22T10:37:14.000Z</time>
        <extensions>
          <ns3:TrackPointExtension>
            <ns3:atemp>22.0</ns3:atemp>
          </ns3:TrackPointExtension>
        </extensions>
      </trkpt>
      <trkpt lat="47.32282846234738826751708984375" lon="7.3919459246098995208740234375">
        <ele>857</ele>
        <time>2025-07-22T10:37:17.000Z</time>
        <extensions>
          <ns3:TrackPointExtension>
            <ns3:atemp>22.0</ns3:atemp>
          </ns3:TrackPointExtension>
        </extensions>
      </trkpt>
      <trkpt lat="47.32276978902518749237060546875" lon="7.39197559654712677001953125">
        <ele>856.79998779296875</ele>
        <time>2025-07-22T10:37:19.000Z</time>
        <extensions>
          <ns3:TrackPointExtension>
            <ns3:atemp>22.0</ns3:atemp>
          </ns3:TrackPointExtension>
        </extensions>
      </trkpt>
      <trkpt lat="47.32273257337510585784912109375" lon="7.39199764095246791839599609375">
        <ele>856</ele>
        <time>2025-07-22T10:37:22.000Z</time>
        <extensions>
          <ns3:TrackPointExtension>
            <ns3:atemp>22.0</ns3:atemp>
          </ns3:TrackPointExtension>
        </extensions>
      </trkpt>
      <trkpt lat="47.3226922564208507537841796875" lon="7.392001412808895111083984375">
        <ele>855.5999755859375</ele>
        <time>2025-07-22T10:37:24.000Z</time>
        <extensions>
          <ns3:TrackPointExtension>
            <ns3:atemp>22.0</ns3:atemp>
          </ns3:TrackPointExtension>
        </extensions>
      </trkpt>
      <trkpt lat="47.32261623255908489227294921875" lon="7.39201356656849384307861328125">
        <ele>855.4000244140625</ele>
        <time>2025-07-22T10:37:27.000Z</time>
        <extensions>
          <ns3:TrackPointExtension>
            <ns3:atemp>22.0</ns3:atemp>
          </ns3:TrackPointExtension>
        </extensions>
      </trkpt>
      <trkpt lat="47.322586476802825927734375" lon="7.39201189018785953521728515625">
        <ele>855.20001220703125</ele>
        <time>2025-07-22T10:37:28.000Z</time>
        <extensions>
          <ns3:TrackPointExtension>
            <ns3:atemp>21.0</ns3:atemp>
          </ns3:TrackPointExtension>
        </extensions>
      </trkpt>
      <trkpt lat="47.32255068607628345489501953125" lon="7.3920129798352718353271484375">
        <ele>855</ele>
        <time>2025-07-22T10:37:30.000Z</time>
        <extensions>
          <ns3:TrackPointExtension>
            <ns3:atemp>21.0</ns3:atemp>
          </ns3:TrackPointExtension>
        </extensions>
      </trkpt>
      <trkpt lat="47.32253576628863811492919921875" lon="7.39202027209103107452392578125">
        <ele>855</ele>
        <time>2025-07-22T10:37:31.000Z</time>
        <extensions>
          <ns3:TrackPointExtension>
            <ns3:atemp>21.0</ns3:atemp>
          </ns3:TrackPointExtension>
        </extensions>
      </trkpt>
      <trkpt lat="47.3225095309317111968994140625" lon="7.392037622630596160888671875">
        <ele>854.79998779296875</ele>
        <time>2025-07-22T10:37:33.000Z</time>
        <extensions>
          <ns3:TrackPointExtension>
            <ns3:atemp>21.0</ns3:atemp>
          </ns3:TrackPointExtension>
        </extensions>
      </trkpt>
      <trkpt lat="47.32250458560883998870849609375" lon="7.39205472171306610107421875">
        <ele>854.5999755859375</ele>
        <time>2025-07-22T10:37:36.000Z</time>
        <extensions>
          <ns3:TrackPointExtension>
            <ns3:atemp>21.0</ns3:atemp>
          </ns3:TrackPointExtension>
        </extensions>
      </trkpt>
      <trkpt lat="47.32250458560883998870849609375" lon="7.39205472171306610107421875">
        <ele>854.20001220703125</ele>
        <time>2025-07-22T10:37:37.000Z</time>
        <extensions>
          <ns3:TrackPointExtension>
            <ns3:atemp>21.0</ns3:atemp>
          </ns3:TrackPointExtension>
        </extensions>
      </trkpt>
      <trkpt lat="47.322473824024200439453125" lon="7.39207911305129528045654296875">
        <ele>853</ele>
        <time>2025-07-22T10:37:40.000Z</time>
        <extensions>
          <ns3:TrackPointExtension>
            <ns3:atemp>21.0</ns3:atemp>
          </ns3:TrackPointExtension>
        </extensions>
      </trkpt>
      <trkpt lat="47.32246217317879199981689453125" lon="7.39208648912608623504638671875">
        <ele>852.4000244140625</ele>
        <time>2025-07-22T10:37:41.000Z</time>
        <extensions>
          <ns3:TrackPointExtension>
            <ns3:atemp>21.0</ns3:atemp>
          </ns3:TrackPointExtension>
        </extensions>
      </trkpt>
      <trkpt lat="47.3224376142024993896484375" lon="7.39210090599954128265380859375">
        <ele>851.5999755859375</ele>
        <time>2025-07-22T10:37:43.000Z</time>
        <extensions>
          <ns3:TrackPointExtension>
            <ns3:atemp>21.0</ns3:atemp>
          </ns3:TrackPointExtension>
        </extensions>
      </trkpt>
      <trkpt lat="47.322391681373119354248046875" lon="7.392145581543445587158203125">
        <ele>850.5999755859375</ele>
        <time>2025-07-22T10:37:47.000Z</time>
        <extensions>
          <ns3:TrackPointExtension>
            <ns3:atemp>21.0</ns3:atemp>
          </ns3:TrackPointExtension>
        </extensions>
      </trkpt>
      <trkpt lat="47.32237265445291996002197265625" lon="7.392158992588520050048828125">
        <ele>850.20001220703125</ele>
        <time>2025-07-22T10:37:48.000Z</time>
        <extensions>
          <ns3:TrackPointExtension>
            <ns3:atemp>21.0</ns3:atemp>
          </ns3:TrackPointExtension>
        </extensions>
      </trkpt>
      <trkpt lat="47.322307191789150238037109375" lon="7.3921787738800048828125">
        <ele>849.4000244140625</ele>
        <time>2025-07-22T10:37:50.000Z</time>
        <extensions>
          <ns3:TrackPointExtension>
            <ns3:atemp>21.0</ns3:atemp>
          </ns3:TrackPointExtension>
        </extensions>
      </trkpt>
      <trkpt lat="47.32227928005158901214599609375" lon="7.39218455739319324493408203125">
        <ele>849.4000244140625</ele>
        <time>2025-07-22T10:37:51.000Z</time>
        <extensions>
          <ns3:TrackPointExtension>
            <ns3:atemp>21.0</ns3:atemp>
          </ns3:TrackPointExtension>
        </extensions>
      </trkpt>
      <trkpt lat="47.322255559265613555908203125" lon="7.392186485230922698974609375">
        <ele>849.20001220703125</ele>
        <time>2025-07-22T10:37:52.000Z</time>
        <extensions>
          <ns3:TrackPointExtension>
            <ns3:atemp>21.0</ns3:atemp>
          </ns3:TrackPointExtension>
        </extensions>
      </trkpt>
      <trkpt lat="47.321985661983489990234375" lon="7.3922382853925228118896484375">
        <ele>848.4000244140625</ele>
        <time>2025-07-22T10:37:59.000Z</time>
        <extensions>
          <ns3:TrackPointExtension>
            <ns3:atemp>21.0</ns3:atemp>
          </ns3:TrackPointExtension>
        </extensions>
      </trkpt>
      <trkpt lat="47.3218503780663013458251953125" lon="7.3922439850866794586181640625">
        <ele>848.20001220703125</ele>
        <time>2025-07-22T10:38:03.000Z</time>
        <extensions>
          <ns3:TrackPointExtension>
            <ns3:atemp>21.0</ns3:atemp>
          </ns3:TrackPointExtension>
        </extensions>
      </trkpt>
      <trkpt lat="47.3218004219233989715576171875" lon="7.39225211553275585174560546875">
        <ele>847.20001220703125</ele>
        <time>2025-07-22T10:38:05.000Z</time>
        <extensions>
          <ns3:TrackPointExtension>
            <ns3:atemp>21.0</ns3:atemp>
          </ns3:TrackPointExtension>
        </extensions>
      </trkpt>
      <trkpt lat="47.32174216769635677337646484375" lon="7.39226267673075199127197265625">
        <ele>846.4000244140625</ele>
        <time>2025-07-22T10:38:07.000Z</time>
        <extensions>
          <ns3:TrackPointExtension>
            <ns3:atemp>21.0</ns3:atemp>
          </ns3:TrackPointExtension>
        </extensions>
      </trkpt>
      <trkpt lat="47.32166304253041744232177734375" lon="7.392294108867645263671875">
        <ele>846</ele>
        <time>2025-07-22T10:38:09.000Z</time>
        <extensions>
          <ns3:TrackPointExtension>
            <ns3:atemp>21.0</ns3:atemp>
          </ns3:TrackPointExtension>
        </extensions>
      </trkpt>
      <trkpt lat="47.32155717909336090087890625" lon="7.39233073778450489044189453125">
        <ele>845</ele>
        <time>2025-07-22T10:38:13.000Z</time>
        <extensions>
          <ns3:TrackPointExtension>
            <ns3:atemp>21.0</ns3:atemp>
          </ns3:TrackPointExtension>
        </extensions>
      </trkpt>
      <trkpt lat="47.32150018215179443359375" lon="7.39233501255512237548828125">
        <ele>843.79998779296875</ele>
        <time>2025-07-22T10:38:15.000Z</time>
        <extensions>
          <ns3:TrackPointExtension>
            <ns3:atemp>21.0</ns3:atemp>
          </ns3:TrackPointExtension>
        </extensions>
      </trkpt>
      <trkpt lat="47.32146841473877429962158203125" lon="7.3923492617905139923095703125">
        <ele>843.20001220703125</ele>
        <time>2025-07-22T10:38:16.000Z</time>
        <extensions>
          <ns3:TrackPointExtension>
            <ns3:atemp>21.0</ns3:atemp>
          </ns3:TrackPointExtension>
        </extensions>
      </trkpt>
      <trkpt lat="47.3214425146579742431640625" lon="7.39236074499785900115966796875">
        <ele>842.4000244140625</ele>
        <time>2025-07-22T10:38:17.000Z</time>
        <extensions>
          <ns3:TrackPointExtension>
            <ns3:atemp>21.0</ns3:atemp>
          </ns3:TrackPointExtension>
        </extensions>
      </trkpt>
      <trkpt lat="47.321436144411563873291015625" lon="7.392361164093017578125">
        <ele>841.79998779296875</ele>
        <time>2025-07-22T10:38:19.000Z</time>
        <extensions>
          <ns3:TrackPointExtension>
            <ns3:atemp>21.0</ns3:atemp>
          </ns3:TrackPointExtension>
        </extensions>
      </trkpt>
      <trkpt lat="47.321415357291698455810546875" lon="7.39235454238951206207275390625">
        <ele>841.20001220703125</ele>
        <time>2025-07-22T10:38:21.000Z</time>
        <extensions>
          <ns3:TrackPointExtension>
            <ns3:atemp>21.0</ns3:atemp>
          </ns3:TrackPointExtension>
        </extensions>
      </trkpt>
      <trkpt lat="47.3213726095855236053466796875" lon="7.392333336174488067626953125">
        <ele>840.20001220703125</ele>
        <time>2025-07-22T10:38:23.000Z</time>
        <extensions>
          <ns3:TrackPointExtension>
            <ns3:atemp>21.0</ns3:atemp>
          </ns3:TrackPointExtension>
        </extensions>
      </trkpt>
      <trkpt lat="47.32135056518018245697021484375" lon="7.3923264630138874053955078125">
        <ele>840</ele>
        <time>2025-07-22T10:38:24.000Z</time>
        <extensions>
          <ns3:TrackPointExtension>
            <ns3:atemp>21.0</ns3:atemp>
          </ns3:TrackPointExtension>
        </extensions>
      </trkpt>
      <trkpt lat="47.32132374309003353118896484375" lon="7.3923187516629695892333984375">
        <ele>839.4000244140625</ele>
        <time>2025-07-22T10:38:25.000Z</time>
        <extensions>
          <ns3:TrackPointExtension>
            <ns3:atemp>21.0</ns3:atemp>
          </ns3:TrackPointExtension>
        </extensions>
      </trkpt>
      <trkpt lat="47.32130077667534351348876953125" lon="7.39231229759752750396728515625">
        <ele>838.4000244140625</ele>
        <time>2025-07-22T10:38:26.000Z</time>
        <extensions>
          <ns3:TrackPointExtension>
            <ns3:atemp>21.0</ns3:atemp>
          </ns3:TrackPointExtension>
        </extensions>
      </trkpt>
      <trkpt lat="47.32128149829804897308349609375" lon="7.39230559207499027252197265625">
        <ele>836.79998779296875</ele>
        <time>2025-07-22T10:38:28.000Z</time>
        <extensions>
          <ns3:TrackPointExtension>
            <ns3:atemp>21.0</ns3:atemp>
          </ns3:TrackPointExtension>
        </extensions>
      </trkpt>
      <trkpt lat="47.321207486093044281005859375" lon="7.3922835476696491241455078125">
        <ele>835.5999755859375</ele>
        <time>2025-07-22T10:38:32.000Z</time>
        <extensions>
          <ns3:TrackPointExtension>
            <ns3:atemp>21.0</ns3:atemp>
          </ns3:TrackPointExtension>
        </extensions>
      </trkpt>
      <trkpt lat="47.32116448692977428436279296875" lon="7.392279021441936492919921875">
        <ele>835</ele>
        <time>2025-07-22T10:38:34.000Z</time>
        <extensions>
          <ns3:TrackPointExtension>
            <ns3:atemp>21.0</ns3:atemp>
          </ns3:TrackPointExtension>
        </extensions>
      </trkpt>
      <trkpt lat="47.32114386744797229766845703125" lon="7.39227105863392353057861328125">
        <ele>834.5999755859375</ele>
        <time>2025-07-22T10:38:35.000Z</time>
        <extensions>
          <ns3:TrackPointExtension>
            <ns3:atemp>21.0</ns3:atemp>
          </ns3:TrackPointExtension>
        </extensions>
      </trkpt>
      <trkpt lat="47.32108175754547119140625" lon="7.392249517142772674560546875">
        <ele>834</ele>
        <time>2025-07-22T10:38:38.000Z</time>
        <extensions>
          <ns3:TrackPointExtension>
            <ns3:atemp>21.0</ns3:atemp>
          </ns3:TrackPointExtension>
        </extensions>
      </trkpt>
      <trkpt lat="47.32106574811041355133056640625" lon="7.39224960096180438995361328125">
        <ele>833.20001220703125</ele>
        <time>2025-07-22T10:38:39.000Z</time>
        <extensions>
          <ns3:TrackPointExtension>
            <ns3:atemp>21.0</ns3:atemp>
          </ns3:TrackPointExtension>
        </extensions>
      </trkpt>
      <trkpt lat="47.3210658319294452667236328125" lon="7.39225680939853191375732421875">
        <ele>832.20001220703125</ele>
        <time>2025-07-22T10:38:41.000Z</time>
        <extensions>
          <ns3:TrackPointExtension>
            <ns3:atemp>21.0</ns3:atemp>
          </ns3:TrackPointExtension>
        </extensions>
      </trkpt>
      <trkpt lat="47.3210658319294452667236328125" lon="7.39225680939853191375732421875">
        <ele>831.79998779296875</ele>
        <time>2025-07-22T10:38:42.000Z</time>
        <extensions>
          <ns3:TrackPointExtension>
            <ns3:atemp>21.0</ns3:atemp>
          </ns3:TrackPointExtension>
        </extensions>
      </trkpt>
      <trkpt lat="47.321027778089046478271484375" lon="7.39223216660320758819580078125">
        <ele>829.20001220703125</ele>
        <time>2025-07-22T10:39:10.000Z</time>
        <extensions>
          <ns3:TrackPointExtension>
            <ns3:atemp>21.0</ns3:atemp>
          </ns3:TrackPointExtension>
        </extensions>
      </trkpt>
      <trkpt lat="47.32094789855182170867919921875" lon="7.39222495816648006439208984375">
        <ele>828.4000244140625</ele>
        <time>2025-07-22T10:39:14.000Z</time>
        <extensions>
          <ns3:TrackPointExtension>
            <ns3:atemp>21.0</ns3:atemp>
          </ns3:TrackPointExtension>
        </extensions>
      </trkpt>
      <trkpt lat="47.32093063183128833770751953125" lon="7.39222864620387554168701171875">
        <ele>827.79998779296875</ele>
        <time>2025-07-22T10:39:15.000Z</time>
        <extensions>
          <ns3:TrackPointExtension>
            <ns3:atemp>21.0</ns3:atemp>
          </ns3:TrackPointExtension>
        </extensions>
      </trkpt>
      <trkpt lat="47.3208670131862163543701171875" lon="7.39225848577916622161865234375">
        <ele>826.5999755859375</ele>
        <time>2025-07-22T10:39:18.000Z</time>
        <extensions>
          <ns3:TrackPointExtension>
            <ns3:atemp>21.0</ns3:atemp>
          </ns3:TrackPointExtension>
        </extensions>
      </trkpt>
      <trkpt lat="47.3208133690059185028076171875" lon="7.392329312860965728759765625">
        <ele>825.4000244140625</ele>
        <time>2025-07-22T10:39:22.000Z</time>
        <extensions>
          <ns3:TrackPointExtension>
            <ns3:atemp>21.0</ns3:atemp>
          </ns3:TrackPointExtension>
        </extensions>
      </trkpt>
      <trkpt lat="47.320805825293064117431640625" lon="7.392342053353786468505859375">
        <ele>825.5999755859375</ele>
        <time>2025-07-22T10:39:23.000Z</time>
        <extensions>
          <ns3:TrackPointExtension>
            <ns3:atemp>21.0</ns3:atemp>
          </ns3:TrackPointExtension>
        </extensions>
      </trkpt>
      <trkpt lat="47.320797778666019439697265625" lon="7.3923727311193943023681640625">
        <ele>825</ele>
        <time>2025-07-22T10:39:24.000Z</time>
        <extensions>
          <ns3:TrackPointExtension>
            <ns3:atemp>21.0</ns3:atemp>
          </ns3:TrackPointExtension>
        </extensions>
      </trkpt>
      <trkpt lat="47.32075989246368408203125" lon="7.39243031479418277740478515625">
        <ele>824.4000244140625</ele>
        <time>2025-07-22T10:39:26.000Z</time>
        <extensions>
          <ns3:TrackPointExtension>
            <ns3:atemp>21.0</ns3:atemp>
          </ns3:TrackPointExtension>
        </extensions>
      </trkpt>
      <trkpt lat="47.32073508203029632568359375" lon="7.39246635697782039642333984375">
        <ele>823.5999755859375</ele>
        <time>2025-07-22T10:39:27.000Z</time>
        <extensions>
          <ns3:TrackPointExtension>
            <ns3:atemp>21.0</ns3:atemp>
          </ns3:TrackPointExtension>
        </extensions>
      </trkpt>
      <trkpt lat="47.32071639038622379302978515625" lon="7.39249904640018939971923828125">
        <ele>823.20001220703125</ele>
        <time>2025-07-22T10:39:28.000Z</time>
        <extensions>
          <ns3:TrackPointExtension>
            <ns3:atemp>21.0</ns3:atemp>
          </ns3:TrackPointExtension>
        </extensions>
      </trkpt>
      <trkpt lat="47.3206995427608489990234375" lon="7.39252419210970401763916015625">
        <ele>822.20001220703125</ele>
        <time>2025-07-22T10:39:29.000Z</time>
        <extensions>
          <ns3:TrackPointExtension>
            <ns3:atemp>21.0</ns3:atemp>
          </ns3:TrackPointExtension>
        </extensions>
      </trkpt>
      <trkpt lat="47.3206873051822185516357421875" lon="7.39256207831203937530517578125">
        <ele>821.20001220703125</ele>
        <time>2025-07-22T10:39:31.000Z</time>
        <extensions>
          <ns3:TrackPointExtension>
            <ns3:atemp>21.0</ns3:atemp>
          </ns3:TrackPointExtension>
        </extensions>
      </trkpt>
      <trkpt lat="47.3206792585551738739013671875" lon="7.39256543107330799102783203125">
        <ele>820.79998779296875</ele>
        <time>2025-07-22T10:39:32.000Z</time>
        <extensions>
          <ns3:TrackPointExtension>
            <ns3:atemp>21.0</ns3:atemp>
          </ns3:TrackPointExtension>
        </extensions>
      </trkpt>
      <trkpt lat="47.32067607343196868896484375" lon="7.39256945438683032989501953125">
        <ele>819.79998779296875</ele>
        <time>2025-07-22T10:39:33.000Z</time>
        <extensions>
          <ns3:TrackPointExtension>
            <ns3:atemp>21.0</ns3:atemp>
          </ns3:TrackPointExtension>
        </extensions>
      </trkpt>
      <trkpt lat="47.320664338767528533935546875" lon="7.3925725556910037994384765625">
        <ele>818.4000244140625</ele>
        <time>2025-07-22T10:39:35.000Z</time>
        <extensions>
          <ns3:TrackPointExtension>
            <ns3:atemp>21.0</ns3:atemp>
          </ns3:TrackPointExtension>
        </extensions>
      </trkpt>
      <trkpt lat="47.320646233856678009033203125" lon="7.39256828092038631439208984375">
        <ele>817.5999755859375</ele>
        <time>2025-07-22T10:39:36.000Z</time>
        <extensions>
          <ns3:TrackPointExtension>
            <ns3:atemp>21.0</ns3:atemp>
          </ns3:TrackPointExtension>
        </extensions>
      </trkpt>
      <trkpt lat="47.320632152259349822998046875" lon="7.39255889318883419036865234375">
        <ele>817.4000244140625</ele>
        <time>2025-07-22T10:39:37.000Z</time>
        <extensions>
          <ns3:TrackPointExtension>
            <ns3:atemp>21.0</ns3:atemp>
          </ns3:TrackPointExtension>
        </extensions>
      </trkpt>
      <trkpt lat="47.3206043243408203125" lon="7.39255168475210666656494140625">
        <ele>816.20001220703125</ele>
        <time>2025-07-22T10:39:40.000Z</time>
        <extensions>
          <ns3:TrackPointExtension>
            <ns3:atemp>21.0</ns3:atemp>
          </ns3:TrackPointExtension>
        </extensions>
      </trkpt>
      <trkpt lat="47.32059351168572902679443359375" lon="7.39253844134509563446044921875">
        <ele>814.4000244140625</ele>
        <time>2025-07-22T10:39:44.000Z</time>
        <extensions>
          <ns3:TrackPointExtension>
            <ns3:atemp>21.0</ns3:atemp>
          </ns3:TrackPointExtension>
        </extensions>
      </trkpt>
      <trkpt lat="47.32051237486302852630615234375" lon="7.3925182409584522247314453125">
        <ele>809.20001220703125</ele>
        <time>2025-07-22T10:40:29.000Z</time>
        <extensions>
          <ns3:TrackPointExtension>
            <ns3:atemp>20.0</ns3:atemp>
          </ns3:TrackPointExtension>
        </extensions>
      </trkpt>
      <trkpt lat="47.3204968683421611785888671875" lon="7.392535507678985595703125">
        <ele>809</ele>
        <time>2025-07-22T10:40:34.000Z</time>
        <extensions>
          <ns3:TrackPointExtension>
            <ns3:atemp>21.0</ns3:atemp>
          </ns3:TrackPointExtension>
        </extensions>
      </trkpt>
      <trkpt lat="47.32046342454850673675537109375" lon="7.392592169344425201416015625">
        <ele>808</ele>
        <time>2025-07-22T10:40:40.000Z</time>
        <extensions>
          <ns3:TrackPointExtension>
            <ns3:atemp>21.0</ns3:atemp>
          </ns3:TrackPointExtension>
        </extensions>
      </trkpt>
      <trkpt lat="47.320453114807605743408203125" lon="7.39260968752205371856689453125">
        <ele>807.5999755859375</ele>
        <time>2025-07-22T10:40:41.000Z</time>
        <extensions>
          <ns3:TrackPointExtension>
            <ns3:atemp>21.0</ns3:atemp>
          </ns3:TrackPointExtension>
        </extensions>
      </trkpt>
      <trkpt lat="47.3204187490046024322509765625" lon="7.39267154596745967864990234375">
        <ele>806.79998779296875</ele>
        <time>2025-07-22T10:40:44.000Z</time>
        <extensions>
          <ns3:TrackPointExtension>
            <ns3:atemp>21.0</ns3:atemp>
          </ns3:TrackPointExtension>
        </extensions>
      </trkpt>
      <trkpt lat="47.32039771042764186859130859375" lon="7.392697446048259735107421875">
        <ele>805.79998779296875</ele>
        <time>2025-07-22T10:40:46.000Z</time>
        <extensions>
          <ns3:TrackPointExtension>
            <ns3:atemp>21.0</ns3:atemp>
          </ns3:TrackPointExtension>
        </extensions>
      </trkpt>
      <trkpt lat="47.32038245536386966705322265625" lon="7.39272334612905979156494140625">
        <ele>805.20001220703125</ele>
        <time>2025-07-22T10:40:48.000Z</time>
        <extensions>
          <ns3:TrackPointExtension>
            <ns3:atemp>21.0</ns3:atemp>
          </ns3:TrackPointExtension>
        </extensions>
      </trkpt>
      <trkpt lat="47.32037776149809360504150390625" lon="7.3927539400756359100341796875">
        <ele>804.5999755859375</ele>
        <time>2025-07-22T10:40:51.000Z</time>
        <extensions>
          <ns3:TrackPointExtension>
            <ns3:atemp>20.0</ns3:atemp>
          </ns3:TrackPointExtension>
        </extensions>
      </trkpt>
      <trkpt lat="47.320378683507442474365234375" lon="7.392759136855602264404296875">
        <ele>803.20001220703125</ele>
        <time>2025-07-22T10:40:55.000Z</time>
        <extensions>
          <ns3:TrackPointExtension>
            <ns3:atemp>20.0</ns3:atemp>
          </ns3:TrackPointExtension>
        </extensions>
      </trkpt>
      <trkpt lat="47.320378683507442474365234375" lon="7.392759136855602264404296875">
        <ele>802.79998779296875</ele>
        <time>2025-07-22T10:40:56.000Z</time>
        <extensions>
          <ns3:TrackPointExtension>
            <ns3:atemp>20.0</ns3:atemp>
          </ns3:TrackPointExtension>
        </extensions>
      </trkpt>
      <trkpt lat="47.320369295775890350341796875" lon="7.392777241766452789306640625">
        <ele>802.20001220703125</ele>
        <time>2025-07-22T10:40:58.000Z</time>
        <extensions>
          <ns3:TrackPointExtension>
            <ns3:atemp>20.0</ns3:atemp>
          </ns3:TrackPointExtension>
        </extensions>
      </trkpt>
      <trkpt lat="47.32036904431879520416259765625" lon="7.39281370304524898529052734375">
        <ele>802</ele>
        <time>2025-07-22T10:41:00.000Z</time>
        <extensions>
          <ns3:TrackPointExtension>
            <ns3:atemp>20.0</ns3:atemp>
          </ns3:TrackPointExtension>
        </extensions>
      </trkpt>
      <trkpt lat="47.32036619447171688079833984375" lon="7.39286667667329311370849609375">
        <ele>801.79998779296875</ele>
        <time>2025-07-22T10:41:02.000Z</time>
        <extensions>
          <ns3:TrackPointExtension>
            <ns3:atemp>20.0</ns3:atemp>
          </ns3:TrackPointExtension>
        </extensions>
      </trkpt>
      <trkpt lat="47.32036359608173370361328125" lon="7.39288712851703166961669921875">
        <ele>801</ele>
        <time>2025-07-22T10:41:06.000Z</time>
        <extensions>
          <ns3:TrackPointExtension>
            <ns3:atemp>20.0</ns3:atemp>
          </ns3:TrackPointExtension>
        </extensions>
      </trkpt>
      <trkpt lat="47.32035077176988124847412109375" lon="7.39295150153338909149169921875">
        <ele>799.5999755859375</ele>
        <time>2025-07-22T10:41:14.000Z</time>
        <extensions>
          <ns3:TrackPointExtension>
            <ns3:atemp>20.0</ns3:atemp>
          </ns3:TrackPointExtension>
        </extensions>
      </trkpt>
      <trkpt lat="47.3203439824283123016357421875" lon="7.39300531335175037384033203125">
        <ele>799.5999755859375</ele>
        <time>2025-07-22T10:41:16.000Z</time>
        <extensions>
          <ns3:TrackPointExtension>
            <ns3:atemp>21.0</ns3:atemp>
          </ns3:TrackPointExtension>
        </extensions>
      </trkpt>
      <trkpt lat="47.3203600756824016571044921875" lon="7.393083013594150543212890625">
        <ele>799</ele>
        <time>2025-07-22T10:41:19.000Z</time>
        <extensions>
          <ns3:TrackPointExtension>
            <ns3:atemp>21.0</ns3:atemp>
          </ns3:TrackPointExtension>
        </extensions>
      </trkpt>
      <trkpt lat="47.3203637637197971343994140625" lon="7.39311821758747100830078125">
        <ele>798.20001220703125</ele>
        <time>2025-07-22T10:41:21.000Z</time>
        <extensions>
          <ns3:TrackPointExtension>
            <ns3:atemp>21.0</ns3:atemp>
          </ns3:TrackPointExtension>
        </extensions>
      </trkpt>
      <trkpt lat="47.3203765042126178741455078125" lon="7.3932467959821224212646484375">
        <ele>797.4000244140625</ele>
        <time>2025-07-22T10:41:24.000Z</time>
        <extensions>
          <ns3:TrackPointExtension>
            <ns3:atemp>21.0</ns3:atemp>
          </ns3:TrackPointExtension>
        </extensions>
      </trkpt>
      <trkpt lat="47.3203818686306476593017578125" lon="7.39326666109263896942138671875">
        <ele>797.20001220703125</ele>
        <time>2025-07-22T10:41:25.000Z</time>
        <extensions>
          <ns3:TrackPointExtension>
            <ns3:atemp>21.0</ns3:atemp>
          </ns3:TrackPointExtension>
        </extensions>
      </trkpt>
      <trkpt lat="47.3203882388770580291748046875" lon="7.3932819999754428863525390625">
        <ele>797</ele>
        <time>2025-07-22T10:41:26.000Z</time>
        <extensions>
          <ns3:TrackPointExtension>
            <ns3:atemp>21.0</ns3:atemp>
          </ns3:TrackPointExtension>
        </extensions>
      </trkpt>
      <trkpt lat="47.32040190137922763824462890625" lon="7.39331929944455623626708984375">
        <ele>796</ele>
        <time>2025-07-22T10:41:29.000Z</time>
        <extensions>
          <ns3:TrackPointExtension>
            <ns3:atemp>21.0</ns3:atemp>
          </ns3:TrackPointExtension>
        </extensions>
      </trkpt>
      <trkpt lat="47.32040056027472019195556640625" lon="7.393348552286624908447265625">
        <ele>795.4000244140625</ele>
        <time>2025-07-22T10:41:30.000Z</time>
        <extensions>
          <ns3:TrackPointExtension>
            <ns3:atemp>21.0</ns3:atemp>
          </ns3:TrackPointExtension>
        </extensions>
      </trkpt>
      <trkpt lat="47.32039251364767551422119140625" lon="7.39339557476341724395751953125">
        <ele>794.79998779296875</ele>
        <time>2025-07-22T10:41:32.000Z</time>
        <extensions>
          <ns3:TrackPointExtension>
            <ns3:atemp>21.0</ns3:atemp>
          </ns3:TrackPointExtension>
        </extensions>
      </trkpt>
      <trkpt lat="47.3203862272202968597412109375" lon="7.39347805269062519073486328125">
        <ele>793.79998779296875</ele>
        <time>2025-07-22T10:41:34.000Z</time>
        <extensions>
          <ns3:TrackPointExtension>
            <ns3:atemp>21.0</ns3:atemp>
          </ns3:TrackPointExtension>
        </extensions>
      </trkpt>
      <trkpt lat="47.320382036268711090087890625" lon="7.39350470714271068572998046875">
        <ele>793</ele>
        <time>2025-07-22T10:41:35.000Z</time>
        <extensions>
          <ns3:TrackPointExtension>
            <ns3:atemp>21.0</ns3:atemp>
          </ns3:TrackPointExtension>
        </extensions>
      </trkpt>
      <trkpt lat="47.3203768394887447357177734375" lon="7.39355164580047130584716796875">
        <ele>792.20001220703125</ele>
        <time>2025-07-22T10:41:37.000Z</time>
        <extensions>
          <ns3:TrackPointExtension>
            <ns3:atemp>21.0</ns3:atemp>
          </ns3:TrackPointExtension>
        </extensions>
      </trkpt>
      <trkpt lat="47.32038228772580623626708984375" lon="7.39363244734704494476318359375">
        <ele>791.5999755859375</ele>
        <time>2025-07-22T10:41:39.000Z</time>
        <extensions>
          <ns3:TrackPointExtension>
            <ns3:atemp>21.0</ns3:atemp>
          </ns3:TrackPointExtension>
        </extensions>
      </trkpt>
      <trkpt lat="47.3203825391829013824462890625" lon="7.3936645500361919403076171875">
        <ele>791.4000244140625</ele>
        <time>2025-07-22T10:41:40.000Z</time>
        <extensions>
          <ns3:TrackPointExtension>
            <ns3:atemp>21.0</ns3:atemp>
          </ns3:TrackPointExtension>
        </extensions>
      </trkpt>
      <trkpt lat="47.3203879036009311676025390625" lon="7.3936846666038036346435546875">
        <ele>791.20001220703125</ele>
        <time>2025-07-22T10:41:41.000Z</time>
        <extensions>
          <ns3:TrackPointExtension>
            <ns3:atemp>21.0</ns3:atemp>
          </ns3:TrackPointExtension>
        </extensions>
      </trkpt>
      <trkpt lat="47.32040558941662311553955078125" lon="7.393764294683933258056640625">
        <ele>790</ele>
        <time>2025-07-22T10:41:44.000Z</time>
        <extensions>
          <ns3:TrackPointExtension>
            <ns3:atemp>21.0</ns3:atemp>
          </ns3:TrackPointExtension>
        </extensions>
      </trkpt>
      <trkpt lat="47.32041413895785808563232421875" lon="7.39385121501982212066650390625">
        <ele>789.5999755859375</ele>
        <time>2025-07-22T10:41:46.000Z</time>
        <extensions>
          <ns3:TrackPointExtension>
            <ns3:atemp>21.0</ns3:atemp>
          </ns3:TrackPointExtension>
        </extensions>
      </trkpt>
      <trkpt lat="47.3204214312136173248291015625" lon="7.393921874463558197021484375">
        <ele>788.79998779296875</ele>
        <time>2025-07-22T10:41:48.000Z</time>
        <extensions>
          <ns3:TrackPointExtension>
            <ns3:atemp>21.0</ns3:atemp>
          </ns3:TrackPointExtension>
        </extensions>
      </trkpt>
      <trkpt lat="47.32043023221194744110107421875" lon="7.39402337931096553802490234375">
        <ele>787.5999755859375</ele>
        <time>2025-07-22T10:41:50.000Z</time>
        <extensions>
          <ns3:TrackPointExtension>
            <ns3:atemp>21.0</ns3:atemp>
          </ns3:TrackPointExtension>
        </extensions>
      </trkpt>
      <trkpt lat="47.320432327687740325927734375" lon="7.39408926106989383697509765625">
        <ele>786.20001220703125</ele>
        <time>2025-07-22T10:41:52.000Z</time>
        <extensions>
          <ns3:TrackPointExtension>
            <ns3:atemp>21.0</ns3:atemp>
          </ns3:TrackPointExtension>
        </extensions>
      </trkpt>
      <trkpt lat="47.3204438947141170501708984375" lon="7.3941211961209774017333984375">
        <ele>785</ele>
        <time>2025-07-22T10:41:54.000Z</time>
        <extensions>
          <ns3:TrackPointExtension>
            <ns3:atemp>21.0</ns3:atemp>
          </ns3:TrackPointExtension>
        </extensions>
      </trkpt>
      <trkpt lat="47.32043693773448467254638671875" lon="7.3942040093243122100830078125">
        <ele>784</ele>
        <time>2025-07-22T10:41:56.000Z</time>
        <extensions>
          <ns3:TrackPointExtension>
            <ns3:atemp>21.0</ns3:atemp>
          </ns3:TrackPointExtension>
        </extensions>
      </trkpt>
      <trkpt lat="47.320441044867038726806640625" lon="7.394263185560703277587890625">
        <ele>783.5999755859375</ele>
        <time>2025-07-22T10:41:57.000Z</time>
        <extensions>
          <ns3:TrackPointExtension>
            <ns3:atemp>21.0</ns3:atemp>
          </ns3:TrackPointExtension>
        </extensions>
      </trkpt>
      <trkpt lat="47.3204378597438335418701171875" lon="7.39431071095168590545654296875">
        <ele>783.20001220703125</ele>
        <time>2025-07-22T10:41:58.000Z</time>
        <extensions>
          <ns3:TrackPointExtension>
            <ns3:atemp>21.0</ns3:atemp>
          </ns3:TrackPointExtension>
        </extensions>
      </trkpt>
      <trkpt lat="47.32043794356286525726318359375" lon="7.394382543861865997314453125">
        <ele>782.79998779296875</ele>
        <time>2025-07-22T10:41:59.000Z</time>
        <extensions>
          <ns3:TrackPointExtension>
            <ns3:atemp>21.0</ns3:atemp>
          </ns3:TrackPointExtension>
        </extensions>
      </trkpt>
      <trkpt lat="47.32038899324834346771240234375" lon="7.39450651220977306365966796875">
        <ele>781.79998779296875</ele>
        <time>2025-07-22T10:42:01.000Z</time>
        <extensions>
          <ns3:TrackPointExtension>
            <ns3:atemp>21.0</ns3:atemp>
          </ns3:TrackPointExtension>
        </extensions>
      </trkpt>
      <trkpt lat="47.32037432491779327392578125" lon="7.394635677337646484375">
        <ele>780.5999755859375</ele>
        <time>2025-07-22T10:42:04.000Z</time>
        <extensions>
          <ns3:TrackPointExtension>
            <ns3:atemp>21.0</ns3:atemp>
          </ns3:TrackPointExtension>
        </extensions>
      </trkpt>
      <trkpt lat="47.32038295827805995941162109375" lon="7.39466710947453975677490234375">
        <ele>780.4000244140625</ele>
        <time>2025-07-22T10:42:05.000Z</time>
        <extensions>
          <ns3:TrackPointExtension>
            <ns3:atemp>21.0</ns3:atemp>
          </ns3:TrackPointExtension>
        </extensions>
      </trkpt>
      <trkpt lat="47.32038731686770915985107421875" lon="7.39469409920275211334228515625">
        <ele>780.20001220703125</ele>
        <time>2025-07-22T10:42:07.000Z</time>
        <extensions>
          <ns3:TrackPointExtension>
            <ns3:atemp>21.0</ns3:atemp>
          </ns3:TrackPointExtension>
        </extensions>
      </trkpt>
      <trkpt lat="47.3203607462346553802490234375" lon="7.39479384385049343109130859375">
        <ele>780</ele>
        <time>2025-07-22T10:42:09.000Z</time>
        <extensions>
          <ns3:TrackPointExtension>
            <ns3:atemp>21.0</ns3:atemp>
          </ns3:TrackPointExtension>
        </extensions>
      </trkpt>
      <trkpt lat="47.3203144781291484832763671875" lon="7.394995428621768951416015625">
        <ele>779.5999755859375</ele>
        <time>2025-07-22T10:42:13.000Z</time>
        <extensions>
          <ns3:TrackPointExtension>
            <ns3:atemp>20.0</ns3:atemp>
          </ns3:TrackPointExtension>
        </extensions>
      </trkpt>
      <trkpt lat="47.3202866502106189727783203125" lon="7.39504873752593994140625">
        <ele>779.4000244140625</ele>
        <time>2025-07-22T10:42:14.000Z</time>
        <extensions>
          <ns3:TrackPointExtension>
            <ns3:atemp>20.0</ns3:atemp>
          </ns3:TrackPointExtension>
        </extensions>
      </trkpt>
      <trkpt lat="47.32021339237689971923828125" lon="7.39513347856700420379638671875">
        <ele>778.79998779296875</ele>
        <time>2025-07-22T10:42:18.000Z</time>
        <extensions>
          <ns3:TrackPointExtension>
            <ns3:atemp>20.0</ns3:atemp>
          </ns3:TrackPointExtension>
        </extensions>
      </trkpt>
      <trkpt lat="47.32020710594952106475830078125" lon="7.39519231952726840972900390625">
        <ele>778.5999755859375</ele>
        <time>2025-07-22T10:42:19.000Z</time>
        <extensions>
          <ns3:TrackPointExtension>
            <ns3:atemp>20.0</ns3:atemp>
          </ns3:TrackPointExtension>
        </extensions>
      </trkpt>
      <trkpt lat="47.3201622627675533294677734375" lon="7.3952651582658290863037109375">
        <ele>778.79998779296875</ele>
        <time>2025-07-22T10:42:23.000Z</time>
        <extensions>
          <ns3:TrackPointExtension>
            <ns3:atemp>20.0</ns3:atemp>
          </ns3:TrackPointExtension>
        </extensions>
      </trkpt>
      <trkpt lat="47.3201585747301578521728515625" lon="7.3952973447740077972412109375">
        <ele>779</ele>
        <time>2025-07-22T10:42:25.000Z</time>
        <extensions>
          <ns3:TrackPointExtension>
            <ns3:atemp>20.0</ns3:atemp>
          </ns3:TrackPointExtension>
        </extensions>
      </trkpt>
      <trkpt lat="47.3201589100062847137451171875" lon="7.3954148590564727783203125">
        <ele>779.4000244140625</ele>
        <time>2025-07-22T10:42:28.000Z</time>
        <extensions>
          <ns3:TrackPointExtension>
            <ns3:atemp>20.0</ns3:atemp>
          </ns3:TrackPointExtension>
        </extensions>
      </trkpt>
      <trkpt lat="47.3201014101505279541015625" lon="7.39554419182240962982177734375">
        <ele>780.79998779296875</ele>
        <time>2025-07-22T10:42:32.000Z</time>
        <extensions>
          <ns3:TrackPointExtension>
            <ns3:atemp>20.0</ns3:atemp>
          </ns3:TrackPointExtension>
        </extensions>
      </trkpt>
      <trkpt lat="47.32009269297122955322265625" lon="7.39557822234928607940673828125">
        <ele>781.20001220703125</ele>
        <time>2025-07-22T10:42:33.000Z</time>
        <extensions>
          <ns3:TrackPointExtension>
            <ns3:atemp>20.0</ns3:atemp>
          </ns3:TrackPointExtension>
        </extensions>
      </trkpt>
      <trkpt lat="47.3200905136764049530029296875" lon="7.39581710658967494964599609375">
        <ele>782</ele>
        <time>2025-07-22T10:42:38.000Z</time>
        <extensions>
          <ns3:TrackPointExtension>
            <ns3:atemp>20.0</ns3:atemp>
          </ns3:TrackPointExtension>
        </extensions>
      </trkpt>
      <trkpt lat="47.32016670517623424530029296875" lon="7.39611214958131313323974609375">
        <ele>781.5999755859375</ele>
        <time>2025-07-22T10:42:44.000Z</time>
        <extensions>
          <ns3:TrackPointExtension>
            <ns3:atemp>20.0</ns3:atemp>
          </ns3:TrackPointExtension>
        </extensions>
      </trkpt>
      <trkpt lat="47.32023191638290882110595703125" lon="7.39636645652353763580322265625">
        <ele>781.20001220703125</ele>
        <time>2025-07-22T10:42:49.000Z</time>
        <extensions>
          <ns3:TrackPointExtension>
            <ns3:atemp>20.0</ns3:atemp>
          </ns3:TrackPointExtension>
        </extensions>
      </trkpt>
      <trkpt lat="47.3202876560389995574951171875" lon="7.39659612067043781280517578125">
        <ele>780.79998779296875</ele>
        <time>2025-07-22T10:42:52.000Z</time>
        <extensions>
          <ns3:TrackPointExtension>
            <ns3:atemp>20.0</ns3:atemp>
          </ns3:TrackPointExtension>
        </extensions>
      </trkpt>
      <trkpt lat="47.3203047551214694976806640625" lon="7.39665529690682888031005859375">
        <ele>780.5999755859375</ele>
        <time>2025-07-22T10:42:53.000Z</time>
        <extensions>
          <ns3:TrackPointExtension>
            <ns3:atemp>20.0</ns3:atemp>
          </ns3:TrackPointExtension>
        </extensions>
      </trkpt>
      <trkpt lat="47.32042671181261539459228515625" lon="7.39687724970281124114990234375">
        <ele>780.4000244140625</ele>
        <time>2025-07-22T10:42:57.000Z</time>
        <extensions>
          <ns3:TrackPointExtension>
            <ns3:atemp>20.0</ns3:atemp>
          </ns3:TrackPointExtension>
        </extensions>
      </trkpt>
      <trkpt lat="47.3204713873565196990966796875" lon="7.3971126973628997802734375">
        <ele>779.4000244140625</ele>
        <time>2025-07-22T10:43:01.000Z</time>
        <extensions>
          <ns3:TrackPointExtension>
            <ns3:atemp>20.0</ns3:atemp>
          </ns3:TrackPointExtension>
        </extensions>
      </trkpt>
      <trkpt lat="47.32049577869474887847900390625" lon="7.39717799238860607147216796875">
        <ele>779.20001220703125</ele>
        <time>2025-07-22T10:43:02.000Z</time>
        <extensions>
          <ns3:TrackPointExtension>
            <ns3:atemp>20.0</ns3:atemp>
          </ns3:TrackPointExtension>
        </extensions>
      </trkpt>
      <trkpt lat="47.320534251630306243896484375" lon="7.39736624993383884429931640625">
        <ele>777.4000244140625</ele>
        <time>2025-07-22T10:43:06.000Z</time>
        <extensions>
          <ns3:TrackPointExtension>
            <ns3:atemp>20.0</ns3:atemp>
          </ns3:TrackPointExtension>
        </extensions>
      </trkpt>
      <trkpt lat="47.32056098990142345428466796875" lon="7.39745660685002803802490234375">
        <ele>775.5999755859375</ele>
        <time>2025-07-22T10:43:08.000Z</time>
        <extensions>
          <ns3:TrackPointExtension>
            <ns3:atemp>20.0</ns3:atemp>
          </ns3:TrackPointExtension>
        </extensions>
      </trkpt>
      <trkpt lat="47.3205883987247943878173828125" lon="7.397564314305782318115234375">
        <ele>774.4000244140625</ele>
        <time>2025-07-22T10:43:10.000Z</time>
        <extensions>
          <ns3:TrackPointExtension>
            <ns3:atemp>20.0</ns3:atemp>
          </ns3:TrackPointExtension>
        </extensions>
      </trkpt>
      <trkpt lat="47.3206378519535064697265625" lon="7.3976687528192996978759765625">
        <ele>772.4000244140625</ele>
        <time>2025-07-22T10:43:12.000Z</time>
        <extensions>
          <ns3:TrackPointExtension>
            <ns3:atemp>20.0</ns3:atemp>
          </ns3:TrackPointExtension>
        </extensions>
      </trkpt>
      <trkpt lat="47.32068487443029880523681640625" lon="7.39777914248406887054443359375">
        <ele>769.5999755859375</ele>
        <time>2025-07-22T10:43:14.000Z</time>
        <extensions>
          <ns3:TrackPointExtension>
            <ns3:atemp>20.0</ns3:atemp>
          </ns3:TrackPointExtension>
        </extensions>
      </trkpt>
      <trkpt lat="47.3207533545792102813720703125" lon="7.3978612013161182403564453125">
        <ele>768.5999755859375</ele>
        <time>2025-07-22T10:43:16.000Z</time>
        <extensions>
          <ns3:TrackPointExtension>
            <ns3:atemp>20.0</ns3:atemp>
          </ns3:TrackPointExtension>
        </extensions>
      </trkpt>
      <trkpt lat="47.32076969929039478302001953125" lon="7.39789129234850406646728515625">
        <ele>768.4000244140625</ele>
        <time>2025-07-22T10:43:17.000Z</time>
        <extensions>
          <ns3:TrackPointExtension>
            <ns3:atemp>20.0</ns3:atemp>
          </ns3:TrackPointExtension>
        </extensions>
      </trkpt>
      <trkpt lat="47.3207845352590084075927734375" lon="7.39802791737020015716552734375">
        <ele>767.79998779296875</ele>
        <time>2025-07-22T10:43:20.000Z</time>
        <extensions>
          <ns3:TrackPointExtension>
            <ns3:atemp>20.0</ns3:atemp>
          </ns3:TrackPointExtension>
        </extensions>
      </trkpt>
      <trkpt lat="47.32077942229807376861572265625" lon="7.398090027272701263427734375">
        <ele>767.4000244140625</ele>
        <time>2025-07-22T10:43:21.000Z</time>
        <extensions>
          <ns3:TrackPointExtension>
            <ns3:atemp>20.0</ns3:atemp>
          </ns3:TrackPointExtension>
        </extensions>
      </trkpt>
      <trkpt lat="47.3207925818860530853271484375" lon="7.398248612880706787109375">
        <ele>765.79998779296875</ele>
        <time>2025-07-22T10:43:23.000Z</time>
        <extensions>
          <ns3:TrackPointExtension>
            <ns3:atemp>20.0</ns3:atemp>
          </ns3:TrackPointExtension>
        </extensions>
      </trkpt>
      <trkpt lat="47.32081957161426544189453125" lon="7.39844684489071369171142578125">
        <ele>764.4000244140625</ele>
        <time>2025-07-22T10:43:26.000Z</time>
        <extensions>
          <ns3:TrackPointExtension>
            <ns3:atemp>20.0</ns3:atemp>
          </ns3:TrackPointExtension>
        </extensions>
      </trkpt>
      <trkpt lat="47.3208321444690227508544921875" lon="7.39851213991641998291015625">
        <ele>763.20001220703125</ele>
        <time>2025-07-22T10:43:28.000Z</time>
        <extensions>
          <ns3:TrackPointExtension>
            <ns3:atemp>20.0</ns3:atemp>
          </ns3:TrackPointExtension>
        </extensions>
      </trkpt>
      <trkpt lat="47.32085351832211017608642578125" lon="7.398550696671009063720703125">
        <ele>762.5999755859375</ele>
        <time>2025-07-22T10:43:29.000Z</time>
        <extensions>
          <ns3:TrackPointExtension>
            <ns3:atemp>20.0</ns3:atemp>
          </ns3:TrackPointExtension>
        </extensions>
      </trkpt>
      <trkpt lat="47.320880927145481109619140625" lon="7.39856318570673465728759765625">
        <ele>761.5999755859375</ele>
        <time>2025-07-22T10:43:30.000Z</time>
        <extensions>
          <ns3:TrackPointExtension>
            <ns3:atemp>20.0</ns3:atemp>
          </ns3:TrackPointExtension>
        </extensions>
      </trkpt>
      <trkpt lat="47.3209260217845439910888671875" lon="7.39857307635247707366943359375">
        <ele>760.5999755859375</ele>
        <time>2025-07-22T10:43:33.000Z</time>
        <extensions>
          <ns3:TrackPointExtension>
            <ns3:atemp>20.0</ns3:atemp>
          </ns3:TrackPointExtension>
        </extensions>
      </trkpt>
      <trkpt lat="47.32093800790607929229736328125" lon="7.3985837213695049285888671875">
        <ele>760.5999755859375</ele>
        <time>2025-07-22T10:43:34.000Z</time>
        <extensions>
          <ns3:TrackPointExtension>
            <ns3:atemp>20.0</ns3:atemp>
          </ns3:TrackPointExtension>
        </extensions>
      </trkpt>
      <trkpt lat="47.32098427601158618927001953125" lon="7.39862269721925258636474609375">
        <ele>760.5999755859375</ele>
        <time>2025-07-22T10:43:36.000Z</time>
        <extensions>
          <ns3:TrackPointExtension>
            <ns3:atemp>20.0</ns3:atemp>
          </ns3:TrackPointExtension>
        </extensions>
      </trkpt>
      <trkpt lat="47.32103339396417140960693359375" lon="7.39865203388035297393798828125">
        <ele>761.20001220703125</ele>
        <time>2025-07-22T10:43:40.000Z</time>
        <extensions>
          <ns3:TrackPointExtension>
            <ns3:atemp>20.0</ns3:atemp>
          </ns3:TrackPointExtension>
        </extensions>
      </trkpt>
      <trkpt lat="47.321049235761165618896484375" lon="7.39865689538419246673583984375">
        <ele>761.4000244140625</ele>
        <time>2025-07-22T10:43:41.000Z</time>
        <extensions>
          <ns3:TrackPointExtension>
            <ns3:atemp>20.0</ns3:atemp>
          </ns3:TrackPointExtension>
        </extensions>
      </trkpt>
      <trkpt lat="47.321061976253986358642578125" lon="7.39867064170539379119873046875">
        <ele>761.79998779296875</ele>
        <time>2025-07-22T10:43:42.000Z</time>
        <extensions>
          <ns3:TrackPointExtension>
            <ns3:atemp>20.0</ns3:atemp>
          </ns3:TrackPointExtension>
        </extensions>
      </trkpt>
      <trkpt lat="47.3210688494145870208740234375" lon="7.398680113255977630615234375">
        <ele>762</ele>
        <time>2025-07-22T10:43:43.000Z</time>
        <extensions>
          <ns3:TrackPointExtension>
            <ns3:atemp>20.0</ns3:atemp>
          </ns3:TrackPointExtension>
        </extensions>
      </trkpt>
      <trkpt lat="47.32111235149204730987548828125" lon="7.39871389232575893402099609375">
        <ele>762.79998779296875</ele>
        <time>2025-07-22T10:43:45.000Z</time>
        <extensions>
          <ns3:TrackPointExtension>
            <ns3:atemp>20.0</ns3:atemp>
          </ns3:TrackPointExtension>
        </extensions>
      </trkpt>
      <trkpt lat="47.32128753326833248138427734375" lon="7.39883509464561939239501953125">
        <ele>765.4000244140625</ele>
        <time>2025-07-22T10:44:11.000Z</time>
        <extensions>
          <ns3:TrackPointExtension>
            <ns3:atemp>20.0</ns3:atemp>
          </ns3:TrackPointExtension>
        </extensions>
      </trkpt>
      <trkpt lat="47.32131904922425746917724609375" lon="7.39888203330338001251220703125">
        <ele>765.4000244140625</ele>
        <time>2025-07-22T10:44:13.000Z</time>
        <extensions>
          <ns3:TrackPointExtension>
            <ns3:atemp>20.0</ns3:atemp>
          </ns3:TrackPointExtension>
        </extensions>
      </trkpt>
      <trkpt lat="47.3214451968669891357421875" lon="7.39902469329535961151123046875">
        <ele>765</ele>
        <time>2025-07-22T10:44:17.000Z</time>
        <extensions>
          <ns3:TrackPointExtension>
            <ns3:atemp>20.0</ns3:atemp>
          </ns3:TrackPointExtension>
        </extensions>
      </trkpt>
      <trkpt lat="47.32155374251306056976318359375" lon="7.39909694530069828033447265625">
        <ele>765</ele>
        <time>2025-07-22T10:44:21.000Z</time>
        <extensions>
          <ns3:TrackPointExtension>
            <ns3:atemp>20.0</ns3:atemp>
          </ns3:TrackPointExtension>
        </extensions>
      </trkpt>
      <trkpt lat="47.32179044745862483978271484375" lon="7.3992606438696384429931640625">
        <ele>765.20001220703125</ele>
        <time>2025-07-22T10:44:29.000Z</time>
        <extensions>
          <ns3:TrackPointExtension>
            <ns3:atemp>20.0</ns3:atemp>
          </ns3:TrackPointExtension>
        </extensions>
      </trkpt>
      <trkpt lat="47.3219761066138744354248046875" lon="7.3993739672005176544189453125">
        <ele>766</ele>
        <time>2025-07-22T10:44:35.000Z</time>
        <extensions>
          <ns3:TrackPointExtension>
            <ns3:atemp>20.0</ns3:atemp>
          </ns3:TrackPointExtension>
        </extensions>
      </trkpt>
      <trkpt lat="47.3220424912869930267333984375" lon="7.399399280548095703125">
        <ele>766.4000244140625</ele>
        <time>2025-07-22T10:44:37.000Z</time>
        <extensions>
          <ns3:TrackPointExtension>
            <ns3:atemp>20.0</ns3:atemp>
          </ns3:TrackPointExtension>
        </extensions>
      </trkpt>
      <trkpt lat="47.32217685319483280181884765625" lon="7.3994473926723003387451171875">
        <ele>767.4000244140625</ele>
        <time>2025-07-22T10:44:41.000Z</time>
        <extensions>
          <ns3:TrackPointExtension>
            <ns3:atemp>20.0</ns3:atemp>
          </ns3:TrackPointExtension>
        </extensions>
      </trkpt>
      <trkpt lat="47.322239466011524200439453125" lon="7.39947144873440265655517578125">
        <ele>767.79998779296875</ele>
        <time>2025-07-22T10:44:43.000Z</time>
        <extensions>
          <ns3:TrackPointExtension>
            <ns3:atemp>20.0</ns3:atemp>
          </ns3:TrackPointExtension>
        </extensions>
      </trkpt>
      <trkpt lat="47.32248296029865741729736328125" lon="7.39956750534474849700927734375">
        <ele>768.4000244140625</ele>
        <time>2025-07-22T10:44:51.000Z</time>
        <extensions>
          <ns3:TrackPointExtension>
            <ns3:atemp>20.0</ns3:atemp>
          </ns3:TrackPointExtension>
        </extensions>
      </trkpt>
      <trkpt lat="47.32274682261049747467041015625" lon="7.3996941559016704559326171875">
        <ele>767.20001220703125</ele>
        <time>2025-07-22T10:45:00.000Z</time>
        <extensions>
          <ns3:TrackPointExtension>
            <ns3:atemp>20.0</ns3:atemp>
          </ns3:TrackPointExtension>
        </extensions>
      </trkpt>
      <trkpt lat="47.3229088447988033294677734375" lon="7.3997387476265430450439453125">
        <ele>766.20001220703125</ele>
        <time>2025-07-22T10:45:05.000Z</time>
        <extensions>
          <ns3:TrackPointExtension>
            <ns3:atemp>20.0</ns3:atemp>
          </ns3:TrackPointExtension>
        </extensions>
      </trkpt>
      <trkpt lat="47.3229678533971309661865234375" lon="7.39975810982286930084228515625">
        <ele>766</ele>
        <time>2025-07-22T10:45:07.000Z</time>
        <extensions>
          <ns3:TrackPointExtension>
            <ns3:atemp>20.0</ns3:atemp>
          </ns3:TrackPointExtension>
        </extensions>
      </trkpt>
      <trkpt lat="47.323052175343036651611328125" lon="7.3997967503964900970458984375">
        <ele>766.4000244140625</ele>
        <time>2025-07-22T10:45:12.000Z</time>
        <extensions>
          <ns3:TrackPointExtension>
            <ns3:atemp>20.0</ns3:atemp>
          </ns3:TrackPointExtension>
        </extensions>
      </trkpt>
      <trkpt lat="47.3230550251901149749755859375" lon="7.3997967503964900970458984375">
        <ele>767.20001220703125</ele>
        <time>2025-07-22T10:45:15.000Z</time>
        <extensions>
          <ns3:TrackPointExtension>
            <ns3:atemp>20.0</ns3:atemp>
          </ns3:TrackPointExtension>
        </extensions>
      </trkpt>
      <trkpt lat="47.32309550978243350982666015625" lon="7.39981032907962799072265625">
        <ele>768.4000244140625</ele>
        <time>2025-07-22T10:45:42.000Z</time>
        <extensions>
          <ns3:TrackPointExtension>
            <ns3:atemp>20.0</ns3:atemp>
          </ns3:TrackPointExtension>
        </extensions>
      </trkpt>
      <trkpt lat="47.32313557527959346771240234375" lon="7.3998426832258701324462890625">
        <ele>768.20001220703125</ele>
        <time>2025-07-22T10:45:45.000Z</time>
        <extensions>
          <ns3:TrackPointExtension>
            <ns3:atemp>20.0</ns3:atemp>
          </ns3:TrackPointExtension>
        </extensions>
      </trkpt>
      <trkpt lat="47.32326096855103969573974609375" lon="7.40002356469631195068359375">
        <ele>768</ele>
        <time>2025-07-22T10:45:52.000Z</time>
        <extensions>
          <ns3:TrackPointExtension>
            <ns3:atemp>21.0</ns3:atemp>
          </ns3:TrackPointExtension>
        </extensions>
      </trkpt>
      <trkpt lat="47.3234005272388458251953125" lon="7.400110401213169097900390625">
        <ele>767.79998779296875</ele>
        <time>2025-07-22T10:45:57.000Z</time>
        <extensions>
          <ns3:TrackPointExtension>
            <ns3:atemp>21.0</ns3:atemp>
          </ns3:TrackPointExtension>
        </extensions>
      </trkpt>
      <trkpt lat="47.323493063449859619140625" lon="7.400223053991794586181640625">
        <ele>767.20001220703125</ele>
        <time>2025-07-22T10:46:01.000Z</time>
        <extensions>
          <ns3:TrackPointExtension>
            <ns3:atemp>21.0</ns3:atemp>
          </ns3:TrackPointExtension>
        </extensions>
      </trkpt>
      <trkpt lat="47.3235019482672214508056640625" lon="7.400265969336032867431640625">
        <ele>766.79998779296875</ele>
        <time>2025-07-22T10:46:02.000Z</time>
        <extensions>
          <ns3:TrackPointExtension>
            <ns3:atemp>21.0</ns3:atemp>
          </ns3:TrackPointExtension>
        </extensions>
      </trkpt>
      <trkpt lat="47.32350454665720462799072265625" lon="7.40034735761582851409912109375">
        <ele>765.79998779296875</ele>
        <time>2025-07-22T10:46:04.000Z</time>
        <extensions>
          <ns3:TrackPointExtension>
            <ns3:atemp>21.0</ns3:atemp>
          </ns3:TrackPointExtension>
        </extensions>
      </trkpt>
      <trkpt lat="47.32350555248558521270751953125" lon="7.400389015674591064453125">
        <ele>764.5999755859375</ele>
        <time>2025-07-22T10:46:07.000Z</time>
        <extensions>
          <ns3:TrackPointExtension>
            <ns3:atemp>21.0</ns3:atemp>
          </ns3:TrackPointExtension>
        </extensions>
      </trkpt>
      <trkpt lat="47.32350555248558521270751953125" lon="7.400389015674591064453125">
        <ele>764</ele>
        <time>2025-07-22T10:46:08.000Z</time>
        <extensions>
          <ns3:TrackPointExtension>
            <ns3:atemp>21.0</ns3:atemp>
          </ns3:TrackPointExtension>
        </extensions>
      </trkpt>
      <trkpt lat="47.32349197380244731903076171875" lon="7.40043218247592449188232421875">
        <ele>762.79998779296875</ele>
        <time>2025-07-22T10:46:21.000Z</time>
        <extensions>
          <ns3:TrackPointExtension>
            <ns3:atemp>21.0</ns3:atemp>
          </ns3:TrackPointExtension>
        </extensions>
      </trkpt>
      <trkpt lat="47.32346045784652233123779296875" lon="7.40052388049662113189697265625">
        <ele>762.79998779296875</ele>
        <time>2025-07-22T10:46:23.000Z</time>
        <extensions>
          <ns3:TrackPointExtension>
            <ns3:atemp>21.0</ns3:atemp>
          </ns3:TrackPointExtension>
        </extensions>
      </trkpt>
      <trkpt lat="47.32342894189059734344482421875" lon="7.4005893431603908538818359375">
        <ele>762.5999755859375</ele>
        <time>2025-07-22T10:46:24.000Z</time>
        <extensions>
          <ns3:TrackPointExtension>
            <ns3:atemp>21.0</ns3:atemp>
          </ns3:TrackPointExtension>
        </extensions>
      </trkpt>
      <trkpt lat="47.32336322776973247528076171875" lon="7.40068732760846614837646484375">
        <ele>762.4000244140625</ele>
        <time>2025-07-22T10:46:26.000Z</time>
        <extensions>
          <ns3:TrackPointExtension>
            <ns3:atemp>21.0</ns3:atemp>
          </ns3:TrackPointExtension>
        </extensions>
      </trkpt>
      <trkpt lat="47.32330539263784885406494140625" lon="7.4007542990148067474365234375">
        <ele>762</ele>
        <time>2025-07-22T10:46:27.000Z</time>
        <extensions>
          <ns3:TrackPointExtension>
            <ns3:atemp>21.0</ns3:atemp>
          </ns3:TrackPointExtension>
        </extensions>
      </trkpt>
      <trkpt lat="47.323200702667236328125" lon="7.400864101946353912353515625">
        <ele>761.4000244140625</ele>
        <time>2025-07-22T10:46:29.000Z</time>
        <extensions>
          <ns3:TrackPointExtension>
            <ns3:atemp>21.0</ns3:atemp>
          </ns3:TrackPointExtension>
        </extensions>
      </trkpt>
      <trkpt lat="47.32299207709729671478271484375" lon="7.4010687880218029022216796875">
        <ele>760.20001220703125</ele>
        <time>2025-07-22T10:46:32.000Z</time>
        <extensions>
          <ns3:TrackPointExtension>
            <ns3:atemp>21.0</ns3:atemp>
          </ns3:TrackPointExtension>
        </extensions>
      </trkpt>
      <trkpt lat="47.3228251934051513671875" lon="7.40115386433899402618408203125">
        <ele>759</ele>
        <time>2025-07-22T10:46:34.000Z</time>
        <extensions>
          <ns3:TrackPointExtension>
            <ns3:atemp>21.0</ns3:atemp>
          </ns3:TrackPointExtension>
        </extensions>
      </trkpt>
      <trkpt lat="47.32274162583053112030029296875" lon="7.4011827819049358367919921875">
        <ele>758.20001220703125</ele>
        <time>2025-07-22T10:46:35.000Z</time>
        <extensions>
          <ns3:TrackPointExtension>
            <ns3:atemp>21.0</ns3:atemp>
          </ns3:TrackPointExtension>
        </extensions>
      </trkpt>
      <trkpt lat="47.3226761631667613983154296875" lon="7.40120516158640384674072265625">
        <ele>757</ele>
        <time>2025-07-22T10:46:36.000Z</time>
        <extensions>
          <ns3:TrackPointExtension>
            <ns3:atemp>21.0</ns3:atemp>
          </ns3:TrackPointExtension>
        </extensions>
      </trkpt>
      <trkpt lat="47.32257834635674953460693359375" lon="7.4012538604438304901123046875">
        <ele>756.4000244140625</ele>
        <time>2025-07-22T10:46:37.000Z</time>
        <extensions>
          <ns3:TrackPointExtension>
            <ns3:atemp>21.0</ns3:atemp>
          </ns3:TrackPointExtension>
        </extensions>
      </trkpt>
      <trkpt lat="47.32250140048563480377197265625" lon="7.4013215862214565277099609375">
        <ele>754.79998779296875</ele>
        <time>2025-07-22T10:46:38.000Z</time>
        <extensions>
          <ns3:TrackPointExtension>
            <ns3:atemp>21.0</ns3:atemp>
          </ns3:TrackPointExtension>
        </extensions>
      </trkpt>
      <trkpt lat="47.32243149541318416595458984375" lon="7.40140615962445735931396484375">
        <ele>754.20001220703125</ele>
        <time>2025-07-22T10:46:39.000Z</time>
        <extensions>
          <ns3:TrackPointExtension>
            <ns3:atemp>21.0</ns3:atemp>
          </ns3:TrackPointExtension>
        </extensions>
      </trkpt>
      <trkpt lat="47.32236879877746105194091796875" lon="7.4014912359416484832763671875">
        <ele>753</ele>
        <time>2025-07-22T10:46:40.000Z</time>
        <extensions>
          <ns3:TrackPointExtension>
            <ns3:atemp>21.0</ns3:atemp>
          </ns3:TrackPointExtension>
        </extensions>
      </trkpt>
      <trkpt lat="47.322300486266613006591796875" lon="7.4015720374882221221923828125">
        <ele>752.5999755859375</ele>
        <time>2025-07-22T10:46:41.000Z</time>
        <extensions>
          <ns3:TrackPointExtension>
            <ns3:atemp>21.0</ns3:atemp>
          </ns3:TrackPointExtension>
        </extensions>
      </trkpt>
      <trkpt lat="47.32222228311002254486083984375" lon="7.401638925075531005859375">
        <ele>751.5999755859375</ele>
        <time>2025-07-22T10:46:42.000Z</time>
        <extensions>
          <ns3:TrackPointExtension>
            <ns3:atemp>21.0</ns3:atemp>
          </ns3:TrackPointExtension>
        </extensions>
      </trkpt>
      <trkpt lat="47.32213159091770648956298828125" lon="7.4016799964010715484619140625">
        <ele>750.5999755859375</ele>
        <time>2025-07-22T10:46:43.000Z</time>
        <extensions>
          <ns3:TrackPointExtension>
            <ns3:atemp>21.0</ns3:atemp>
          </ns3:TrackPointExtension>
        </extensions>
      </trkpt>
      <trkpt lat="47.32205347158014774322509765625" lon="7.40170086733996868133544921875">
        <ele>749</ele>
        <time>2025-07-22T10:46:44.000Z</time>
        <extensions>
          <ns3:TrackPointExtension>
            <ns3:atemp>21.0</ns3:atemp>
          </ns3:TrackPointExtension>
        </extensions>
      </trkpt>
      <trkpt lat="47.32193511910736560821533203125" lon="7.40172685123980045318603515625">
        <ele>747.4000244140625</ele>
        <time>2025-07-22T10:46:45.000Z</time>
        <extensions>
          <ns3:TrackPointExtension>
            <ns3:atemp>21.0</ns3:atemp>
          </ns3:TrackPointExtension>
        </extensions>
      </trkpt>
      <trkpt lat="47.32184526510536670684814453125" lon="7.40175015293061733245849609375">
        <ele>746.20001220703125</ele>
        <time>2025-07-22T10:46:46.000Z</time>
        <extensions>
          <ns3:TrackPointExtension>
            <ns3:atemp>21.0</ns3:atemp>
          </ns3:TrackPointExtension>
        </extensions>
      </trkpt>
      <trkpt lat="47.32176379300653934478759765625" lon="7.40177513100206851959228515625">
        <ele>744.20001220703125</ele>
        <time>2025-07-22T10:46:47.000Z</time>
        <extensions>
          <ns3:TrackPointExtension>
            <ns3:atemp>21.0</ns3:atemp>
          </ns3:TrackPointExtension>
        </extensions>
      </trkpt>
      <trkpt lat="47.32169187627732753753662109375" lon="7.40180094726383686065673828125">
        <ele>743.4000244140625</ele>
        <time>2025-07-22T10:46:48.000Z</time>
        <extensions>
          <ns3:TrackPointExtension>
            <ns3:atemp>21.0</ns3:atemp>
          </ns3:TrackPointExtension>
        </extensions>
      </trkpt>
      <trkpt lat="47.32162750326097011566162109375" lon="7.40182961337268352508544921875">
        <ele>742.20001220703125</ele>
        <time>2025-07-22T10:46:49.000Z</time>
        <extensions>
          <ns3:TrackPointExtension>
            <ns3:atemp>21.0</ns3:atemp>
          </ns3:TrackPointExtension>
        </extensions>
      </trkpt>
      <trkpt lat="47.32156715355813503265380859375" lon="7.4018690921366214752197265625">
        <ele>741</ele>
        <time>2025-07-22T10:46:50.000Z</time>
        <extensions>
          <ns3:TrackPointExtension>
            <ns3:atemp>21.0</ns3:atemp>
          </ns3:TrackPointExtension>
        </extensions>
      </trkpt>
      <trkpt lat="47.321510575711727142333984375" lon="7.4019244126975536346435546875">
        <ele>738.79998779296875</ele>
        <time>2025-07-22T10:46:51.000Z</time>
        <extensions>
          <ns3:TrackPointExtension>
            <ns3:atemp>21.0</ns3:atemp>
          </ns3:TrackPointExtension>
        </extensions>
      </trkpt>
      <trkpt lat="47.3214125074446201324462890625" lon="7.40211526863276958465576171875">
        <ele>736.79998779296875</ele>
        <time>2025-07-22T10:46:53.000Z</time>
        <extensions>
          <ns3:TrackPointExtension>
            <ns3:atemp>21.0</ns3:atemp>
          </ns3:TrackPointExtension>
        </extensions>
      </trkpt>
      <trkpt lat="47.321373112499713897705078125" lon="7.402236051857471466064453125">
        <ele>734.79998779296875</ele>
        <time>2025-07-22T10:46:54.000Z</time>
        <extensions>
          <ns3:TrackPointExtension>
            <ns3:atemp>21.0</ns3:atemp>
          </ns3:TrackPointExtension>
        </extensions>
      </trkpt>
      <trkpt lat="47.32131175696849822998046875" lon="7.40253302268683910369873046875">
        <ele>732</ele>
        <time>2025-07-22T10:46:56.000Z</time>
        <extensions>
          <ns3:TrackPointExtension>
            <ns3:atemp>22.0</ns3:atemp>
          </ns3:TrackPointExtension>
        </extensions>
      </trkpt>
      <trkpt lat="47.3212884552776813507080078125" lon="7.4027072824537754058837890625">
        <ele>730.5999755859375</ele>
        <time>2025-07-22T10:46:57.000Z</time>
        <extensions>
          <ns3:TrackPointExtension>
            <ns3:atemp>22.0</ns3:atemp>
          </ns3:TrackPointExtension>
        </extensions>
      </trkpt>
      <trkpt lat="47.32127479277551174163818359375" lon="7.40289864130318164825439453125">
        <ele>729</ele>
        <time>2025-07-22T10:46:58.000Z</time>
        <extensions>
          <ns3:TrackPointExtension>
            <ns3:atemp>22.0</ns3:atemp>
          </ns3:TrackPointExtension>
        </extensions>
      </trkpt>
      <trkpt lat="47.32126473449170589447021484375" lon="7.40329585969448089599609375">
        <ele>726.20001220703125</ele>
        <time>2025-07-22T10:47:00.000Z</time>
        <extensions>
          <ns3:TrackPointExtension>
            <ns3:atemp>22.0</ns3:atemp>
          </ns3:TrackPointExtension>
        </extensions>
      </trkpt>
      <trkpt lat="47.32126087881624698638916015625" lon="7.40349174477159976959228515625">
        <ele>724.79998779296875</ele>
        <time>2025-07-22T10:47:01.000Z</time>
        <extensions>
          <ns3:TrackPointExtension>
            <ns3:atemp>22.0</ns3:atemp>
          </ns3:TrackPointExtension>
        </extensions>
      </trkpt>
      <trkpt lat="47.3212559334933757781982421875" lon="7.40368888713419437408447265625">
        <ele>721.79998779296875</ele>
        <time>2025-07-22T10:47:02.000Z</time>
        <extensions>
          <ns3:TrackPointExtension>
            <ns3:atemp>22.0</ns3:atemp>
          </ns3:TrackPointExtension>
        </extensions>
      </trkpt>
      <trkpt lat="47.321251742541790008544921875" lon="7.403885610401630401611328125">
        <ele>719.5999755859375</ele>
        <time>2025-07-22T10:47:03.000Z</time>
        <extensions>
          <ns3:TrackPointExtension>
            <ns3:atemp>22.0</ns3:atemp>
          </ns3:TrackPointExtension>
        </extensions>
      </trkpt>
      <trkpt lat="47.32124847359955310821533203125" lon="7.40408250130712985992431640625">
        <ele>718</ele>
        <time>2025-07-22T10:47:04.000Z</time>
        <extensions>
          <ns3:TrackPointExtension>
            <ns3:atemp>22.0</ns3:atemp>
          </ns3:TrackPointExtension>
        </extensions>
      </trkpt>
      <trkpt lat="47.32124897651374340057373046875" lon="7.40424393676221370697021484375">
        <ele>715.5999755859375</ele>
        <time>2025-07-22T10:47:05.000Z</time>
        <extensions>
          <ns3:TrackPointExtension>
            <ns3:atemp>22.0</ns3:atemp>
          </ns3:TrackPointExtension>
        </extensions>
      </trkpt>
      <trkpt lat="47.3212566040456295013427734375" lon="7.4044862575829029083251953125">
        <ele>714.20001220703125</ele>
        <time>2025-07-22T10:47:06.000Z</time>
        <extensions>
          <ns3:TrackPointExtension>
            <ns3:atemp>22.0</ns3:atemp>
          </ns3:TrackPointExtension>
        </extensions>
      </trkpt>
      <trkpt lat="47.32126154936850070953369140625" lon="7.40469136275351047515869140625">
        <ele>711.4000244140625</ele>
        <time>2025-07-22T10:47:07.000Z</time>
        <extensions>
          <ns3:TrackPointExtension>
            <ns3:atemp>22.0</ns3:atemp>
          </ns3:TrackPointExtension>
        </extensions>
      </trkpt>
      <trkpt lat="47.32125811278820037841796875" lon="7.40489571355283260345458984375">
        <ele>710</ele>
        <time>2025-07-22T10:47:08.000Z</time>
        <extensions>
          <ns3:TrackPointExtension>
            <ns3:atemp>22.0</ns3:atemp>
          </ns3:TrackPointExtension>
        </extensions>
      </trkpt>
      <trkpt lat="47.32125031761825084686279296875" lon="7.4050991423428058624267578125">
        <ele>708.20001220703125</ele>
        <time>2025-07-22T10:47:09.000Z</time>
        <extensions>
          <ns3:TrackPointExtension>
            <ns3:atemp>22.0</ns3:atemp>
          </ns3:TrackPointExtension>
        </extensions>
      </trkpt>
      <trkpt lat="47.321241013705730438232421875" lon="7.4053016491234302520751953125">
        <ele>707.4000244140625</ele>
        <time>2025-07-22T10:47:10.000Z</time>
        <extensions>
          <ns3:TrackPointExtension>
            <ns3:atemp>22.0</ns3:atemp>
          </ns3:TrackPointExtension>
        </extensions>
      </trkpt>
      <trkpt lat="47.32123137451708316802978515625" lon="7.40546417422592639923095703125">
        <ele>704.4000244140625</ele>
        <time>2025-07-22T10:47:11.000Z</time>
        <extensions>
          <ns3:TrackPointExtension>
            <ns3:atemp>22.0</ns3:atemp>
          </ns3:TrackPointExtension>
        </extensions>
      </trkpt>
      <trkpt lat="47.32121611945331096649169921875" lon="7.40570071153342723846435546875">
        <ele>701.4000244140625</ele>
        <time>2025-07-22T10:47:12.000Z</time>
        <extensions>
          <ns3:TrackPointExtension>
            <ns3:atemp>22.0</ns3:atemp>
          </ns3:TrackPointExtension>
        </extensions>
      </trkpt>
      <trkpt lat="47.3212069831788539886474609375" lon="7.40588813088834285736083984375">
        <ele>699.20001220703125</ele>
        <time>2025-07-22T10:47:13.000Z</time>
        <extensions>
          <ns3:TrackPointExtension>
            <ns3:atemp>22.0</ns3:atemp>
          </ns3:TrackPointExtension>
        </extensions>
      </trkpt>
      <trkpt lat="47.32120824046432971954345703125" lon="7.4060714431107044219970703125">
        <ele>697</ele>
        <time>2025-07-22T10:47:14.000Z</time>
        <extensions>
          <ns3:TrackPointExtension>
            <ns3:atemp>22.0</ns3:atemp>
          </ns3:TrackPointExtension>
        </extensions>
      </trkpt>
      <trkpt lat="47.321222238242626190185546875" lon="7.40624620579183101654052734375">
        <ele>695.20001220703125</ele>
        <time>2025-07-22T10:47:15.000Z</time>
        <extensions>
          <ns3:TrackPointExtension>
            <ns3:atemp>22.0</ns3:atemp>
          </ns3:TrackPointExtension>
        </extensions>
      </trkpt>
      <trkpt lat="47.32125006616115570068359375" lon="7.4064107425510883331298828125">
        <ele>692.5999755859375</ele>
        <time>2025-07-22T10:47:16.000Z</time>
        <extensions>
          <ns3:TrackPointExtension>
            <ns3:atemp>22.0</ns3:atemp>
          </ns3:TrackPointExtension>
        </extensions>
      </trkpt>
      <trkpt lat="47.32129222713410854339599609375" lon="7.40656086243689060211181640625">
        <ele>691.4000244140625</ele>
        <time>2025-07-22T10:47:17.000Z</time>
        <extensions>
          <ns3:TrackPointExtension>
            <ns3:atemp>22.0</ns3:atemp>
          </ns3:TrackPointExtension>
        </extensions>
      </trkpt>
      <trkpt lat="47.3213464580476284027099609375" lon="7.40669949911534786224365234375">
        <ele>689.5999755859375</ele>
        <time>2025-07-22T10:47:18.000Z</time>
        <extensions>
          <ns3:TrackPointExtension>
            <ns3:atemp>22.0</ns3:atemp>
          </ns3:TrackPointExtension>
        </extensions>
      </trkpt>
      <trkpt lat="47.32146724127233028411865234375" lon="7.4069508723914623260498046875">
        <ele>687.20001220703125</ele>
        <time>2025-07-22T10:47:20.000Z</time>
        <extensions>
          <ns3:TrackPointExtension>
            <ns3:atemp>22.0</ns3:atemp>
          </ns3:TrackPointExtension>
        </extensions>
      </trkpt>
      <trkpt lat="47.32152909971773624420166015625" lon="7.40706838667392730712890625">
        <ele>686.20001220703125</ele>
        <time>2025-07-22T10:47:21.000Z</time>
        <extensions>
          <ns3:TrackPointExtension>
            <ns3:atemp>22.0</ns3:atemp>
          </ns3:TrackPointExtension>
        </extensions>
      </trkpt>
      <trkpt lat="47.321649380028247833251953125" lon="7.40729310549795627593994140625">
        <ele>685.5999755859375</ele>
        <time>2025-07-22T10:47:23.000Z</time>
        <extensions>
          <ns3:TrackPointExtension>
            <ns3:atemp>22.0</ns3:atemp>
          </ns3:TrackPointExtension>
        </extensions>
      </trkpt>
      <trkpt lat="47.32186672277748584747314453125" lon="7.40775176323950290679931640625">
        <ele>685.20001220703125</ele>
        <time>2025-07-22T10:47:27.000Z</time>
        <extensions>
          <ns3:TrackPointExtension>
            <ns3:atemp>22.0</ns3:atemp>
          </ns3:TrackPointExtension>
        </extensions>
      </trkpt>
      <trkpt lat="47.32196881435811519622802734375" lon="7.40798880346119403839111328125">
        <ele>685</ele>
        <time>2025-07-22T10:47:29.000Z</time>
        <extensions>
          <ns3:TrackPointExtension>
            <ns3:atemp>22.0</ns3:atemp>
          </ns3:TrackPointExtension>
        </extensions>
      </trkpt>
      <trkpt lat="47.32222798280417919158935546875" lon="7.40842432714998722076416015625">
        <ele>684.20001220703125</ele>
        <time>2025-07-22T10:47:33.000Z</time>
        <extensions>
          <ns3:TrackPointExtension>
            <ns3:atemp>22.0</ns3:atemp>
          </ns3:TrackPointExtension>
        </extensions>
      </trkpt>
      <trkpt lat="47.32229989953339099884033203125" lon="7.40852055139839649200439453125">
        <ele>683.5999755859375</ele>
        <time>2025-07-22T10:47:34.000Z</time>
        <extensions>
          <ns3:TrackPointExtension>
            <ns3:atemp>22.0</ns3:atemp>
          </ns3:TrackPointExtension>
        </extensions>
      </trkpt>
      <trkpt lat="47.322522439062595367431640625" lon="7.40879170596599578857421875">
        <ele>683</ele>
        <time>2025-07-22T10:47:37.000Z</time>
        <extensions>
          <ns3:TrackPointExtension>
            <ns3:atemp>22.0</ns3:atemp>
          </ns3:TrackPointExtension>
        </extensions>
      </trkpt>
      <trkpt lat="47.3228659294545650482177734375" lon="7.40922546945512294769287109375">
        <ele>682.20001220703125</ele>
        <time>2025-07-22T10:47:42.000Z</time>
        <extensions>
          <ns3:TrackPointExtension>
            <ns3:atemp>22.0</ns3:atemp>
          </ns3:TrackPointExtension>
        </extensions>
      </trkpt>
      <trkpt lat="47.32292669825255870819091796875" lon="7.40931247361004352569580078125">
        <ele>682</ele>
        <time>2025-07-22T10:47:43.000Z</time>
        <extensions>
          <ns3:TrackPointExtension>
            <ns3:atemp>22.0</ns3:atemp>
          </ns3:TrackPointExtension>
        </extensions>
      </trkpt>
      <trkpt lat="47.3229792527854442596435546875" lon="7.4094101227819919586181640625">
        <ele>681.79998779296875</ele>
        <time>2025-07-22T10:47:44.000Z</time>
        <extensions>
          <ns3:TrackPointExtension>
            <ns3:atemp>22.0</ns3:atemp>
          </ns3:TrackPointExtension>
        </extensions>
      </trkpt>
      <trkpt lat="47.3230717889964580535888671875" lon="7.409630231559276580810546875">
        <ele>681.4000244140625</ele>
        <time>2025-07-22T10:47:46.000Z</time>
        <extensions>
          <ns3:TrackPointExtension>
            <ns3:atemp>23.0</ns3:atemp>
          </ns3:TrackPointExtension>
        </extensions>
      </trkpt>
      <trkpt lat="47.3231519199907779693603515625" lon="7.40987255237996578216552734375">
        <ele>681.4000244140625</ele>
        <time>2025-07-22T10:47:48.000Z</time>
        <extensions>
          <ns3:TrackPointExtension>
            <ns3:atemp>23.0</ns3:atemp>
          </ns3:TrackPointExtension>
        </extensions>
      </trkpt>
      <trkpt lat="47.32319508679211139678955078125" lon="7.41013255901634693145751953125">
        <ele>681</ele>
        <time>2025-07-22T10:47:50.000Z</time>
        <extensions>
          <ns3:TrackPointExtension>
            <ns3:atemp>23.0</ns3:atemp>
          </ns3:TrackPointExtension>
        </extensions>
      </trkpt>
      <trkpt lat="47.32320179231464862823486328125" lon="7.41026666946709156036376953125">
        <ele>680.79998779296875</ele>
        <time>2025-07-22T10:47:51.000Z</time>
        <extensions>
          <ns3:TrackPointExtension>
            <ns3:atemp>23.0</ns3:atemp>
          </ns3:TrackPointExtension>
        </extensions>
      </trkpt>
      <trkpt lat="47.323199696838855743408203125" lon="7.41040698252618312835693359375">
        <ele>680.4000244140625</ele>
        <time>2025-07-22T10:47:52.000Z</time>
        <extensions>
          <ns3:TrackPointExtension>
            <ns3:atemp>23.0</ns3:atemp>
          </ns3:TrackPointExtension>
        </extensions>
      </trkpt>
      <trkpt lat="47.32318737544119358062744140625" lon="7.41069364361464977264404296875">
        <ele>679.5999755859375</ele>
        <time>2025-07-22T10:47:54.000Z</time>
        <extensions>
          <ns3:TrackPointExtension>
            <ns3:atemp>23.0</ns3:atemp>
          </ns3:TrackPointExtension>
        </extensions>
      </trkpt>
      <trkpt lat="47.323241941630840301513671875" lon="7.41100645624101161956787109375">
        <ele>678</ele>
        <time>2025-07-22T10:47:56.000Z</time>
        <extensions>
          <ns3:TrackPointExtension>
            <ns3:atemp>23.0</ns3:atemp>
          </ns3:TrackPointExtension>
        </extensions>
      </trkpt>
      <trkpt lat="47.3232957534492015838623046875" lon="7.41114442236721515655517578125">
        <ele>677</ele>
        <time>2025-07-22T10:47:57.000Z</time>
        <extensions>
          <ns3:TrackPointExtension>
            <ns3:atemp>23.0</ns3:atemp>
          </ns3:TrackPointExtension>
        </extensions>
      </trkpt>
      <trkpt lat="47.32341754250228404998779296875" lon="7.4114123918116092681884765625">
        <ele>674.79998779296875</ele>
        <time>2025-07-22T10:47:59.000Z</time>
        <extensions>
          <ns3:TrackPointExtension>
            <ns3:atemp>23.0</ns3:atemp>
          </ns3:TrackPointExtension>
        </extensions>
      </trkpt>
      <trkpt lat="47.3235515691339969635009765625" lon="7.41169963963329792022705078125">
        <ele>672.79998779296875</ele>
        <time>2025-07-22T10:48:01.000Z</time>
        <extensions>
          <ns3:TrackPointExtension>
            <ns3:atemp>23.0</ns3:atemp>
          </ns3:TrackPointExtension>
        </extensions>
      </trkpt>
      <trkpt lat="47.32368643395602703094482421875" lon="7.411991246044635772705078125">
        <ele>671.5999755859375</ele>
        <time>2025-07-22T10:48:03.000Z</time>
        <extensions>
          <ns3:TrackPointExtension>
            <ns3:atemp>23.0</ns3:atemp>
          </ns3:TrackPointExtension>
        </extensions>
      </trkpt>
      <trkpt lat="47.323868572711944580078125" lon="7.412422411143779754638671875">
        <ele>668.4000244140625</ele>
        <time>2025-07-22T10:48:06.000Z</time>
        <extensions>
          <ns3:TrackPointExtension>
            <ns3:atemp>23.0</ns3:atemp>
          </ns3:TrackPointExtension>
        </extensions>
      </trkpt>
      <trkpt lat="47.32395348139107227325439453125" lon="7.41267152130603790283203125">
        <ele>667</ele>
        <time>2025-07-22T10:48:08.000Z</time>
        <extensions>
          <ns3:TrackPointExtension>
            <ns3:atemp>23.0</ns3:atemp>
          </ns3:TrackPointExtension>
        </extensions>
      </trkpt>
      <trkpt lat="47.3240960575640201568603515625" lon="7.41308667697012424468994140625">
        <ele>666.79998779296875</ele>
        <time>2025-07-22T10:48:11.000Z</time>
        <extensions>
          <ns3:TrackPointExtension>
            <ns3:atemp>23.0</ns3:atemp>
          </ns3:TrackPointExtension>
        </extensions>
      </trkpt>
      <trkpt lat="47.3241761885583400726318359375" lon="7.41332321427762508392333984375">
        <ele>666.5999755859375</ele>
        <time>2025-07-22T10:48:13.000Z</time>
        <extensions>
          <ns3:TrackPointExtension>
            <ns3:atemp>23.0</ns3:atemp>
          </ns3:TrackPointExtension>
        </extensions>
      </trkpt>
      <trkpt lat="47.324501574039459228515625" lon="7.41408378817141056060791015625">
        <ele>666</ele>
        <time>2025-07-22T10:48:20.000Z</time>
        <extensions>
          <ns3:TrackPointExtension>
            <ns3:atemp>23.0</ns3:atemp>
          </ns3:TrackPointExtension>
        </extensions>
      </trkpt>
      <trkpt lat="47.3245912604033946990966796875" lon="7.4143007956445217132568359375">
        <ele>665.4000244140625</ele>
        <time>2025-07-22T10:48:22.000Z</time>
        <extensions>
          <ns3:TrackPointExtension>
            <ns3:atemp>23.0</ns3:atemp>
          </ns3:TrackPointExtension>
        </extensions>
      </trkpt>
      <trkpt lat="47.32464574277400970458984375" lon="7.41452450864017009735107421875">
        <ele>665</ele>
        <time>2025-07-22T10:48:24.000Z</time>
        <extensions>
          <ns3:TrackPointExtension>
            <ns3:atemp>23.0</ns3:atemp>
          </ns3:TrackPointExtension>
        </extensions>
      </trkpt>
      <trkpt lat="47.324669547379016876220703125" lon="7.414741180837154388427734375">
        <ele>664.4000244140625</ele>
        <time>2025-07-22T10:48:26.000Z</time>
        <extensions>
          <ns3:TrackPointExtension>
            <ns3:atemp>23.0</ns3:atemp>
          </ns3:TrackPointExtension>
        </extensions>
      </trkpt>
      <trkpt lat="47.324662171304225921630859375" lon="7.41485525853931903839111328125">
        <ele>664.20001220703125</ele>
        <time>2025-07-22T10:48:27.000Z</time>
        <extensions>
          <ns3:TrackPointExtension>
            <ns3:atemp>23.0</ns3:atemp>
          </ns3:TrackPointExtension>
        </extensions>
      </trkpt>
      <trkpt lat="47.32464113272726535797119140625" lon="7.41496874950826168060302734375">
        <ele>663.79998779296875</ele>
        <time>2025-07-22T10:48:28.000Z</time>
        <extensions>
          <ns3:TrackPointExtension>
            <ns3:atemp>23.0</ns3:atemp>
          </ns3:TrackPointExtension>
        </extensions>
      </trkpt>
      <trkpt lat="47.324579693377017974853515625" lon="7.4153009243309497833251953125">
        <ele>662.4000244140625</ele>
        <time>2025-07-22T10:48:31.000Z</time>
        <extensions>
          <ns3:TrackPointExtension>
            <ns3:atemp>23.0</ns3:atemp>
          </ns3:TrackPointExtension>
        </extensions>
      </trkpt>
      <trkpt lat="47.3245607502758502960205078125" lon="7.41542153991758823394775390625">
        <ele>662</ele>
        <time>2025-07-22T10:48:32.000Z</time>
        <extensions>
          <ns3:TrackPointExtension>
            <ns3:atemp>23.0</ns3:atemp>
          </ns3:TrackPointExtension>
        </extensions>
      </trkpt>
      <trkpt lat="47.32452780939638614654541015625" lon="7.4155641160905361175537109375">
        <ele>661.4000244140625</ele>
        <time>2025-07-22T10:48:33.000Z</time>
        <extensions>
          <ns3:TrackPointExtension>
            <ns3:atemp>23.0</ns3:atemp>
          </ns3:TrackPointExtension>
        </extensions>
      </trkpt>
      <trkpt lat="47.3244358599185943603515625" lon="7.41588874720036983489990234375">
        <ele>660.5999755859375</ele>
        <time>2025-07-22T10:48:36.000Z</time>
        <extensions>
          <ns3:TrackPointExtension>
            <ns3:atemp>23.0</ns3:atemp>
          </ns3:TrackPointExtension>
        </extensions>
      </trkpt>
      <trkpt lat="47.3244303278625011444091796875" lon="7.41600072942674160003662109375">
        <ele>660.20001220703125</ele>
        <time>2025-07-22T10:48:37.000Z</time>
        <extensions>
          <ns3:TrackPointExtension>
            <ns3:atemp>23.0</ns3:atemp>
          </ns3:TrackPointExtension>
        </extensions>
      </trkpt>
      <trkpt lat="47.32444189488887786865234375" lon="7.41622318513691425323486328125">
        <ele>659.79998779296875</ele>
        <time>2025-07-22T10:48:39.000Z</time>
        <extensions>
          <ns3:TrackPointExtension>
            <ns3:atemp>23.0</ns3:atemp>
          </ns3:TrackPointExtension>
        </extensions>
      </trkpt>
      <trkpt lat="47.324456311762332916259765625" lon="7.416430301964282989501953125">
        <ele>659.5999755859375</ele>
        <time>2025-07-22T10:48:41.000Z</time>
        <extensions>
          <ns3:TrackPointExtension>
            <ns3:atemp>23.0</ns3:atemp>
          </ns3:TrackPointExtension>
        </extensions>
      </trkpt>
      <trkpt lat="47.324486486613750457763671875" lon="7.4166390113532543182373046875">
        <ele>659.79998779296875</ele>
        <time>2025-07-22T10:48:43.000Z</time>
        <extensions>
          <ns3:TrackPointExtension>
            <ns3:atemp>23.0</ns3:atemp>
          </ns3:TrackPointExtension>
        </extensions>
      </trkpt>
      <trkpt lat="47.32450953684747219085693359375" lon="7.4170280992984771728515625">
        <ele>660.20001220703125</ele>
        <time>2025-07-22T10:48:47.000Z</time>
        <extensions>
          <ns3:TrackPointExtension>
            <ns3:atemp>23.0</ns3:atemp>
          </ns3:TrackPointExtension>
        </extensions>
      </trkpt>
      <trkpt lat="47.3245002329349517822265625" lon="7.41722264327108860015869140625">
        <ele>660.5999755859375</ele>
        <time>2025-07-22T10:48:49.000Z</time>
        <extensions>
          <ns3:TrackPointExtension>
            <ns3:atemp>24.0</ns3:atemp>
          </ns3:TrackPointExtension>
        </extensions>
      </trkpt>
      <trkpt lat="47.32448891736567020416259765625" lon="7.41732171736657619476318359375">
        <ele>660.5999755859375</ele>
        <time>2025-07-22T10:48:50.000Z</time>
        <extensions>
          <ns3:TrackPointExtension>
            <ns3:atemp>24.0</ns3:atemp>
          </ns3:TrackPointExtension>
        </extensions>
      </trkpt>
      <trkpt lat="47.324440889060497283935546875" lon="7.4175774492323398590087890625">
        <ele>661.20001220703125</ele>
        <time>2025-07-22T10:48:53.000Z</time>
        <extensions>
          <ns3:TrackPointExtension>
            <ns3:atemp>24.0</ns3:atemp>
          </ns3:TrackPointExtension>
        </extensions>
      </trkpt>
      <trkpt lat="47.32442001812160015106201171875" lon="7.41767979227006435394287109375">
        <ele>661.4000244140625</ele>
        <time>2025-07-22T10:48:54.000Z</time>
        <extensions>
          <ns3:TrackPointExtension>
            <ns3:atemp>24.0</ns3:atemp>
          </ns3:TrackPointExtension>
        </extensions>
      </trkpt>
      <trkpt lat="47.3243770189583301544189453125" lon="7.4180347658693790435791015625">
        <ele>663</ele>
        <time>2025-07-22T10:48:58.000Z</time>
        <extensions>
          <ns3:TrackPointExtension>
            <ns3:atemp>24.0</ns3:atemp>
          </ns3:TrackPointExtension>
        </extensions>
      </trkpt>
      <trkpt lat="47.32438422739505767822265625" lon="7.4181331694126129150390625">
        <ele>663.4000244140625</ele>
        <time>2025-07-22T10:48:59.000Z</time>
        <extensions>
          <ns3:TrackPointExtension>
            <ns3:atemp>24.0</ns3:atemp>
          </ns3:TrackPointExtension>
        </extensions>
      </trkpt>
      <trkpt lat="47.32439629733562469482421875" lon="7.41823433898389339447021484375">
        <ele>664</ele>
        <time>2025-07-22T10:49:00.000Z</time>
        <extensions>
          <ns3:TrackPointExtension>
            <ns3:atemp>24.0</ns3:atemp>
          </ns3:TrackPointExtension>
        </extensions>
      </trkpt>
      <trkpt lat="47.32449143193662166595458984375" lon="7.41885392926633358001708984375">
        <ele>664.5999755859375</ele>
        <time>2025-07-22T10:49:06.000Z</time>
        <extensions>
          <ns3:TrackPointExtension>
            <ns3:atemp>24.0</ns3:atemp>
          </ns3:TrackPointExtension>
        </extensions>
      </trkpt>
      <trkpt lat="47.3246164061129093170166015625" lon="7.419608049094676971435546875">
        <ele>664.20001220703125</ele>
        <time>2025-07-22T10:49:13.000Z</time>
        <extensions>
          <ns3:TrackPointExtension>
            <ns3:atemp>24.0</ns3:atemp>
          </ns3:TrackPointExtension>
        </extensions>
      </trkpt>
      <trkpt lat="47.32467080466449260711669921875" lon="7.42042888887226581573486328125">
        <ele>664.20001220703125</ele>
        <time>2025-07-22T10:49:20.000Z</time>
        <extensions>
          <ns3:TrackPointExtension>
            <ns3:atemp>24.0</ns3:atemp>
          </ns3:TrackPointExtension>
        </extensions>
      </trkpt>
      <trkpt lat="47.3246894963085651397705078125" lon="7.42127227596938610076904296875">
        <ele>664</ele>
        <time>2025-07-22T10:49:27.000Z</time>
        <extensions>
          <ns3:TrackPointExtension>
            <ns3:atemp>24.0</ns3:atemp>
          </ns3:TrackPointExtension>
        </extensions>
      </trkpt>
      <trkpt lat="47.3247133009135723114013671875" lon="7.42164912633597850799560546875">
        <ele>663.79998779296875</ele>
        <time>2025-07-22T10:49:30.000Z</time>
        <extensions>
          <ns3:TrackPointExtension>
            <ns3:atemp>24.0</ns3:atemp>
          </ns3:TrackPointExtension>
        </extensions>
      </trkpt>
      <trkpt lat="47.32478815130889415740966796875" lon="7.42228179238736629486083984375">
        <ele>663.20001220703125</ele>
        <time>2025-07-22T10:49:35.000Z</time>
        <extensions>
          <ns3:TrackPointExtension>
            <ns3:atemp>24.0</ns3:atemp>
          </ns3:TrackPointExtension>
        </extensions>
      </trkpt>
      <trkpt lat="47.32480265200138092041015625" lon="7.42241238243877887725830078125">
        <ele>663</ele>
        <time>2025-07-22T10:49:36.000Z</time>
        <extensions>
          <ns3:TrackPointExtension>
            <ns3:atemp>24.0</ns3:atemp>
          </ns3:TrackPointExtension>
        </extensions>
      </trkpt>
      <trkpt lat="47.324866354465484619140625" lon="7.4229593016207218170166015625">
        <ele>662</ele>
        <time>2025-07-22T10:49:40.000Z</time>
        <extensions>
          <ns3:TrackPointExtension>
            <ns3:atemp>24.0</ns3:atemp>
          </ns3:TrackPointExtension>
        </extensions>
      </trkpt>
      <trkpt lat="47.32487683184444904327392578125" lon="7.42310171015560626983642578125">
        <ele>661.79998779296875</ele>
        <time>2025-07-22T10:49:41.000Z</time>
        <extensions>
          <ns3:TrackPointExtension>
            <ns3:atemp>24.0</ns3:atemp>
          </ns3:TrackPointExtension>
        </extensions>
      </trkpt>
      <trkpt lat="47.32486124150454998016357421875" lon="7.42368123494088649749755859375">
        <ele>660.79998779296875</ele>
        <time>2025-07-22T10:49:45.000Z</time>
        <extensions>
          <ns3:TrackPointExtension>
            <ns3:atemp>24.0</ns3:atemp>
          </ns3:TrackPointExtension>
        </extensions>
      </trkpt>
      <trkpt lat="47.32485336251556873321533203125" lon="7.42382640950381755828857421875">
        <ele>660.5999755859375</ele>
        <time>2025-07-22T10:49:46.000Z</time>
        <extensions>
          <ns3:TrackPointExtension>
            <ns3:atemp>24.0</ns3:atemp>
          </ns3:TrackPointExtension>
        </extensions>
      </trkpt>
      <trkpt lat="47.32483576051890850067138671875" lon="7.4242497794330120086669921875">
        <ele>659.4000244140625</ele>
        <time>2025-07-22T10:49:49.000Z</time>
        <extensions>
          <ns3:TrackPointExtension>
            <ns3:atemp>24.0</ns3:atemp>
          </ns3:TrackPointExtension>
        </extensions>
      </trkpt>
      <trkpt lat="47.3248569667339324951171875" lon="7.4246561340987682342529296875">
        <ele>658.79998779296875</ele>
        <time>2025-07-22T10:49:52.000Z</time>
        <extensions>
          <ns3:TrackPointExtension>
            <ns3:atemp>24.0</ns3:atemp>
          </ns3:TrackPointExtension>
        </extensions>
      </trkpt>
      <trkpt lat="47.32491287402808666229248046875" lon="7.42513239383697509765625">
        <ele>658.4000244140625</ele>
        <time>2025-07-22T10:49:56.000Z</time>
        <extensions>
          <ns3:TrackPointExtension>
            <ns3:atemp>24.0</ns3:atemp>
          </ns3:TrackPointExtension>
        </extensions>
      </trkpt>
      <trkpt lat="47.32499015517532825469970703125" lon="7.425794564187526702880859375">
        <ele>658.4000244140625</ele>
        <time>2025-07-22T10:50:02.000Z</time>
        <extensions>
          <ns3:TrackPointExtension>
            <ns3:atemp>24.0</ns3:atemp>
          </ns3:TrackPointExtension>
        </extensions>
      </trkpt>
      <trkpt lat="47.325022928416728973388671875" lon="7.42608818225562572479248046875">
        <ele>659.5999755859375</ele>
        <time>2025-07-22T10:50:06.000Z</time>
        <extensions>
          <ns3:TrackPointExtension>
            <ns3:atemp>24.0</ns3:atemp>
          </ns3:TrackPointExtension>
        </extensions>
      </trkpt>
      <trkpt lat="47.32502837665379047393798828125" lon="7.42615205235779285430908203125">
        <ele>660</ele>
        <time>2025-07-22T10:50:07.000Z</time>
        <extensions>
          <ns3:TrackPointExtension>
            <ns3:atemp>24.0</ns3:atemp>
          </ns3:TrackPointExtension>
        </extensions>
      </trkpt>
      <trkpt lat="47.32503524981439113616943359375" lon="7.42627275176346302032470703125">
        <ele>661</ele>
        <time>2025-07-22T10:50:09.000Z</time>
        <extensions>
          <ns3:TrackPointExtension>
            <ns3:atemp>24.0</ns3:atemp>
          </ns3:TrackPointExtension>
        </extensions>
      </trkpt>
      <trkpt lat="47.3250355012714862823486328125" lon="7.42645011283457279205322265625">
        <ele>662.4000244140625</ele>
        <time>2025-07-22T10:50:12.000Z</time>
        <extensions>
          <ns3:TrackPointExtension>
            <ns3:atemp>24.0</ns3:atemp>
          </ns3:TrackPointExtension>
        </extensions>
      </trkpt>
      <trkpt lat="47.32503323815762996673583984375" lon="7.42656628601253032684326171875">
        <ele>663.20001220703125</ele>
        <time>2025-07-22T10:50:14.000Z</time>
        <extensions>
          <ns3:TrackPointExtension>
            <ns3:atemp>24.0</ns3:atemp>
          </ns3:TrackPointExtension>
        </extensions>
      </trkpt>
      <trkpt lat="47.32502670027315616607666015625" lon="7.426675669848918914794921875">
        <ele>663.79998779296875</ele>
        <time>2025-07-22T10:50:16.000Z</time>
        <extensions>
          <ns3:TrackPointExtension>
            <ns3:atemp>24.0</ns3:atemp>
          </ns3:TrackPointExtension>
        </extensions>
      </trkpt>
      <trkpt lat="47.3250204138457775115966796875" lon="7.42672872729599475860595703125">
        <ele>664</ele>
        <time>2025-07-22T10:50:17.000Z</time>
        <extensions>
          <ns3:TrackPointExtension>
            <ns3:atemp>24.0</ns3:atemp>
          </ns3:TrackPointExtension>
        </extensions>
      </trkpt>
      <trkpt lat="47.325015552341938018798828125" lon="7.42684163153171539306640625">
        <ele>664.79998779296875</ele>
        <time>2025-07-22T10:50:19.000Z</time>
        <extensions>
          <ns3:TrackPointExtension>
            <ns3:atemp>24.0</ns3:atemp>
          </ns3:TrackPointExtension>
        </extensions>
      </trkpt>
      <trkpt lat="47.3250116966664791107177734375" lon="7.42689385078847408294677734375">
        <ele>665.4000244140625</ele>
        <time>2025-07-22T10:50:20.000Z</time>
        <extensions>
          <ns3:TrackPointExtension>
            <ns3:atemp>24.0</ns3:atemp>
          </ns3:TrackPointExtension>
        </extensions>
      </trkpt>
      <trkpt lat="47.3250098526477813720703125" lon="7.426951266825199127197265625">
        <ele>666</ele>
        <time>2025-07-22T10:50:21.000Z</time>
        <extensions>
          <ns3:TrackPointExtension>
            <ns3:atemp>24.0</ns3:atemp>
          </ns3:TrackPointExtension>
        </extensions>
      </trkpt>
      <trkpt lat="47.32501748017966747283935546875" lon="7.4270684458315372467041015625">
        <ele>667</ele>
        <time>2025-07-22T10:50:23.000Z</time>
        <extensions>
          <ns3:TrackPointExtension>
            <ns3:atemp>24.0</ns3:atemp>
          </ns3:TrackPointExtension>
        </extensions>
      </trkpt>
      <trkpt lat="47.32500708661973476409912109375" lon="7.42721538059413433074951171875">
        <ele>668.20001220703125</ele>
        <time>2025-07-22T10:50:26.000Z</time>
        <extensions>
          <ns3:TrackPointExtension>
            <ns3:atemp>24.0</ns3:atemp>
          </ns3:TrackPointExtension>
        </extensions>
      </trkpt>
      <trkpt lat="47.32500943355262279510498046875" lon="7.4273017980158329010009765625">
        <ele>669.4000244140625</ele>
        <time>2025-07-22T10:50:28.000Z</time>
        <extensions>
          <ns3:TrackPointExtension>
            <ns3:atemp>24.0</ns3:atemp>
          </ns3:TrackPointExtension>
        </extensions>
      </trkpt>
      <trkpt lat="47.32501127757132053375244140625" lon="7.42739290930330753326416015625">
        <ele>670.4000244140625</ele>
        <time>2025-07-22T10:50:30.000Z</time>
        <extensions>
          <ns3:TrackPointExtension>
            <ns3:atemp>24.0</ns3:atemp>
          </ns3:TrackPointExtension>
        </extensions>
      </trkpt>
      <trkpt lat="47.32500473968684673309326171875" lon="7.42744571529328823089599609375">
        <ele>670.79998779296875</ele>
        <time>2025-07-22T10:50:31.000Z</time>
        <extensions>
          <ns3:TrackPointExtension>
            <ns3:atemp>24.0</ns3:atemp>
          </ns3:TrackPointExtension>
        </extensions>
      </trkpt>
      <trkpt lat="47.32501178048551082611083984375" lon="7.42750053294003009796142578125">
        <ele>671</ele>
        <time>2025-07-22T10:50:32.000Z</time>
        <extensions>
          <ns3:TrackPointExtension>
            <ns3:atemp>24.0</ns3:atemp>
          </ns3:TrackPointExtension>
        </extensions>
      </trkpt>
      <trkpt lat="47.325054109096527099609375" lon="7.42759088985621929168701171875">
        <ele>671.5999755859375</ele>
        <time>2025-07-22T10:50:34.000Z</time>
        <extensions>
          <ns3:TrackPointExtension>
            <ns3:atemp>24.0</ns3:atemp>
          </ns3:TrackPointExtension>
        </extensions>
      </trkpt>
      <trkpt lat="47.32508436776697635650634765625" lon="7.42762374691665172576904296875">
        <ele>672</ele>
        <time>2025-07-22T10:50:35.000Z</time>
        <extensions>
          <ns3:TrackPointExtension>
            <ns3:atemp>24.0</ns3:atemp>
          </ns3:TrackPointExtension>
        </extensions>
      </trkpt>
      <trkpt lat="47.32515578158199787139892578125" lon="7.4276471324265003204345703125">
        <ele>672.4000244140625</ele>
        <time>2025-07-22T10:50:37.000Z</time>
        <extensions>
          <ns3:TrackPointExtension>
            <ns3:atemp>24.0</ns3:atemp>
          </ns3:TrackPointExtension>
        </extensions>
      </trkpt>
      <trkpt lat="47.32518847100436687469482421875" lon="7.42763229645788669586181640625">
        <ele>672.79998779296875</ele>
        <time>2025-07-22T10:50:38.000Z</time>
        <extensions>
          <ns3:TrackPointExtension>
            <ns3:atemp>24.0</ns3:atemp>
          </ns3:TrackPointExtension>
        </extensions>
      </trkpt>
      <trkpt lat="47.3252886347472667694091796875" lon="7.42749273777008056640625">
        <ele>673.79998779296875</ele>
        <time>2025-07-22T10:50:42.000Z</time>
        <extensions>
          <ns3:TrackPointExtension>
            <ns3:atemp>24.0</ns3:atemp>
          </ns3:TrackPointExtension>
        </extensions>
      </trkpt>
      <trkpt lat="47.32538745738565921783447265625" lon="7.4272773228585720062255859375">
        <ele>675</ele>
        <time>2025-07-22T10:50:47.000Z</time>
        <extensions>
          <ns3:TrackPointExtension>
            <ns3:atemp>24.0</ns3:atemp>
          </ns3:TrackPointExtension>
        </extensions>
      </trkpt>
      <trkpt lat="47.325464822351932525634765625" lon="7.427174560725688934326171875">
        <ele>675.5999755859375</ele>
        <time>2025-07-22T10:50:50.000Z</time>
        <extensions>
          <ns3:TrackPointExtension>
            <ns3:atemp>24.0</ns3:atemp>
          </ns3:TrackPointExtension>
        </extensions>
      </trkpt>
      <trkpt lat="47.325519137084484100341796875" lon="7.427114881575107574462890625">
        <ele>676</ele>
        <time>2025-07-22T10:50:52.000Z</time>
        <extensions>
          <ns3:TrackPointExtension>
            <ns3:atemp>24.0</ns3:atemp>
          </ns3:TrackPointExtension>
        </extensions>
      </trkpt>
      <trkpt lat="47.32557051815092563629150390625" lon="7.42705377750098705291748046875">
        <ele>677.20001220703125</ele>
        <time>2025-07-22T10:50:54.000Z</time>
        <extensions>
          <ns3:TrackPointExtension>
            <ns3:atemp>24.0</ns3:atemp>
          </ns3:TrackPointExtension>
        </extensions>
      </trkpt>
      <trkpt lat="47.3256524093449115753173828125" lon="7.42696979083120822906494140625">
        <ele>678.4000244140625</ele>
        <time>2025-07-22T10:50:57.000Z</time>
        <extensions>
          <ns3:TrackPointExtension>
            <ns3:atemp>24.0</ns3:atemp>
          </ns3:TrackPointExtension>
        </extensions>
      </trkpt>
      <trkpt lat="47.3257047124207019805908203125" lon="7.42691312916576862335205078125">
        <ele>679</ele>
        <time>2025-07-22T10:50:59.000Z</time>
        <extensions>
          <ns3:TrackPointExtension>
            <ns3:atemp>24.0</ns3:atemp>
          </ns3:TrackPointExtension>
        </extensions>
      </trkpt>
      <trkpt lat="47.32578945346176624298095703125" lon="7.42683098651468753814697265625">
        <ele>679.5999755859375</ele>
        <time>2025-07-22T10:51:02.000Z</time>
        <extensions>
          <ns3:TrackPointExtension>
            <ns3:atemp>24.0</ns3:atemp>
          </ns3:TrackPointExtension>
        </extensions>
      </trkpt>
      <trkpt lat="47.32587285339832305908203125" lon="7.4267630092799663543701171875">
        <ele>680.5999755859375</ele>
        <time>2025-07-22T10:51:05.000Z</time>
        <extensions>
          <ns3:TrackPointExtension>
            <ns3:atemp>24.0</ns3:atemp>
          </ns3:TrackPointExtension>
        </extensions>
      </trkpt>
      <trkpt lat="47.3259823210537433624267578125" lon="7.426658235490322113037109375">
        <ele>681.79998779296875</ele>
        <time>2025-07-22T10:51:09.000Z</time>
        <extensions>
          <ns3:TrackPointExtension>
            <ns3:atemp>24.0</ns3:atemp>
          </ns3:TrackPointExtension>
        </extensions>
      </trkpt>
      <trkpt lat="47.32605800963938236236572265625" lon="7.4265794456005096435546875">
        <ele>682.79998779296875</ele>
        <time>2025-07-22T10:51:12.000Z</time>
        <extensions>
          <ns3:TrackPointExtension>
            <ns3:atemp>24.0</ns3:atemp>
          </ns3:TrackPointExtension>
        </extensions>
      </trkpt>
      <trkpt lat="47.326142750680446624755859375" lon="7.426522113382816314697265625">
        <ele>684</ele>
        <time>2025-07-22T10:51:15.000Z</time>
        <extensions>
          <ns3:TrackPointExtension>
            <ns3:atemp>24.0</ns3:atemp>
          </ns3:TrackPointExtension>
        </extensions>
      </trkpt>
      <trkpt lat="47.32622732408344745635986328125" lon="7.42645799182355403900146484375">
        <ele>685.20001220703125</ele>
        <time>2025-07-22T10:51:18.000Z</time>
        <extensions>
          <ns3:TrackPointExtension>
            <ns3:atemp>24.0</ns3:atemp>
          </ns3:TrackPointExtension>
        </extensions>
      </trkpt>
      <trkpt lat="47.3263149149715900421142578125" lon="7.42639127187430858612060546875">
        <ele>686.4000244140625</ele>
        <time>2025-07-22T10:51:21.000Z</time>
        <extensions>
          <ns3:TrackPointExtension>
            <ns3:atemp>24.0</ns3:atemp>
          </ns3:TrackPointExtension>
        </extensions>
      </trkpt>
      <trkpt lat="47.3263930343091487884521484375" lon="7.42631315253674983978271484375">
        <ele>687.5999755859375</ele>
        <time>2025-07-22T10:51:24.000Z</time>
        <extensions>
          <ns3:TrackPointExtension>
            <ns3:atemp>24.0</ns3:atemp>
          </ns3:TrackPointExtension>
        </extensions>
      </trkpt>
      <trkpt lat="47.32649646699428558349609375" lon="7.4262334406375885009765625">
        <ele>688.79998779296875</ele>
        <time>2025-07-22T10:51:28.000Z</time>
        <extensions>
          <ns3:TrackPointExtension>
            <ns3:atemp>24.0</ns3:atemp>
          </ns3:TrackPointExtension>
        </extensions>
      </trkpt>
      <trkpt lat="47.32651985250413417816162109375" lon="7.426208965480327606201171875">
        <ele>689</ele>
        <time>2025-07-22T10:51:29.000Z</time>
        <extensions>
          <ns3:TrackPointExtension>
            <ns3:atemp>24.0</ns3:atemp>
          </ns3:TrackPointExtension>
        </extensions>
      </trkpt>
      <trkpt lat="47.3265945352613925933837890625" lon="7.4261578358709812164306640625">
        <ele>690.4000244140625</ele>
        <time>2025-07-22T10:51:32.000Z</time>
        <extensions>
          <ns3:TrackPointExtension>
            <ns3:atemp>24.0</ns3:atemp>
          </ns3:TrackPointExtension>
        </extensions>
      </trkpt>
      <trkpt lat="47.326668463647365570068359375" lon="7.4260917864739894866943359375">
        <ele>691.20001220703125</ele>
        <time>2025-07-22T10:51:35.000Z</time>
        <extensions>
          <ns3:TrackPointExtension>
            <ns3:atemp>24.0</ns3:atemp>
          </ns3:TrackPointExtension>
        </extensions>
      </trkpt>
      <trkpt lat="47.3266937769949436187744140625" lon="7.426064796745777130126953125">
        <ele>691.4000244140625</ele>
        <time>2025-07-22T10:51:36.000Z</time>
        <extensions>
          <ns3:TrackPointExtension>
            <ns3:atemp>24.0</ns3:atemp>
          </ns3:TrackPointExtension>
        </extensions>
      </trkpt>
      <trkpt lat="47.32682562433183193206787109375" lon="7.42597653530538082122802734375">
        <ele>692.5999755859375</ele>
        <time>2025-07-22T10:51:41.000Z</time>
        <extensions>
          <ns3:TrackPointExtension>
            <ns3:atemp>24.0</ns3:atemp>
          </ns3:TrackPointExtension>
        </extensions>
      </trkpt>
      <trkpt lat="47.32690374366939067840576171875" lon="7.42592674680054187774658203125">
        <ele>693.79998779296875</ele>
        <time>2025-07-22T10:51:44.000Z</time>
        <extensions>
          <ns3:TrackPointExtension>
            <ns3:atemp>24.0</ns3:atemp>
          </ns3:TrackPointExtension>
        </extensions>
      </trkpt>
      <trkpt lat="47.3270045779645442962646484375" lon="7.42585818283259868621826171875">
        <ele>695</ele>
        <time>2025-07-22T10:51:48.000Z</time>
        <extensions>
          <ns3:TrackPointExtension>
            <ns3:atemp>24.0</ns3:atemp>
          </ns3:TrackPointExtension>
        </extensions>
      </trkpt>
      <trkpt lat="47.32703131623566150665283203125" lon="7.42584393359720706939697265625">
        <ele>695.20001220703125</ele>
        <time>2025-07-22T10:51:49.000Z</time>
        <extensions>
          <ns3:TrackPointExtension>
            <ns3:atemp>24.0</ns3:atemp>
          </ns3:TrackPointExtension>
        </extensions>
      </trkpt>
      <trkpt lat="47.32713977806270122528076171875" lon="7.42578157223761081695556640625">
        <ele>696.5999755859375</ele>
        <time>2025-07-22T10:51:53.000Z</time>
        <extensions>
          <ns3:TrackPointExtension>
            <ns3:atemp>24.0</ns3:atemp>
          </ns3:TrackPointExtension>
        </extensions>
      </trkpt>
      <trkpt lat="47.32725544832646846771240234375" lon="7.42572583258152008056640625">
        <ele>697.5999755859375</ele>
        <time>2025-07-22T10:51:57.000Z</time>
        <extensions>
          <ns3:TrackPointExtension>
            <ns3:atemp>24.0</ns3:atemp>
          </ns3:TrackPointExtension>
        </extensions>
      </trkpt>
      <trkpt lat="47.32731512747704982757568359375" lon="7.42570647038519382476806640625">
        <ele>698.20001220703125</ele>
        <time>2025-07-22T10:51:59.000Z</time>
        <extensions>
          <ns3:TrackPointExtension>
            <ns3:atemp>24.0</ns3:atemp>
          </ns3:TrackPointExtension>
        </extensions>
      </trkpt>
      <trkpt lat="47.3274012096226215362548828125" lon="7.42568752728402614593505859375">
        <ele>699.20001220703125</ele>
        <time>2025-07-22T10:52:02.000Z</time>
        <extensions>
          <ns3:TrackPointExtension>
            <ns3:atemp>24.0</ns3:atemp>
          </ns3:TrackPointExtension>
        </extensions>
      </trkpt>
      <trkpt lat="47.327509336173534393310546875" lon="7.42565014399588108062744140625">
        <ele>700.20001220703125</ele>
        <time>2025-07-22T10:52:06.000Z</time>
        <extensions>
          <ns3:TrackPointExtension>
            <ns3:atemp>23.0</ns3:atemp>
          </ns3:TrackPointExtension>
        </extensions>
      </trkpt>
      <trkpt lat="47.32753875665366649627685546875" lon="7.42564536631107330322265625">
        <ele>700.5999755859375</ele>
        <time>2025-07-22T10:52:07.000Z</time>
        <extensions>
          <ns3:TrackPointExtension>
            <ns3:atemp>23.0</ns3:atemp>
          </ns3:TrackPointExtension>
        </extensions>
      </trkpt>
      <trkpt lat="47.3275728709995746612548828125" lon="7.4256415106356143951416015625">
        <ele>701.4000244140625</ele>
        <time>2025-07-22T10:52:08.000Z</time>
        <extensions>
          <ns3:TrackPointExtension>
            <ns3:atemp>23.0</ns3:atemp>
          </ns3:TrackPointExtension>
        </extensions>
      </trkpt>
      <trkpt lat="47.32765853404998779296875" lon="7.42563136853277683258056640625">
        <ele>702.20001220703125</ele>
        <time>2025-07-22T10:52:11.000Z</time>
        <extensions>
          <ns3:TrackPointExtension>
            <ns3:atemp>23.0</ns3:atemp>
          </ns3:TrackPointExtension>
        </extensions>
      </trkpt>
      <trkpt lat="47.32771578244864940643310546875" lon="7.42560622282326221466064453125">
        <ele>702.79998779296875</ele>
        <time>2025-07-22T10:52:13.000Z</time>
        <extensions>
          <ns3:TrackPointExtension>
            <ns3:atemp>23.0</ns3:atemp>
          </ns3:TrackPointExtension>
        </extensions>
      </trkpt>
      <trkpt lat="47.32779440470039844512939453125" lon="7.4255952425301074981689453125">
        <ele>703.4000244140625</ele>
        <time>2025-07-22T10:52:16.000Z</time>
        <extensions>
          <ns3:TrackPointExtension>
            <ns3:atemp>23.0</ns3:atemp>
          </ns3:TrackPointExtension>
        </extensions>
      </trkpt>
      <trkpt lat="47.32785106636583805084228515625" lon="7.425602115690708160400390625">
        <ele>704</ele>
        <time>2025-07-22T10:52:18.000Z</time>
        <extensions>
          <ns3:TrackPointExtension>
            <ns3:atemp>23.0</ns3:atemp>
          </ns3:TrackPointExtension>
        </extensions>
      </trkpt>
      <trkpt lat="47.3279403336346149444580078125" lon="7.42559281177818775177001953125">
        <ele>704.5999755859375</ele>
        <time>2025-07-22T10:52:21.000Z</time>
        <extensions>
          <ns3:TrackPointExtension>
            <ns3:atemp>23.0</ns3:atemp>
          </ns3:TrackPointExtension>
        </extensions>
      </trkpt>
      <trkpt lat="47.32805642299354076385498046875" lon="7.42559440433979034423828125">
        <ele>705.4000244140625</ele>
        <time>2025-07-22T10:52:25.000Z</time>
        <extensions>
          <ns3:TrackPointExtension>
            <ns3:atemp>23.0</ns3:atemp>
          </ns3:TrackPointExtension>
        </extensions>
      </trkpt>
      <trkpt lat="47.32814602553844451904296875" lon="7.42561477236449718475341796875">
        <ele>706.5999755859375</ele>
        <time>2025-07-22T10:52:28.000Z</time>
        <extensions>
          <ns3:TrackPointExtension>
            <ns3:atemp>23.0</ns3:atemp>
          </ns3:TrackPointExtension>
        </extensions>
      </trkpt>
      <trkpt lat="47.328265048563480377197265625" lon="7.42567126639187335968017578125">
        <ele>707.5999755859375</ele>
        <time>2025-07-22T10:52:32.000Z</time>
        <extensions>
          <ns3:TrackPointExtension>
            <ns3:atemp>23.0</ns3:atemp>
          </ns3:TrackPointExtension>
        </extensions>
      </trkpt>
      <trkpt lat="47.32834517955780029296875" lon="7.425734885036945343017578125">
        <ele>708.5999755859375</ele>
        <time>2025-07-22T10:52:35.000Z</time>
        <extensions>
          <ns3:TrackPointExtension>
            <ns3:atemp>23.0</ns3:atemp>
          </ns3:TrackPointExtension>
        </extensions>
      </trkpt>
      <trkpt lat="47.3284459300339221954345703125" lon="7.425840161740779876708984375">
        <ele>709.79998779296875</ele>
        <time>2025-07-22T10:52:39.000Z</time>
        <extensions>
          <ns3:TrackPointExtension>
            <ns3:atemp>23.0</ns3:atemp>
          </ns3:TrackPointExtension>
        </extensions>
      </trkpt>
      <trkpt lat="47.328509800136089324951171875" lon="7.4259278364479541778564453125">
        <ele>710.79998779296875</ele>
        <time>2025-07-22T10:52:42.000Z</time>
        <extensions>
          <ns3:TrackPointExtension>
            <ns3:atemp>23.0</ns3:atemp>
          </ns3:TrackPointExtension>
        </extensions>
      </trkpt>
      <trkpt lat="47.32854961417615413665771484375" lon="7.42598743177950382232666015625">
        <ele>711</ele>
        <time>2025-07-22T10:52:44.000Z</time>
        <extensions>
          <ns3:TrackPointExtension>
            <ns3:atemp>23.0</ns3:atemp>
          </ns3:TrackPointExtension>
        </extensions>
      </trkpt>
      <trkpt lat="47.32860962860286235809326171875" lon="7.42607963271439075469970703125">
        <ele>712</ele>
        <time>2025-07-22T10:52:47.000Z</time>
        <extensions>
          <ns3:TrackPointExtension>
            <ns3:atemp>23.0</ns3:atemp>
          </ns3:TrackPointExtension>
        </extensions>
      </trkpt>
      <trkpt lat="47.32864835299551486968994140625" lon="7.42618021555244922637939453125">
        <ele>713</ele>
        <time>2025-07-22T10:52:50.000Z</time>
        <extensions>
          <ns3:TrackPointExtension>
            <ns3:atemp>23.0</ns3:atemp>
          </ns3:TrackPointExtension>
        </extensions>
      </trkpt>
      <trkpt lat="47.32866159640252590179443359375" lon="7.4262275733053684234619140625">
        <ele>713.4000244140625</ele>
        <time>2025-07-22T10:52:51.000Z</time>
        <extensions>
          <ns3:TrackPointExtension>
            <ns3:atemp>23.0</ns3:atemp>
          </ns3:TrackPointExtension>
        </extensions>
      </trkpt>
      <trkpt lat="47.32870451174676418304443359375" lon="7.426391355693340301513671875">
        <ele>714.4000244140625</ele>
        <time>2025-07-22T10:52:55.000Z</time>
        <extensions>
          <ns3:TrackPointExtension>
            <ns3:atemp>23.0</ns3:atemp>
          </ns3:TrackPointExtension>
        </extensions>
      </trkpt>
      <trkpt lat="47.3287429846823215484619140625" lon="7.42650828324258327484130859375">
        <ele>715.79998779296875</ele>
        <time>2025-07-22T10:52:58.000Z</time>
        <extensions>
          <ns3:TrackPointExtension>
            <ns3:atemp>23.0</ns3:atemp>
          </ns3:TrackPointExtension>
        </extensions>
      </trkpt>
      <trkpt lat="47.328754551708698272705078125" lon="7.4265470914542675018310546875">
        <ele>716</ele>
        <time>2025-07-22T10:52:59.000Z</time>
        <extensions>
          <ns3:TrackPointExtension>
            <ns3:atemp>23.0</ns3:atemp>
          </ns3:TrackPointExtension>
        </extensions>
      </trkpt>
      <trkpt lat="47.328794784843921661376953125" lon="7.42670559324324131011962890625">
        <ele>717</ele>
        <time>2025-07-22T10:53:03.000Z</time>
        <extensions>
          <ns3:TrackPointExtension>
            <ns3:atemp>23.0</ns3:atemp>
          </ns3:TrackPointExtension>
        </extensions>
      </trkpt>
      <trkpt lat="47.32882554642856121063232421875" lon="7.42682511918246746063232421875">
        <ele>718</ele>
        <time>2025-07-22T10:53:06.000Z</time>
        <extensions>
          <ns3:TrackPointExtension>
            <ns3:atemp>23.0</ns3:atemp>
          </ns3:TrackPointExtension>
        </extensions>
      </trkpt>
      <trkpt lat="47.3288653604686260223388671875" lon="7.42698454298079013824462890625">
        <ele>719.4000244140625</ele>
        <time>2025-07-22T10:53:10.000Z</time>
        <extensions>
          <ns3:TrackPointExtension>
            <ns3:atemp>23.0</ns3:atemp>
          </ns3:TrackPointExtension>
        </extensions>
      </trkpt>
      <trkpt lat="47.32887432910501956939697265625" lon="7.42702578194439411163330078125">
        <ele>719.5999755859375</ele>
        <time>2025-07-22T10:53:11.000Z</time>
        <extensions>
          <ns3:TrackPointExtension>
            <ns3:atemp>23.0</ns3:atemp>
          </ns3:TrackPointExtension>
        </extensions>
      </trkpt>
      <trkpt lat="47.3289097845554351806640625" lon="7.42718805558979511260986328125">
        <ele>720.5999755859375</ele>
        <time>2025-07-22T10:53:15.000Z</time>
        <extensions>
          <ns3:TrackPointExtension>
            <ns3:atemp>23.0</ns3:atemp>
          </ns3:TrackPointExtension>
        </extensions>
      </trkpt>
      <trkpt lat="47.32893937267363071441650390625" lon="7.42731361649930477142333984375">
        <ele>721.79998779296875</ele>
        <time>2025-07-22T10:53:18.000Z</time>
        <extensions>
          <ns3:TrackPointExtension>
            <ns3:atemp>23.0</ns3:atemp>
          </ns3:TrackPointExtension>
        </extensions>
      </trkpt>
      <trkpt lat="47.3289511911571025848388671875" lon="7.42735452018678188323974609375">
        <ele>722.20001220703125</ele>
        <time>2025-07-22T10:53:19.000Z</time>
        <extensions>
          <ns3:TrackPointExtension>
            <ns3:atemp>23.0</ns3:atemp>
          </ns3:TrackPointExtension>
        </extensions>
      </trkpt>
      <trkpt lat="47.32899494469165802001953125" lon="7.42751981131732463836669921875">
        <ele>723</ele>
        <time>2025-07-22T10:53:23.000Z</time>
        <extensions>
          <ns3:TrackPointExtension>
            <ns3:atemp>23.0</ns3:atemp>
          </ns3:TrackPointExtension>
        </extensions>
      </trkpt>
      <trkpt lat="47.3290464095771312713623046875" lon="7.42772650904953479766845703125">
        <ele>724.5999755859375</ele>
        <time>2025-07-22T10:53:28.000Z</time>
        <extensions>
          <ns3:TrackPointExtension>
            <ns3:atemp>24.0</ns3:atemp>
          </ns3:TrackPointExtension>
        </extensions>
      </trkpt>
      <trkpt lat="47.32908974401652812957763671875" lon="7.427883334457874298095703125">
        <ele>725.79998779296875</ele>
        <time>2025-07-22T10:53:32.000Z</time>
        <extensions>
          <ns3:TrackPointExtension>
            <ns3:atemp>24.0</ns3:atemp>
          </ns3:TrackPointExtension>
        </extensions>
      </trkpt>
      <trkpt lat="47.32914187945425510406494140625" lon="7.42810495197772979736328125">
        <ele>727</ele>
        <time>2025-07-22T10:53:37.000Z</time>
        <extensions>
          <ns3:TrackPointExtension>
            <ns3:atemp>24.0</ns3:atemp>
          </ns3:TrackPointExtension>
        </extensions>
      </trkpt>
      <trkpt lat="47.32915311120450496673583984375" lon="7.42814694531261920928955078125">
        <ele>727.20001220703125</ele>
        <time>2025-07-22T10:53:38.000Z</time>
        <extensions>
          <ns3:TrackPointExtension>
            <ns3:atemp>24.0</ns3:atemp>
          </ns3:TrackPointExtension>
        </extensions>
      </trkpt>
      <trkpt lat="47.3291771672666072845458984375" lon="7.42827015928924083709716796875">
        <ele>728.20001220703125</ele>
        <time>2025-07-22T10:53:41.000Z</time>
        <extensions>
          <ns3:TrackPointExtension>
            <ns3:atemp>24.0</ns3:atemp>
          </ns3:TrackPointExtension>
        </extensions>
      </trkpt>
      <trkpt lat="47.32919803820550441741943359375" lon="7.4283979833126068115234375">
        <ele>729</ele>
        <time>2025-07-22T10:53:44.000Z</time>
        <extensions>
          <ns3:TrackPointExtension>
            <ns3:atemp>24.0</ns3:atemp>
          </ns3:TrackPointExtension>
        </extensions>
      </trkpt>
      <trkpt lat="47.32920792885124683380126953125" lon="7.42843897081911563873291015625">
        <ele>729.79998779296875</ele>
        <time>2025-07-22T10:53:45.000Z</time>
        <extensions>
          <ns3:TrackPointExtension>
            <ns3:atemp>24.0</ns3:atemp>
          </ns3:TrackPointExtension>
        </extensions>
      </trkpt>
      <trkpt lat="47.329244725406169891357421875" lon="7.42861993610858917236328125">
        <ele>730.79998779296875</ele>
        <time>2025-07-22T10:53:49.000Z</time>
        <extensions>
          <ns3:TrackPointExtension>
            <ns3:atemp>24.0</ns3:atemp>
          </ns3:TrackPointExtension>
        </extensions>
      </trkpt>
      <trkpt lat="47.32926643453538417816162109375" lon="7.428712807595729827880859375">
        <ele>731.4000244140625</ele>
        <time>2025-07-22T10:53:51.000Z</time>
        <extensions>
          <ns3:TrackPointExtension>
            <ns3:atemp>24.0</ns3:atemp>
          </ns3:TrackPointExtension>
        </extensions>
      </trkpt>
      <trkpt lat="47.32928537763655185699462890625" lon="7.42880827747285366058349609375">
        <ele>732</ele>
        <time>2025-07-22T10:53:53.000Z</time>
        <extensions>
          <ns3:TrackPointExtension>
            <ns3:atemp>24.0</ns3:atemp>
          </ns3:TrackPointExtension>
        </extensions>
      </trkpt>
      <trkpt lat="47.3293374292552471160888671875" lon="7.42900944314897060394287109375">
        <ele>733</ele>
        <time>2025-07-22T10:53:57.000Z</time>
        <extensions>
          <ns3:TrackPointExtension>
            <ns3:atemp>24.0</ns3:atemp>
          </ns3:TrackPointExtension>
        </extensions>
      </trkpt>
      <trkpt lat="47.3293538577854633331298828125" lon="7.429099716246128082275390625">
        <ele>733.5999755859375</ele>
        <time>2025-07-22T10:53:59.000Z</time>
        <extensions>
          <ns3:TrackPointExtension>
            <ns3:atemp>24.0</ns3:atemp>
          </ns3:TrackPointExtension>
        </extensions>
      </trkpt>
      <trkpt lat="47.32937120832502841949462890625" lon="7.429198957979679107666015625">
        <ele>734.20001220703125</ele>
        <time>2025-07-22T10:54:01.000Z</time>
        <extensions>
          <ns3:TrackPointExtension>
            <ns3:atemp>24.0</ns3:atemp>
          </ns3:TrackPointExtension>
        </extensions>
      </trkpt>
      <trkpt lat="47.3293981142342090606689453125" lon="7.4293426238000392913818359375">
        <ele>735.4000244140625</ele>
        <time>2025-07-22T10:54:04.000Z</time>
        <extensions>
          <ns3:TrackPointExtension>
            <ns3:atemp>24.0</ns3:atemp>
          </ns3:TrackPointExtension>
        </extensions>
      </trkpt>
      <trkpt lat="47.3294319771230220794677734375" lon="7.4295471422374248504638671875">
        <ele>736.5999755859375</ele>
        <time>2025-07-22T10:54:08.000Z</time>
        <extensions>
          <ns3:TrackPointExtension>
            <ns3:atemp>24.0</ns3:atemp>
          </ns3:TrackPointExtension>
        </extensions>
      </trkpt>
      <trkpt lat="47.3294500820338726043701171875" lon="7.42964428849518299102783203125">
        <ele>737.20001220703125</ele>
        <time>2025-07-22T10:54:10.000Z</time>
        <extensions>
          <ns3:TrackPointExtension>
            <ns3:atemp>24.0</ns3:atemp>
          </ns3:TrackPointExtension>
        </extensions>
      </trkpt>
      <trkpt lat="47.32946072705090045928955078125" lon="7.429689802229404449462890625">
        <ele>737.79998779296875</ele>
        <time>2025-07-22T10:54:11.000Z</time>
        <extensions>
          <ns3:TrackPointExtension>
            <ns3:atemp>24.0</ns3:atemp>
          </ns3:TrackPointExtension>
        </extensions>
      </trkpt>
      <trkpt lat="47.3295067436993122100830078125" lon="7.4299340508878231048583984375">
        <ele>738.79998779296875</ele>
        <time>2025-07-22T10:54:16.000Z</time>
        <extensions>
          <ns3:TrackPointExtension>
            <ns3:atemp>24.0</ns3:atemp>
          </ns3:TrackPointExtension>
        </extensions>
      </trkpt>
      <trkpt lat="47.32952359132468700408935546875" lon="7.43003287352621555328369140625">
        <ele>739.4000244140625</ele>
        <time>2025-07-22T10:54:18.000Z</time>
        <extensions>
          <ns3:TrackPointExtension>
            <ns3:atemp>24.0</ns3:atemp>
          </ns3:TrackPointExtension>
        </extensions>
      </trkpt>
      <trkpt lat="47.3295339010655879974365234375" lon="7.43008450604975223541259765625">
        <ele>740</ele>
        <time>2025-07-22T10:54:19.000Z</time>
        <extensions>
          <ns3:TrackPointExtension>
            <ns3:atemp>24.0</ns3:atemp>
          </ns3:TrackPointExtension>
        </extensions>
      </trkpt>
      <trkpt lat="47.3295684345066547393798828125" lon="7.43023789487779140472412109375">
        <ele>741.20001220703125</ele>
        <time>2025-07-22T10:54:22.000Z</time>
        <extensions>
          <ns3:TrackPointExtension>
            <ns3:atemp>24.0</ns3:atemp>
          </ns3:TrackPointExtension>
        </extensions>
      </trkpt>
      <trkpt lat="47.32961076311767101287841796875" lon="7.43044115602970123291015625">
        <ele>742.4000244140625</ele>
        <time>2025-07-22T10:54:26.000Z</time>
        <extensions>
          <ns3:TrackPointExtension>
            <ns3:atemp>24.0</ns3:atemp>
          </ns3:TrackPointExtension>
        </extensions>
      </trkpt>
      <trkpt lat="47.3296287842094898223876953125" lon="7.43054316379129886627197265625">
        <ele>743</ele>
        <time>2025-07-22T10:54:28.000Z</time>
        <extensions>
          <ns3:TrackPointExtension>
            <ns3:atemp>24.0</ns3:atemp>
          </ns3:TrackPointExtension>
        </extensions>
      </trkpt>
      <trkpt lat="47.32964596711099147796630859375" lon="7.4306428246200084686279296875">
        <ele>743.20001220703125</ele>
        <time>2025-07-22T10:54:30.000Z</time>
        <extensions>
          <ns3:TrackPointExtension>
            <ns3:atemp>24.0</ns3:atemp>
          </ns3:TrackPointExtension>
        </extensions>
      </trkpt>
      <trkpt lat="47.32965434901416301727294921875" lon="7.430682890117168426513671875">
        <ele>743.5999755859375</ele>
        <time>2025-07-22T10:54:31.000Z</time>
        <extensions>
          <ns3:TrackPointExtension>
            <ns3:atemp>25.0</ns3:atemp>
          </ns3:TrackPointExtension>
        </extensions>
      </trkpt>
      <trkpt lat="47.329703383147716522216796875" lon="7.4308966286480426788330078125">
        <ele>744.5999755859375</ele>
        <time>2025-07-22T10:54:35.000Z</time>
        <extensions>
          <ns3:TrackPointExtension>
            <ns3:atemp>25.0</ns3:atemp>
          </ns3:TrackPointExtension>
        </extensions>
      </trkpt>
      <trkpt lat="47.3297672532498836517333984375" lon="7.431151606142520904541015625">
        <ele>745.5999755859375</ele>
        <time>2025-07-22T10:54:40.000Z</time>
        <extensions>
          <ns3:TrackPointExtension>
            <ns3:atemp>25.0</ns3:atemp>
          </ns3:TrackPointExtension>
        </extensions>
      </trkpt>
      <trkpt lat="47.32984897680580615997314453125" lon="7.4314042367041110992431640625">
        <ele>746.20001220703125</ele>
        <time>2025-07-22T10:54:45.000Z</time>
        <extensions>
          <ns3:TrackPointExtension>
            <ns3:atemp>25.0</ns3:atemp>
          </ns3:TrackPointExtension>
        </extensions>
      </trkpt>
      <trkpt lat="47.32991200871765613555908203125" lon="7.43155251257121562957763671875">
        <ele>746.79998779296875</ele>
        <time>2025-07-22T10:54:48.000Z</time>
        <extensions>
          <ns3:TrackPointExtension>
            <ns3:atemp>25.0</ns3:atemp>
          </ns3:TrackPointExtension>
        </extensions>
      </trkpt>
      <trkpt lat="47.33001460321247577667236328125" lon="7.43183481507003307342529296875">
        <ele>747.79998779296875</ele>
        <time>2025-07-22T10:54:53.000Z</time>
        <extensions>
          <ns3:TrackPointExtension>
            <ns3:atemp>25.0</ns3:atemp>
          </ns3:TrackPointExtension>
        </extensions>
      </trkpt>
      <trkpt lat="47.33006020076572895050048828125" lon="7.431953251361846923828125">
        <ele>748</ele>
        <time>2025-07-22T10:54:55.000Z</time>
        <extensions>
          <ns3:TrackPointExtension>
            <ns3:atemp>25.0</ns3:atemp>
          </ns3:TrackPointExtension>
        </extensions>
      </trkpt>
      <trkpt lat="47.33021141029894351959228515625" lon="7.43240713141858577728271484375">
        <ele>749.20001220703125</ele>
        <time>2025-07-22T10:55:02.000Z</time>
        <extensions>
          <ns3:TrackPointExtension>
            <ns3:atemp>25.0</ns3:atemp>
          </ns3:TrackPointExtension>
        </extensions>
      </trkpt>
      <trkpt lat="47.33025164343416690826416015625" lon="7.4325401522219181060791015625">
        <ele>749.4000244140625</ele>
        <time>2025-07-22T10:55:04.000Z</time>
        <extensions>
          <ns3:TrackPointExtension>
            <ns3:atemp>25.0</ns3:atemp>
          </ns3:TrackPointExtension>
        </extensions>
      </trkpt>
      <trkpt lat="47.3303519748151302337646484375" lon="7.4329012446105480194091796875">
        <ele>749.79998779296875</ele>
        <time>2025-07-22T10:55:09.000Z</time>
        <extensions>
          <ns3:TrackPointExtension>
            <ns3:atemp>25.0</ns3:atemp>
          </ns3:TrackPointExtension>
        </extensions>
      </trkpt>
      <trkpt lat="47.330525480210781097412109375" lon="7.43352527730166912078857421875">
        <ele>749.79998779296875</ele>
        <time>2025-07-22T10:55:16.000Z</time>
        <extensions>
          <ns3:TrackPointExtension>
            <ns3:atemp>25.0</ns3:atemp>
          </ns3:TrackPointExtension>
        </extensions>
      </trkpt>
      <trkpt lat="47.33072237111628055572509765625" lon="7.4342188797891139984130859375">
        <ele>748.4000244140625</ele>
        <time>2025-07-22T10:55:23.000Z</time>
        <extensions>
          <ns3:TrackPointExtension>
            <ns3:atemp>25.0</ns3:atemp>
          </ns3:TrackPointExtension>
        </extensions>
      </trkpt>
      <trkpt lat="47.33075070194900035858154296875" lon="7.43431049399077892303466796875">
        <ele>748</ele>
        <time>2025-07-22T10:55:24.000Z</time>
        <extensions>
          <ns3:TrackPointExtension>
            <ns3:atemp>25.0</ns3:atemp>
          </ns3:TrackPointExtension>
        </extensions>
      </trkpt>
      <trkpt lat="47.3309390433132648468017578125" lon="7.43503301404416561126708984375">
        <ele>747.79998779296875</ele>
        <time>2025-07-22T10:55:32.000Z</time>
        <extensions>
          <ns3:TrackPointExtension>
            <ns3:atemp>25.0</ns3:atemp>
          </ns3:TrackPointExtension>
        </extensions>
      </trkpt>
      <trkpt lat="47.330982796847820281982421875" lon="7.4352149851620197296142578125">
        <ele>748.4000244140625</ele>
        <time>2025-07-22T10:55:34.000Z</time>
        <extensions>
          <ns3:TrackPointExtension>
            <ns3:atemp>26.0</ns3:atemp>
          </ns3:TrackPointExtension>
        </extensions>
      </trkpt>
      <trkpt lat="47.33108027838170528411865234375" lon="7.4355797655880451202392578125">
        <ele>749</ele>
        <time>2025-07-22T10:55:38.000Z</time>
        <extensions>
          <ns3:TrackPointExtension>
            <ns3:atemp>26.0</ns3:atemp>
          </ns3:TrackPointExtension>
        </extensions>
      </trkpt>
      <trkpt lat="47.3311184160411357879638671875" lon="7.435740530490875244140625">
        <ele>749.4000244140625</ele>
        <time>2025-07-22T10:55:40.000Z</time>
        <extensions>
          <ns3:TrackPointExtension>
            <ns3:atemp>26.0</ns3:atemp>
          </ns3:TrackPointExtension>
        </extensions>
      </trkpt>
      <trkpt lat="47.3311871476471424102783203125" lon="7.43612115271389484405517578125">
        <ele>750</ele>
        <time>2025-07-22T10:55:44.000Z</time>
        <extensions>
          <ns3:TrackPointExtension>
            <ns3:atemp>26.0</ns3:atemp>
          </ns3:TrackPointExtension>
        </extensions>
      </trkpt>
      <trkpt lat="47.33121120370924472808837890625" lon="7.43629432283341884613037109375">
        <ele>750.4000244140625</ele>
        <time>2025-07-22T10:55:46.000Z</time>
        <extensions>
          <ns3:TrackPointExtension>
            <ns3:atemp>26.0</ns3:atemp>
          </ns3:TrackPointExtension>
        </extensions>
      </trkpt>
      <trkpt lat="47.33122210018336772918701171875" lon="7.4364112503826618194580078125">
        <ele>750.5999755859375</ele>
        <time>2025-07-22T10:55:47.000Z</time>
        <extensions>
          <ns3:TrackPointExtension>
            <ns3:atemp>26.0</ns3:atemp>
          </ns3:TrackPointExtension>
        </extensions>
      </trkpt>
      <trkpt lat="47.3312367685139179229736328125" lon="7.43660143576562404632568359375">
        <ele>751.20001220703125</ele>
        <time>2025-07-22T10:55:49.000Z</time>
        <extensions>
          <ns3:TrackPointExtension>
            <ns3:atemp>26.0</ns3:atemp>
          </ns3:TrackPointExtension>
        </extensions>
      </trkpt>
      <trkpt lat="47.33124238438904285430908203125" lon="7.43707953952252864837646484375">
        <ele>752.20001220703125</ele>
        <time>2025-07-22T10:55:54.000Z</time>
        <extensions>
          <ns3:TrackPointExtension>
            <ns3:atemp>26.0</ns3:atemp>
          </ns3:TrackPointExtension>
        </extensions>
      </trkpt>
      <trkpt lat="47.331169210374355316162109375" lon="7.4377144686877727508544921875">
        <ele>753</ele>
        <time>2025-07-22T10:56:01.000Z</time>
        <extensions>
          <ns3:TrackPointExtension>
            <ns3:atemp>26.0</ns3:atemp>
          </ns3:TrackPointExtension>
        </extensions>
      </trkpt>
      <trkpt lat="47.33115169219672679901123046875" lon="7.4377801828086376190185546875">
        <ele>753</ele>
        <time>2025-07-22T10:56:02.000Z</time>
        <extensions>
          <ns3:TrackPointExtension>
            <ns3:atemp>26.0</ns3:atemp>
          </ns3:TrackPointExtension>
        </extensions>
      </trkpt>
      <trkpt lat="47.33110852539539337158203125" lon="7.43788830935955047607421875">
        <ele>753.20001220703125</ele>
        <time>2025-07-22T10:56:04.000Z</time>
        <extensions>
          <ns3:TrackPointExtension>
            <ns3:atemp>26.0</ns3:atemp>
          </ns3:TrackPointExtension>
        </extensions>
      </trkpt>
      <trkpt lat="47.33108899556100368499755859375" lon="7.4379313923418521881103515625">
        <ele>753.20001220703125</ele>
        <time>2025-07-22T10:56:05.000Z</time>
        <extensions>
          <ns3:TrackPointExtension>
            <ns3:atemp>26.0</ns3:atemp>
          </ns3:TrackPointExtension>
        </extensions>
      </trkpt>
      <trkpt lat="47.33107910491526126861572265625" lon="7.43797472678124904632568359375">
        <ele>753.20001220703125</ele>
        <time>2025-07-22T10:56:06.000Z</time>
        <extensions>
          <ns3:TrackPointExtension>
            <ns3:atemp>26.0</ns3:atemp>
          </ns3:TrackPointExtension>
        </extensions>
      </trkpt>
      <trkpt lat="47.33110475353896617889404296875" lon="7.4380494095385074615478515625">
        <ele>753.5999755859375</ele>
        <time>2025-07-22T10:56:08.000Z</time>
        <extensions>
          <ns3:TrackPointExtension>
            <ns3:atemp>26.0</ns3:atemp>
          </ns3:TrackPointExtension>
        </extensions>
      </trkpt>
      <trkpt lat="47.3312245309352874755859375" lon="7.4380914866924285888671875">
        <ele>753.79998779296875</ele>
        <time>2025-07-22T10:56:11.000Z</time>
        <extensions>
          <ns3:TrackPointExtension>
            <ns3:atemp>26.0</ns3:atemp>
          </ns3:TrackPointExtension>
        </extensions>
      </trkpt>
      <trkpt lat="47.3315210826694965362548828125" lon="7.4380725435912609100341796875">
        <ele>753.5999755859375</ele>
        <time>2025-07-22T10:56:16.000Z</time>
        <extensions>
          <ns3:TrackPointExtension>
            <ns3:atemp>26.0</ns3:atemp>
          </ns3:TrackPointExtension>
        </extensions>
      </trkpt>
      <trkpt lat="47.3318003676831722259521484375" lon="7.438015379011631011962890625">
        <ele>752.20001220703125</ele>
        <time>2025-07-22T10:56:20.000Z</time>
        <extensions>
          <ns3:TrackPointExtension>
            <ns3:atemp>26.0</ns3:atemp>
          </ns3:TrackPointExtension>
        </extensions>
      </trkpt>
      <trkpt lat="47.33197890222072601318359375" lon="7.4379914067685604095458984375">
        <ele>750.20001220703125</ele>
        <time>2025-07-22T10:56:23.000Z</time>
        <extensions>
          <ns3:TrackPointExtension>
            <ns3:atemp>26.0</ns3:atemp>
          </ns3:TrackPointExtension>
        </extensions>
      </trkpt>
      <trkpt lat="47.3321071453392505645751953125" lon="7.43800188414752483367919921875">
        <ele>749</ele>
        <time>2025-07-22T10:56:25.000Z</time>
        <extensions>
          <ns3:TrackPointExtension>
            <ns3:atemp>26.0</ns3:atemp>
          </ns3:TrackPointExtension>
        </extensions>
      </trkpt>
      <trkpt lat="47.33224804513156414031982421875" lon="7.43806994520127773284912109375">
        <ele>748</ele>
        <time>2025-07-22T10:56:27.000Z</time>
        <extensions>
          <ns3:TrackPointExtension>
            <ns3:atemp>26.0</ns3:atemp>
          </ns3:TrackPointExtension>
        </extensions>
      </trkpt>
      <trkpt lat="47.33238014392554759979248046875" lon="7.43815979920327663421630859375">
        <ele>746</ele>
        <time>2025-07-22T10:56:29.000Z</time>
        <extensions>
          <ns3:TrackPointExtension>
            <ns3:atemp>26.0</ns3:atemp>
          </ns3:TrackPointExtension>
        </extensions>
      </trkpt>
      <trkpt lat="47.33244904316961765289306640625" lon="7.43819676339626312255859375">
        <ele>744.79998779296875</ele>
        <time>2025-07-22T10:56:30.000Z</time>
        <extensions>
          <ns3:TrackPointExtension>
            <ns3:atemp>26.0</ns3:atemp>
          </ns3:TrackPointExtension>
        </extensions>
      </trkpt>
      <trkpt lat="47.3325745202600955963134765625" lon="7.438255436718463897705078125">
        <ele>743.4000244140625</ele>
        <time>2025-07-22T10:56:32.000Z</time>
        <extensions>
          <ns3:TrackPointExtension>
            <ns3:atemp>26.0</ns3:atemp>
          </ns3:TrackPointExtension>
        </extensions>
      </trkpt>
      <trkpt lat="47.33268440701067447662353515625" lon="7.43830329738557338714599609375">
        <ele>742</ele>
        <time>2025-07-22T10:56:34.000Z</time>
        <extensions>
          <ns3:TrackPointExtension>
            <ns3:atemp>26.0</ns3:atemp>
          </ns3:TrackPointExtension>
        </extensions>
      </trkpt>
      <trkpt lat="47.3327319324016571044921875" lon="7.438318468630313873291015625">
        <ele>741.20001220703125</ele>
        <time>2025-07-22T10:56:35.000Z</time>
        <extensions>
          <ns3:TrackPointExtension>
            <ns3:atemp>26.0</ns3:atemp>
          </ns3:TrackPointExtension>
        </extensions>
      </trkpt>
      <trkpt lat="47.33277627266943454742431640625" lon="7.4383240006864070892333984375">
        <ele>740.5999755859375</ele>
        <time>2025-07-22T10:56:36.000Z</time>
        <extensions>
          <ns3:TrackPointExtension>
            <ns3:atemp>26.0</ns3:atemp>
          </ns3:TrackPointExtension>
        </extensions>
      </trkpt>
      <trkpt lat="47.33286780305206775665283203125" lon="7.43833296932280063629150390625">
        <ele>739.20001220703125</ele>
        <time>2025-07-22T10:56:38.000Z</time>
        <extensions>
          <ns3:TrackPointExtension>
            <ns3:atemp>26.0</ns3:atemp>
          </ns3:TrackPointExtension>
        </extensions>
      </trkpt>
      <trkpt lat="47.33294223435223102569580078125" lon="7.4383169598877429962158203125">
        <ele>738.20001220703125</ele>
        <time>2025-07-22T10:56:40.000Z</time>
        <extensions>
          <ns3:TrackPointExtension>
            <ns3:atemp>26.0</ns3:atemp>
          </ns3:TrackPointExtension>
        </extensions>
      </trkpt>
      <trkpt lat="47.3329929448664188385009765625" lon="7.4382790736854076385498046875">
        <ele>736.79998779296875</ele>
        <time>2025-07-22T10:56:42.000Z</time>
        <extensions>
          <ns3:TrackPointExtension>
            <ns3:atemp>26.0</ns3:atemp>
          </ns3:TrackPointExtension>
        </extensions>
      </trkpt>
      <trkpt lat="47.3330258019268512725830078125" lon="7.43824445642530918121337890625">
        <ele>735.5999755859375</ele>
        <time>2025-07-22T10:56:44.000Z</time>
        <extensions>
          <ns3:TrackPointExtension>
            <ns3:atemp>26.0</ns3:atemp>
          </ns3:TrackPointExtension>
        </extensions>
      </trkpt>
      <trkpt lat="47.33303929679095745086669921875" lon="7.4382297880947589874267578125">
        <ele>735</ele>
        <time>2025-07-22T10:56:46.000Z</time>
        <extensions>
          <ns3:TrackPointExtension>
            <ns3:atemp>26.0</ns3:atemp>
          </ns3:TrackPointExtension>
        </extensions>
      </trkpt>
      <trkpt lat="47.33303929679095745086669921875" lon="7.4382297880947589874267578125">
        <ele>734.20001220703125</ele>
        <time>2025-07-22T10:56:48.000Z</time>
        <extensions>
          <ns3:TrackPointExtension>
            <ns3:atemp>26.0</ns3:atemp>
          </ns3:TrackPointExtension>
        </extensions>
      </trkpt>
      <trkpt lat="47.333044745028018951416015625" lon="7.43823431432247161865234375">
        <ele>733.4000244140625</ele>
        <time>2025-07-22T10:56:58.000Z</time>
        <extensions>
          <ns3:TrackPointExtension>
            <ns3:atemp>25.0</ns3:atemp>
          </ns3:TrackPointExtension>
        </extensions>
      </trkpt>
      <trkpt lat="47.333044745028018951416015625" lon="7.43823431432247161865234375">
        <ele>733.5999755859375</ele>
        <time>2025-07-22T10:57:00.000Z</time>
        <extensions>
          <ns3:TrackPointExtension>
            <ns3:atemp>25.0</ns3:atemp>
          </ns3:TrackPointExtension>
        </extensions>
      </trkpt>
      <trkpt lat="47.33305186964571475982666015625" lon="7.43821361102163791656494140625">
        <ele>736.79998779296875</ele>
        <time>2025-07-22T10:57:11.000Z</time>
        <extensions>
          <ns3:TrackPointExtension>
            <ns3:atemp>25.0</ns3:atemp>
          </ns3:TrackPointExtension>
        </extensions>
      </trkpt>
      <trkpt lat="47.33305186964571475982666015625" lon="7.43821361102163791656494140625">
        <ele>735.4000244140625</ele>
        <time>2025-07-22T10:57:12.000Z</time>
        <extensions>
          <ns3:TrackPointExtension>
            <ns3:atemp>25.0</ns3:atemp>
          </ns3:TrackPointExtension>
        </extensions>
      </trkpt>
      <trkpt lat="47.33305186964571475982666015625" lon="7.43821361102163791656494140625">
        <ele>734.4000244140625</ele>
        <time>2025-07-22T10:57:14.000Z</time>
        <extensions>
          <ns3:TrackPointExtension>
            <ns3:atemp>25.0</ns3:atemp>
          </ns3:TrackPointExtension>
        </extensions>
      </trkpt>
      <trkpt lat="47.333152703940868377685546875" lon="7.43800825439393520355224609375">
        <ele>732.5999755859375</ele>
        <time>2025-07-22T10:57:53.000Z</time>
        <extensions>
          <ns3:TrackPointExtension>
            <ns3:atemp>25.0</ns3:atemp>
          </ns3:TrackPointExtension>
        </extensions>
      </trkpt>
      <trkpt lat="47.33317893929779529571533203125" lon="7.43794539012014865875244140625">
        <ele>732.20001220703125</ele>
        <time>2025-07-22T10:57:55.000Z</time>
        <extensions>
          <ns3:TrackPointExtension>
            <ns3:atemp>25.0</ns3:atemp>
          </ns3:TrackPointExtension>
        </extensions>
      </trkpt>
      <trkpt lat="47.33322571031749248504638671875" lon="7.43780893273651599884033203125">
        <ele>731.4000244140625</ele>
        <time>2025-07-22T10:57:58.000Z</time>
        <extensions>
          <ns3:TrackPointExtension>
            <ns3:atemp>25.0</ns3:atemp>
          </ns3:TrackPointExtension>
        </extensions>
      </trkpt>
      <trkpt lat="47.333259992301464080810546875" lon="7.4376953579485416412353515625">
        <ele>730.5999755859375</ele>
        <time>2025-07-22T10:58:00.000Z</time>
        <extensions>
          <ns3:TrackPointExtension>
            <ns3:atemp>25.0</ns3:atemp>
          </ns3:TrackPointExtension>
        </extensions>
      </trkpt>
      <trkpt lat="47.33327248133718967437744140625" lon="7.4376408755779266357421875">
        <ele>730</ele>
        <time>2025-07-22T10:58:01.000Z</time>
        <extensions>
          <ns3:TrackPointExtension>
            <ns3:atemp>25.0</ns3:atemp>
          </ns3:TrackPointExtension>
        </extensions>
      </trkpt>
      <trkpt lat="47.33331053517758846282958984375" lon="7.437460161745548248291015625">
        <ele>728.5999755859375</ele>
        <time>2025-07-22T10:58:04.000Z</time>
        <extensions>
          <ns3:TrackPointExtension>
            <ns3:atemp>25.0</ns3:atemp>
          </ns3:TrackPointExtension>
        </extensions>
      </trkpt>
      <trkpt lat="47.33331522904336452484130859375" lon="7.4373967945575714111328125">
        <ele>728.20001220703125</ele>
        <time>2025-07-22T10:58:05.000Z</time>
        <extensions>
          <ns3:TrackPointExtension>
            <ns3:atemp>25.0</ns3:atemp>
          </ns3:TrackPointExtension>
        </extensions>
      </trkpt>
      <trkpt lat="47.3333258740603923797607421875" lon="7.43723653256893157958984375">
        <ele>727.4000244140625</ele>
        <time>2025-07-22T10:58:07.000Z</time>
        <extensions>
          <ns3:TrackPointExtension>
            <ns3:atemp>25.0</ns3:atemp>
          </ns3:TrackPointExtension>
        </extensions>
      </trkpt>
      <trkpt lat="47.33332964591681957244873046875" lon="7.43715095333755016326904296875">
        <ele>726.20001220703125</ele>
        <time>2025-07-22T10:58:08.000Z</time>
        <extensions>
          <ns3:TrackPointExtension>
            <ns3:atemp>25.0</ns3:atemp>
          </ns3:TrackPointExtension>
        </extensions>
      </trkpt>
      <trkpt lat="47.33336317352950572967529296875" lon="7.43699002079665660858154296875">
        <ele>725.20001220703125</ele>
        <time>2025-07-22T10:58:10.000Z</time>
        <extensions>
          <ns3:TrackPointExtension>
            <ns3:atemp>25.0</ns3:atemp>
          </ns3:TrackPointExtension>
        </extensions>
      </trkpt>
      <trkpt lat="47.33337021432816982269287109375" lon="7.4369409866631031036376953125">
        <ele>724.79998779296875</ele>
        <time>2025-07-22T10:58:11.000Z</time>
        <extensions>
          <ns3:TrackPointExtension>
            <ns3:atemp>25.0</ns3:atemp>
          </ns3:TrackPointExtension>
        </extensions>
      </trkpt>
      <trkpt lat="47.33338035643100738525390625" lon="7.43685490451753139495849609375">
        <ele>724.4000244140625</ele>
        <time>2025-07-22T10:58:12.000Z</time>
        <extensions>
          <ns3:TrackPointExtension>
            <ns3:atemp>24.0</ns3:atemp>
          </ns3:TrackPointExtension>
        </extensions>
      </trkpt>
      <trkpt lat="47.3334105312824249267578125" lon="7.4367129988968372344970703125">
        <ele>723.79998779296875</ele>
        <time>2025-07-22T10:58:14.000Z</time>
        <extensions>
          <ns3:TrackPointExtension>
            <ns3:atemp>24.0</ns3:atemp>
          </ns3:TrackPointExtension>
        </extensions>
      </trkpt>
      <trkpt lat="47.33345135115087032318115234375" lon="7.43652549572288990020751953125">
        <ele>723.20001220703125</ele>
        <time>2025-07-22T10:58:17.000Z</time>
        <extensions>
          <ns3:TrackPointExtension>
            <ns3:atemp>24.0</ns3:atemp>
          </ns3:TrackPointExtension>
        </extensions>
      </trkpt>
      <trkpt lat="47.333461828529834747314453125" lon="7.43639431893825531005859375">
        <ele>722.79998779296875</ele>
        <time>2025-07-22T10:58:19.000Z</time>
        <extensions>
          <ns3:TrackPointExtension>
            <ns3:atemp>24.0</ns3:atemp>
          </ns3:TrackPointExtension>
        </extensions>
      </trkpt>
      <trkpt lat="47.33346207998692989349365234375" lon="7.43631812743842601776123046875">
        <ele>722.4000244140625</ele>
        <time>2025-07-22T10:58:20.000Z</time>
        <extensions>
          <ns3:TrackPointExtension>
            <ns3:atemp>24.0</ns3:atemp>
          </ns3:TrackPointExtension>
        </extensions>
      </trkpt>
      <trkpt lat="47.3334666900336742401123046875" lon="7.43617915548384189605712890625">
        <ele>721.4000244140625</ele>
        <time>2025-07-22T10:58:22.000Z</time>
        <extensions>
          <ns3:TrackPointExtension>
            <ns3:atemp>24.0</ns3:atemp>
          </ns3:TrackPointExtension>
        </extensions>
      </trkpt>
      <trkpt lat="47.33346057124435901641845703125" lon="7.43600833229720592498779296875">
        <ele>719.5999755859375</ele>
        <time>2025-07-22T10:58:24.000Z</time>
        <extensions>
          <ns3:TrackPointExtension>
            <ns3:atemp>24.0</ns3:atemp>
          </ns3:TrackPointExtension>
        </extensions>
      </trkpt>
      <trkpt lat="47.333433330059051513671875" lon="7.435706667602062225341796875">
        <ele>718.4000244140625</ele>
        <time>2025-07-22T10:58:27.000Z</time>
        <extensions>
          <ns3:TrackPointExtension>
            <ns3:atemp>24.0</ns3:atemp>
          </ns3:TrackPointExtension>
        </extensions>
      </trkpt>
      <trkpt lat="47.333423607051372528076171875" lon="7.4356277100741863250732421875">
        <ele>716.79998779296875</ele>
        <time>2025-07-22T10:58:28.000Z</time>
        <extensions>
          <ns3:TrackPointExtension>
            <ns3:atemp>24.0</ns3:atemp>
          </ns3:TrackPointExtension>
        </extensions>
      </trkpt>
      <trkpt lat="47.333414889872074127197265625" lon="7.43555654771625995635986328125">
        <ele>715.5999755859375</ele>
        <time>2025-07-22T10:58:29.000Z</time>
        <extensions>
          <ns3:TrackPointExtension>
            <ns3:atemp>24.0</ns3:atemp>
          </ns3:TrackPointExtension>
        </extensions>
      </trkpt>
      <trkpt lat="47.33339804224669933319091796875" lon="7.4353980459272861480712890625">
        <ele>713.4000244140625</ele>
        <time>2025-07-22T10:58:31.000Z</time>
        <extensions>
          <ns3:TrackPointExtension>
            <ns3:atemp>24.0</ns3:atemp>
          </ns3:TrackPointExtension>
        </extensions>
      </trkpt>
      <trkpt lat="47.3333647660911083221435546875" lon="7.435240633785724639892578125">
        <ele>711.79998779296875</ele>
        <time>2025-07-22T10:58:33.000Z</time>
        <extensions>
          <ns3:TrackPointExtension>
            <ns3:atemp>24.0</ns3:atemp>
          </ns3:TrackPointExtension>
        </extensions>
      </trkpt>
      <trkpt lat="47.333351187407970428466796875" lon="7.4351596646010875701904296875">
        <ele>711.5999755859375</ele>
        <time>2025-07-22T10:58:34.000Z</time>
        <extensions>
          <ns3:TrackPointExtension>
            <ns3:atemp>24.0</ns3:atemp>
          </ns3:TrackPointExtension>
        </extensions>
      </trkpt>
      <trkpt lat="47.33333953656256198883056640625" lon="7.435055561363697052001953125">
        <ele>711.4000244140625</ele>
        <time>2025-07-22T10:58:35.000Z</time>
        <extensions>
          <ns3:TrackPointExtension>
            <ns3:atemp>24.0</ns3:atemp>
          </ns3:TrackPointExtension>
        </extensions>
      </trkpt>
      <trkpt lat="47.33330047689378261566162109375" lon="7.43483872152864933013916015625">
        <ele>711.4000244140625</ele>
        <time>2025-07-22T10:58:37.000Z</time>
        <extensions>
          <ns3:TrackPointExtension>
            <ns3:atemp>24.0</ns3:atemp>
          </ns3:TrackPointExtension>
        </extensions>
      </trkpt>
      <trkpt lat="47.33324029482901096343994140625" lon="7.4345028586685657501220703125">
        <ele>710</ele>
        <time>2025-07-22T10:58:40.000Z</time>
        <extensions>
          <ns3:TrackPointExtension>
            <ns3:atemp>24.0</ns3:atemp>
          </ns3:TrackPointExtension>
        </extensions>
      </trkpt>
      <trkpt lat="47.33323375694453716278076171875" lon="7.43441484868526458740234375">
        <ele>709.79998779296875</ele>
        <time>2025-07-22T10:58:41.000Z</time>
        <extensions>
          <ns3:TrackPointExtension>
            <ns3:atemp>24.0</ns3:atemp>
          </ns3:TrackPointExtension>
        </extensions>
      </trkpt>
      <trkpt lat="47.33322604559361934661865234375" lon="7.4342906288802623748779296875">
        <ele>709.20001220703125</ele>
        <time>2025-07-22T10:58:42.000Z</time>
        <extensions>
          <ns3:TrackPointExtension>
            <ns3:atemp>24.0</ns3:atemp>
          </ns3:TrackPointExtension>
        </extensions>
      </trkpt>
      <trkpt lat="47.33322210609912872314453125" lon="7.4341910518705844879150390625">
        <ele>709</ele>
        <time>2025-07-22T10:58:43.000Z</time>
        <extensions>
          <ns3:TrackPointExtension>
            <ns3:atemp>24.0</ns3:atemp>
          </ns3:TrackPointExtension>
        </extensions>
      </trkpt>
      <trkpt lat="47.3332102037966251373291015625" lon="7.43407244794070720672607421875">
        <ele>708.79998779296875</ele>
        <time>2025-07-22T10:58:44.000Z</time>
        <extensions>
          <ns3:TrackPointExtension>
            <ns3:atemp>24.0</ns3:atemp>
          </ns3:TrackPointExtension>
        </extensions>
      </trkpt>
      <trkpt lat="47.33320458792150020599365234375" lon="7.43379416875541210174560546875">
        <ele>707.5999755859375</ele>
        <time>2025-07-22T10:58:46.000Z</time>
        <extensions>
          <ns3:TrackPointExtension>
            <ns3:atemp>24.0</ns3:atemp>
          </ns3:TrackPointExtension>
        </extensions>
      </trkpt>
      <trkpt lat="47.33320911414921283721923828125" lon="7.4336938373744487762451171875">
        <ele>707</ele>
        <time>2025-07-22T10:58:47.000Z</time>
        <extensions>
          <ns3:TrackPointExtension>
            <ns3:atemp>24.0</ns3:atemp>
          </ns3:TrackPointExtension>
        </extensions>
      </trkpt>
      <trkpt lat="47.3332055099308490753173828125" lon="7.433573640882968902587890625">
        <ele>706.5999755859375</ele>
        <time>2025-07-22T10:58:48.000Z</time>
        <extensions>
          <ns3:TrackPointExtension>
            <ns3:atemp>24.0</ns3:atemp>
          </ns3:TrackPointExtension>
        </extensions>
      </trkpt>
      <trkpt lat="47.33319318853318691253662109375" lon="7.43346744216978549957275390625">
        <ele>705.4000244140625</ele>
        <time>2025-07-22T10:58:49.000Z</time>
        <extensions>
          <ns3:TrackPointExtension>
            <ns3:atemp>24.0</ns3:atemp>
          </ns3:TrackPointExtension>
        </extensions>
      </trkpt>
      <trkpt lat="47.3331327550113201141357421875" lon="7.4332018196582794189453125">
        <ele>705.20001220703125</ele>
        <time>2025-07-22T10:58:51.000Z</time>
        <extensions>
          <ns3:TrackPointExtension>
            <ns3:atemp>24.0</ns3:atemp>
          </ns3:TrackPointExtension>
        </extensions>
      </trkpt>
      <trkpt lat="47.33303192071616649627685546875" lon="7.43286863900721073150634765625">
        <ele>704.5999755859375</ele>
        <time>2025-07-22T10:58:55.000Z</time>
        <extensions>
          <ns3:TrackPointExtension>
            <ns3:atemp>24.0</ns3:atemp>
          </ns3:TrackPointExtension>
        </extensions>
      </trkpt>
      <trkpt lat="47.33300962485373020172119140625" lon="7.432805188000202178955078125">
        <ele>704</ele>
        <time>2025-07-22T10:58:56.000Z</time>
        <extensions>
          <ns3:TrackPointExtension>
            <ns3:atemp>24.0</ns3:atemp>
          </ns3:TrackPointExtension>
        </extensions>
      </trkpt>
      <trkpt lat="47.332979030907154083251953125" lon="7.43272312916815280914306640625">
        <ele>703.5999755859375</ele>
        <time>2025-07-22T10:58:58.000Z</time>
        <extensions>
          <ns3:TrackPointExtension>
            <ns3:atemp>24.0</ns3:atemp>
          </ns3:TrackPointExtension>
        </extensions>
      </trkpt>
      <trkpt lat="47.33295363374054431915283203125" lon="7.4326672218739986419677734375">
        <ele>703.5999755859375</ele>
        <time>2025-07-22T10:58:59.000Z</time>
        <extensions>
          <ns3:TrackPointExtension>
            <ns3:atemp>24.0</ns3:atemp>
          </ns3:TrackPointExtension>
        </extensions>
      </trkpt>
      <trkpt lat="47.332907952368259429931640625" lon="7.4325002543628215789794921875">
        <ele>703.5999755859375</ele>
        <time>2025-07-22T10:59:02.000Z</time>
        <extensions>
          <ns3:TrackPointExtension>
            <ns3:atemp>24.0</ns3:atemp>
          </ns3:TrackPointExtension>
        </extensions>
      </trkpt>
      <trkpt lat="47.3328816331923007965087890625" lon="7.43240210227668285369873046875">
        <ele>703.5999755859375</ele>
        <time>2025-07-22T10:59:04.000Z</time>
        <extensions>
          <ns3:TrackPointExtension>
            <ns3:atemp>24.0</ns3:atemp>
          </ns3:TrackPointExtension>
        </extensions>
      </trkpt>
      <trkpt lat="47.33279856853187084197998046875" lon="7.43208442814648151397705078125">
        <ele>704</ele>
        <time>2025-07-22T10:59:09.000Z</time>
        <extensions>
          <ns3:TrackPointExtension>
            <ns3:atemp>23.0</ns3:atemp>
          </ns3:TrackPointExtension>
        </extensions>
      </trkpt>
      <trkpt lat="47.3327532224357128143310546875" lon="7.43192441761493682861328125">
        <ele>705</ele>
        <time>2025-07-22T10:59:13.000Z</time>
        <extensions>
          <ns3:TrackPointExtension>
            <ns3:atemp>23.0</ns3:atemp>
          </ns3:TrackPointExtension>
        </extensions>
      </trkpt>
      <trkpt lat="47.33272816054522991180419921875" lon="7.4318468011915683746337890625">
        <ele>706</ele>
        <time>2025-07-22T10:59:15.000Z</time>
        <extensions>
          <ns3:TrackPointExtension>
            <ns3:atemp>23.0</ns3:atemp>
          </ns3:TrackPointExtension>
        </extensions>
      </trkpt>
      <trkpt lat="47.3326992429792881011962890625" lon="7.43163750506937503814697265625">
        <ele>707.20001220703125</ele>
        <time>2025-07-22T10:59:19.000Z</time>
        <extensions>
          <ns3:TrackPointExtension>
            <ns3:atemp>23.0</ns3:atemp>
          </ns3:TrackPointExtension>
        </extensions>
      </trkpt>
      <trkpt lat="47.332694046199321746826171875" lon="7.4315376766026020050048828125">
        <ele>707.4000244140625</ele>
        <time>2025-07-22T10:59:21.000Z</time>
        <extensions>
          <ns3:TrackPointExtension>
            <ns3:atemp>23.0</ns3:atemp>
          </ns3:TrackPointExtension>
        </extensions>
      </trkpt>
      <trkpt lat="47.332655824720859527587890625" lon="7.4311866424977779388427734375">
        <ele>707.4000244140625</ele>
        <time>2025-07-22T10:59:25.000Z</time>
        <extensions>
          <ns3:TrackPointExtension>
            <ns3:atemp>23.0</ns3:atemp>
          </ns3:TrackPointExtension>
        </extensions>
      </trkpt>
      <trkpt lat="47.33264853246510028839111328125" lon="7.43113006465137004852294921875">
        <ele>707.4000244140625</ele>
        <time>2025-07-22T10:59:26.000Z</time>
        <extensions>
          <ns3:TrackPointExtension>
            <ns3:atemp>23.0</ns3:atemp>
          </ns3:TrackPointExtension>
        </extensions>
      </trkpt>
      <trkpt lat="47.33256253413856029510498046875" lon="7.43060879409313201904296875">
        <ele>706.4000244140625</ele>
        <time>2025-07-22T10:59:32.000Z</time>
        <extensions>
          <ns3:TrackPointExtension>
            <ns3:atemp>23.0</ns3:atemp>
          </ns3:TrackPointExtension>
        </extensions>
      </trkpt>
      <trkpt lat="47.3325550742447376251220703125" lon="7.43052237667143344879150390625">
        <ele>705.79998779296875</ele>
        <time>2025-07-22T10:59:33.000Z</time>
        <extensions>
          <ns3:TrackPointExtension>
            <ns3:atemp>23.0</ns3:atemp>
          </ns3:TrackPointExtension>
        </extensions>
      </trkpt>
      <trkpt lat="47.33255423605442047119140625" lon="7.4304456822574138641357421875">
        <ele>705.4000244140625</ele>
        <time>2025-07-22T10:59:34.000Z</time>
        <extensions>
          <ns3:TrackPointExtension>
            <ns3:atemp>23.0</ns3:atemp>
          </ns3:TrackPointExtension>
        </extensions>
      </trkpt>
      <trkpt lat="47.33253143727779388427734375" lon="7.430177628993988037109375">
        <ele>705</ele>
        <time>2025-07-22T10:59:37.000Z</time>
        <extensions>
          <ns3:TrackPointExtension>
            <ns3:atemp>23.0</ns3:atemp>
          </ns3:TrackPointExtension>
        </extensions>
      </trkpt>
      <trkpt lat="47.33252833597362041473388671875" lon="7.43010210804641246795654296875">
        <ele>704.4000244140625</ele>
        <time>2025-07-22T10:59:38.000Z</time>
        <extensions>
          <ns3:TrackPointExtension>
            <ns3:atemp>23.0</ns3:atemp>
          </ns3:TrackPointExtension>
        </extensions>
      </trkpt>
      <trkpt lat="47.33251324854791164398193359375" lon="7.42994318716228008270263671875">
        <ele>703.20001220703125</ele>
        <time>2025-07-22T10:59:40.000Z</time>
        <extensions>
          <ns3:TrackPointExtension>
            <ns3:atemp>23.0</ns3:atemp>
          </ns3:TrackPointExtension>
        </extensions>
      </trkpt>
      <trkpt lat="47.3324819840490818023681640625" lon="7.42970597930252552032470703125">
        <ele>702</ele>
        <time>2025-07-22T10:59:43.000Z</time>
        <extensions>
          <ns3:TrackPointExtension>
            <ns3:atemp>23.0</ns3:atemp>
          </ns3:TrackPointExtension>
        </extensions>
      </trkpt>
      <trkpt lat="47.33246496878564357757568359375" lon="7.4295618943870067596435546875">
        <ele>701</ele>
        <time>2025-07-22T10:59:45.000Z</time>
        <extensions>
          <ns3:TrackPointExtension>
            <ns3:atemp>23.0</ns3:atemp>
          </ns3:TrackPointExtension>
        </extensions>
      </trkpt>
      <trkpt lat="47.33245843090116977691650390625" lon="7.429445721209049224853515625">
        <ele>700.4000244140625</ele>
        <time>2025-07-22T10:59:47.000Z</time>
        <extensions>
          <ns3:TrackPointExtension>
            <ns3:atemp>23.0</ns3:atemp>
          </ns3:TrackPointExtension>
        </extensions>
      </trkpt>
      <trkpt lat="47.3324685730040073394775390625" lon="7.42940423078835010528564453125">
        <ele>700.4000244140625</ele>
        <time>2025-07-22T10:59:48.000Z</time>
        <extensions>
          <ns3:TrackPointExtension>
            <ns3:atemp>23.0</ns3:atemp>
          </ns3:TrackPointExtension>
        </extensions>
      </trkpt>
      <trkpt lat="47.3324771225452423095703125" lon="7.42930666543543338775634765625">
        <ele>699.5999755859375</ele>
        <time>2025-07-22T10:59:50.000Z</time>
        <extensions>
          <ns3:TrackPointExtension>
            <ns3:atemp>23.0</ns3:atemp>
          </ns3:TrackPointExtension>
        </extensions>
      </trkpt>
      <trkpt lat="47.3324883542954921722412109375" lon="7.42914238013327121734619140625">
        <ele>697.5999755859375</ele>
        <time>2025-07-22T10:59:52.000Z</time>
        <extensions>
          <ns3:TrackPointExtension>
            <ns3:atemp>23.0</ns3:atemp>
          </ns3:TrackPointExtension>
        </extensions>
      </trkpt>
      <trkpt lat="47.33249363489449024200439453125" lon="7.4290043301880359649658203125">
        <ele>696.20001220703125</ele>
        <time>2025-07-22T10:59:54.000Z</time>
        <extensions>
          <ns3:TrackPointExtension>
            <ns3:atemp>23.0</ns3:atemp>
          </ns3:TrackPointExtension>
        </extensions>
      </trkpt>
      <trkpt lat="47.3324990831315517425537109375" lon="7.42889997549355030059814453125">
        <ele>695</ele>
        <time>2025-07-22T10:59:56.000Z</time>
        <extensions>
          <ns3:TrackPointExtension>
            <ns3:atemp>23.0</ns3:atemp>
          </ns3:TrackPointExtension>
        </extensions>
      </trkpt>
      <trkpt lat="47.33250956051051616668701171875" lon="7.4286918528378009796142578125">
        <ele>693.79998779296875</ele>
        <time>2025-07-22T10:59:59.000Z</time>
        <extensions>
          <ns3:TrackPointExtension>
            <ns3:atemp>22.0</ns3:atemp>
          </ns3:TrackPointExtension>
        </extensions>
      </trkpt>
      <trkpt lat="47.33251241035759449005126953125" lon="7.428545840084552764892578125">
        <ele>692.5999755859375</ele>
        <time>2025-07-22T11:00:01.000Z</time>
        <extensions>
          <ns3:TrackPointExtension>
            <ns3:atemp>22.0</ns3:atemp>
          </ns3:TrackPointExtension>
        </extensions>
      </trkpt>
      <trkpt lat="47.3325155116617679595947265625" lon="7.42843545041978359222412109375">
        <ele>691.20001220703125</ele>
        <time>2025-07-22T11:00:03.000Z</time>
        <extensions>
          <ns3:TrackPointExtension>
            <ns3:atemp>22.0</ns3:atemp>
          </ns3:TrackPointExtension>
        </extensions>
      </trkpt>
      <trkpt lat="47.3325158469378948211669921875" lon="7.4283917807042598724365234375">
        <ele>690.79998779296875</ele>
        <time>2025-07-22T11:00:04.000Z</time>
        <extensions>
          <ns3:TrackPointExtension>
            <ns3:atemp>22.0</ns3:atemp>
          </ns3:TrackPointExtension>
        </extensions>
      </trkpt>
      <trkpt lat="47.3325131647288799285888671875" lon="7.4283227138221263885498046875">
        <ele>689.79998779296875</ele>
        <time>2025-07-22T11:00:06.000Z</time>
        <extensions>
          <ns3:TrackPointExtension>
            <ns3:atemp>22.0</ns3:atemp>
          </ns3:TrackPointExtension>
        </extensions>
      </trkpt>
      <trkpt lat="47.3325121589004993438720703125" lon="7.42831508629024028778076171875">
        <ele>688.79998779296875</ele>
        <time>2025-07-22T11:00:08.000Z</time>
        <extensions>
          <ns3:TrackPointExtension>
            <ns3:atemp>22.0</ns3:atemp>
          </ns3:TrackPointExtension>
        </extensions>
      </trkpt>
      <trkpt lat="47.3325121589004993438720703125" lon="7.42831508629024028778076171875">
        <ele>688.20001220703125</ele>
        <time>2025-07-22T11:00:10.000Z</time>
        <extensions>
          <ns3:TrackPointExtension>
            <ns3:atemp>22.0</ns3:atemp>
          </ns3:TrackPointExtension>
        </extensions>
      </trkpt>
      <trkpt lat="47.332126758992671966552734375" lon="7.42759340442717075347900390625">
        <ele>685.5999755859375</ele>
        <time>2025-07-22T11:03:21.000Z</time>
        <extensions>
          <ns3:TrackPointExtension>
            <ns3:atemp>24.0</ns3:atemp>
          </ns3:TrackPointExtension>
        </extensions>
      </trkpt>
      <trkpt lat="47.33209784142673015594482421875" lon="7.42758166976273059844970703125">
        <ele>685.79998779296875</ele>
        <time>2025-07-22T11:03:23.000Z</time>
        <extensions>
          <ns3:TrackPointExtension>
            <ns3:atemp>24.0</ns3:atemp>
          </ns3:TrackPointExtension>
        </extensions>
      </trkpt>
      <trkpt lat="47.332057021558284759521484375" lon="7.4275638163089752197265625">
        <ele>686.79998779296875</ele>
        <time>2025-07-22T11:03:26.000Z</time>
        <extensions>
          <ns3:TrackPointExtension>
            <ns3:atemp>24.0</ns3:atemp>
          </ns3:TrackPointExtension>
        </extensions>
      </trkpt>
      <trkpt lat="47.33199809677898883819580078125" lon="7.4275502376258373260498046875">
        <ele>687.79998779296875</ele>
        <time>2025-07-22T11:03:29.000Z</time>
        <extensions>
          <ns3:TrackPointExtension>
            <ns3:atemp>24.0</ns3:atemp>
          </ns3:TrackPointExtension>
        </extensions>
      </trkpt>
      <trkpt lat="47.331954427063465118408203125" lon="7.42751662619411945343017578125">
        <ele>688</ele>
        <time>2025-07-22T11:03:31.000Z</time>
        <extensions>
          <ns3:TrackPointExtension>
            <ns3:atemp>24.0</ns3:atemp>
          </ns3:TrackPointExtension>
        </extensions>
      </trkpt>
      <trkpt lat="47.331834733486175537109375" lon="7.427454851567745208740234375">
        <ele>689</ele>
        <time>2025-07-22T11:03:37.000Z</time>
        <extensions>
          <ns3:TrackPointExtension>
            <ns3:atemp>24.0</ns3:atemp>
          </ns3:TrackPointExtension>
        </extensions>
      </trkpt>
      <trkpt lat="47.331794165074825286865234375" lon="7.4274385906755924224853515625">
        <ele>689.79998779296875</ele>
        <time>2025-07-22T11:03:39.000Z</time>
        <extensions>
          <ns3:TrackPointExtension>
            <ns3:atemp>24.0</ns3:atemp>
          </ns3:TrackPointExtension>
        </extensions>
      </trkpt>
      <trkpt lat="47.33177497051656246185302734375" lon="7.42742777802050113677978515625">
        <ele>690.20001220703125</ele>
        <time>2025-07-22T11:03:40.000Z</time>
        <extensions>
          <ns3:TrackPointExtension>
            <ns3:atemp>24.0</ns3:atemp>
          </ns3:TrackPointExtension>
        </extensions>
      </trkpt>
      <trkpt lat="47.3317172192037105560302734375" lon="7.427401877939701080322265625">
        <ele>691.5999755859375</ele>
        <time>2025-07-22T11:03:43.000Z</time>
        <extensions>
          <ns3:TrackPointExtension>
            <ns3:atemp>24.0</ns3:atemp>
          </ns3:TrackPointExtension>
        </extensions>
      </trkpt>
      <trkpt lat="47.33161739073693752288818359375" lon="7.427354268729686737060546875">
        <ele>692.79998779296875</ele>
        <time>2025-07-22T11:03:48.000Z</time>
        <extensions>
          <ns3:TrackPointExtension>
            <ns3:atemp>24.0</ns3:atemp>
          </ns3:TrackPointExtension>
        </extensions>
      </trkpt>
      <trkpt lat="47.33152351342141628265380859375" lon="7.4273007921874523162841796875">
        <ele>693.5999755859375</ele>
        <time>2025-07-22T11:03:53.000Z</time>
        <extensions>
          <ns3:TrackPointExtension>
            <ns3:atemp>24.0</ns3:atemp>
          </ns3:TrackPointExtension>
        </extensions>
      </trkpt>
      <trkpt lat="47.33150289393961429595947265625" lon="7.4272977747023105621337890625">
        <ele>693.79998779296875</ele>
        <time>2025-07-22T11:03:54.000Z</time>
        <extensions>
          <ns3:TrackPointExtension>
            <ns3:atemp>24.0</ns3:atemp>
          </ns3:TrackPointExtension>
        </extensions>
      </trkpt>
      <trkpt lat="47.33138906769454479217529296875" lon="7.42726684547960758209228515625">
        <ele>694.79998779296875</ele>
        <time>2025-07-22T11:04:00.000Z</time>
        <extensions>
          <ns3:TrackPointExtension>
            <ns3:atemp>24.0</ns3:atemp>
          </ns3:TrackPointExtension>
        </extensions>
      </trkpt>
      <trkpt lat="47.33136593364179134368896484375" lon="7.42725980468094348907470703125">
        <ele>695.20001220703125</ele>
        <time>2025-07-22T11:04:01.000Z</time>
        <extensions>
          <ns3:TrackPointExtension>
            <ns3:atemp>24.0</ns3:atemp>
          </ns3:TrackPointExtension>
        </extensions>
      </trkpt>
      <trkpt lat="47.3312639258801937103271484375" lon="7.4272712878882884979248046875">
        <ele>696.20001220703125</ele>
        <time>2025-07-22T11:04:06.000Z</time>
        <extensions>
          <ns3:TrackPointExtension>
            <ns3:atemp>24.0</ns3:atemp>
          </ns3:TrackPointExtension>
        </extensions>
      </trkpt>
      <trkpt lat="47.331244982779026031494140625" lon="7.4272821843624114990234375">
        <ele>696.4000244140625</ele>
        <time>2025-07-22T11:04:07.000Z</time>
        <extensions>
          <ns3:TrackPointExtension>
            <ns3:atemp>25.0</ns3:atemp>
          </ns3:TrackPointExtension>
        </extensions>
      </trkpt>
      <trkpt lat="47.3311708867549896240234375" lon="7.427329123020172119140625">
        <ele>697.4000244140625</ele>
        <time>2025-07-22T11:04:12.000Z</time>
        <extensions>
          <ns3:TrackPointExtension>
            <ns3:atemp>25.0</ns3:atemp>
          </ns3:TrackPointExtension>
        </extensions>
      </trkpt>
      <trkpt lat="47.3311620019376277923583984375" lon="7.42737027816474437713623046875">
        <ele>698.20001220703125</ele>
        <time>2025-07-22T11:04:14.000Z</time>
        <extensions>
          <ns3:TrackPointExtension>
            <ns3:atemp>25.0</ns3:atemp>
          </ns3:TrackPointExtension>
        </extensions>
      </trkpt>
      <trkpt lat="47.3311623372137546539306640625" lon="7.42740145884454250335693359375">
        <ele>698.5999755859375</ele>
        <time>2025-07-22T11:04:15.000Z</time>
        <extensions>
          <ns3:TrackPointExtension>
            <ns3:atemp>25.0</ns3:atemp>
          </ns3:TrackPointExtension>
        </extensions>
      </trkpt>
      <trkpt lat="47.3311626724898815155029296875" lon="7.42747329175472259521484375">
        <ele>699.20001220703125</ele>
        <time>2025-07-22T11:04:17.000Z</time>
        <extensions>
          <ns3:TrackPointExtension>
            <ns3:atemp>25.0</ns3:atemp>
          </ns3:TrackPointExtension>
        </extensions>
      </trkpt>
      <trkpt lat="47.33116745017468929290771484375" lon="7.42754378356039524078369140625">
        <ele>699.79998779296875</ele>
        <time>2025-07-22T11:04:19.000Z</time>
        <extensions>
          <ns3:TrackPointExtension>
            <ns3:atemp>25.0</ns3:atemp>
          </ns3:TrackPointExtension>
        </extensions>
      </trkpt>
      <trkpt lat="47.33117449097335338592529296875" lon="7.42761301808059215545654296875">
        <ele>700.79998779296875</ele>
        <time>2025-07-22T11:04:21.000Z</time>
        <extensions>
          <ns3:TrackPointExtension>
            <ns3:atemp>25.0</ns3:atemp>
          </ns3:TrackPointExtension>
        </extensions>
      </trkpt>
      <trkpt lat="47.33118857257068157196044921875" lon="7.42771334946155548095703125">
        <ele>702</ele>
        <time>2025-07-22T11:04:24.000Z</time>
        <extensions>
          <ns3:TrackPointExtension>
            <ns3:atemp>25.0</ns3:atemp>
          </ns3:TrackPointExtension>
        </extensions>
      </trkpt>
      <trkpt lat="47.3312042467296123504638671875" lon="7.4277869425714015960693359375">
        <ele>702.4000244140625</ele>
        <time>2025-07-22T11:04:26.000Z</time>
        <extensions>
          <ns3:TrackPointExtension>
            <ns3:atemp>25.0</ns3:atemp>
          </ns3:TrackPointExtension>
        </extensions>
      </trkpt>
      <trkpt lat="47.331259064376354217529296875" lon="7.4280457757413387298583984375">
        <ele>703</ele>
        <time>2025-07-22T11:04:33.000Z</time>
        <extensions>
          <ns3:TrackPointExtension>
            <ns3:atemp>25.0</ns3:atemp>
          </ns3:TrackPointExtension>
        </extensions>
      </trkpt>
      <trkpt lat="47.33126652427017688751220703125" lon="7.42808617651462554931640625">
        <ele>703.20001220703125</ele>
        <time>2025-07-22T11:04:34.000Z</time>
        <extensions>
          <ns3:TrackPointExtension>
            <ns3:atemp>25.0</ns3:atemp>
          </ns3:TrackPointExtension>
        </extensions>
      </trkpt>
      <trkpt lat="47.33127960003912448883056640625" lon="7.42822355590760707855224609375">
        <ele>704.20001220703125</ele>
        <time>2025-07-22T11:04:38.000Z</time>
        <extensions>
          <ns3:TrackPointExtension>
            <ns3:atemp>25.0</ns3:atemp>
          </ns3:TrackPointExtension>
        </extensions>
      </trkpt>
      <trkpt lat="47.33128328807651996612548828125" lon="7.4283904395997524261474609375">
        <ele>705.20001220703125</ele>
        <time>2025-07-22T11:04:43.000Z</time>
        <extensions>
          <ns3:TrackPointExtension>
            <ns3:atemp>25.0</ns3:atemp>
          </ns3:TrackPointExtension>
        </extensions>
      </trkpt>
      <trkpt lat="47.33128177933394908905029296875" lon="7.42842103354632854461669921875">
        <ele>705.20001220703125</ele>
        <time>2025-07-22T11:04:44.000Z</time>
        <extensions>
          <ns3:TrackPointExtension>
            <ns3:atemp>25.0</ns3:atemp>
          </ns3:TrackPointExtension>
        </extensions>
      </trkpt>
      <trkpt lat="47.3312957771122455596923828125" lon="7.42862999439239501953125">
        <ele>706.5999755859375</ele>
        <time>2025-07-22T11:04:50.000Z</time>
        <extensions>
          <ns3:TrackPointExtension>
            <ns3:atemp>25.0</ns3:atemp>
          </ns3:TrackPointExtension>
        </extensions>
      </trkpt>
      <trkpt lat="47.33130407519638538360595703125" lon="7.42866813205182552337646484375">
        <ele>706.79998779296875</ele>
        <time>2025-07-22T11:04:51.000Z</time>
        <extensions>
          <ns3:TrackPointExtension>
            <ns3:atemp>25.0</ns3:atemp>
          </ns3:TrackPointExtension>
        </extensions>
      </trkpt>
      <trkpt lat="47.33133961446583271026611328125" lon="7.42879101075232028961181640625">
        <ele>708</ele>
        <time>2025-07-22T11:04:55.000Z</time>
        <extensions>
          <ns3:TrackPointExtension>
            <ns3:atemp>25.0</ns3:atemp>
          </ns3:TrackPointExtension>
        </extensions>
      </trkpt>
      <trkpt lat="47.33137029223144054412841796875" lon="7.42891958914697170257568359375">
        <ele>709.20001220703125</ele>
        <time>2025-07-22T11:04:59.000Z</time>
        <extensions>
          <ns3:TrackPointExtension>
            <ns3:atemp>25.0</ns3:atemp>
          </ns3:TrackPointExtension>
        </extensions>
      </trkpt>
      <trkpt lat="47.331413291394710540771484375" lon="7.42909510619938373565673828125">
        <ele>710.79998779296875</ele>
        <time>2025-07-22T11:05:04.000Z</time>
        <extensions>
          <ns3:TrackPointExtension>
            <ns3:atemp>25.0</ns3:atemp>
          </ns3:TrackPointExtension>
        </extensions>
      </trkpt>
      <trkpt lat="47.3314258642494678497314453125" lon="7.42915914393961429595947265625">
        <ele>711.4000244140625</ele>
        <time>2025-07-22T11:05:06.000Z</time>
        <extensions>
          <ns3:TrackPointExtension>
            <ns3:atemp>25.0</ns3:atemp>
          </ns3:TrackPointExtension>
        </extensions>
      </trkpt>
      <trkpt lat="47.3314429633319377899169921875" lon="7.42925821803510189056396484375">
        <ele>711.79998779296875</ele>
        <time>2025-07-22T11:05:09.000Z</time>
        <extensions>
          <ns3:TrackPointExtension>
            <ns3:atemp>25.0</ns3:atemp>
          </ns3:TrackPointExtension>
        </extensions>
      </trkpt>
      <trkpt lat="47.33146115206182003021240234375" lon="7.4293644167482852935791015625">
        <ele>713.20001220703125</ele>
        <time>2025-07-22T11:05:12.000Z</time>
        <extensions>
          <ns3:TrackPointExtension>
            <ns3:atemp>25.0</ns3:atemp>
          </ns3:TrackPointExtension>
        </extensions>
      </trkpt>
      <trkpt lat="47.33148059807717800140380859375" lon="7.42947581224143505096435546875">
        <ele>713.4000244140625</ele>
        <time>2025-07-22T11:05:15.000Z</time>
        <extensions>
          <ns3:TrackPointExtension>
            <ns3:atemp>25.0</ns3:atemp>
          </ns3:TrackPointExtension>
        </extensions>
      </trkpt>
      <trkpt lat="47.33150792308151721954345703125" lon="7.42968888022005558013916015625">
        <ele>714</ele>
        <time>2025-07-22T11:05:21.000Z</time>
        <extensions>
          <ns3:TrackPointExtension>
            <ns3:atemp>25.0</ns3:atemp>
          </ns3:TrackPointExtension>
        </extensions>
      </trkpt>
      <trkpt lat="47.3315133713185787200927734375" lon="7.42974738590419292449951171875">
        <ele>714.5999755859375</ele>
        <time>2025-07-22T11:05:23.000Z</time>
        <extensions>
          <ns3:TrackPointExtension>
            <ns3:atemp>25.0</ns3:atemp>
          </ns3:TrackPointExtension>
        </extensions>
      </trkpt>
      <trkpt lat="47.3315177299082279205322265625" lon="7.42985702119767665863037109375">
        <ele>715.4000244140625</ele>
        <time>2025-07-22T11:05:26.000Z</time>
        <extensions>
          <ns3:TrackPointExtension>
            <ns3:atemp>25.0</ns3:atemp>
          </ns3:TrackPointExtension>
        </extensions>
      </trkpt>
      <trkpt lat="47.3315130360424518585205078125" lon="7.4299598671495914459228515625">
        <ele>716.4000244140625</ele>
        <time>2025-07-22T11:05:29.000Z</time>
        <extensions>
          <ns3:TrackPointExtension>
            <ns3:atemp>25.0</ns3:atemp>
          </ns3:TrackPointExtension>
        </extensions>
      </trkpt>
      <trkpt lat="47.33150876127183437347412109375" lon="7.43006573058664798736572265625">
        <ele>717.20001220703125</ele>
        <time>2025-07-22T11:05:32.000Z</time>
        <extensions>
          <ns3:TrackPointExtension>
            <ns3:atemp>25.0</ns3:atemp>
          </ns3:TrackPointExtension>
        </extensions>
      </trkpt>
      <trkpt lat="47.331507503986358642578125" lon="7.43009875528514385223388671875">
        <ele>717.4000244140625</ele>
        <time>2025-07-22T11:05:33.000Z</time>
        <extensions>
          <ns3:TrackPointExtension>
            <ns3:atemp>25.0</ns3:atemp>
          </ns3:TrackPointExtension>
        </extensions>
      </trkpt>
      <trkpt lat="47.33149610459804534912109375" lon="7.43022532202303409576416015625">
        <ele>718.5999755859375</ele>
        <time>2025-07-22T11:05:37.000Z</time>
        <extensions>
          <ns3:TrackPointExtension>
            <ns3:atemp>26.0</ns3:atemp>
          </ns3:TrackPointExtension>
        </extensions>
      </trkpt>
      <trkpt lat="47.33149702660739421844482421875" lon="7.43029371835291385650634765625">
        <ele>719.4000244140625</ele>
        <time>2025-07-22T11:05:39.000Z</time>
        <extensions>
          <ns3:TrackPointExtension>
            <ns3:atemp>26.0</ns3:atemp>
          </ns3:TrackPointExtension>
        </extensions>
      </trkpt>
      <trkpt lat="47.33150172047317028045654296875" lon="7.43038826622068881988525390625">
        <ele>720.20001220703125</ele>
        <time>2025-07-22T11:05:42.000Z</time>
        <extensions>
          <ns3:TrackPointExtension>
            <ns3:atemp>26.0</ns3:atemp>
          </ns3:TrackPointExtension>
        </extensions>
      </trkpt>
      <trkpt lat="47.3314912430942058563232421875" lon="7.43052187375724315643310546875">
        <ele>721.20001220703125</ele>
        <time>2025-07-22T11:05:46.000Z</time>
        <extensions>
          <ns3:TrackPointExtension>
            <ns3:atemp>26.0</ns3:atemp>
          </ns3:TrackPointExtension>
        </extensions>
      </trkpt>
      <trkpt lat="47.33147992752492427825927734375" lon="7.430687583982944488525390625">
        <ele>722.4000244140625</ele>
        <time>2025-07-22T11:05:51.000Z</time>
        <extensions>
          <ns3:TrackPointExtension>
            <ns3:atemp>26.0</ns3:atemp>
          </ns3:TrackPointExtension>
        </extensions>
      </trkpt>
      <trkpt lat="47.33147506602108478546142578125" lon="7.43083409965038299560546875">
        <ele>723.4000244140625</ele>
        <time>2025-07-22T11:05:54.000Z</time>
        <extensions>
          <ns3:TrackPointExtension>
            <ns3:atemp>26.0</ns3:atemp>
          </ns3:TrackPointExtension>
        </extensions>
      </trkpt>
      <trkpt lat="47.33150037936866283416748046875" lon="7.431072480976581573486328125">
        <ele>727.20001220703125</ele>
        <time>2025-07-22T11:07:02.000Z</time>
        <extensions>
          <ns3:TrackPointExtension>
            <ns3:atemp>27.0</ns3:atemp>
          </ns3:TrackPointExtension>
        </extensions>
      </trkpt>
      <trkpt lat="47.3314982838928699493408203125" lon="7.43126459419727325439453125">
        <ele>727.4000244140625</ele>
        <time>2025-07-22T11:07:08.000Z</time>
        <extensions>
          <ns3:TrackPointExtension>
            <ns3:atemp>27.0</ns3:atemp>
          </ns3:TrackPointExtension>
        </extensions>
      </trkpt>
      <trkpt lat="47.33146685175597667694091796875" lon="7.4314572103321552276611328125">
        <ele>728.4000244140625</ele>
        <time>2025-07-22T11:07:14.000Z</time>
        <extensions>
          <ns3:TrackPointExtension>
            <ns3:atemp>27.0</ns3:atemp>
          </ns3:TrackPointExtension>
        </extensions>
      </trkpt>
      <trkpt lat="47.3314489983022212982177734375" lon="7.4315175600349903106689453125">
        <ele>728.79998779296875</ele>
        <time>2025-07-22T11:07:16.000Z</time>
        <extensions>
          <ns3:TrackPointExtension>
            <ns3:atemp>27.0</ns3:atemp>
          </ns3:TrackPointExtension>
        </extensions>
      </trkpt>
      <trkpt lat="47.33138990588486194610595703125" lon="7.43164739571511745452880859375">
        <ele>729.5999755859375</ele>
        <time>2025-07-22T11:07:21.000Z</time>
        <extensions>
          <ns3:TrackPointExtension>
            <ns3:atemp>27.0</ns3:atemp>
          </ns3:TrackPointExtension>
        </extensions>
      </trkpt>
      <trkpt lat="47.3313693702220916748046875" lon="7.43169768713414669036865234375">
        <ele>730.20001220703125</ele>
        <time>2025-07-22T11:07:23.000Z</time>
        <extensions>
          <ns3:TrackPointExtension>
            <ns3:atemp>27.0</ns3:atemp>
          </ns3:TrackPointExtension>
        </extensions>
      </trkpt>
      <trkpt lat="47.33136157505214214324951171875" lon="7.4317200668156147003173828125">
        <ele>730.79998779296875</ele>
        <time>2025-07-22T11:07:24.000Z</time>
        <extensions>
          <ns3:TrackPointExtension>
            <ns3:atemp>27.0</ns3:atemp>
          </ns3:TrackPointExtension>
        </extensions>
      </trkpt>
      <trkpt lat="47.33134631998836994171142578125" lon="7.43176524527370929718017578125">
        <ele>731.5999755859375</ele>
        <time>2025-07-22T11:07:26.000Z</time>
        <extensions>
          <ns3:TrackPointExtension>
            <ns3:atemp>27.0</ns3:atemp>
          </ns3:TrackPointExtension>
        </extensions>
      </trkpt>
      <trkpt lat="47.3313222639262676239013671875" lon="7.4319819174706935882568359375">
        <ele>736.4000244140625</ele>
        <time>2025-07-22T11:09:00.000Z</time>
        <extensions>
          <ns3:TrackPointExtension>
            <ns3:atemp>27.0</ns3:atemp>
          </ns3:TrackPointExtension>
        </extensions>
      </trkpt>
      <trkpt lat="47.331307344138622283935546875" lon="7.43204805068671703338623046875">
        <ele>736.5999755859375</ele>
        <time>2025-07-22T11:09:02.000Z</time>
        <extensions>
          <ns3:TrackPointExtension>
            <ns3:atemp>27.0</ns3:atemp>
          </ns3:TrackPointExtension>
        </extensions>
      </trkpt>
      <trkpt lat="47.33122511766850948333740234375" lon="7.432282157242298126220703125">
        <ele>737.20001220703125</ele>
        <time>2025-07-22T11:09:09.000Z</time>
        <extensions>
          <ns3:TrackPointExtension>
            <ns3:atemp>27.0</ns3:atemp>
          </ns3:TrackPointExtension>
        </extensions>
      </trkpt>
      <trkpt lat="47.3312086053192615509033203125" lon="7.432310990989208221435546875">
        <ele>737.4000244140625</ele>
        <time>2025-07-22T11:09:10.000Z</time>
        <extensions>
          <ns3:TrackPointExtension>
            <ns3:atemp>27.0</ns3:atemp>
          </ns3:TrackPointExtension>
        </extensions>
      </trkpt>
      <trkpt lat="47.33114096336066722869873046875" lon="7.432437054812908172607421875">
        <ele>738.4000244140625</ele>
        <time>2025-07-22T11:09:14.000Z</time>
        <extensions>
          <ns3:TrackPointExtension>
            <ns3:atemp>27.0</ns3:atemp>
          </ns3:TrackPointExtension>
        </extensions>
      </trkpt>
      <trkpt lat="47.3310984671115875244140625" lon="7.4325042776763439178466796875">
        <ele>738.79998779296875</ele>
        <time>2025-07-22T11:09:16.000Z</time>
        <extensions>
          <ns3:TrackPointExtension>
            <ns3:atemp>27.0</ns3:atemp>
          </ns3:TrackPointExtension>
        </extensions>
      </trkpt>
      <trkpt lat="47.33105412684381008148193359375" lon="7.43259957991540431976318359375">
        <ele>739.5999755859375</ele>
        <time>2025-07-22T11:09:19.000Z</time>
        <extensions>
          <ns3:TrackPointExtension>
            <ns3:atemp>27.0</ns3:atemp>
          </ns3:TrackPointExtension>
        </extensions>
      </trkpt>
      <trkpt lat="47.33102043159306049346923828125" lon="7.432673759758472442626953125">
        <ele>741</ele>
        <time>2025-07-22T11:09:23.000Z</time>
        <extensions>
          <ns3:TrackPointExtension>
            <ns3:atemp>27.0</ns3:atemp>
          </ns3:TrackPointExtension>
        </extensions>
      </trkpt>
      <trkpt lat="47.330874502658843994140625" lon="7.4331594072282314300537109375">
        <ele>744.20001220703125</ele>
        <time>2025-07-22T11:10:11.000Z</time>
        <extensions>
          <ns3:TrackPointExtension>
            <ns3:atemp>27.0</ns3:atemp>
          </ns3:TrackPointExtension>
        </extensions>
      </trkpt>
      <trkpt lat="47.3308716528117656707763671875" lon="7.4333729781210422515869140625">
        <ele>744.5999755859375</ele>
        <time>2025-07-22T11:10:17.000Z</time>
        <extensions>
          <ns3:TrackPointExtension>
            <ns3:atemp>27.0</ns3:atemp>
          </ns3:TrackPointExtension>
        </extensions>
      </trkpt>
      <trkpt lat="47.3308102972805500030517578125" lon="7.43357531726360321044921875">
        <ele>745</ele>
        <time>2025-07-22T11:10:22.000Z</time>
        <extensions>
          <ns3:TrackPointExtension>
            <ns3:atemp>27.0</ns3:atemp>
          </ns3:TrackPointExtension>
        </extensions>
      </trkpt>
      <trkpt lat="47.3307586647570133209228515625" lon="7.43363021872937679290771484375">
        <ele>745.20001220703125</ele>
        <time>2025-07-22T11:10:24.000Z</time>
        <extensions>
          <ns3:TrackPointExtension>
            <ns3:atemp>27.0</ns3:atemp>
          </ns3:TrackPointExtension>
        </extensions>
      </trkpt>
      <trkpt lat="47.330687083303928375244140625" lon="7.4336536042392253875732421875">
        <ele>745.5999755859375</ele>
        <time>2025-07-22T11:10:26.000Z</time>
        <extensions>
          <ns3:TrackPointExtension>
            <ns3:atemp>27.0</ns3:atemp>
          </ns3:TrackPointExtension>
        </extensions>
      </trkpt>
      <trkpt lat="47.33059412799775600433349609375" lon="7.4336244352161884307861328125">
        <ele>746.5999755859375</ele>
        <time>2025-07-22T11:10:29.000Z</time>
        <extensions>
          <ns3:TrackPointExtension>
            <ns3:atemp>27.0</ns3:atemp>
          </ns3:TrackPointExtension>
        </extensions>
      </trkpt>
      <trkpt lat="47.3305702395737171173095703125" lon="7.43358965031802654266357421875">
        <ele>746.79998779296875</ele>
        <time>2025-07-22T11:10:30.000Z</time>
        <extensions>
          <ns3:TrackPointExtension>
            <ns3:atemp>27.0</ns3:atemp>
          </ns3:TrackPointExtension>
        </extensions>
      </trkpt>
      <trkpt lat="47.33050662092864513397216796875" lon="7.43345369584858417510986328125">
        <ele>747.5999755859375</ele>
        <time>2025-07-22T11:10:33.000Z</time>
        <extensions>
          <ns3:TrackPointExtension>
            <ns3:atemp>27.0</ns3:atemp>
          </ns3:TrackPointExtension>
        </extensions>
      </trkpt>
      <trkpt lat="47.3304626159369945526123046875" lon="7.4332713894546031951904296875">
        <ele>748.4000244140625</ele>
        <time>2025-07-22T11:10:36.000Z</time>
        <extensions>
          <ns3:TrackPointExtension>
            <ns3:atemp>27.0</ns3:atemp>
          </ns3:TrackPointExtension>
        </extensions>
      </trkpt>
      <trkpt lat="47.3304327763617038726806640625" lon="7.43314876221120357513427734375">
        <ele>748.79998779296875</ele>
        <time>2025-07-22T11:10:38.000Z</time>
        <extensions>
          <ns3:TrackPointExtension>
            <ns3:atemp>27.0</ns3:atemp>
          </ns3:TrackPointExtension>
        </extensions>
      </trkpt>
      <trkpt lat="47.33037955127656459808349609375" lon="7.43296469561755657196044921875">
        <ele>749.4000244140625</ele>
        <time>2025-07-22T11:10:41.000Z</time>
        <extensions>
          <ns3:TrackPointExtension>
            <ns3:atemp>27.0</ns3:atemp>
          </ns3:TrackPointExtension>
        </extensions>
      </trkpt>
      <trkpt lat="47.3303405754268169403076171875" lon="7.43285715579986572265625">
        <ele>749.5999755859375</ele>
        <time>2025-07-22T11:10:43.000Z</time>
        <extensions>
          <ns3:TrackPointExtension>
            <ns3:atemp>27.0</ns3:atemp>
          </ns3:TrackPointExtension>
        </extensions>
      </trkpt>
      <trkpt lat="47.33027209527790546417236328125" lon="7.432597987353801727294921875">
        <ele>749.79998779296875</ele>
        <time>2025-07-22T11:10:47.000Z</time>
        <extensions>
          <ns3:TrackPointExtension>
            <ns3:atemp>27.0</ns3:atemp>
          </ns3:TrackPointExtension>
        </extensions>
      </trkpt>
      <trkpt lat="47.330217026174068450927734375" lon="7.43240159936249256134033203125">
        <ele>750</ele>
        <time>2025-07-22T11:10:50.000Z</time>
        <extensions>
          <ns3:TrackPointExtension>
            <ns3:atemp>27.0</ns3:atemp>
          </ns3:TrackPointExtension>
        </extensions>
      </trkpt>
      <trkpt lat="47.33003740198910236358642578125" lon="7.43188695050776004791259765625">
        <ele>750.4000244140625</ele>
        <time>2025-07-22T11:10:58.000Z</time>
        <extensions>
          <ns3:TrackPointExtension>
            <ns3:atemp>27.0</ns3:atemp>
          </ns3:TrackPointExtension>
        </extensions>
      </trkpt>
      <trkpt lat="47.32982986606657505035400390625" lon="7.4313304759562015533447265625">
        <ele>750.20001220703125</ele>
        <time>2025-07-22T11:11:06.000Z</time>
        <extensions>
          <ns3:TrackPointExtension>
            <ns3:atemp>27.0</ns3:atemp>
          </ns3:TrackPointExtension>
        </extensions>
      </trkpt>
      <trkpt lat="47.3297045566141605377197265625" lon="7.4309204332530498504638671875">
        <ele>749.4000244140625</ele>
        <time>2025-07-22T11:11:11.000Z</time>
        <extensions>
          <ns3:TrackPointExtension>
            <ns3:atemp>27.0</ns3:atemp>
          </ns3:TrackPointExtension>
        </extensions>
      </trkpt>
      <trkpt lat="47.3296250961720943450927734375" lon="7.43061021901667118072509765625">
        <ele>748.4000244140625</ele>
        <time>2025-07-22T11:11:14.000Z</time>
        <extensions>
          <ns3:TrackPointExtension>
            <ns3:atemp>27.0</ns3:atemp>
          </ns3:TrackPointExtension>
        </extensions>
      </trkpt>
      <trkpt lat="47.32957966625690460205078125" lon="7.43035842664539813995361328125">
        <ele>747.4000244140625</ele>
        <time>2025-07-22T11:11:16.000Z</time>
        <extensions>
          <ns3:TrackPointExtension>
            <ns3:atemp>27.0</ns3:atemp>
          </ns3:TrackPointExtension>
        </extensions>
      </trkpt>
      <trkpt lat="47.3295580409467220306396484375" lon="7.43023487739264965057373046875">
        <ele>747</ele>
        <time>2025-07-22T11:11:17.000Z</time>
        <extensions>
          <ns3:TrackPointExtension>
            <ns3:atemp>27.0</ns3:atemp>
          </ns3:TrackPointExtension>
        </extensions>
      </trkpt>
      <trkpt lat="47.32951068319380283355712890625" lon="7.4299769662320613861083984375">
        <ele>745.5999755859375</ele>
        <time>2025-07-22T11:11:19.000Z</time>
        <extensions>
          <ns3:TrackPointExtension>
            <ns3:atemp>27.0</ns3:atemp>
          </ns3:TrackPointExtension>
        </extensions>
      </trkpt>
      <trkpt lat="47.3294551111757755279541015625" lon="7.4296961724758148193359375">
        <ele>744.20001220703125</ele>
        <time>2025-07-22T11:11:21.000Z</time>
        <extensions>
          <ns3:TrackPointExtension>
            <ns3:atemp>27.0</ns3:atemp>
          </ns3:TrackPointExtension>
        </extensions>
      </trkpt>
      <trkpt lat="47.3293981142342090606689453125" lon="7.4294006265699863433837890625">
        <ele>742.79998779296875</ele>
        <time>2025-07-22T11:11:23.000Z</time>
        <extensions>
          <ns3:TrackPointExtension>
            <ns3:atemp>27.0</ns3:atemp>
          </ns3:TrackPointExtension>
        </extensions>
      </trkpt>
      <trkpt lat="47.32934170402586460113525390625" lon="7.42908538319170475006103515625">
        <ele>741.5999755859375</ele>
        <time>2025-07-22T11:11:25.000Z</time>
        <extensions>
          <ns3:TrackPointExtension>
            <ns3:atemp>27.0</ns3:atemp>
          </ns3:TrackPointExtension>
        </extensions>
      </trkpt>
      <trkpt lat="47.329281270503997802734375" lon="7.4287639372050762176513671875">
        <ele>740.20001220703125</ele>
        <time>2025-07-22T11:11:27.000Z</time>
        <extensions>
          <ns3:TrackPointExtension>
            <ns3:atemp>27.0</ns3:atemp>
          </ns3:TrackPointExtension>
        </extensions>
      </trkpt>
      <trkpt lat="47.329247407615184783935546875" lon="7.42859856225550174713134765625">
        <ele>739</ele>
        <time>2025-07-22T11:11:28.000Z</time>
        <extensions>
          <ns3:TrackPointExtension>
            <ns3:atemp>27.0</ns3:atemp>
          </ns3:TrackPointExtension>
        </extensions>
      </trkpt>
      <trkpt lat="47.32917976565659046173095703125" lon="7.42826588451862335205078125">
        <ele>737.4000244140625</ele>
        <time>2025-07-22T11:11:30.000Z</time>
        <extensions>
          <ns3:TrackPointExtension>
            <ns3:atemp>27.0</ns3:atemp>
          </ns3:TrackPointExtension>
        </extensions>
      </trkpt>
      <trkpt lat="47.3291003890335559844970703125" lon="7.4279270879924297332763671875">
        <ele>735.20001220703125</ele>
        <time>2025-07-22T11:11:32.000Z</time>
        <extensions>
          <ns3:TrackPointExtension>
            <ns3:atemp>27.0</ns3:atemp>
          </ns3:TrackPointExtension>
        </extensions>
      </trkpt>
      <trkpt lat="47.32905839569866657257080078125" lon="7.42775869555771350860595703125">
        <ele>734.20001220703125</ele>
        <time>2025-07-22T11:11:33.000Z</time>
        <extensions>
          <ns3:TrackPointExtension>
            <ns3:atemp>27.0</ns3:atemp>
          </ns3:TrackPointExtension>
        </extensions>
      </trkpt>
      <trkpt lat="47.32901665382087230682373046875" lon="7.427592314779758453369140625">
        <ele>732.79998779296875</ele>
        <time>2025-07-22T11:11:34.000Z</time>
        <extensions>
          <ns3:TrackPointExtension>
            <ns3:atemp>27.0</ns3:atemp>
          </ns3:TrackPointExtension>
        </extensions>
      </trkpt>
      <trkpt lat="47.32893032021820545196533203125" lon="7.42726500146090984344482421875">
        <ele>730.5999755859375</ele>
        <time>2025-07-22T11:11:36.000Z</time>
        <extensions>
          <ns3:TrackPointExtension>
            <ns3:atemp>27.0</ns3:atemp>
          </ns3:TrackPointExtension>
        </extensions>
      </trkpt>
      <trkpt lat="47.3288878239691257476806640625" lon="7.4271036498248577117919921875">
        <ele>729.20001220703125</ele>
        <time>2025-07-22T11:11:37.000Z</time>
        <extensions>
          <ns3:TrackPointExtension>
            <ns3:atemp>27.0</ns3:atemp>
          </ns3:TrackPointExtension>
        </extensions>
      </trkpt>
      <trkpt lat="47.32880392111837863922119140625" lon="7.426782958209514617919921875">
        <ele>727</ele>
        <time>2025-07-22T11:11:39.000Z</time>
        <extensions>
          <ns3:TrackPointExtension>
            <ns3:atemp>27.0</ns3:atemp>
          </ns3:TrackPointExtension>
        </extensions>
      </trkpt>
      <trkpt lat="47.32872295193374156951904296875" lon="7.426476180553436279296875">
        <ele>725.20001220703125</ele>
        <time>2025-07-22T11:11:41.000Z</time>
        <extensions>
          <ns3:TrackPointExtension>
            <ns3:atemp>27.0</ns3:atemp>
          </ns3:TrackPointExtension>
        </extensions>
      </trkpt>
      <trkpt lat="47.32864332385361194610595703125" lon="7.426192201673984527587890625">
        <ele>722.79998779296875</ele>
        <time>2025-07-22T11:11:43.000Z</time>
        <extensions>
          <ns3:TrackPointExtension>
            <ns3:atemp>27.0</ns3:atemp>
          </ns3:TrackPointExtension>
        </extensions>
      </trkpt>
      <trkpt lat="47.32859353534877300262451171875" lon="7.4260585941374301910400390625">
        <ele>722.20001220703125</ele>
        <time>2025-07-22T11:11:44.000Z</time>
        <extensions>
          <ns3:TrackPointExtension>
            <ns3:atemp>27.0</ns3:atemp>
          </ns3:TrackPointExtension>
        </extensions>
      </trkpt>
      <trkpt lat="47.3285315930843353271484375" lon="7.42593529634177684783935546875">
        <ele>720.4000244140625</ele>
        <time>2025-07-22T11:11:45.000Z</time>
        <extensions>
          <ns3:TrackPointExtension>
            <ns3:atemp>27.0</ns3:atemp>
          </ns3:TrackPointExtension>
        </extensions>
      </trkpt>
      <trkpt lat="47.3284564912319183349609375" lon="7.42582482285797595977783203125">
        <ele>719.5999755859375</ele>
        <time>2025-07-22T11:11:46.000Z</time>
        <extensions>
          <ns3:TrackPointExtension>
            <ns3:atemp>27.0</ns3:atemp>
          </ns3:TrackPointExtension>
        </extensions>
      </trkpt>
      <trkpt lat="47.32837191782891750335693359375" lon="7.4257313646376132965087890625">
        <ele>718.4000244140625</ele>
        <time>2025-07-22T11:11:47.000Z</time>
        <extensions>
          <ns3:TrackPointExtension>
            <ns3:atemp>27.0</ns3:atemp>
          </ns3:TrackPointExtension>
        </extensions>
      </trkpt>
      <trkpt lat="47.3282980732619762420654296875" lon="7.42566908709704875946044921875">
        <ele>717.5999755859375</ele>
        <time>2025-07-22T11:11:48.000Z</time>
        <extensions>
          <ns3:TrackPointExtension>
            <ns3:atemp>27.0</ns3:atemp>
          </ns3:TrackPointExtension>
        </extensions>
      </trkpt>
      <trkpt lat="47.3281803913414478302001953125" lon="7.425600104033946990966796875">
        <ele>717.20001220703125</ele>
        <time>2025-07-22T11:11:49.000Z</time>
        <extensions>
          <ns3:TrackPointExtension>
            <ns3:atemp>27.0</ns3:atemp>
          </ns3:TrackPointExtension>
        </extensions>
      </trkpt>
      <trkpt lat="47.328073941171169281005859375" lon="7.42557168938219547271728515625">
        <ele>715.4000244140625</ele>
        <time>2025-07-22T11:11:50.000Z</time>
        <extensions>
          <ns3:TrackPointExtension>
            <ns3:atemp>27.0</ns3:atemp>
          </ns3:TrackPointExtension>
        </extensions>
      </trkpt>
      <trkpt lat="47.3279611207544803619384765625" lon="7.4255630560219287872314453125">
        <ele>715</ele>
        <time>2025-07-22T11:11:51.000Z</time>
        <extensions>
          <ns3:TrackPointExtension>
            <ns3:atemp>27.0</ns3:atemp>
          </ns3:TrackPointExtension>
        </extensions>
      </trkpt>
      <trkpt lat="47.32784687541425228118896484375" lon="7.425573281943798065185546875">
        <ele>714.20001220703125</ele>
        <time>2025-07-22T11:11:52.000Z</time>
        <extensions>
          <ns3:TrackPointExtension>
            <ns3:atemp>27.0</ns3:atemp>
          </ns3:TrackPointExtension>
        </extensions>
      </trkpt>
      <trkpt lat="47.32760824263095855712890625" lon="7.4256218969821929931640625">
        <ele>710.79998779296875</ele>
        <time>2025-07-22T11:11:54.000Z</time>
        <extensions>
          <ns3:TrackPointExtension>
            <ns3:atemp>27.0</ns3:atemp>
          </ns3:TrackPointExtension>
        </extensions>
      </trkpt>
      <trkpt lat="47.3274846933782100677490234375" lon="7.42565316148102283477783203125">
        <ele>710</ele>
        <time>2025-07-22T11:11:55.000Z</time>
        <extensions>
          <ns3:TrackPointExtension>
            <ns3:atemp>26.0</ns3:atemp>
          </ns3:TrackPointExtension>
        </extensions>
      </trkpt>
      <trkpt lat="47.32736022211611270904541015625" lon="7.425689958035945892333984375">
        <ele>709</ele>
        <time>2025-07-22T11:11:56.000Z</time>
        <extensions>
          <ns3:TrackPointExtension>
            <ns3:atemp>26.0</ns3:atemp>
          </ns3:TrackPointExtension>
        </extensions>
      </trkpt>
      <trkpt lat="47.3272597230970859527587890625" lon="7.42572809569537639617919921875">
        <ele>707</ele>
        <time>2025-07-22T11:11:57.000Z</time>
        <extensions>
          <ns3:TrackPointExtension>
            <ns3:atemp>26.0</ns3:atemp>
          </ns3:TrackPointExtension>
        </extensions>
      </trkpt>
      <trkpt lat="47.32698756270110607147216796875" lon="7.425872348248958587646484375">
        <ele>706</ele>
        <time>2025-07-22T11:11:58.000Z</time>
        <extensions>
          <ns3:TrackPointExtension>
            <ns3:atemp>26.0</ns3:atemp>
          </ns3:TrackPointExtension>
        </extensions>
      </trkpt>
      <trkpt lat="47.32686535455286502838134765625" lon="7.42594921030104160308837890625">
        <ele>704.5999755859375</ele>
        <time>2025-07-22T11:11:59.000Z</time>
        <extensions>
          <ns3:TrackPointExtension>
            <ns3:atemp>26.0</ns3:atemp>
          </ns3:TrackPointExtension>
        </extensions>
      </trkpt>
      <trkpt lat="47.3267417214810848236083984375" lon="7.426030598580837249755859375">
        <ele>702.5999755859375</ele>
        <time>2025-07-22T11:12:01.000Z</time>
        <extensions>
          <ns3:TrackPointExtension>
            <ns3:atemp>26.0</ns3:atemp>
          </ns3:TrackPointExtension>
        </extensions>
      </trkpt>
      <trkpt lat="47.32649604789912700653076171875" lon="7.4262225441634654998779296875">
        <ele>700</ele>
        <time>2025-07-22T11:12:03.000Z</time>
        <extensions>
          <ns3:TrackPointExtension>
            <ns3:atemp>26.0</ns3:atemp>
          </ns3:TrackPointExtension>
        </extensions>
      </trkpt>
      <trkpt lat="47.32637618668377399444580078125" lon="7.4263217858970165252685546875">
        <ele>698.79998779296875</ele>
        <time>2025-07-22T11:12:04.000Z</time>
        <extensions>
          <ns3:TrackPointExtension>
            <ns3:atemp>26.0</ns3:atemp>
          </ns3:TrackPointExtension>
        </extensions>
      </trkpt>
      <trkpt lat="47.32625984586775302886962890625" lon="7.42642111144959926605224609375">
        <ele>697.20001220703125</ele>
        <time>2025-07-22T11:12:05.000Z</time>
        <extensions>
          <ns3:TrackPointExtension>
            <ns3:atemp>26.0</ns3:atemp>
          </ns3:TrackPointExtension>
        </extensions>
      </trkpt>
      <trkpt lat="47.3260409943759441375732421875" lon="7.4266034178435802459716796875">
        <ele>695.4000244140625</ele>
        <time>2025-07-22T11:12:06.000Z</time>
        <extensions>
          <ns3:TrackPointExtension>
            <ns3:atemp>26.0</ns3:atemp>
          </ns3:TrackPointExtension>
        </extensions>
      </trkpt>
      <trkpt lat="47.32584829442203044891357421875" lon="7.4267827905714511871337890625">
        <ele>694.20001220703125</ele>
        <time>2025-07-22T11:12:08.000Z</time>
        <extensions>
          <ns3:TrackPointExtension>
            <ns3:atemp>26.0</ns3:atemp>
          </ns3:TrackPointExtension>
        </extensions>
      </trkpt>
      <trkpt lat="47.32568551786243915557861328125" lon="7.42695470340549945831298828125">
        <ele>690.5999755859375</ele>
        <time>2025-07-22T11:12:10.000Z</time>
        <extensions>
          <ns3:TrackPointExtension>
            <ns3:atemp>26.0</ns3:atemp>
          </ns3:TrackPointExtension>
        </extensions>
      </trkpt>
      <trkpt lat="47.32560907490551471710205078125" lon="7.42703550495207309722900390625">
        <ele>689.5999755859375</ele>
        <time>2025-07-22T11:12:11.000Z</time>
        <extensions>
          <ns3:TrackPointExtension>
            <ns3:atemp>26.0</ns3:atemp>
          </ns3:TrackPointExtension>
        </extensions>
      </trkpt>
      <trkpt lat="47.325536906719207763671875" lon="7.42711395956575870513916015625">
        <ele>687.20001220703125</ele>
        <time>2025-07-22T11:12:12.000Z</time>
        <extensions>
          <ns3:TrackPointExtension>
            <ns3:atemp>26.0</ns3:atemp>
          </ns3:TrackPointExtension>
        </extensions>
      </trkpt>
      <trkpt lat="47.32540925033390522003173828125" lon="7.42726148106157779693603515625">
        <ele>685</ele>
        <time>2025-07-22T11:12:14.000Z</time>
        <extensions>
          <ns3:TrackPointExtension>
            <ns3:atemp>26.0</ns3:atemp>
          </ns3:TrackPointExtension>
        </extensions>
      </trkpt>
      <trkpt lat="47.32531671412289142608642578125" lon="7.42742207832634449005126953125">
        <ele>683.4000244140625</ele>
        <time>2025-07-22T11:12:16.000Z</time>
        <extensions>
          <ns3:TrackPointExtension>
            <ns3:atemp>26.0</ns3:atemp>
          </ns3:TrackPointExtension>
        </extensions>
      </trkpt>
      <trkpt lat="47.32524798251688480377197265625" lon="7.42757597006857395172119140625">
        <ele>681.79998779296875</ele>
        <time>2025-07-22T11:12:18.000Z</time>
        <extensions>
          <ns3:TrackPointExtension>
            <ns3:atemp>26.0</ns3:atemp>
          </ns3:TrackPointExtension>
        </extensions>
      </trkpt>
      <trkpt lat="47.32520892284810543060302734375" lon="7.42764235474169254302978515625">
        <ele>680.5999755859375</ele>
        <time>2025-07-22T11:12:19.000Z</time>
        <extensions>
          <ns3:TrackPointExtension>
            <ns3:atemp>26.0</ns3:atemp>
          </ns3:TrackPointExtension>
        </extensions>
      </trkpt>
      <trkpt lat="47.32516583986580371856689453125" lon="7.427687533199787139892578125">
        <ele>680.20001220703125</ele>
        <time>2025-07-22T11:12:20.000Z</time>
        <extensions>
          <ns3:TrackPointExtension>
            <ns3:atemp>26.0</ns3:atemp>
          </ns3:TrackPointExtension>
        </extensions>
      </trkpt>
      <trkpt lat="47.32512275688350200653076171875" lon="7.42771175689995288848876953125">
        <ele>678.4000244140625</ele>
        <time>2025-07-22T11:12:21.000Z</time>
        <extensions>
          <ns3:TrackPointExtension>
            <ns3:atemp>26.0</ns3:atemp>
          </ns3:TrackPointExtension>
        </extensions>
      </trkpt>
      <trkpt lat="47.32508839108049869537353515625" lon="7.42767504416406154632568359375">
        <ele>678</ele>
        <time>2025-07-22T11:12:22.000Z</time>
        <extensions>
          <ns3:TrackPointExtension>
            <ns3:atemp>26.0</ns3:atemp>
          </ns3:TrackPointExtension>
        </extensions>
      </trkpt>
      <trkpt lat="47.325037680566310882568359375" lon="7.42751997895538806915283203125">
        <ele>677.4000244140625</ele>
        <time>2025-07-22T11:12:24.000Z</time>
        <extensions>
          <ns3:TrackPointExtension>
            <ns3:atemp>26.0</ns3:atemp>
          </ns3:TrackPointExtension>
        </extensions>
      </trkpt>
      <trkpt lat="47.32502049766480922698974609375" lon="7.4274216592311859130859375">
        <ele>676.5999755859375</ele>
        <time>2025-07-22T11:12:25.000Z</time>
        <extensions>
          <ns3:TrackPointExtension>
            <ns3:atemp>26.0</ns3:atemp>
          </ns3:TrackPointExtension>
        </extensions>
      </trkpt>
      <trkpt lat="47.3250113613903522491455078125" lon="7.42731504142284393310546875">
        <ele>676</ele>
        <time>2025-07-22T11:12:26.000Z</time>
        <extensions>
          <ns3:TrackPointExtension>
            <ns3:atemp>26.0</ns3:atemp>
          </ns3:TrackPointExtension>
        </extensions>
      </trkpt>
      <trkpt lat="47.32499736361205577850341796875" lon="7.4269648455083370208740234375">
        <ele>675.20001220703125</ele>
        <time>2025-07-22T11:12:29.000Z</time>
        <extensions>
          <ns3:TrackPointExtension>
            <ns3:atemp>26.0</ns3:atemp>
          </ns3:TrackPointExtension>
        </extensions>
      </trkpt>
      <trkpt lat="47.32500088401138782501220703125" lon="7.42683266289532184600830078125">
        <ele>674</ele>
        <time>2025-07-22T11:12:30.000Z</time>
        <extensions>
          <ns3:TrackPointExtension>
            <ns3:atemp>26.0</ns3:atemp>
          </ns3:TrackPointExtension>
        </extensions>
      </trkpt>
      <trkpt lat="47.3250152170658111572265625" lon="7.4265403859317302703857421875">
        <ele>672.79998779296875</ele>
        <time>2025-07-22T11:12:32.000Z</time>
        <extensions>
          <ns3:TrackPointExtension>
            <ns3:atemp>26.0</ns3:atemp>
          </ns3:TrackPointExtension>
        </extensions>
      </trkpt>
      <trkpt lat="47.32501228339970111846923828125" lon="7.4263777770102024078369140625">
        <ele>672.4000244140625</ele>
        <time>2025-07-22T11:12:33.000Z</time>
        <extensions>
          <ns3:TrackPointExtension>
            <ns3:atemp>26.0</ns3:atemp>
          </ns3:TrackPointExtension>
        </extensions>
      </trkpt>
      <trkpt lat="47.32500675134360790252685546875" lon="7.4262101389467716217041015625">
        <ele>671.4000244140625</ele>
        <time>2025-07-22T11:12:34.000Z</time>
        <extensions>
          <ns3:TrackPointExtension>
            <ns3:atemp>26.0</ns3:atemp>
          </ns3:TrackPointExtension>
        </extensions>
      </trkpt>
      <trkpt lat="47.3249781690537929534912109375" lon="7.42587578482925891876220703125">
        <ele>669.79998779296875</ele>
        <time>2025-07-22T11:12:36.000Z</time>
        <extensions>
          <ns3:TrackPointExtension>
            <ns3:atemp>26.0</ns3:atemp>
          </ns3:TrackPointExtension>
        </extensions>
      </trkpt>
      <trkpt lat="47.32495729811489582061767578125" lon="7.42570831440389156341552734375">
        <ele>668.20001220703125</ele>
        <time>2025-07-22T11:12:37.000Z</time>
        <extensions>
          <ns3:TrackPointExtension>
            <ns3:atemp>26.0</ns3:atemp>
          </ns3:TrackPointExtension>
        </extensions>
      </trkpt>
      <trkpt lat="47.3249396122992038726806640625" lon="7.42554252035915851593017578125">
        <ele>666.4000244140625</ele>
        <time>2025-07-22T11:12:39.000Z</time>
        <extensions>
          <ns3:TrackPointExtension>
            <ns3:atemp>26.0</ns3:atemp>
          </ns3:TrackPointExtension>
        </extensions>
      </trkpt>
      <trkpt lat="47.3248839564621448516845703125" lon="7.42506341077387332916259765625">
        <ele>664</ele>
        <time>2025-07-22T11:12:41.000Z</time>
        <extensions>
          <ns3:TrackPointExtension>
            <ns3:atemp>26.0</ns3:atemp>
          </ns3:TrackPointExtension>
        </extensions>
      </trkpt>
      <trkpt lat="47.32484833337366580963134765625" lon="7.424759902060031890869140625">
        <ele>661</ele>
        <time>2025-07-22T11:12:43.000Z</time>
        <extensions>
          <ns3:TrackPointExtension>
            <ns3:atemp>26.0</ns3:atemp>
          </ns3:TrackPointExtension>
        </extensions>
      </trkpt>
      <trkpt lat="47.32481539249420166015625" lon="7.42447667755186557769775390625">
        <ele>659.4000244140625</ele>
        <time>2025-07-22T11:12:45.000Z</time>
        <extensions>
          <ns3:TrackPointExtension>
            <ns3:atemp>26.0</ns3:atemp>
          </ns3:TrackPointExtension>
        </extensions>
      </trkpt>
      <trkpt lat="47.32480399310588836669921875" lon="7.42408943362534046173095703125">
        <ele>658.20001220703125</ele>
        <time>2025-07-22T11:12:48.000Z</time>
        <extensions>
          <ns3:TrackPointExtension>
            <ns3:atemp>25.0</ns3:atemp>
          </ns3:TrackPointExtension>
        </extensions>
      </trkpt>
      <trkpt lat="47.32481162063777446746826171875" lon="7.42396898567676544189453125">
        <ele>658</ele>
        <time>2025-07-22T11:12:49.000Z</time>
        <extensions>
          <ns3:TrackPointExtension>
            <ns3:atemp>25.0</ns3:atemp>
          </ns3:TrackPointExtension>
        </extensions>
      </trkpt>
      <trkpt lat="47.32483978383243083953857421875" lon="7.42361702956259250640869140625">
        <ele>658</ele>
        <time>2025-07-22T11:12:52.000Z</time>
        <extensions>
          <ns3:TrackPointExtension>
            <ns3:atemp>25.0</ns3:atemp>
          </ns3:TrackPointExtension>
        </extensions>
      </trkpt>
      <trkpt lat="47.324851267039775848388671875" lon="7.423181422054767608642578125">
        <ele>657.79998779296875</ele>
        <time>2025-07-22T11:12:56.000Z</time>
        <extensions>
          <ns3:TrackPointExtension>
            <ns3:atemp>25.0</ns3:atemp>
          </ns3:TrackPointExtension>
        </extensions>
      </trkpt>
      <trkpt lat="47.3248497582972049713134765625" lon="7.42309684865176677703857421875">
        <ele>657.79998779296875</ele>
        <time>2025-07-22T11:12:57.000Z</time>
        <extensions>
          <ns3:TrackPointExtension>
            <ns3:atemp>25.0</ns3:atemp>
          </ns3:TrackPointExtension>
        </extensions>
      </trkpt>
      <trkpt lat="47.3248128779232501983642578125" lon="7.42249779403209686279296875">
        <ele>658.5999755859375</ele>
        <time>2025-07-22T11:13:03.000Z</time>
        <extensions>
          <ns3:TrackPointExtension>
            <ns3:atemp>25.0</ns3:atemp>
          </ns3:TrackPointExtension>
        </extensions>
      </trkpt>
      <trkpt lat="47.3247696273028850555419921875" lon="7.42219076491892337799072265625">
        <ele>659.4000244140625</ele>
        <time>2025-07-22T11:13:06.000Z</time>
        <extensions>
          <ns3:TrackPointExtension>
            <ns3:atemp>25.0</ns3:atemp>
          </ns3:TrackPointExtension>
        </extensions>
      </trkpt>
      <trkpt lat="47.3247263766825199127197265625" lon="7.42191349156200885772705078125">
        <ele>659.79998779296875</ele>
        <time>2025-07-22T11:13:09.000Z</time>
        <extensions>
          <ns3:TrackPointExtension>
            <ns3:atemp>25.0</ns3:atemp>
          </ns3:TrackPointExtension>
        </extensions>
      </trkpt>
      <trkpt lat="47.32469008304178714752197265625" lon="7.421596236526966094970703125">
        <ele>660.20001220703125</ele>
        <time>2025-07-22T11:13:12.000Z</time>
        <extensions>
          <ns3:TrackPointExtension>
            <ns3:atemp>25.0</ns3:atemp>
          </ns3:TrackPointExtension>
        </extensions>
      </trkpt>
      <trkpt lat="47.32468287460505962371826171875" lon="7.42151878774166107177734375">
        <ele>660.4000244140625</ele>
        <time>2025-07-22T11:13:13.000Z</time>
        <extensions>
          <ns3:TrackPointExtension>
            <ns3:atemp>25.0</ns3:atemp>
          </ns3:TrackPointExtension>
        </extensions>
      </trkpt>
      <trkpt lat="47.32467600144445896148681640625" lon="7.42140102200210094451904296875">
        <ele>660.5999755859375</ele>
        <time>2025-07-22T11:13:14.000Z</time>
        <extensions>
          <ns3:TrackPointExtension>
            <ns3:atemp>25.0</ns3:atemp>
          </ns3:TrackPointExtension>
        </extensions>
      </trkpt>
      <trkpt lat="47.324672229588031768798828125" lon="7.42130161263048648834228515625">
        <ele>660.79998779296875</ele>
        <time>2025-07-22T11:13:15.000Z</time>
        <extensions>
          <ns3:TrackPointExtension>
            <ns3:atemp>25.0</ns3:atemp>
          </ns3:TrackPointExtension>
        </extensions>
      </trkpt>
      <trkpt lat="47.3246563039720058441162109375" lon="7.421124167740345001220703125">
        <ele>661.20001220703125</ele>
        <time>2025-07-22T11:13:17.000Z</time>
        <extensions>
          <ns3:TrackPointExtension>
            <ns3:atemp>25.0</ns3:atemp>
          </ns3:TrackPointExtension>
        </extensions>
      </trkpt>
      <trkpt lat="47.32464146800339221954345703125" lon="7.42093951441347599029541015625">
        <ele>661.5999755859375</ele>
        <time>2025-07-22T11:13:19.000Z</time>
        <extensions>
          <ns3:TrackPointExtension>
            <ns3:atemp>25.0</ns3:atemp>
          </ns3:TrackPointExtension>
        </extensions>
      </trkpt>
      <trkpt lat="47.32463643886148929595947265625" lon="7.42085033096373081207275390625">
        <ele>661.5999755859375</ele>
        <time>2025-07-22T11:13:20.000Z</time>
        <extensions>
          <ns3:TrackPointExtension>
            <ns3:atemp>25.0</ns3:atemp>
          </ns3:TrackPointExtension>
        </extensions>
      </trkpt>
      <trkpt lat="47.32463576830923557281494140625" lon="7.4206717126071453094482421875">
        <ele>662</ele>
        <time>2025-07-22T11:13:22.000Z</time>
        <extensions>
          <ns3:TrackPointExtension>
            <ns3:atemp>25.0</ns3:atemp>
          </ns3:TrackPointExtension>
        </extensions>
      </trkpt>
      <trkpt lat="47.324633337557315826416015625" lon="7.42047515697777271270751953125">
        <ele>662.5999755859375</ele>
        <time>2025-07-22T11:13:24.000Z</time>
        <extensions>
          <ns3:TrackPointExtension>
            <ns3:atemp>25.0</ns3:atemp>
          </ns3:TrackPointExtension>
        </extensions>
      </trkpt>
      <trkpt lat="47.32463090680539608001708984375" lon="7.4204001389443874359130859375">
        <ele>662.79998779296875</ele>
        <time>2025-07-22T11:13:25.000Z</time>
        <extensions>
          <ns3:TrackPointExtension>
            <ns3:atemp>25.0</ns3:atemp>
          </ns3:TrackPointExtension>
        </extensions>
      </trkpt>
      <trkpt lat="47.32462017796933650970458984375" lon="7.42011540569365024566650390625">
        <ele>663.5999755859375</ele>
        <time>2025-07-22T11:13:28.000Z</time>
        <extensions>
          <ns3:TrackPointExtension>
            <ns3:atemp>25.0</ns3:atemp>
          </ns3:TrackPointExtension>
        </extensions>
      </trkpt>
      <trkpt lat="47.32460777275264263153076171875" lon="7.4199139885604381561279296875">
        <ele>663.79998779296875</ele>
        <time>2025-07-22T11:13:30.000Z</time>
        <extensions>
          <ns3:TrackPointExtension>
            <ns3:atemp>25.0</ns3:atemp>
          </ns3:TrackPointExtension>
        </extensions>
      </trkpt>
      <trkpt lat="47.32453971169888973236083984375" lon="7.4193688295781612396240234375">
        <ele>664.20001220703125</ele>
        <time>2025-07-22T11:13:36.000Z</time>
        <extensions>
          <ns3:TrackPointExtension>
            <ns3:atemp>24.0</ns3:atemp>
          </ns3:TrackPointExtension>
        </extensions>
      </trkpt>
      <trkpt lat="47.32450165785849094390869140625" lon="7.41900010965764522552490234375">
        <ele>664.4000244140625</ele>
        <time>2025-07-22T11:13:40.000Z</time>
        <extensions>
          <ns3:TrackPointExtension>
            <ns3:atemp>24.0</ns3:atemp>
          </ns3:TrackPointExtension>
        </extensions>
      </trkpt>
      <trkpt lat="47.32446259818971157073974609375" lon="7.41868193261325359344482421875">
        <ele>664.4000244140625</ele>
        <time>2025-07-22T11:13:44.000Z</time>
        <extensions>
          <ns3:TrackPointExtension>
            <ns3:atemp>24.0</ns3:atemp>
          </ns3:TrackPointExtension>
        </extensions>
      </trkpt>
      <trkpt lat="47.32437542639672756195068359375" lon="7.418075166642665863037109375">
        <ele>664</ele>
        <time>2025-07-22T11:13:52.000Z</time>
        <extensions>
          <ns3:TrackPointExtension>
            <ns3:atemp>24.0</ns3:atemp>
          </ns3:TrackPointExtension>
        </extensions>
      </trkpt>
      <trkpt lat="47.3243740014731884002685546875" lon="7.41799679584801197052001953125">
        <ele>663.79998779296875</ele>
        <time>2025-07-22T11:13:53.000Z</time>
        <extensions>
          <ns3:TrackPointExtension>
            <ns3:atemp>24.0</ns3:atemp>
          </ns3:TrackPointExtension>
        </extensions>
      </trkpt>
      <trkpt lat="47.3244055174291133880615234375" lon="7.41774986498057842254638671875">
        <ele>663.79998779296875</ele>
        <time>2025-07-22T11:13:56.000Z</time>
        <extensions>
          <ns3:TrackPointExtension>
            <ns3:atemp>24.0</ns3:atemp>
          </ns3:TrackPointExtension>
        </extensions>
      </trkpt>
      <trkpt lat="47.32450400479137897491455078125" lon="7.4172669835388660430908203125">
        <ele>663.4000244140625</ele>
        <time>2025-07-22T11:14:02.000Z</time>
        <extensions>
          <ns3:TrackPointExtension>
            <ns3:atemp>24.0</ns3:atemp>
          </ns3:TrackPointExtension>
        </extensions>
      </trkpt>
      <trkpt lat="47.32451565563678741455078125" lon="7.4171943962574005126953125">
        <ele>663.20001220703125</ele>
        <time>2025-07-22T11:14:03.000Z</time>
        <extensions>
          <ns3:TrackPointExtension>
            <ns3:atemp>24.0</ns3:atemp>
          </ns3:TrackPointExtension>
        </extensions>
      </trkpt>
      <trkpt lat="47.3245282284915447235107421875" lon="7.41710211150348186492919921875">
        <ele>663</ele>
        <time>2025-07-22T11:14:04.000Z</time>
        <extensions>
          <ns3:TrackPointExtension>
            <ns3:atemp>24.0</ns3:atemp>
          </ns3:TrackPointExtension>
        </extensions>
      </trkpt>
      <trkpt lat="47.3245309107005596160888671875" lon="7.41690631024539470672607421875">
        <ele>662.79998779296875</ele>
        <time>2025-07-22T11:14:06.000Z</time>
        <extensions>
          <ns3:TrackPointExtension>
            <ns3:atemp>24.0</ns3:atemp>
          </ns3:TrackPointExtension>
        </extensions>
      </trkpt>
      <trkpt lat="47.324524708092212677001953125" lon="7.4168076552450656890869140625">
        <ele>662.79998779296875</ele>
        <time>2025-07-22T11:14:07.000Z</time>
        <extensions>
          <ns3:TrackPointExtension>
            <ns3:atemp>24.0</ns3:atemp>
          </ns3:TrackPointExtension>
        </extensions>
      </trkpt>
      <trkpt lat="47.32446067035198211669921875" lon="7.41621228866279125213623046875">
        <ele>661.5999755859375</ele>
        <time>2025-07-22T11:14:13.000Z</time>
        <extensions>
          <ns3:TrackPointExtension>
            <ns3:atemp>24.0</ns3:atemp>
          </ns3:TrackPointExtension>
        </extensions>
      </trkpt>
      <trkpt lat="47.3244541324675083160400390625" lon="7.41612243466079235076904296875">
        <ele>661.4000244140625</ele>
        <time>2025-07-22T11:14:14.000Z</time>
        <extensions>
          <ns3:TrackPointExtension>
            <ns3:atemp>24.0</ns3:atemp>
          </ns3:TrackPointExtension>
        </extensions>
      </trkpt>
      <trkpt lat="47.32445103116333484649658203125" lon="7.41583594121038913726806640625">
        <ele>660.79998779296875</ele>
        <time>2025-07-22T11:14:17.000Z</time>
        <extensions>
          <ns3:TrackPointExtension>
            <ns3:atemp>24.0</ns3:atemp>
          </ns3:TrackPointExtension>
        </extensions>
      </trkpt>
      <trkpt lat="47.32448120601475238800048828125" lon="7.4156851507723331451416015625">
        <ele>660.5999755859375</ele>
        <time>2025-07-22T11:14:19.000Z</time>
        <extensions>
          <ns3:TrackPointExtension>
            <ns3:atemp>24.0</ns3:atemp>
          </ns3:TrackPointExtension>
        </extensions>
      </trkpt>
      <trkpt lat="47.32450987212359905242919921875" lon="7.41558884270489215850830078125">
        <ele>660.5999755859375</ele>
        <time>2025-07-22T11:14:20.000Z</time>
        <extensions>
          <ns3:TrackPointExtension>
            <ns3:atemp>24.0</ns3:atemp>
          </ns3:TrackPointExtension>
        </extensions>
      </trkpt>
      <trkpt lat="47.324610538780689239501953125" lon="7.415120042860507965087890625">
        <ele>660.4000244140625</ele>
        <time>2025-07-22T11:14:26.000Z</time>
        <extensions>
          <ns3:TrackPointExtension>
            <ns3:atemp>24.0</ns3:atemp>
          </ns3:TrackPointExtension>
        </extensions>
      </trkpt>
      <trkpt lat="47.3246445693075656890869140625" lon="7.414836399257183074951171875">
        <ele>660.4000244140625</ele>
        <time>2025-07-22T11:14:30.000Z</time>
        <extensions>
          <ns3:TrackPointExtension>
            <ns3:atemp>24.0</ns3:atemp>
          </ns3:TrackPointExtension>
        </extensions>
      </trkpt>
      <trkpt lat="47.32465320266783237457275390625" lon="7.4147795699536800384521484375">
        <ele>660.4000244140625</ele>
        <time>2025-07-22T11:14:31.000Z</time>
        <extensions>
          <ns3:TrackPointExtension>
            <ns3:atemp>24.0</ns3:atemp>
          </ns3:TrackPointExtension>
        </extensions>
      </trkpt>
      <trkpt lat="47.3246650211513042449951171875" lon="7.414679825305938720703125">
        <ele>660.5999755859375</ele>
        <time>2025-07-22T11:14:33.000Z</time>
        <extensions>
          <ns3:TrackPointExtension>
            <ns3:atemp>24.0</ns3:atemp>
          </ns3:TrackPointExtension>
        </extensions>
      </trkpt>
      <trkpt lat="47.324662841856479644775390625" lon="7.414607740938663482666015625">
        <ele>660.79998779296875</ele>
        <time>2025-07-22T11:14:34.000Z</time>
        <extensions>
          <ns3:TrackPointExtension>
            <ns3:atemp>24.0</ns3:atemp>
          </ns3:TrackPointExtension>
        </extensions>
      </trkpt>
      <trkpt lat="47.3246504366397857666015625" lon="7.4144838564097881317138671875">
        <ele>661</ele>
        <time>2025-07-22T11:14:36.000Z</time>
        <extensions>
          <ns3:TrackPointExtension>
            <ns3:atemp>24.0</ns3:atemp>
          </ns3:TrackPointExtension>
        </extensions>
      </trkpt>
      <trkpt lat="47.32461129315197467803955078125" lon="7.41433725692331790924072265625">
        <ele>661.79998779296875</ele>
        <time>2025-07-22T11:14:38.000Z</time>
        <extensions>
          <ns3:TrackPointExtension>
            <ns3:atemp>24.0</ns3:atemp>
          </ns3:TrackPointExtension>
        </extensions>
      </trkpt>
      <trkpt lat="47.32458799146115779876708984375" lon="7.4142746441066265106201171875">
        <ele>662</ele>
        <time>2025-07-22T11:14:39.000Z</time>
        <extensions>
          <ns3:TrackPointExtension>
            <ns3:atemp>24.0</ns3:atemp>
          </ns3:TrackPointExtension>
        </extensions>
      </trkpt>
      <trkpt lat="47.32453644275665283203125" lon="7.41415553726255893707275390625">
        <ele>662.79998779296875</ele>
        <time>2025-07-22T11:14:41.000Z</time>
        <extensions>
          <ns3:TrackPointExtension>
            <ns3:atemp>24.0</ns3:atemp>
          </ns3:TrackPointExtension>
        </extensions>
      </trkpt>
      <trkpt lat="47.32450920157134532928466796875" lon="7.41409719921648502349853515625">
        <ele>663.4000244140625</ele>
        <time>2025-07-22T11:14:42.000Z</time>
        <extensions>
          <ns3:TrackPointExtension>
            <ns3:atemp>24.0</ns3:atemp>
          </ns3:TrackPointExtension>
        </extensions>
      </trkpt>
      <trkpt lat="47.3244263045489788055419921875" lon="7.4139276333153247833251953125">
        <ele>664.5999755859375</ele>
        <time>2025-07-22T11:14:45.000Z</time>
        <extensions>
          <ns3:TrackPointExtension>
            <ns3:atemp>24.0</ns3:atemp>
          </ns3:TrackPointExtension>
        </extensions>
      </trkpt>
      <trkpt lat="47.32423578388988971710205078125" lon="7.41348817013204097747802734375">
        <ele>665.4000244140625</ele>
        <time>2025-07-22T11:14:52.000Z</time>
        <extensions>
          <ns3:TrackPointExtension>
            <ns3:atemp>24.0</ns3:atemp>
          </ns3:TrackPointExtension>
        </extensions>
      </trkpt>
      <trkpt lat="47.324211560189723968505859375" lon="7.4134250544011592864990234375">
        <ele>665.5999755859375</ele>
        <time>2025-07-22T11:14:53.000Z</time>
        <extensions>
          <ns3:TrackPointExtension>
            <ns3:atemp>24.0</ns3:atemp>
          </ns3:TrackPointExtension>
        </extensions>
      </trkpt>
      <trkpt lat="47.32403947971761226654052734375" lon="7.41293429397046566009521484375">
        <ele>666.79998779296875</ele>
        <time>2025-07-22T11:15:00.000Z</time>
        <extensions>
          <ns3:TrackPointExtension>
            <ns3:atemp>24.0</ns3:atemp>
          </ns3:TrackPointExtension>
        </extensions>
      </trkpt>
      <trkpt lat="47.3239884339272975921630859375" lon="7.41278358735144138336181640625">
        <ele>667</ele>
        <time>2025-07-22T11:15:02.000Z</time>
        <extensions>
          <ns3:TrackPointExtension>
            <ns3:atemp>24.0</ns3:atemp>
          </ns3:TrackPointExtension>
        </extensions>
      </trkpt>
      <trkpt lat="47.32380545698106288909912109375" lon="7.41226516664028167724609375">
        <ele>667</ele>
        <time>2025-07-22T11:15:09.000Z</time>
        <extensions>
          <ns3:TrackPointExtension>
            <ns3:atemp>24.0</ns3:atemp>
          </ns3:TrackPointExtension>
        </extensions>
      </trkpt>
      <trkpt lat="47.323562800884246826171875" lon="7.41170701570808887481689453125">
        <ele>667.4000244140625</ele>
        <time>2025-07-22T11:15:17.000Z</time>
        <extensions>
          <ns3:TrackPointExtension>
            <ns3:atemp>24.0</ns3:atemp>
          </ns3:TrackPointExtension>
        </extensions>
      </trkpt>
      <trkpt lat="47.32350018806755542755126953125" lon="7.411580197513103485107421875">
        <ele>668</ele>
        <time>2025-07-22T11:15:19.000Z</time>
        <extensions>
          <ns3:TrackPointExtension>
            <ns3:atemp>24.0</ns3:atemp>
          </ns3:TrackPointExtension>
        </extensions>
      </trkpt>
      <trkpt lat="47.323475964367389678955078125" lon="7.41152831353247165679931640625">
        <ele>668.20001220703125</ele>
        <time>2025-07-22T11:15:20.000Z</time>
        <extensions>
          <ns3:TrackPointExtension>
            <ns3:atemp>24.0</ns3:atemp>
          </ns3:TrackPointExtension>
        </extensions>
      </trkpt>
      <trkpt lat="47.3233346454799175262451171875" lon="7.4112263135612010955810546875">
        <ele>670</ele>
        <time>2025-07-22T11:16:18.000Z</time>
        <extensions>
          <ns3:TrackPointExtension>
            <ns3:atemp>24.0</ns3:atemp>
          </ns3:TrackPointExtension>
        </extensions>
      </trkpt>
      <trkpt lat="47.32331528328359127044677734375" lon="7.41118398495018482208251953125">
        <ele>670.20001220703125</ele>
        <time>2025-07-22T11:16:19.000Z</time>
        <extensions>
          <ns3:TrackPointExtension>
            <ns3:atemp>24.0</ns3:atemp>
          </ns3:TrackPointExtension>
        </extensions>
      </trkpt>
      <trkpt lat="47.32320397160947322845458984375" lon="7.410925067961215972900390625">
        <ele>671.20001220703125</ele>
        <time>2025-07-22T11:16:24.000Z</time>
        <extensions>
          <ns3:TrackPointExtension>
            <ns3:atemp>24.0</ns3:atemp>
          </ns3:TrackPointExtension>
        </extensions>
      </trkpt>
      <trkpt lat="47.323179580271244049072265625" lon="7.4108256585896015167236328125">
        <ele>671.79998779296875</ele>
        <time>2025-07-22T11:16:26.000Z</time>
        <extensions>
          <ns3:TrackPointExtension>
            <ns3:atemp>24.0</ns3:atemp>
          </ns3:TrackPointExtension>
        </extensions>
      </trkpt>
      <trkpt lat="47.32317186892032623291015625" lon="7.4107730202376842498779296875">
        <ele>672.20001220703125</ele>
        <time>2025-07-22T11:16:27.000Z</time>
        <extensions>
          <ns3:TrackPointExtension>
            <ns3:atemp>24.0</ns3:atemp>
          </ns3:TrackPointExtension>
        </extensions>
      </trkpt>
      <trkpt lat="47.32317228801548480987548828125" lon="7.41050438024103641510009765625">
        <ele>673</ele>
        <time>2025-07-22T11:16:32.000Z</time>
        <extensions>
          <ns3:TrackPointExtension>
            <ns3:atemp>24.0</ns3:atemp>
          </ns3:TrackPointExtension>
        </extensions>
      </trkpt>
      <trkpt lat="47.323171198368072509765625" lon="7.41040111519396305084228515625">
        <ele>673.4000244140625</ele>
        <time>2025-07-22T11:16:34.000Z</time>
        <extensions>
          <ns3:TrackPointExtension>
            <ns3:atemp>24.0</ns3:atemp>
          </ns3:TrackPointExtension>
        </extensions>
      </trkpt>
      <trkpt lat="47.32317186892032623291015625" lon="7.41017061285674571990966796875">
        <ele>674.79998779296875</ele>
        <time>2025-07-22T11:16:38.000Z</time>
        <extensions>
          <ns3:TrackPointExtension>
            <ns3:atemp>24.0</ns3:atemp>
          </ns3:TrackPointExtension>
        </extensions>
      </trkpt>
      <trkpt lat="47.323164157569408416748046875" lon="7.410109341144561767578125">
        <ele>675.20001220703125</ele>
        <time>2025-07-22T11:16:39.000Z</time>
        <extensions>
          <ns3:TrackPointExtension>
            <ns3:atemp>24.0</ns3:atemp>
          </ns3:TrackPointExtension>
        </extensions>
      </trkpt>
      <trkpt lat="47.3231395147740840911865234375" lon="7.40994832478463649749755859375">
        <ele>675.79998779296875</ele>
        <time>2025-07-22T11:16:42.000Z</time>
        <extensions>
          <ns3:TrackPointExtension>
            <ns3:atemp>24.0</ns3:atemp>
          </ns3:TrackPointExtension>
        </extensions>
      </trkpt>
      <trkpt lat="47.32309618033468723297119140625" lon="7.409772388637065887451171875">
        <ele>677</ele>
        <time>2025-07-22T11:16:45.000Z</time>
        <extensions>
          <ns3:TrackPointExtension>
            <ns3:atemp>24.0</ns3:atemp>
          </ns3:TrackPointExtension>
        </extensions>
      </trkpt>
      <trkpt lat="47.3230610601603984832763671875" lon="7.40965847857296466827392578125">
        <ele>678.20001220703125</ele>
        <time>2025-07-22T11:16:47.000Z</time>
        <extensions>
          <ns3:TrackPointExtension>
            <ns3:atemp>24.0</ns3:atemp>
          </ns3:TrackPointExtension>
        </extensions>
      </trkpt>
      <trkpt lat="47.322994507849216461181640625" lon="7.40949335508048534393310546875">
        <ele>679.5999755859375</ele>
        <time>2025-07-22T11:16:50.000Z</time>
        <extensions>
          <ns3:TrackPointExtension>
            <ns3:atemp>24.0</ns3:atemp>
          </ns3:TrackPointExtension>
        </extensions>
      </trkpt>
      <trkpt lat="47.32295519672334194183349609375" lon="7.4093806184828281402587890625">
        <ele>680.4000244140625</ele>
        <time>2025-07-22T11:16:52.000Z</time>
        <extensions>
          <ns3:TrackPointExtension>
            <ns3:atemp>24.0</ns3:atemp>
          </ns3:TrackPointExtension>
        </extensions>
      </trkpt>
      <trkpt lat="47.3229071684181690216064453125" lon="7.40928414277732372283935546875">
        <ele>680.79998779296875</ele>
        <time>2025-07-22T11:16:54.000Z</time>
        <extensions>
          <ns3:TrackPointExtension>
            <ns3:atemp>24.0</ns3:atemp>
          </ns3:TrackPointExtension>
        </extensions>
      </trkpt>
      <trkpt lat="47.32258371077477931976318359375" lon="7.4088441766798496246337890625">
        <ele>681.79998779296875</ele>
        <time>2025-07-22T11:17:03.000Z</time>
        <extensions>
          <ns3:TrackPointExtension>
            <ns3:atemp>24.0</ns3:atemp>
          </ns3:TrackPointExtension>
        </extensions>
      </trkpt>
      <trkpt lat="47.322301156818866729736328125" lon="7.4084659852087497711181640625">
        <ele>681.5999755859375</ele>
        <time>2025-07-22T11:17:10.000Z</time>
        <extensions>
          <ns3:TrackPointExtension>
            <ns3:atemp>24.0</ns3:atemp>
          </ns3:TrackPointExtension>
        </extensions>
      </trkpt>
      <trkpt lat="47.32192791067063808441162109375" lon="7.40783524699509143829345703125">
        <ele>682.4000244140625</ele>
        <time>2025-07-22T11:17:20.000Z</time>
        <extensions>
          <ns3:TrackPointExtension>
            <ns3:atemp>24.0</ns3:atemp>
          </ns3:TrackPointExtension>
        </extensions>
      </trkpt>
      <trkpt lat="47.3218091391026973724365234375" lon="7.40754623897373676300048828125">
        <ele>683</ele>
        <time>2025-07-22T11:17:24.000Z</time>
        <extensions>
          <ns3:TrackPointExtension>
            <ns3:atemp>24.0</ns3:atemp>
          </ns3:TrackPointExtension>
        </extensions>
      </trkpt>
      <trkpt lat="47.32177670113742351531982421875" lon="7.40747113712131977081298828125">
        <ele>683</ele>
        <time>2025-07-22T11:17:25.000Z</time>
        <extensions>
          <ns3:TrackPointExtension>
            <ns3:atemp>24.0</ns3:atemp>
          </ns3:TrackPointExtension>
        </extensions>
      </trkpt>
      <trkpt lat="47.32170511968433856964111328125" lon="7.40733685903251171112060546875">
        <ele>683.20001220703125</ele>
        <time>2025-07-22T11:17:27.000Z</time>
        <extensions>
          <ns3:TrackPointExtension>
            <ns3:atemp>24.0</ns3:atemp>
          </ns3:TrackPointExtension>
        </extensions>
      </trkpt>
      <trkpt lat="47.32146405614912509918212890625" lon="7.406850792467594146728515625">
        <ele>684</ele>
        <time>2025-07-22T11:17:34.000Z</time>
        <extensions>
          <ns3:TrackPointExtension>
            <ns3:atemp>24.0</ns3:atemp>
          </ns3:TrackPointExtension>
        </extensions>
      </trkpt>
      <trkpt lat="47.32125920243561267852783203125" lon="7.40631259046494960784912109375">
        <ele>684.79998779296875</ele>
        <time>2025-07-22T11:17:41.000Z</time>
        <extensions>
          <ns3:TrackPointExtension>
            <ns3:atemp>24.0</ns3:atemp>
          </ns3:TrackPointExtension>
        </extensions>
      </trkpt>
      <trkpt lat="47.32124227099120616912841796875" lon="7.4062290228903293609619140625">
        <ele>685</ele>
        <time>2025-07-22T11:17:42.000Z</time>
        <extensions>
          <ns3:TrackPointExtension>
            <ns3:atemp>24.0</ns3:atemp>
          </ns3:TrackPointExtension>
        </extensions>
      </trkpt>
      <trkpt lat="47.32122366316616535186767578125" lon="7.4059909768402576446533203125">
        <ele>685.20001220703125</ele>
        <time>2025-07-22T11:17:45.000Z</time>
        <extensions>
          <ns3:TrackPointExtension>
            <ns3:atemp>24.0</ns3:atemp>
          </ns3:TrackPointExtension>
        </extensions>
      </trkpt>
      <trkpt lat="47.3212334699928760528564453125" lon="7.40569501183927059173583984375">
        <ele>685.79998779296875</ele>
        <time>2025-07-22T11:17:50.000Z</time>
        <extensions>
          <ns3:TrackPointExtension>
            <ns3:atemp>24.0</ns3:atemp>
          </ns3:TrackPointExtension>
        </extensions>
      </trkpt>
      <trkpt lat="47.3212344758212566375732421875" lon="7.40564656443893909454345703125">
        <ele>686</ele>
        <time>2025-07-22T11:17:51.000Z</time>
        <extensions>
          <ns3:TrackPointExtension>
            <ns3:atemp>24.0</ns3:atemp>
          </ns3:TrackPointExtension>
        </extensions>
      </trkpt>
      <trkpt lat="47.32123305089771747589111328125" lon="7.4055125378072261810302734375">
        <ele>687.20001220703125</ele>
        <time>2025-07-22T11:17:54.000Z</time>
        <extensions>
          <ns3:TrackPointExtension>
            <ns3:atemp>24.0</ns3:atemp>
          </ns3:TrackPointExtension>
        </extensions>
      </trkpt>
      <trkpt lat="47.321240007877349853515625" lon="7.4053911678493022918701171875">
        <ele>687.79998779296875</ele>
        <time>2025-07-22T11:17:57.000Z</time>
        <extensions>
          <ns3:TrackPointExtension>
            <ns3:atemp>24.0</ns3:atemp>
          </ns3:TrackPointExtension>
        </extensions>
      </trkpt>
      <trkpt lat="47.321249060332775115966796875" lon="7.405312545597553253173828125">
        <ele>688.20001220703125</ele>
        <time>2025-07-22T11:17:59.000Z</time>
        <extensions>
          <ns3:TrackPointExtension>
            <ns3:atemp>24.0</ns3:atemp>
          </ns3:TrackPointExtension>
        </extensions>
      </trkpt>
      <trkpt lat="47.32126347720623016357421875" lon="7.4051983840763568878173828125">
        <ele>689.5999755859375</ele>
        <time>2025-07-22T11:18:02.000Z</time>
        <extensions>
          <ns3:TrackPointExtension>
            <ns3:atemp>24.0</ns3:atemp>
          </ns3:TrackPointExtension>
        </extensions>
      </trkpt>
      <trkpt lat="47.32126255519688129425048828125" lon="7.40515689365565776824951171875">
        <ele>689.79998779296875</ele>
        <time>2025-07-22T11:18:03.000Z</time>
        <extensions>
          <ns3:TrackPointExtension>
            <ns3:atemp>24.0</ns3:atemp>
          </ns3:TrackPointExtension>
        </extensions>
      </trkpt>
      <trkpt lat="47.321263141930103302001953125" lon="7.40508011542260646820068359375">
        <ele>690.5999755859375</ele>
        <time>2025-07-22T11:18:05.000Z</time>
        <extensions>
          <ns3:TrackPointExtension>
            <ns3:atemp>24.0</ns3:atemp>
          </ns3:TrackPointExtension>
        </extensions>
      </trkpt>
      <trkpt lat="47.3212797380983829498291015625" lon="7.4049724079668521881103515625">
        <ele>692.20001220703125</ele>
        <time>2025-07-22T11:18:08.000Z</time>
        <extensions>
          <ns3:TrackPointExtension>
            <ns3:atemp>24.0</ns3:atemp>
          </ns3:TrackPointExtension>
        </extensions>
      </trkpt>
      <trkpt lat="47.32127596624195575714111328125" lon="7.40489537827670574188232421875">
        <ele>693.20001220703125</ele>
        <time>2025-07-22T11:18:10.000Z</time>
        <extensions>
          <ns3:TrackPointExtension>
            <ns3:atemp>24.0</ns3:atemp>
          </ns3:TrackPointExtension>
        </extensions>
      </trkpt>
      <trkpt lat="47.321272194385528564453125" lon="7.40477886982262134552001953125">
        <ele>694.5999755859375</ele>
        <time>2025-07-22T11:18:13.000Z</time>
        <extensions>
          <ns3:TrackPointExtension>
            <ns3:atemp>24.0</ns3:atemp>
          </ns3:TrackPointExtension>
        </extensions>
      </trkpt>
      <trkpt lat="47.3212710209190845489501953125" lon="7.4046998284757137298583984375">
        <ele>695.4000244140625</ele>
        <time>2025-07-22T11:18:15.000Z</time>
        <extensions>
          <ns3:TrackPointExtension>
            <ns3:atemp>24.0</ns3:atemp>
          </ns3:TrackPointExtension>
        </extensions>
      </trkpt>
      <trkpt lat="47.321269512176513671875" lon="7.4046616069972515106201171875">
        <ele>695.5999755859375</ele>
        <time>2025-07-22T11:18:16.000Z</time>
        <extensions>
          <ns3:TrackPointExtension>
            <ns3:atemp>24.0</ns3:atemp>
          </ns3:TrackPointExtension>
        </extensions>
      </trkpt>
      <trkpt lat="47.32126506976783275604248046875" lon="7.40454719401895999908447265625">
        <ele>697</ele>
        <time>2025-07-22T11:18:19.000Z</time>
        <extensions>
          <ns3:TrackPointExtension>
            <ns3:atemp>24.0</ns3:atemp>
          </ns3:TrackPointExtension>
        </extensions>
      </trkpt>
      <trkpt lat="47.32125752605497837066650390625" lon="7.40443688817322254180908203125">
        <ele>698.4000244140625</ele>
        <time>2025-07-22T11:18:22.000Z</time>
        <extensions>
          <ns3:TrackPointExtension>
            <ns3:atemp>24.0</ns3:atemp>
          </ns3:TrackPointExtension>
        </extensions>
      </trkpt>
      <trkpt lat="47.32124629430472850799560546875" lon="7.40428182296454906463623046875">
        <ele>699.79998779296875</ele>
        <time>2025-07-22T11:18:26.000Z</time>
        <extensions>
          <ns3:TrackPointExtension>
            <ns3:atemp>24.0</ns3:atemp>
          </ns3:TrackPointExtension>
        </extensions>
      </trkpt>
      <trkpt lat="47.3212440311908721923828125" lon="7.4042029492557048797607421875">
        <ele>701</ele>
        <time>2025-07-22T11:18:28.000Z</time>
        <extensions>
          <ns3:TrackPointExtension>
            <ns3:atemp>24.0</ns3:atemp>
          </ns3:TrackPointExtension>
        </extensions>
      </trkpt>
      <trkpt lat="47.32123875059187412261962890625" lon="7.40409926511347293853759765625">
        <ele>702.4000244140625</ele>
        <time>2025-07-22T11:18:31.000Z</time>
        <extensions>
          <ns3:TrackPointExtension>
            <ns3:atemp>24.0</ns3:atemp>
          </ns3:TrackPointExtension>
        </extensions>
      </trkpt>
      <trkpt lat="47.3212628066539764404296875" lon="7.40401293151080608367919921875">
        <ele>703.5999755859375</ele>
        <time>2025-07-22T11:18:34.000Z</time>
        <extensions>
          <ns3:TrackPointExtension>
            <ns3:atemp>24.0</ns3:atemp>
          </ns3:TrackPointExtension>
        </extensions>
      </trkpt>
      <trkpt lat="47.32126255519688129425048828125" lon="7.403982169926166534423828125">
        <ele>704.20001220703125</ele>
        <time>2025-07-22T11:18:35.000Z</time>
        <extensions>
          <ns3:TrackPointExtension>
            <ns3:atemp>24.0</ns3:atemp>
          </ns3:TrackPointExtension>
        </extensions>
      </trkpt>
      <trkpt lat="47.32125677168369293212890625" lon="7.40391620434820652008056640625">
        <ele>705.20001220703125</ele>
        <time>2025-07-22T11:18:37.000Z</time>
        <extensions>
          <ns3:TrackPointExtension>
            <ns3:atemp>24.0</ns3:atemp>
          </ns3:TrackPointExtension>
        </extensions>
      </trkpt>
      <trkpt lat="47.32125417329370975494384765625" lon="7.4038128554821014404296875">
        <ele>706.4000244140625</ele>
        <time>2025-07-22T11:18:40.000Z</time>
        <extensions>
          <ns3:TrackPointExtension>
            <ns3:atemp>24.0</ns3:atemp>
          </ns3:TrackPointExtension>
        </extensions>
      </trkpt>
      <trkpt lat="47.32125341892242431640625" lon="7.40374336950480937957763671875">
        <ele>707.20001220703125</ele>
        <time>2025-07-22T11:18:42.000Z</time>
        <extensions>
          <ns3:TrackPointExtension>
            <ns3:atemp>24.0</ns3:atemp>
          </ns3:TrackPointExtension>
        </extensions>
      </trkpt>
      <trkpt lat="47.32125543057918548583984375" lon="7.40370757877826690673828125">
        <ele>707.5999755859375</ele>
        <time>2025-07-22T11:18:43.000Z</time>
        <extensions>
          <ns3:TrackPointExtension>
            <ns3:atemp>24.0</ns3:atemp>
          </ns3:TrackPointExtension>
        </extensions>
      </trkpt>
      <trkpt lat="47.32125953771173954010009765625" lon="7.40367597900331020355224609375">
        <ele>708.5999755859375</ele>
        <time>2025-07-22T11:18:44.000Z</time>
        <extensions>
          <ns3:TrackPointExtension>
            <ns3:atemp>24.0</ns3:atemp>
          </ns3:TrackPointExtension>
        </extensions>
      </trkpt>
      <trkpt lat="47.32127261348068714141845703125" lon="7.40357053466141223907470703125">
        <ele>709.5999755859375</ele>
        <time>2025-07-22T11:18:47.000Z</time>
        <extensions>
          <ns3:TrackPointExtension>
            <ns3:atemp>24.0</ns3:atemp>
          </ns3:TrackPointExtension>
        </extensions>
      </trkpt>
      <trkpt lat="47.32128283940255641937255859375" lon="7.40347313694655895233154296875">
        <ele>710.5999755859375</ele>
        <time>2025-07-22T11:18:50.000Z</time>
        <extensions>
          <ns3:TrackPointExtension>
            <ns3:atemp>24.0</ns3:atemp>
          </ns3:TrackPointExtension>
        </extensions>
      </trkpt>
      <trkpt lat="47.3212827555835247039794921875" lon="7.40343122743070125579833984375">
        <ele>711.20001220703125</ele>
        <time>2025-07-22T11:18:51.000Z</time>
        <extensions>
          <ns3:TrackPointExtension>
            <ns3:atemp>24.0</ns3:atemp>
          </ns3:TrackPointExtension>
        </extensions>
      </trkpt>
      <trkpt lat="47.32128267176449298858642578125" lon="7.40335528738796710968017578125">
        <ele>711.79998779296875</ele>
        <time>2025-07-22T11:18:53.000Z</time>
        <extensions>
          <ns3:TrackPointExtension>
            <ns3:atemp>24.0</ns3:atemp>
          </ns3:TrackPointExtension>
        </extensions>
      </trkpt>
      <trkpt lat="47.3212897963821887969970703125" lon="7.40321673452854156494140625">
        <ele>712.79998779296875</ele>
        <time>2025-07-22T11:18:57.000Z</time>
        <extensions>
          <ns3:TrackPointExtension>
            <ns3:atemp>24.0</ns3:atemp>
          </ns3:TrackPointExtension>
        </extensions>
      </trkpt>
      <trkpt lat="47.3212968371808528900146484375" lon="7.4031436443328857421875">
        <ele>713.4000244140625</ele>
        <time>2025-07-22T11:18:59.000Z</time>
        <extensions>
          <ns3:TrackPointExtension>
            <ns3:atemp>24.0</ns3:atemp>
          </ns3:TrackPointExtension>
        </extensions>
      </trkpt>
      <trkpt lat="47.3212954960763454437255859375" lon="7.4030492641031742095947265625">
        <ele>714</ele>
        <time>2025-07-22T11:19:02.000Z</time>
        <extensions>
          <ns3:TrackPointExtension>
            <ns3:atemp>24.0</ns3:atemp>
          </ns3:TrackPointExtension>
        </extensions>
      </trkpt>
      <trkpt lat="47.32129541225731372833251953125" lon="7.4029577337205410003662109375">
        <ele>715.20001220703125</ele>
        <time>2025-07-22T11:19:05.000Z</time>
        <extensions>
          <ns3:TrackPointExtension>
            <ns3:atemp>24.0</ns3:atemp>
          </ns3:TrackPointExtension>
        </extensions>
      </trkpt>
      <trkpt lat="47.3213008604943752288818359375" lon="7.40285656414926052093505859375">
        <ele>716.20001220703125</ele>
        <time>2025-07-22T11:19:08.000Z</time>
        <extensions>
          <ns3:TrackPointExtension>
            <ns3:atemp>24.0</ns3:atemp>
          </ns3:TrackPointExtension>
        </extensions>
      </trkpt>
      <trkpt lat="47.3213015310466289520263671875" lon="7.40282555110752582550048828125">
        <ele>716.5999755859375</ele>
        <time>2025-07-22T11:19:09.000Z</time>
        <extensions>
          <ns3:TrackPointExtension>
            <ns3:atemp>24.0</ns3:atemp>
          </ns3:TrackPointExtension>
        </extensions>
      </trkpt>
      <trkpt lat="47.32130815275013446807861328125" lon="7.4027265608310699462890625">
        <ele>717.20001220703125</ele>
        <time>2025-07-22T11:19:12.000Z</time>
        <extensions>
          <ns3:TrackPointExtension>
            <ns3:atemp>24.0</ns3:atemp>
          </ns3:TrackPointExtension>
        </extensions>
      </trkpt>
      <trkpt lat="47.32131100259721279144287109375" lon="7.40266813896596431732177734375">
        <ele>718.4000244140625</ele>
        <time>2025-07-22T11:19:14.000Z</time>
        <extensions>
          <ns3:TrackPointExtension>
            <ns3:atemp>24.0</ns3:atemp>
          </ns3:TrackPointExtension>
        </extensions>
      </trkpt>
      <trkpt lat="47.3213347233831882476806640625" lon="7.40254928357899188995361328125">
        <ele>720</ele>
        <time>2025-07-22T11:19:18.000Z</time>
        <extensions>
          <ns3:TrackPointExtension>
            <ns3:atemp>24.0</ns3:atemp>
          </ns3:TrackPointExtension>
        </extensions>
      </trkpt>
      <trkpt lat="47.32134536840021610260009765625" lon="7.402489520609378814697265625">
        <ele>720.5999755859375</ele>
        <time>2025-07-22T11:19:20.000Z</time>
        <extensions>
          <ns3:TrackPointExtension>
            <ns3:atemp>24.0</ns3:atemp>
          </ns3:TrackPointExtension>
        </extensions>
      </trkpt>
      <trkpt lat="47.32134972698986530303955078125" lon="7.4024155922234058380126953125">
        <ele>721.20001220703125</ele>
        <time>2025-07-22T11:19:22.000Z</time>
        <extensions>
          <ns3:TrackPointExtension>
            <ns3:atemp>24.0</ns3:atemp>
          </ns3:TrackPointExtension>
        </extensions>
      </trkpt>
      <trkpt lat="47.3213835060596466064453125" lon="7.4023483693599700927734375">
        <ele>722.79998779296875</ele>
        <time>2025-07-22T11:19:25.000Z</time>
        <extensions>
          <ns3:TrackPointExtension>
            <ns3:atemp>24.0</ns3:atemp>
          </ns3:TrackPointExtension>
        </extensions>
      </trkpt>
      <trkpt lat="47.32141477055847644805908203125" lon="7.4022231437265872955322265625">
        <ele>724.20001220703125</ele>
        <time>2025-07-22T11:19:29.000Z</time>
        <extensions>
          <ns3:TrackPointExtension>
            <ns3:atemp>24.0</ns3:atemp>
          </ns3:TrackPointExtension>
        </extensions>
      </trkpt>
      <trkpt lat="47.32143580913543701171875" lon="7.40215734578669071197509765625">
        <ele>725</ele>
        <time>2025-07-22T11:19:31.000Z</time>
        <extensions>
          <ns3:TrackPointExtension>
            <ns3:atemp>24.0</ns3:atemp>
          </ns3:TrackPointExtension>
        </extensions>
      </trkpt>
      <trkpt lat="47.3214436881244182586669921875" lon="7.402123399078845977783203125">
        <ele>725.4000244140625</ele>
        <time>2025-07-22T11:19:32.000Z</time>
        <extensions>
          <ns3:TrackPointExtension>
            <ns3:atemp>24.0</ns3:atemp>
          </ns3:TrackPointExtension>
        </extensions>
      </trkpt>
      <trkpt lat="47.3214658163487911224365234375" lon="7.40202491171658039093017578125">
        <ele>726.4000244140625</ele>
        <time>2025-07-22T11:19:35.000Z</time>
        <extensions>
          <ns3:TrackPointExtension>
            <ns3:atemp>24.0</ns3:atemp>
          </ns3:TrackPointExtension>
        </extensions>
      </trkpt>
      <trkpt lat="47.32150646857917308807373046875" lon="7.40194830112159252166748046875">
        <ele>727.79998779296875</ele>
        <time>2025-07-22T11:19:38.000Z</time>
        <extensions>
          <ns3:TrackPointExtension>
            <ns3:atemp>24.0</ns3:atemp>
          </ns3:TrackPointExtension>
        </extensions>
      </trkpt>
      <trkpt lat="47.321525327861309051513671875" lon="7.4019277654588222503662109375">
        <ele>728</ele>
        <time>2025-07-22T11:19:39.000Z</time>
        <extensions>
          <ns3:TrackPointExtension>
            <ns3:atemp>24.0</ns3:atemp>
          </ns3:TrackPointExtension>
        </extensions>
      </trkpt>
      <trkpt lat="47.3215596936643123626708984375" lon="7.40188443101942539215087890625">
        <ele>729</ele>
        <time>2025-07-22T11:19:41.000Z</time>
        <extensions>
          <ns3:TrackPointExtension>
            <ns3:atemp>24.0</ns3:atemp>
          </ns3:TrackPointExtension>
        </extensions>
      </trkpt>
      <trkpt lat="47.3215962387621402740478515625" lon="7.40185241214931011199951171875">
        <ele>730</ele>
        <time>2025-07-22T11:19:43.000Z</time>
        <extensions>
          <ns3:TrackPointExtension>
            <ns3:atemp>24.0</ns3:atemp>
          </ns3:TrackPointExtension>
        </extensions>
      </trkpt>
      <trkpt lat="47.3216689936816692352294921875" lon="7.401811592280864715576171875">
        <ele>731.5999755859375</ele>
        <time>2025-07-22T11:19:47.000Z</time>
        <extensions>
          <ns3:TrackPointExtension>
            <ns3:atemp>24.0</ns3:atemp>
          </ns3:TrackPointExtension>
        </extensions>
      </trkpt>
      <trkpt lat="47.321733869612216949462890625" lon="7.4017986841499805450439453125">
        <ele>732.79998779296875</ele>
        <time>2025-07-22T11:19:50.000Z</time>
        <extensions>
          <ns3:TrackPointExtension>
            <ns3:atemp>24.0</ns3:atemp>
          </ns3:TrackPointExtension>
        </extensions>
      </trkpt>
      <trkpt lat="47.3217957280576229095458984375" lon="7.40176339633762836456298828125">
        <ele>734.20001220703125</ele>
        <time>2025-07-22T11:19:53.000Z</time>
        <extensions>
          <ns3:TrackPointExtension>
            <ns3:atemp>24.0</ns3:atemp>
          </ns3:TrackPointExtension>
        </extensions>
      </trkpt>
      <trkpt lat="47.3218165151774883270263671875" lon="7.4017614684998989105224609375">
        <ele>734.79998779296875</ele>
        <time>2025-07-22T11:19:54.000Z</time>
        <extensions>
          <ns3:TrackPointExtension>
            <ns3:atemp>24.0</ns3:atemp>
          </ns3:TrackPointExtension>
        </extensions>
      </trkpt>
      <trkpt lat="47.32188952155411243438720703125" lon="7.40176498889923095703125">
        <ele>735.4000244140625</ele>
        <time>2025-07-22T11:19:57.000Z</time>
        <extensions>
          <ns3:TrackPointExtension>
            <ns3:atemp>24.0</ns3:atemp>
          </ns3:TrackPointExtension>
        </extensions>
      </trkpt>
      <trkpt lat="47.32192807830870151519775390625" lon="7.40175082348287105560302734375">
        <ele>736.20001220703125</ele>
        <time>2025-07-22T11:19:59.000Z</time>
        <extensions>
          <ns3:TrackPointExtension>
            <ns3:atemp>24.0</ns3:atemp>
          </ns3:TrackPointExtension>
        </extensions>
      </trkpt>
      <trkpt lat="47.321951799094676971435546875" lon="7.40173213183879852294921875">
        <ele>736.79998779296875</ele>
        <time>2025-07-22T11:20:00.000Z</time>
        <extensions>
          <ns3:TrackPointExtension>
            <ns3:atemp>24.0</ns3:atemp>
          </ns3:TrackPointExtension>
        </extensions>
      </trkpt>
      <trkpt lat="47.32197384350001811981201171875" lon="7.401719726622104644775390625">
        <ele>737.20001220703125</ele>
        <time>2025-07-22T11:20:01.000Z</time>
        <extensions>
          <ns3:TrackPointExtension>
            <ns3:atemp>24.0</ns3:atemp>
          </ns3:TrackPointExtension>
        </extensions>
      </trkpt>
      <trkpt lat="47.322012148797512054443359375" lon="7.40171243436634540557861328125">
        <ele>738</ele>
        <time>2025-07-22T11:20:03.000Z</time>
        <extensions>
          <ns3:TrackPointExtension>
            <ns3:atemp>24.0</ns3:atemp>
          </ns3:TrackPointExtension>
        </extensions>
      </trkpt>
      <trkpt lat="47.32210627757012844085693359375" lon="7.40170824341475963592529296875">
        <ele>739.20001220703125</ele>
        <time>2025-07-22T11:20:07.000Z</time>
        <extensions>
          <ns3:TrackPointExtension>
            <ns3:atemp>24.0</ns3:atemp>
          </ns3:TrackPointExtension>
        </extensions>
      </trkpt>
      <trkpt lat="47.32217366807162761688232421875" lon="7.401682175695896148681640625">
        <ele>740.4000244140625</ele>
        <time>2025-07-22T11:20:10.000Z</time>
        <extensions>
          <ns3:TrackPointExtension>
            <ns3:atemp>24.0</ns3:atemp>
          </ns3:TrackPointExtension>
        </extensions>
      </trkpt>
      <trkpt lat="47.32225094921886920928955078125" lon="7.40163716487586498260498046875">
        <ele>741.79998779296875</ele>
        <time>2025-07-22T11:20:14.000Z</time>
        <extensions>
          <ns3:TrackPointExtension>
            <ns3:atemp>24.0</ns3:atemp>
          </ns3:TrackPointExtension>
        </extensions>
      </trkpt>
      <trkpt lat="47.322291769087314605712890625" lon="7.40160648711025714874267578125">
        <ele>742.4000244140625</ele>
        <time>2025-07-22T11:20:16.000Z</time>
        <extensions>
          <ns3:TrackPointExtension>
            <ns3:atemp>24.0</ns3:atemp>
          </ns3:TrackPointExtension>
        </extensions>
      </trkpt>
      <trkpt lat="47.32233024202287197113037109375" lon="7.40157564170658588409423828125">
        <ele>742.79998779296875</ele>
        <time>2025-07-22T11:20:18.000Z</time>
        <extensions>
          <ns3:TrackPointExtension>
            <ns3:atemp>24.0</ns3:atemp>
          </ns3:TrackPointExtension>
        </extensions>
      </trkpt>
      <trkpt lat="47.32238656841218471527099609375" lon="7.40151260979473590850830078125">
        <ele>744</ele>
        <time>2025-07-22T11:20:21.000Z</time>
        <extensions>
          <ns3:TrackPointExtension>
            <ns3:atemp>24.0</ns3:atemp>
          </ns3:TrackPointExtension>
        </extensions>
      </trkpt>
      <trkpt lat="47.322433926165103912353515625" lon="7.40144991315901279449462890625">
        <ele>745</ele>
        <time>2025-07-22T11:20:24.000Z</time>
        <extensions>
          <ns3:TrackPointExtension>
            <ns3:atemp>24.0</ns3:atemp>
          </ns3:TrackPointExtension>
        </extensions>
      </trkpt>
      <trkpt lat="47.32247625477612018585205078125" lon="7.40138403140008449554443359375">
        <ele>746</ele>
        <time>2025-07-22T11:20:27.000Z</time>
        <extensions>
          <ns3:TrackPointExtension>
            <ns3:atemp>24.0</ns3:atemp>
          </ns3:TrackPointExtension>
        </extensions>
      </trkpt>
      <trkpt lat="47.322505004703998565673828125" lon="7.40133893676102161407470703125">
        <ele>746.79998779296875</ele>
        <time>2025-07-22T11:20:29.000Z</time>
        <extensions>
          <ns3:TrackPointExtension>
            <ns3:atemp>24.0</ns3:atemp>
          </ns3:TrackPointExtension>
        </extensions>
      </trkpt>
      <trkpt lat="47.322524450719356536865234375" lon="7.40132552571594715118408203125">
        <ele>747.5999755859375</ele>
        <time>2025-07-22T11:20:30.000Z</time>
        <extensions>
          <ns3:TrackPointExtension>
            <ns3:atemp>24.0</ns3:atemp>
          </ns3:TrackPointExtension>
        </extensions>
      </trkpt>
      <trkpt lat="47.32258019037544727325439453125" lon="7.40127976052463054656982421875">
        <ele>748.5999755859375</ele>
        <time>2025-07-22T11:20:33.000Z</time>
        <extensions>
          <ns3:TrackPointExtension>
            <ns3:atemp>24.0</ns3:atemp>
          </ns3:TrackPointExtension>
        </extensions>
      </trkpt>
      <trkpt lat="47.322645485401153564453125" lon="7.4012438021600246429443359375">
        <ele>749.5999755859375</ele>
        <time>2025-07-22T11:20:36.000Z</time>
        <extensions>
          <ns3:TrackPointExtension>
            <ns3:atemp>24.0</ns3:atemp>
          </ns3:TrackPointExtension>
        </extensions>
      </trkpt>
      <trkpt lat="47.32273559086024761199951171875" lon="7.40120516158640384674072265625">
        <ele>751</ele>
        <time>2025-07-22T11:20:40.000Z</time>
        <extensions>
          <ns3:TrackPointExtension>
            <ns3:atemp>24.0</ns3:atemp>
          </ns3:TrackPointExtension>
        </extensions>
      </trkpt>
      <trkpt lat="47.32280750758945941925048828125" lon="7.40118538029491901397705078125">
        <ele>751.79998779296875</ele>
        <time>2025-07-22T11:20:43.000Z</time>
        <extensions>
          <ns3:TrackPointExtension>
            <ns3:atemp>24.0</ns3:atemp>
          </ns3:TrackPointExtension>
        </extensions>
      </trkpt>
      <trkpt lat="47.32285880483686923980712890625" lon="7.4011811055243015289306640625">
        <ele>752.20001220703125</ele>
        <time>2025-07-22T11:20:45.000Z</time>
        <extensions>
          <ns3:TrackPointExtension>
            <ns3:atemp>24.0</ns3:atemp>
          </ns3:TrackPointExtension>
        </extensions>
      </trkpt>
      <trkpt lat="47.32292653061449527740478515625" lon="7.40114196203649044036865234375">
        <ele>753</ele>
        <time>2025-07-22T11:20:48.000Z</time>
        <extensions>
          <ns3:TrackPointExtension>
            <ns3:atemp>24.0</ns3:atemp>
          </ns3:TrackPointExtension>
        </extensions>
      </trkpt>
      <trkpt lat="47.32301655225455760955810546875" lon="7.40107473917305469512939453125">
        <ele>754.20001220703125</ele>
        <time>2025-07-22T11:20:52.000Z</time>
        <extensions>
          <ns3:TrackPointExtension>
            <ns3:atemp>24.0</ns3:atemp>
          </ns3:TrackPointExtension>
        </extensions>
      </trkpt>
      <trkpt lat="47.3230397701263427734375" lon="7.4010609090328216552734375">
        <ele>754.20001220703125</ele>
        <time>2025-07-22T11:20:53.000Z</time>
        <extensions>
          <ns3:TrackPointExtension>
            <ns3:atemp>24.0</ns3:atemp>
          </ns3:TrackPointExtension>
        </extensions>
      </trkpt>
      <trkpt lat="47.323105819523334503173828125" lon="7.401005588471889495849609375">
        <ele>755.20001220703125</ele>
        <time>2025-07-22T11:20:56.000Z</time>
        <extensions>
          <ns3:TrackPointExtension>
            <ns3:atemp>24.0</ns3:atemp>
          </ns3:TrackPointExtension>
        </extensions>
      </trkpt>
      <trkpt lat="47.3231717012822628021240234375" lon="7.400943897664546966552734375">
        <ele>756.4000244140625</ele>
        <time>2025-07-22T11:20:59.000Z</time>
        <extensions>
          <ns3:TrackPointExtension>
            <ns3:atemp>24.0</ns3:atemp>
          </ns3:TrackPointExtension>
        </extensions>
      </trkpt>
      <trkpt lat="47.32323951087892055511474609375" lon="7.40088053047657012939453125">
        <ele>757.4000244140625</ele>
        <time>2025-07-22T11:21:02.000Z</time>
        <extensions>
          <ns3:TrackPointExtension>
            <ns3:atemp>24.0</ns3:atemp>
          </ns3:TrackPointExtension>
        </extensions>
      </trkpt>
      <trkpt lat="47.32331779785454273223876953125" lon="7.4007764272391796112060546875">
        <ele>758.5999755859375</ele>
        <time>2025-07-22T11:21:06.000Z</time>
        <extensions>
          <ns3:TrackPointExtension>
            <ns3:atemp>24.0</ns3:atemp>
          </ns3:TrackPointExtension>
        </extensions>
      </trkpt>
      <trkpt lat="47.32339357025921344757080078125" lon="7.4006677977740764617919921875">
        <ele>759.5999755859375</ele>
        <time>2025-07-22T11:21:10.000Z</time>
        <extensions>
          <ns3:TrackPointExtension>
            <ns3:atemp>24.0</ns3:atemp>
          </ns3:TrackPointExtension>
        </extensions>
      </trkpt>
      <trkpt lat="47.3234649002552032470703125" lon="7.40055556409060955047607421875">
        <ele>761</ele>
        <time>2025-07-22T11:21:14.000Z</time>
        <extensions>
          <ns3:TrackPointExtension>
            <ns3:atemp>24.0</ns3:atemp>
          </ns3:TrackPointExtension>
        </extensions>
      </trkpt>
      <trkpt lat="47.32350178062915802001953125" lon="7.400508709251880645751953125">
        <ele>761.4000244140625</ele>
        <time>2025-07-22T11:21:16.000Z</time>
        <extensions>
          <ns3:TrackPointExtension>
            <ns3:atemp>24.0</ns3:atemp>
          </ns3:TrackPointExtension>
        </extensions>
      </trkpt>
      <trkpt lat="47.32354830019176006317138671875" lon="7.40047685801982879638671875">
        <ele>761.5999755859375</ele>
        <time>2025-07-22T11:21:18.000Z</time>
        <extensions>
          <ns3:TrackPointExtension>
            <ns3:atemp>24.0</ns3:atemp>
          </ns3:TrackPointExtension>
        </extensions>
      </trkpt>
      <trkpt lat="47.3236229829490184783935546875" lon="7.4004579149186611175537109375">
        <ele>762.20001220703125</ele>
        <time>2025-07-22T11:21:21.000Z</time>
        <extensions>
          <ns3:TrackPointExtension>
            <ns3:atemp>24.0</ns3:atemp>
          </ns3:TrackPointExtension>
        </extensions>
      </trkpt>
      <trkpt lat="47.32372482307255268096923828125" lon="7.4004582501947879791259765625">
        <ele>762.79998779296875</ele>
        <time>2025-07-22T11:21:26.000Z</time>
        <extensions>
          <ns3:TrackPointExtension>
            <ns3:atemp>24.0</ns3:atemp>
          </ns3:TrackPointExtension>
        </extensions>
      </trkpt>
      <trkpt lat="47.32378349639475345611572265625" lon="7.40052991546690464019775390625">
        <ele>763.4000244140625</ele>
        <time>2025-07-22T11:21:30.000Z</time>
        <extensions>
          <ns3:TrackPointExtension>
            <ns3:atemp>24.0</ns3:atemp>
          </ns3:TrackPointExtension>
        </extensions>
      </trkpt>
      <trkpt lat="47.32380495406687259674072265625" lon="7.40055464208126068115234375">
        <ele>763.4000244140625</ele>
        <time>2025-07-22T11:21:31.000Z</time>
        <extensions>
          <ns3:TrackPointExtension>
            <ns3:atemp>24.0</ns3:atemp>
          </ns3:TrackPointExtension>
        </extensions>
      </trkpt>
      <trkpt lat="47.323915176093578338623046875" lon="7.4007100425660610198974609375">
        <ele>763</ele>
        <time>2025-07-22T11:21:36.000Z</time>
        <extensions>
          <ns3:TrackPointExtension>
            <ns3:atemp>24.0</ns3:atemp>
          </ns3:TrackPointExtension>
        </extensions>
      </trkpt>
      <trkpt lat="47.32391039840877056121826171875" lon="7.4009071849286556243896484375">
        <ele>762</ele>
        <time>2025-07-22T11:21:40.000Z</time>
        <extensions>
          <ns3:TrackPointExtension>
            <ns3:atemp>24.0</ns3:atemp>
          </ns3:TrackPointExtension>
        </extensions>
      </trkpt>
      <trkpt lat="47.32387863099575042724609375" lon="7.4010013975203037261962890625">
        <ele>760.79998779296875</ele>
        <time>2025-07-22T11:21:42.000Z</time>
        <extensions>
          <ns3:TrackPointExtension>
            <ns3:atemp>24.0</ns3:atemp>
          </ns3:TrackPointExtension>
        </extensions>
      </trkpt>
      <trkpt lat="47.323844768106937408447265625" lon="7.40111513994634151458740234375">
        <ele>759.5999755859375</ele>
        <time>2025-07-22T11:21:45.000Z</time>
        <extensions>
          <ns3:TrackPointExtension>
            <ns3:atemp>24.0</ns3:atemp>
          </ns3:TrackPointExtension>
        </extensions>
      </trkpt>
      <trkpt lat="47.3238633759319782257080078125" lon="7.40120080299675464630126953125">
        <ele>758.4000244140625</ele>
        <time>2025-07-22T11:21:48.000Z</time>
        <extensions>
          <ns3:TrackPointExtension>
            <ns3:atemp>24.0</ns3:atemp>
          </ns3:TrackPointExtension>
        </extensions>
      </trkpt>
      <trkpt lat="47.323899082839488983154296875" lon="7.4012712948024272918701171875">
        <ele>758.20001220703125</ele>
        <time>2025-07-22T11:21:50.000Z</time>
        <extensions>
          <ns3:TrackPointExtension>
            <ns3:atemp>24.0</ns3:atemp>
          </ns3:TrackPointExtension>
        </extensions>
      </trkpt>
      <trkpt lat="47.32393504120409488677978515625" lon="7.4014154635369777679443359375">
        <ele>757.20001220703125</ele>
        <time>2025-07-22T11:21:54.000Z</time>
        <extensions>
          <ns3:TrackPointExtension>
            <ns3:atemp>24.0</ns3:atemp>
          </ns3:TrackPointExtension>
        </extensions>
      </trkpt>
      <trkpt lat="47.32394090853631496429443359375" lon="7.40145863033831119537353515625">
        <ele>756.4000244140625</ele>
        <time>2025-07-22T11:21:56.000Z</time>
        <extensions>
          <ns3:TrackPointExtension>
            <ns3:atemp>24.0</ns3:atemp>
          </ns3:TrackPointExtension>
        </extensions>
      </trkpt>
      <trkpt lat="47.32394459657371044158935546875" lon="7.401472628116607666015625">
        <ele>755.79998779296875</ele>
        <time>2025-07-22T11:21:57.000Z</time>
        <extensions>
          <ns3:TrackPointExtension>
            <ns3:atemp>24.0</ns3:atemp>
          </ns3:TrackPointExtension>
        </extensions>
      </trkpt>
      <trkpt lat="47.32395515777170658111572265625" lon="7.40150590427219867706298828125">
        <ele>755</ele>
        <time>2025-07-22T11:21:59.000Z</time>
        <extensions>
          <ns3:TrackPointExtension>
            <ns3:atemp>24.0</ns3:atemp>
          </ns3:TrackPointExtension>
        </extensions>
      </trkpt>
      <trkpt lat="47.32396370731294155120849609375" lon="7.40151487290859222412109375">
        <ele>754.79998779296875</ele>
        <time>2025-07-22T11:22:00.000Z</time>
        <extensions>
          <ns3:TrackPointExtension>
            <ns3:atemp>24.0</ns3:atemp>
          </ns3:TrackPointExtension>
        </extensions>
      </trkpt>
      <trkpt lat="47.32397074811160564422607421875" lon="7.40152300335466861724853515625">
        <ele>754.79998779296875</ele>
        <time>2025-07-22T11:22:01.000Z</time>
        <extensions>
          <ns3:TrackPointExtension>
            <ns3:atemp>24.0</ns3:atemp>
          </ns3:TrackPointExtension>
        </extensions>
      </trkpt>
      <trkpt lat="47.32399086467921733856201171875" lon="7.40155854262411594390869140625">
        <ele>754.20001220703125</ele>
        <time>2025-07-22T11:22:06.000Z</time>
        <extensions>
          <ns3:TrackPointExtension>
            <ns3:atemp>24.0</ns3:atemp>
          </ns3:TrackPointExtension>
        </extensions>
      </trkpt>
      <trkpt lat="47.323993630707263946533203125" lon="7.40159039385616779327392578125">
        <ele>754</ele>
        <time>2025-07-22T11:22:26.000Z</time>
        <extensions>
          <ns3:TrackPointExtension>
            <ns3:atemp>23.0</ns3:atemp>
          </ns3:TrackPointExtension>
        </extensions>
      </trkpt>
      <trkpt lat="47.32400226406753063201904296875" lon="7.4017651565372943878173828125">
        <ele>753.5999755859375</ele>
        <time>2025-07-22T11:22:32.000Z</time>
        <extensions>
          <ns3:TrackPointExtension>
            <ns3:atemp>23.0</ns3:atemp>
          </ns3:TrackPointExtension>
        </extensions>
      </trkpt>
      <trkpt lat="47.3240122385323047637939453125" lon="7.40191846154630184173583984375">
        <ele>753</ele>
        <time>2025-07-22T11:22:36.000Z</time>
        <extensions>
          <ns3:TrackPointExtension>
            <ns3:atemp>23.0</ns3:atemp>
          </ns3:TrackPointExtension>
        </extensions>
      </trkpt>
      <trkpt lat="47.32402053661644458770751953125" lon="7.40195064805448055267333984375">
        <ele>752.79998779296875</ele>
        <time>2025-07-22T11:22:37.000Z</time>
        <extensions>
          <ns3:TrackPointExtension>
            <ns3:atemp>23.0</ns3:atemp>
          </ns3:TrackPointExtension>
        </extensions>
      </trkpt>
      <trkpt lat="47.32403227128088474273681640625" lon="7.4019835889339447021484375">
        <ele>752.4000244140625</ele>
        <time>2025-07-22T11:22:38.000Z</time>
        <extensions>
          <ns3:TrackPointExtension>
            <ns3:atemp>23.0</ns3:atemp>
          </ns3:TrackPointExtension>
        </extensions>
      </trkpt>
      <trkpt lat="47.32403009198606014251708984375" lon="7.4020139314234256744384765625">
        <ele>752.20001220703125</ele>
        <time>2025-07-22T11:22:39.000Z</time>
        <extensions>
          <ns3:TrackPointExtension>
            <ns3:atemp>23.0</ns3:atemp>
          </ns3:TrackPointExtension>
        </extensions>
      </trkpt>
      <trkpt lat="47.32403042726218700408935546875" lon="7.4020721018314361572265625">
        <ele>751.5999755859375</ele>
        <time>2025-07-22T11:22:41.000Z</time>
        <extensions>
          <ns3:TrackPointExtension>
            <ns3:atemp>23.0</ns3:atemp>
          </ns3:TrackPointExtension>
        </extensions>
      </trkpt>
      <trkpt lat="47.32403361238539218902587890625" lon="7.402107976377010345458984375">
        <ele>751.20001220703125</ele>
        <time>2025-07-22T11:22:42.000Z</time>
        <extensions>
          <ns3:TrackPointExtension>
            <ns3:atemp>23.0</ns3:atemp>
          </ns3:TrackPointExtension>
        </extensions>
      </trkpt>
      <trkpt lat="47.32405020855367183685302734375" lon="7.40225273184478282928466796875">
        <ele>750.5999755859375</ele>
        <time>2025-07-22T11:22:46.000Z</time>
        <extensions>
          <ns3:TrackPointExtension>
            <ns3:atemp>23.0</ns3:atemp>
          </ns3:TrackPointExtension>
        </extensions>
      </trkpt>
      <trkpt lat="47.32406881637871265411376953125" lon="7.4023295938968658447265625">
        <ele>750</ele>
        <time>2025-07-22T11:22:48.000Z</time>
        <extensions>
          <ns3:TrackPointExtension>
            <ns3:atemp>23.0</ns3:atemp>
          </ns3:TrackPointExtension>
        </extensions>
      </trkpt>
      <trkpt lat="47.3240702413022518157958984375" lon="7.40233370102941989898681640625">
        <ele>749.5999755859375</ele>
        <time>2025-07-22T11:22:50.000Z</time>
        <extensions>
          <ns3:TrackPointExtension>
            <ns3:atemp>23.0</ns3:atemp>
          </ns3:TrackPointExtension>
        </extensions>
      </trkpt>
      <trkpt lat="47.3240702413022518157958984375" lon="7.40233370102941989898681640625">
        <ele>749.4000244140625</ele>
        <time>2025-07-22T11:22:51.000Z</time>
        <extensions>
          <ns3:TrackPointExtension>
            <ns3:atemp>23.0</ns3:atemp>
          </ns3:TrackPointExtension>
        </extensions>
      </trkpt>
      <trkpt lat="47.32406194321811199188232421875" lon="7.40225524641573429107666015625">
        <ele>748.79998779296875</ele>
        <time>2025-07-22T11:23:33.000Z</time>
        <extensions>
          <ns3:TrackPointExtension>
            <ns3:atemp>23.0</ns3:atemp>
          </ns3:TrackPointExtension>
        </extensions>
      </trkpt>
      <trkpt lat="47.3240642063319683074951171875" lon="7.40220428444445133209228515625">
        <ele>748.79998779296875</ele>
        <time>2025-07-22T11:23:36.000Z</time>
        <extensions>
          <ns3:TrackPointExtension>
            <ns3:atemp>23.0</ns3:atemp>
          </ns3:TrackPointExtension>
        </extensions>
      </trkpt>
      <trkpt lat="47.3240541480481624603271484375" lon="7.40205525420606136322021484375">
        <ele>749.5999755859375</ele>
        <time>2025-07-22T11:23:43.000Z</time>
        <extensions>
          <ns3:TrackPointExtension>
            <ns3:atemp>23.0</ns3:atemp>
          </ns3:TrackPointExtension>
        </extensions>
      </trkpt>
      <trkpt lat="47.324049286544322967529296875" lon="7.40203849039971828460693359375">
        <ele>749.79998779296875</ele>
        <time>2025-07-22T11:23:44.000Z</time>
        <extensions>
          <ns3:TrackPointExtension>
            <ns3:atemp>23.0</ns3:atemp>
          </ns3:TrackPointExtension>
        </extensions>
      </trkpt>
      <trkpt lat="47.32402305118739604949951171875" lon="7.402046285569667816162109375">
        <ele>750.4000244140625</ele>
        <time>2025-07-22T11:23:47.000Z</time>
        <extensions>
          <ns3:TrackPointExtension>
            <ns3:atemp>23.0</ns3:atemp>
          </ns3:TrackPointExtension>
        </extensions>
      </trkpt>
      <trkpt lat="47.324012406170368194580078125" lon="7.40204754285514354705810546875">
        <ele>750.79998779296875</ele>
        <time>2025-07-22T11:23:48.000Z</time>
        <extensions>
          <ns3:TrackPointExtension>
            <ns3:atemp>23.0</ns3:atemp>
          </ns3:TrackPointExtension>
        </extensions>
      </trkpt>
      <trkpt lat="47.32387804426252841949462890625" lon="7.402122728526592254638671875">
        <ele>751</ele>
        <time>2025-07-22T11:23:54.000Z</time>
        <extensions>
          <ns3:TrackPointExtension>
            <ns3:atemp>23.0</ns3:atemp>
          </ns3:TrackPointExtension>
        </extensions>
      </trkpt>
      <trkpt lat="47.3238181136548519134521484375" lon="7.4022120796144008636474609375">
        <ele>751.20001220703125</ele>
        <time>2025-07-22T11:23:57.000Z</time>
        <extensions>
          <ns3:TrackPointExtension>
            <ns3:atemp>23.0</ns3:atemp>
          </ns3:TrackPointExtension>
        </extensions>
      </trkpt>
      <trkpt lat="47.32378031127154827117919921875" lon="7.40221635438501834869384765625">
        <ele>751.20001220703125</ele>
        <time>2025-07-22T11:23:59.000Z</time>
        <extensions>
          <ns3:TrackPointExtension>
            <ns3:atemp>23.0</ns3:atemp>
          </ns3:TrackPointExtension>
        </extensions>
      </trkpt>
      <trkpt lat="47.32361334376037120819091796875" lon="7.4022446013987064361572265625">
        <ele>750</ele>
        <time>2025-07-22T11:24:05.000Z</time>
        <extensions>
          <ns3:TrackPointExtension>
            <ns3:atemp>23.0</ns3:atemp>
          </ns3:TrackPointExtension>
        </extensions>
      </trkpt>
      <trkpt lat="47.32354226522147655487060546875" lon="7.4022841639816761016845703125">
        <ele>749.4000244140625</ele>
        <time>2025-07-22T11:24:07.000Z</time>
        <extensions>
          <ns3:TrackPointExtension>
            <ns3:atemp>23.0</ns3:atemp>
          </ns3:TrackPointExtension>
        </extensions>
      </trkpt>
      <trkpt lat="47.3234576918184757232666015625" lon="7.40235264413058757781982421875">
        <ele>749</ele>
        <time>2025-07-22T11:24:10.000Z</time>
        <extensions>
          <ns3:TrackPointExtension>
            <ns3:atemp>23.0</ns3:atemp>
          </ns3:TrackPointExtension>
        </extensions>
      </trkpt>
      <trkpt lat="47.32335501350462436676025390625" lon="7.402427159249782562255859375">
        <ele>748.20001220703125</ele>
        <time>2025-07-22T11:24:13.000Z</time>
        <extensions>
          <ns3:TrackPointExtension>
            <ns3:atemp>23.0</ns3:atemp>
          </ns3:TrackPointExtension>
        </extensions>
      </trkpt>
      <trkpt lat="47.32327018864452838897705078125" lon="7.4025041051208972930908203125">
        <ele>747.79998779296875</ele>
        <time>2025-07-22T11:24:15.000Z</time>
        <extensions>
          <ns3:TrackPointExtension>
            <ns3:atemp>23.0</ns3:atemp>
          </ns3:TrackPointExtension>
        </extensions>
      </trkpt>
      <trkpt lat="47.3231307975947856903076171875" lon="7.40263930521905422210693359375">
        <ele>747.20001220703125</ele>
        <time>2025-07-22T11:24:19.000Z</time>
        <extensions>
          <ns3:TrackPointExtension>
            <ns3:atemp>23.0</ns3:atemp>
          </ns3:TrackPointExtension>
        </extensions>
      </trkpt>
      <trkpt lat="47.323091737926006317138671875" lon="7.40266948007047176361083984375">
        <ele>746.4000244140625</ele>
        <time>2025-07-22T11:24:22.000Z</time>
        <extensions>
          <ns3:TrackPointExtension>
            <ns3:atemp>23.0</ns3:atemp>
          </ns3:TrackPointExtension>
        </extensions>
      </trkpt>
      <trkpt lat="47.323090396821498870849609375" lon="7.40267417393624782562255859375">
        <ele>745.79998779296875</ele>
        <time>2025-07-22T11:24:23.000Z</time>
        <extensions>
          <ns3:TrackPointExtension>
            <ns3:atemp>23.0</ns3:atemp>
          </ns3:TrackPointExtension>
        </extensions>
      </trkpt>
      <trkpt lat="47.32309014536440372467041015625" lon="7.402712814509868621826171875">
        <ele>744.4000244140625</ele>
        <time>2025-07-22T11:24:26.000Z</time>
        <extensions>
          <ns3:TrackPointExtension>
            <ns3:atemp>22.0</ns3:atemp>
          </ns3:TrackPointExtension>
        </extensions>
      </trkpt>
      <trkpt lat="47.3230768181383609771728515625" lon="7.4027294106781482696533203125">
        <ele>744</ele>
        <time>2025-07-22T11:24:27.000Z</time>
        <extensions>
          <ns3:TrackPointExtension>
            <ns3:atemp>22.0</ns3:atemp>
          </ns3:TrackPointExtension>
        </extensions>
      </trkpt>
      <trkpt lat="47.323047816753387451171875" lon="7.40276855416595935821533203125">
        <ele>743.5999755859375</ele>
        <time>2025-07-22T11:24:29.000Z</time>
        <extensions>
          <ns3:TrackPointExtension>
            <ns3:atemp>22.0</ns3:atemp>
          </ns3:TrackPointExtension>
        </extensions>
      </trkpt>
      <trkpt lat="47.32303700409829616546630859375" lon="7.40279252640902996063232421875">
        <ele>743.20001220703125</ele>
        <time>2025-07-22T11:24:30.000Z</time>
        <extensions>
          <ns3:TrackPointExtension>
            <ns3:atemp>22.0</ns3:atemp>
          </ns3:TrackPointExtension>
        </extensions>
      </trkpt>
      <trkpt lat="47.32303281314671039581298828125" lon="7.40281306207180023193359375">
        <ele>743</ele>
        <time>2025-07-22T11:24:31.000Z</time>
        <extensions>
          <ns3:TrackPointExtension>
            <ns3:atemp>22.0</ns3:atemp>
          </ns3:TrackPointExtension>
        </extensions>
      </trkpt>
      <trkpt lat="47.3230302147567272186279296875" lon="7.40287316031754016876220703125">
        <ele>742</ele>
        <time>2025-07-22T11:24:34.000Z</time>
        <extensions>
          <ns3:TrackPointExtension>
            <ns3:atemp>22.0</ns3:atemp>
          </ns3:TrackPointExtension>
        </extensions>
      </trkpt>
      <trkpt lat="47.322993166744709014892578125" lon="7.40294658578932285308837890625">
        <ele>740.20001220703125</ele>
        <time>2025-07-22T11:24:37.000Z</time>
        <extensions>
          <ns3:TrackPointExtension>
            <ns3:atemp>22.0</ns3:atemp>
          </ns3:TrackPointExtension>
        </extensions>
      </trkpt>
      <trkpt lat="47.32296206988394260406494140625" lon="7.4030174128711223602294921875">
        <ele>739</ele>
        <time>2025-07-22T11:24:39.000Z</time>
        <extensions>
          <ns3:TrackPointExtension>
            <ns3:atemp>22.0</ns3:atemp>
          </ns3:TrackPointExtension>
        </extensions>
      </trkpt>
      <trkpt lat="47.32292870990931987762451171875" lon="7.40307415835559368133544921875">
        <ele>738</ele>
        <time>2025-07-22T11:24:41.000Z</time>
        <extensions>
          <ns3:TrackPointExtension>
            <ns3:atemp>22.0</ns3:atemp>
          </ns3:TrackPointExtension>
        </extensions>
      </trkpt>
      <trkpt lat="47.3229125328361988067626953125" lon="7.403086312115192413330078125">
        <ele>737.4000244140625</ele>
        <time>2025-07-22T11:24:42.000Z</time>
        <extensions>
          <ns3:TrackPointExtension>
            <ns3:atemp>22.0</ns3:atemp>
          </ns3:TrackPointExtension>
        </extensions>
      </trkpt>
      <trkpt lat="47.32289702631533145904541015625" lon="7.4031136371195316314697265625">
        <ele>737.4000244140625</ele>
        <time>2025-07-22T11:24:43.000Z</time>
        <extensions>
          <ns3:TrackPointExtension>
            <ns3:atemp>22.0</ns3:atemp>
          </ns3:TrackPointExtension>
        </extensions>
      </trkpt>
      <trkpt lat="47.32287858612835407257080078125" lon="7.4031436443328857421875">
        <ele>736.79998779296875</ele>
        <time>2025-07-22T11:24:44.000Z</time>
        <extensions>
          <ns3:TrackPointExtension>
            <ns3:atemp>22.0</ns3:atemp>
          </ns3:TrackPointExtension>
        </extensions>
      </trkpt>
      <trkpt lat="47.3228116147220134735107421875" lon="7.4032373540103435516357421875">
        <ele>736</ele>
        <time>2025-07-22T11:24:48.000Z</time>
        <extensions>
          <ns3:TrackPointExtension>
            <ns3:atemp>22.0</ns3:atemp>
          </ns3:TrackPointExtension>
        </extensions>
      </trkpt>
      <trkpt lat="47.32279409654438495635986328125" lon="7.4032544530928134918212890625">
        <ele>735.5999755859375</ele>
        <time>2025-07-22T11:24:50.000Z</time>
        <extensions>
          <ns3:TrackPointExtension>
            <ns3:atemp>22.0</ns3:atemp>
          </ns3:TrackPointExtension>
        </extensions>
      </trkpt>
      <trkpt lat="47.32279409654438495635986328125" lon="7.4032544530928134918212890625">
        <ele>735.20001220703125</ele>
        <time>2025-07-22T11:24:53.000Z</time>
        <extensions>
          <ns3:TrackPointExtension>
            <ns3:atemp>22.0</ns3:atemp>
          </ns3:TrackPointExtension>
        </extensions>
      </trkpt>
      <trkpt lat="47.3227982036769390106201171875" lon="7.40331941284239292144775390625">
        <ele>733.79998779296875</ele>
        <time>2025-07-22T11:25:02.000Z</time>
        <extensions>
          <ns3:TrackPointExtension>
            <ns3:atemp>22.0</ns3:atemp>
          </ns3:TrackPointExtension>
        </extensions>
      </trkpt>
      <trkpt lat="47.32280180789530277252197265625" lon="7.40332544781267642974853515625">
        <ele>733.4000244140625</ele>
        <time>2025-07-22T11:25:05.000Z</time>
        <extensions>
          <ns3:TrackPointExtension>
            <ns3:atemp>22.0</ns3:atemp>
          </ns3:TrackPointExtension>
        </extensions>
      </trkpt>
      <trkpt lat="47.32278437353670597076416015625" lon="7.4033483304083347320556640625">
        <ele>732.4000244140625</ele>
        <time>2025-07-22T11:25:34.000Z</time>
        <extensions>
          <ns3:TrackPointExtension>
            <ns3:atemp>22.0</ns3:atemp>
          </ns3:TrackPointExtension>
        </extensions>
      </trkpt>
      <trkpt lat="47.322774231433868408203125" lon="7.403345815837383270263671875">
        <ele>733</ele>
        <time>2025-07-22T11:25:36.000Z</time>
        <extensions>
          <ns3:TrackPointExtension>
            <ns3:atemp>22.0</ns3:atemp>
          </ns3:TrackPointExtension>
        </extensions>
      </trkpt>
      <trkpt lat="47.322755120694637298583984375" lon="7.40333265624940395355224609375">
        <ele>733.20001220703125</ele>
        <time>2025-07-22T11:25:42.000Z</time>
        <extensions>
          <ns3:TrackPointExtension>
            <ns3:atemp>22.0</ns3:atemp>
          </ns3:TrackPointExtension>
        </extensions>
      </trkpt>
      <trkpt lat="47.32273374684154987335205078125" lon="7.40334556438028812408447265625">
        <ele>732.5999755859375</ele>
        <time>2025-07-22T11:25:50.000Z</time>
        <extensions>
          <ns3:TrackPointExtension>
            <ns3:atemp>22.0</ns3:atemp>
          </ns3:TrackPointExtension>
        </extensions>
      </trkpt>
      <trkpt lat="47.32271849177777767181396484375" lon="7.40335511974990367889404296875">
        <ele>732.5999755859375</ele>
        <time>2025-07-22T11:25:51.000Z</time>
        <extensions>
          <ns3:TrackPointExtension>
            <ns3:atemp>22.0</ns3:atemp>
          </ns3:TrackPointExtension>
        </extensions>
      </trkpt>
      <trkpt lat="47.32263215817511081695556640625" lon="7.4034083448350429534912109375">
        <ele>732.4000244140625</ele>
        <time>2025-07-22T11:25:55.000Z</time>
        <extensions>
          <ns3:TrackPointExtension>
            <ns3:atemp>22.0</ns3:atemp>
          </ns3:TrackPointExtension>
        </extensions>
      </trkpt>
      <trkpt lat="47.32261707074940204620361328125" lon="7.40342737175524234771728515625">
        <ele>732.20001220703125</ele>
        <time>2025-07-22T11:25:56.000Z</time>
        <extensions>
          <ns3:TrackPointExtension>
            <ns3:atemp>22.0</ns3:atemp>
          </ns3:TrackPointExtension>
        </extensions>
      </trkpt>
      <trkpt lat="47.32258312404155731201171875" lon="7.40346483886241912841796875">
        <ele>731.4000244140625</ele>
        <time>2025-07-22T11:25:58.000Z</time>
        <extensions>
          <ns3:TrackPointExtension>
            <ns3:atemp>22.0</ns3:atemp>
          </ns3:TrackPointExtension>
        </extensions>
      </trkpt>
      <trkpt lat="47.32256158255040645599365234375" lon="7.403469197452068328857421875">
        <ele>731</ele>
        <time>2025-07-22T11:25:59.000Z</time>
        <extensions>
          <ns3:TrackPointExtension>
            <ns3:atemp>22.0</ns3:atemp>
          </ns3:TrackPointExtension>
        </extensions>
      </trkpt>
      <trkpt lat="47.32254314236342906951904296875" lon="7.40347749553620815277099609375">
        <ele>730.79998779296875</ele>
        <time>2025-07-22T11:26:00.000Z</time>
        <extensions>
          <ns3:TrackPointExtension>
            <ns3:atemp>22.0</ns3:atemp>
          </ns3:TrackPointExtension>
        </extensions>
      </trkpt>
      <trkpt lat="47.32252989895641803741455078125" lon="7.40348973311483860015869140625">
        <ele>730.5999755859375</ele>
        <time>2025-07-22T11:26:01.000Z</time>
        <extensions>
          <ns3:TrackPointExtension>
            <ns3:atemp>22.0</ns3:atemp>
          </ns3:TrackPointExtension>
        </extensions>
      </trkpt>
      <trkpt lat="47.3225118778645992279052734375" lon="7.40352845750749111175537109375">
        <ele>729.79998779296875</ele>
        <time>2025-07-22T11:26:03.000Z</time>
        <extensions>
          <ns3:TrackPointExtension>
            <ns3:atemp>22.0</ns3:atemp>
          </ns3:TrackPointExtension>
        </extensions>
      </trkpt>
      <trkpt lat="47.3225148953497409820556640625" lon="7.40353457629680633544921875">
        <ele>729.4000244140625</ele>
        <time>2025-07-22T11:26:04.000Z</time>
        <extensions>
          <ns3:TrackPointExtension>
            <ns3:atemp>22.0</ns3:atemp>
          </ns3:TrackPointExtension>
        </extensions>
      </trkpt>
      <trkpt lat="47.3225148953497409820556640625" lon="7.40353457629680633544921875">
        <ele>728.79998779296875</ele>
        <time>2025-07-22T11:26:05.000Z</time>
        <extensions>
          <ns3:TrackPointExtension>
            <ns3:atemp>22.0</ns3:atemp>
          </ns3:TrackPointExtension>
        </extensions>
      </trkpt>
      <trkpt lat="47.3225148953497409820556640625" lon="7.40353457629680633544921875">
        <ele>728.20001220703125</ele>
        <time>2025-07-22T11:26:07.000Z</time>
        <extensions>
          <ns3:TrackPointExtension>
            <ns3:atemp>22.0</ns3:atemp>
          </ns3:TrackPointExtension>
        </extensions>
      </trkpt>
      <trkpt lat="47.3225386999547481536865234375" lon="7.4036028049886226654052734375">
        <ele>727.79998779296875</ele>
        <time>2025-07-22T11:26:11.000Z</time>
        <extensions>
          <ns3:TrackPointExtension>
            <ns3:atemp>22.0</ns3:atemp>
          </ns3:TrackPointExtension>
        </extensions>
      </trkpt>
      <trkpt lat="47.32254959642887115478515625" lon="7.40362619049847126007080078125">
        <ele>727.5999755859375</ele>
        <time>2025-07-22T11:26:12.000Z</time>
        <extensions>
          <ns3:TrackPointExtension>
            <ns3:atemp>22.0</ns3:atemp>
          </ns3:TrackPointExtension>
        </extensions>
      </trkpt>
      <trkpt lat="47.32255588285624980926513671875" lon="7.40364848636090755462646484375">
        <ele>727.5999755859375</ele>
        <time>2025-07-22T11:26:13.000Z</time>
        <extensions>
          <ns3:TrackPointExtension>
            <ns3:atemp>22.0</ns3:atemp>
          </ns3:TrackPointExtension>
        </extensions>
      </trkpt>
      <trkpt lat="47.32255588285624980926513671875" lon="7.403696514666080474853515625">
        <ele>727.4000244140625</ele>
        <time>2025-07-22T11:26:15.000Z</time>
        <extensions>
          <ns3:TrackPointExtension>
            <ns3:atemp>22.0</ns3:atemp>
          </ns3:TrackPointExtension>
        </extensions>
      </trkpt>
      <trkpt lat="47.32253543101251125335693359375" lon="7.40373264066874980926513671875">
        <ele>727.20001220703125</ele>
        <time>2025-07-22T11:26:17.000Z</time>
        <extensions>
          <ns3:TrackPointExtension>
            <ns3:atemp>22.0</ns3:atemp>
          </ns3:TrackPointExtension>
        </extensions>
      </trkpt>
      <trkpt lat="47.32247181236743927001953125" lon="7.40376792848110198974609375">
        <ele>726.79998779296875</ele>
        <time>2025-07-22T11:26:20.000Z</time>
        <extensions>
          <ns3:TrackPointExtension>
            <ns3:atemp>22.0</ns3:atemp>
          </ns3:TrackPointExtension>
        </extensions>
      </trkpt>
      <trkpt lat="47.32245110906660556793212890625" lon="7.40379516966640949249267578125">
        <ele>726.20001220703125</ele>
        <time>2025-07-22T11:26:21.000Z</time>
        <extensions>
          <ns3:TrackPointExtension>
            <ns3:atemp>22.0</ns3:atemp>
          </ns3:TrackPointExtension>
        </extensions>
      </trkpt>
      <trkpt lat="47.322374247014522552490234375" lon="7.40390061400830745697021484375">
        <ele>725.20001220703125</ele>
        <time>2025-07-22T11:26:26.000Z</time>
        <extensions>
          <ns3:TrackPointExtension>
            <ns3:atemp>22.0</ns3:atemp>
          </ns3:TrackPointExtension>
        </extensions>
      </trkpt>
      <trkpt lat="47.322365529835224151611328125" lon="7.4039308726787567138671875">
        <ele>725</ele>
        <time>2025-07-22T11:26:27.000Z</time>
        <extensions>
          <ns3:TrackPointExtension>
            <ns3:atemp>22.0</ns3:atemp>
          </ns3:TrackPointExtension>
        </extensions>
      </trkpt>
      <trkpt lat="47.32236628420650959014892578125" lon="7.40397940389811992645263671875">
        <ele>724.4000244140625</ele>
        <time>2025-07-22T11:26:30.000Z</time>
        <extensions>
          <ns3:TrackPointExtension>
            <ns3:atemp>22.0</ns3:atemp>
          </ns3:TrackPointExtension>
        </extensions>
      </trkpt>
      <trkpt lat="47.32237131334841251373291015625" lon="7.4039950780570507049560546875">
        <ele>724</ele>
        <time>2025-07-22T11:26:31.000Z</time>
        <extensions>
          <ns3:TrackPointExtension>
            <ns3:atemp>22.0</ns3:atemp>
          </ns3:TrackPointExtension>
        </extensions>
      </trkpt>
      <trkpt lat="47.32240098528563976287841796875" lon="7.40407043136656284332275390625">
        <ele>722.79998779296875</ele>
        <time>2025-07-22T11:26:34.000Z</time>
        <extensions>
          <ns3:TrackPointExtension>
            <ns3:atemp>22.0</ns3:atemp>
          </ns3:TrackPointExtension>
        </extensions>
      </trkpt>
      <trkpt lat="47.32241372577846050262451171875" lon="7.40411703474819660186767578125">
        <ele>722.5999755859375</ele>
        <time>2025-07-22T11:26:35.000Z</time>
        <extensions>
          <ns3:TrackPointExtension>
            <ns3:atemp>22.0</ns3:atemp>
          </ns3:TrackPointExtension>
        </extensions>
      </trkpt>
      <trkpt lat="47.32241816818714141845703125" lon="7.40414117462933063507080078125">
        <ele>722.20001220703125</ele>
        <time>2025-07-22T11:26:36.000Z</time>
        <extensions>
          <ns3:TrackPointExtension>
            <ns3:atemp>22.0</ns3:atemp>
          </ns3:TrackPointExtension>
        </extensions>
      </trkpt>
      <trkpt lat="47.32242126949131488800048828125" lon="7.4041642248630523681640625">
        <ele>721.79998779296875</ele>
        <time>2025-07-22T11:26:37.000Z</time>
        <extensions>
          <ns3:TrackPointExtension>
            <ns3:atemp>22.0</ns3:atemp>
          </ns3:TrackPointExtension>
        </extensions>
      </trkpt>
      <trkpt lat="47.322421185672283172607421875" lon="7.404181659221649169921875">
        <ele>721.5999755859375</ele>
        <time>2025-07-22T11:26:38.000Z</time>
        <extensions>
          <ns3:TrackPointExtension>
            <ns3:atemp>22.0</ns3:atemp>
          </ns3:TrackPointExtension>
        </extensions>
      </trkpt>
      <trkpt lat="47.3224418051540851593017578125" lon="7.40427310578525066375732421875">
        <ele>720.20001220703125</ele>
        <time>2025-07-22T11:26:43.000Z</time>
        <extensions>
          <ns3:TrackPointExtension>
            <ns3:atemp>22.0</ns3:atemp>
          </ns3:TrackPointExtension>
        </extensions>
      </trkpt>
      <trkpt lat="47.32244892977178096771240234375" lon="7.40429774858057498931884765625">
        <ele>720</ele>
        <time>2025-07-22T11:26:44.000Z</time>
        <extensions>
          <ns3:TrackPointExtension>
            <ns3:atemp>22.0</ns3:atemp>
          </ns3:TrackPointExtension>
        </extensions>
      </trkpt>
      <trkpt lat="47.32243853621184825897216796875" lon="7.4043591879308223724365234375">
        <ele>719.4000244140625</ele>
        <time>2025-07-22T11:26:46.000Z</time>
        <extensions>
          <ns3:TrackPointExtension>
            <ns3:atemp>22.0</ns3:atemp>
          </ns3:TrackPointExtension>
        </extensions>
      </trkpt>
      <trkpt lat="47.322402410209178924560546875" lon="7.40440654568374156951904296875">
        <ele>718.20001220703125</ele>
        <time>2025-07-22T11:26:48.000Z</time>
        <extensions>
          <ns3:TrackPointExtension>
            <ns3:atemp>22.0</ns3:atemp>
          </ns3:TrackPointExtension>
        </extensions>
      </trkpt>
      <trkpt lat="47.32237114571034908294677734375" lon="7.404440827667713165283203125">
        <ele>717</ele>
        <time>2025-07-22T11:26:51.000Z</time>
        <extensions>
          <ns3:TrackPointExtension>
            <ns3:atemp>22.0</ns3:atemp>
          </ns3:TrackPointExtension>
        </extensions>
      </trkpt>
      <trkpt lat="47.3223593272268772125244140625" lon="7.40445683710277080535888671875">
        <ele>716.20001220703125</ele>
        <time>2025-07-22T11:26:53.000Z</time>
        <extensions>
          <ns3:TrackPointExtension>
            <ns3:atemp>22.0</ns3:atemp>
          </ns3:TrackPointExtension>
        </extensions>
      </trkpt>
      <trkpt lat="47.322360835969448089599609375" lon="7.404473014175891876220703125">
        <ele>715.4000244140625</ele>
        <time>2025-07-22T11:26:54.000Z</time>
        <extensions>
          <ns3:TrackPointExtension>
            <ns3:atemp>22.0</ns3:atemp>
          </ns3:TrackPointExtension>
        </extensions>
      </trkpt>
      <trkpt lat="47.32235924340784549713134765625" lon="7.4045010097324848175048828125">
        <ele>715</ele>
        <time>2025-07-22T11:26:55.000Z</time>
        <extensions>
          <ns3:TrackPointExtension>
            <ns3:atemp>22.0</ns3:atemp>
          </ns3:TrackPointExtension>
        </extensions>
      </trkpt>
      <trkpt lat="47.32234097085893154144287109375" lon="7.40461005829274654388427734375">
        <ele>714.20001220703125</ele>
        <time>2025-07-22T11:26:57.000Z</time>
        <extensions>
          <ns3:TrackPointExtension>
            <ns3:atemp>22.0</ns3:atemp>
          </ns3:TrackPointExtension>
        </extensions>
      </trkpt>
      <trkpt lat="47.322336696088314056396484375" lon="7.40463654510676860809326171875">
        <ele>714.20001220703125</ele>
        <time>2025-07-22T11:26:58.000Z</time>
        <extensions>
          <ns3:TrackPointExtension>
            <ns3:atemp>22.0</ns3:atemp>
          </ns3:TrackPointExtension>
        </extensions>
      </trkpt>
      <trkpt lat="47.32233510352671146392822265625" lon="7.4046408198773860931396484375">
        <ele>712.5999755859375</ele>
        <time>2025-07-22T11:27:01.000Z</time>
        <extensions>
          <ns3:TrackPointExtension>
            <ns3:atemp>22.0</ns3:atemp>
          </ns3:TrackPointExtension>
        </extensions>
      </trkpt>
      <trkpt lat="47.32232370413839817047119140625" lon="7.404662109911441802978515625">
        <ele>711.20001220703125</ele>
        <time>2025-07-22T11:27:19.000Z</time>
        <extensions>
          <ns3:TrackPointExtension>
            <ns3:atemp>22.0</ns3:atemp>
          </ns3:TrackPointExtension>
        </extensions>
      </trkpt>
      <trkpt lat="47.3223110474646091461181640625" lon="7.4047031812369823455810546875">
        <ele>711.20001220703125</ele>
        <time>2025-07-22T11:27:25.000Z</time>
        <extensions>
          <ns3:TrackPointExtension>
            <ns3:atemp>22.0</ns3:atemp>
          </ns3:TrackPointExtension>
        </extensions>
      </trkpt>
      <trkpt lat="47.322309203445911407470703125" lon="7.404732517898082733154296875">
        <ele>710.79998779296875</ele>
        <time>2025-07-22T11:27:28.000Z</time>
        <extensions>
          <ns3:TrackPointExtension>
            <ns3:atemp>22.0</ns3:atemp>
          </ns3:TrackPointExtension>
        </extensions>
      </trkpt>
      <trkpt lat="47.3223150707781314849853515625" lon="7.40477065555751323699951171875">
        <ele>710.20001220703125</ele>
        <time>2025-07-22T11:27:32.000Z</time>
        <extensions>
          <ns3:TrackPointExtension>
            <ns3:atemp>22.0</ns3:atemp>
          </ns3:TrackPointExtension>
        </extensions>
      </trkpt>
      <trkpt lat="47.322321943938732147216796875" lon="7.40478976629674434661865234375">
        <ele>710</ele>
        <time>2025-07-22T11:27:33.000Z</time>
        <extensions>
          <ns3:TrackPointExtension>
            <ns3:atemp>22.0</ns3:atemp>
          </ns3:TrackPointExtension>
        </extensions>
      </trkpt>
      <trkpt lat="47.32232554815709590911865234375" lon="7.40481876768171787261962890625">
        <ele>709.79998779296875</ele>
        <time>2025-07-22T11:27:35.000Z</time>
        <extensions>
          <ns3:TrackPointExtension>
            <ns3:atemp>22.0</ns3:atemp>
          </ns3:TrackPointExtension>
        </extensions>
      </trkpt>
      <trkpt lat="47.32232755981385707855224609375" lon="7.40482413209974765777587890625">
        <ele>709</ele>
        <time>2025-07-22T11:27:38.000Z</time>
        <extensions>
          <ns3:TrackPointExtension>
            <ns3:atemp>22.0</ns3:atemp>
          </ns3:TrackPointExtension>
        </extensions>
      </trkpt>
      <trkpt lat="47.322301827371120452880859375" lon="7.40487123839557170867919921875">
        <ele>707.4000244140625</ele>
        <time>2025-07-22T11:27:45.000Z</time>
        <extensions>
          <ns3:TrackPointExtension>
            <ns3:atemp>22.0</ns3:atemp>
          </ns3:TrackPointExtension>
        </extensions>
      </trkpt>
      <trkpt lat="47.3222610913217067718505859375" lon="7.40493812598288059234619140625">
        <ele>707.20001220703125</ele>
        <time>2025-07-22T11:27:47.000Z</time>
        <extensions>
          <ns3:TrackPointExtension>
            <ns3:atemp>22.0</ns3:atemp>
          </ns3:TrackPointExtension>
        </extensions>
      </trkpt>
      <trkpt lat="47.3222149908542633056640625" lon="7.4050351046025753021240234375">
        <ele>706.20001220703125</ele>
        <time>2025-07-22T11:27:50.000Z</time>
        <extensions>
          <ns3:TrackPointExtension>
            <ns3:atemp>22.0</ns3:atemp>
          </ns3:TrackPointExtension>
        </extensions>
      </trkpt>
      <trkpt lat="47.32219428755342960357666015625" lon="7.405113391578197479248046875">
        <ele>705.5999755859375</ele>
        <time>2025-07-22T11:27:52.000Z</time>
        <extensions>
          <ns3:TrackPointExtension>
            <ns3:atemp>22.0</ns3:atemp>
          </ns3:TrackPointExtension>
        </extensions>
      </trkpt>
      <trkpt lat="47.3221735842525959014892578125" lon="7.4051539599895477294921875">
        <ele>705.20001220703125</ele>
        <time>2025-07-22T11:27:53.000Z</time>
        <extensions>
          <ns3:TrackPointExtension>
            <ns3:atemp>22.0</ns3:atemp>
          </ns3:TrackPointExtension>
        </extensions>
      </trkpt>
      <trkpt lat="47.32215036638081073760986328125" lon="7.40519511513411998748779296875">
        <ele>704.4000244140625</ele>
        <time>2025-07-22T11:27:54.000Z</time>
        <extensions>
          <ns3:TrackPointExtension>
            <ns3:atemp>22.0</ns3:atemp>
          </ns3:TrackPointExtension>
        </extensions>
      </trkpt>
      <trkpt lat="47.322096638381481170654296875" lon="7.40525144152343273162841796875">
        <ele>703.4000244140625</ele>
        <time>2025-07-22T11:27:56.000Z</time>
        <extensions>
          <ns3:TrackPointExtension>
            <ns3:atemp>22.0</ns3:atemp>
          </ns3:TrackPointExtension>
        </extensions>
      </trkpt>
      <trkpt lat="47.32207082211971282958984375" lon="7.405276000499725341796875">
        <ele>702.79998779296875</ele>
        <time>2025-07-22T11:27:57.000Z</time>
        <extensions>
          <ns3:TrackPointExtension>
            <ns3:atemp>22.0</ns3:atemp>
          </ns3:TrackPointExtension>
        </extensions>
      </trkpt>
      <trkpt lat="47.3220421560108661651611328125" lon="7.40529385395348072052001953125">
        <ele>702</ele>
        <time>2025-07-22T11:27:58.000Z</time>
        <extensions>
          <ns3:TrackPointExtension>
            <ns3:atemp>22.0</ns3:atemp>
          </ns3:TrackPointExtension>
        </extensions>
      </trkpt>
      <trkpt lat="47.32197250239551067352294921875" lon="7.4053318239748477935791015625">
        <ele>701</ele>
        <time>2025-07-22T11:28:00.000Z</time>
        <extensions>
          <ns3:TrackPointExtension>
            <ns3:atemp>22.0</ns3:atemp>
          </ns3:TrackPointExtension>
        </extensions>
      </trkpt>
      <trkpt lat="47.3219506256282329559326171875" lon="7.405331991612911224365234375">
        <ele>700.79998779296875</ele>
        <time>2025-07-22T11:28:01.000Z</time>
        <extensions>
          <ns3:TrackPointExtension>
            <ns3:atemp>22.0</ns3:atemp>
          </ns3:TrackPointExtension>
        </extensions>
      </trkpt>
      <trkpt lat="47.32192891649901866912841796875" lon="7.4053284712135791778564453125">
        <ele>700.4000244140625</ele>
        <time>2025-07-22T11:28:02.000Z</time>
        <extensions>
          <ns3:TrackPointExtension>
            <ns3:atemp>22.0</ns3:atemp>
          </ns3:TrackPointExtension>
        </extensions>
      </trkpt>
      <trkpt lat="47.32185549102723598480224609375" lon="7.40530961193144321441650390625">
        <ele>699.5999755859375</ele>
        <time>2025-07-22T11:28:06.000Z</time>
        <extensions>
          <ns3:TrackPointExtension>
            <ns3:atemp>22.0</ns3:atemp>
          </ns3:TrackPointExtension>
        </extensions>
      </trkpt>
      <trkpt lat="47.32182598672807216644287109375" lon="7.40530374459922313690185546875">
        <ele>699.4000244140625</ele>
        <time>2025-07-22T11:28:07.000Z</time>
        <extensions>
          <ns3:TrackPointExtension>
            <ns3:atemp>22.0</ns3:atemp>
          </ns3:TrackPointExtension>
        </extensions>
      </trkpt>
      <trkpt lat="47.32171014882624149322509765625" lon="7.40526460111141204833984375">
        <ele>698.5999755859375</ele>
        <time>2025-07-22T11:28:12.000Z</time>
        <extensions>
          <ns3:TrackPointExtension>
            <ns3:atemp>22.0</ns3:atemp>
          </ns3:TrackPointExtension>
        </extensions>
      </trkpt>
      <trkpt lat="47.321698665618896484375" lon="7.40527172572910785675048828125">
        <ele>698.20001220703125</ele>
        <time>2025-07-22T11:28:13.000Z</time>
        <extensions>
          <ns3:TrackPointExtension>
            <ns3:atemp>22.0</ns3:atemp>
          </ns3:TrackPointExtension>
        </extensions>
      </trkpt>
      <trkpt lat="47.321701012551784515380859375" lon="7.405307181179523468017578125">
        <ele>697.20001220703125</ele>
        <time>2025-07-22T11:28:17.000Z</time>
        <extensions>
          <ns3:TrackPointExtension>
            <ns3:atemp>22.0</ns3:atemp>
          </ns3:TrackPointExtension>
        </extensions>
      </trkpt>
      <trkpt lat="47.3217093944549560546875" lon="7.40532587282359600067138671875">
        <ele>697</ele>
        <time>2025-07-22T11:28:18.000Z</time>
        <extensions>
          <ns3:TrackPointExtension>
            <ns3:atemp>22.0</ns3:atemp>
          </ns3:TrackPointExtension>
        </extensions>
      </trkpt>
      <trkpt lat="47.32175339944660663604736328125" lon="7.40536627359688282012939453125">
        <ele>696.79998779296875</ele>
        <time>2025-07-22T11:28:21.000Z</time>
        <extensions>
          <ns3:TrackPointExtension>
            <ns3:atemp>22.0</ns3:atemp>
          </ns3:TrackPointExtension>
        </extensions>
      </trkpt>
      <trkpt lat="47.321799583733081817626953125" lon="7.40539208985865116119384765625">
        <ele>696.5999755859375</ele>
        <time>2025-07-22T11:28:24.000Z</time>
        <extensions>
          <ns3:TrackPointExtension>
            <ns3:atemp>22.0</ns3:atemp>
          </ns3:TrackPointExtension>
        </extensions>
      </trkpt>
      <trkpt lat="47.3218145035207271575927734375" lon="7.4054334126412868499755859375">
        <ele>696.20001220703125</ele>
        <time>2025-07-22T11:28:26.000Z</time>
        <extensions>
          <ns3:TrackPointExtension>
            <ns3:atemp>22.0</ns3:atemp>
          </ns3:TrackPointExtension>
        </extensions>
      </trkpt>
      <trkpt lat="47.3218171857297420501708984375" lon="7.40545327775180339813232421875">
        <ele>696</ele>
        <time>2025-07-22T11:28:27.000Z</time>
        <extensions>
          <ns3:TrackPointExtension>
            <ns3:atemp>22.0</ns3:atemp>
          </ns3:TrackPointExtension>
        </extensions>
      </trkpt>
      <trkpt lat="47.32184828259050846099853515625" lon="7.40558780729770660400390625">
        <ele>695.79998779296875</ele>
        <time>2025-07-22T11:28:31.000Z</time>
        <extensions>
          <ns3:TrackPointExtension>
            <ns3:atemp>22.0</ns3:atemp>
          </ns3:TrackPointExtension>
        </extensions>
      </trkpt>
      <trkpt lat="47.32189756818115711212158203125" lon="7.4056966044008731842041015625">
        <ele>694.79998779296875</ele>
        <time>2025-07-22T11:28:35.000Z</time>
        <extensions>
          <ns3:TrackPointExtension>
            <ns3:atemp>22.0</ns3:atemp>
          </ns3:TrackPointExtension>
        </extensions>
      </trkpt>
      <trkpt lat="47.3219134099781513214111328125" lon="7.4057234264910221099853515625">
        <ele>694.4000244140625</ele>
        <time>2025-07-22T11:28:36.000Z</time>
        <extensions>
          <ns3:TrackPointExtension>
            <ns3:atemp>22.0</ns3:atemp>
          </ns3:TrackPointExtension>
        </extensions>
      </trkpt>
      <trkpt lat="47.321945093572139739990234375" lon="7.405762486159801483154296875">
        <ele>694.20001220703125</ele>
        <time>2025-07-22T11:28:37.000Z</time>
        <extensions>
          <ns3:TrackPointExtension>
            <ns3:atemp>22.0</ns3:atemp>
          </ns3:TrackPointExtension>
        </extensions>
      </trkpt>
      <trkpt lat="47.32198826037347316741943359375" lon="7.4058575369417667388916015625">
        <ele>693.79998779296875</ele>
        <time>2025-07-22T11:28:39.000Z</time>
        <extensions>
          <ns3:TrackPointExtension>
            <ns3:atemp>22.0</ns3:atemp>
          </ns3:TrackPointExtension>
        </extensions>
      </trkpt>
      <trkpt lat="47.32206738553941249847412109375" lon="7.40599776618182659149169921875">
        <ele>692.79998779296875</ele>
        <time>2025-07-22T11:28:43.000Z</time>
        <extensions>
          <ns3:TrackPointExtension>
            <ns3:atemp>22.0</ns3:atemp>
          </ns3:TrackPointExtension>
        </extensions>
      </trkpt>
      <trkpt lat="47.322090603411197662353515625" lon="7.406015284359455108642578125">
        <ele>692.5999755859375</ele>
        <time>2025-07-22T11:28:44.000Z</time>
        <extensions>
          <ns3:TrackPointExtension>
            <ns3:atemp>22.0</ns3:atemp>
          </ns3:TrackPointExtension>
        </extensions>
      </trkpt>
      <trkpt lat="47.32213863171637058258056640625" lon="7.4060573615133762359619140625">
        <ele>691.5999755859375</ele>
        <time>2025-07-22T11:28:47.000Z</time>
        <extensions>
          <ns3:TrackPointExtension>
            <ns3:atemp>22.0</ns3:atemp>
          </ns3:TrackPointExtension>
        </extensions>
      </trkpt>
      <trkpt lat="47.32213863171637058258056640625" lon="7.40608259104192256927490234375">
        <ele>691.20001220703125</ele>
        <time>2025-07-22T11:28:49.000Z</time>
        <extensions>
          <ns3:TrackPointExtension>
            <ns3:atemp>22.0</ns3:atemp>
          </ns3:TrackPointExtension>
        </extensions>
      </trkpt>
      <trkpt lat="47.32214190065860748291015625" lon="7.406104467809200286865234375">
        <ele>691</ele>
        <time>2025-07-22T11:28:50.000Z</time>
        <extensions>
          <ns3:TrackPointExtension>
            <ns3:atemp>22.0</ns3:atemp>
          </ns3:TrackPointExtension>
        </extensions>
      </trkpt>
      <trkpt lat="47.3221667110919952392578125" lon="7.40615308284759521484375">
        <ele>690.79998779296875</ele>
        <time>2025-07-22T11:28:52.000Z</time>
        <extensions>
          <ns3:TrackPointExtension>
            <ns3:atemp>22.0</ns3:atemp>
          </ns3:TrackPointExtension>
        </extensions>
      </trkpt>
      <trkpt lat="47.3221779428422451019287109375" lon="7.4061678349971771240234375">
        <ele>690.79998779296875</ele>
        <time>2025-07-22T11:28:53.000Z</time>
        <extensions>
          <ns3:TrackPointExtension>
            <ns3:atemp>22.0</ns3:atemp>
          </ns3:TrackPointExtension>
        </extensions>
      </trkpt>
      <trkpt lat="47.32218682765960693359375" lon="7.40618317387998104095458984375">
        <ele>690.4000244140625</ele>
        <time>2025-07-22T11:28:54.000Z</time>
        <extensions>
          <ns3:TrackPointExtension>
            <ns3:atemp>22.0</ns3:atemp>
          </ns3:TrackPointExtension>
        </extensions>
      </trkpt>
      <trkpt lat="47.32229738496243953704833984375" lon="7.40632181055843830108642578125">
        <ele>689.4000244140625</ele>
        <time>2025-07-22T11:29:00.000Z</time>
        <extensions>
          <ns3:TrackPointExtension>
            <ns3:atemp>22.0</ns3:atemp>
          </ns3:TrackPointExtension>
        </extensions>
      </trkpt>
      <trkpt lat="47.32232102192938327789306640625" lon="7.40634863264858722686767578125">
        <ele>689</ele>
        <time>2025-07-22T11:29:01.000Z</time>
        <extensions>
          <ns3:TrackPointExtension>
            <ns3:atemp>22.0</ns3:atemp>
          </ns3:TrackPointExtension>
        </extensions>
      </trkpt>
      <trkpt lat="47.322439290583133697509765625" lon="7.40650051273405551910400390625">
        <ele>688.20001220703125</ele>
        <time>2025-07-22T11:29:05.000Z</time>
        <extensions>
          <ns3:TrackPointExtension>
            <ns3:atemp>22.0</ns3:atemp>
          </ns3:TrackPointExtension>
        </extensions>
      </trkpt>
      <trkpt lat="47.32246301136910915374755859375" lon="7.406524904072284698486328125">
        <ele>688</ele>
        <time>2025-07-22T11:29:06.000Z</time>
        <extensions>
          <ns3:TrackPointExtension>
            <ns3:atemp>22.0</ns3:atemp>
          </ns3:TrackPointExtension>
        </extensions>
      </trkpt>
      <trkpt lat="47.32261505909264087677001953125" lon="7.40667183883488178253173828125">
        <ele>687.20001220703125</ele>
        <time>2025-07-22T11:29:11.000Z</time>
        <extensions>
          <ns3:TrackPointExtension>
            <ns3:atemp>22.0</ns3:atemp>
          </ns3:TrackPointExtension>
        </extensions>
      </trkpt>
      <trkpt lat="47.32264204882085323333740234375" lon="7.4067071266472339630126953125">
        <ele>687</ele>
        <time>2025-07-22T11:29:12.000Z</time>
        <extensions>
          <ns3:TrackPointExtension>
            <ns3:atemp>22.0</ns3:atemp>
          </ns3:TrackPointExtension>
        </extensions>
      </trkpt>
      <trkpt lat="47.32273391447961330413818359375" lon="7.406897060573101043701171875">
        <ele>686.5999755859375</ele>
        <time>2025-07-22T11:29:16.000Z</time>
        <extensions>
          <ns3:TrackPointExtension>
            <ns3:atemp>22.0</ns3:atemp>
          </ns3:TrackPointExtension>
        </extensions>
      </trkpt>
      <trkpt lat="47.32280046679079532623291015625" lon="7.40699236281216144561767578125">
        <ele>686</ele>
        <time>2025-07-22T11:29:18.000Z</time>
        <extensions>
          <ns3:TrackPointExtension>
            <ns3:atemp>22.0</ns3:atemp>
          </ns3:TrackPointExtension>
        </extensions>
      </trkpt>
      <trkpt lat="47.3228826932609081268310546875" lon="7.40709613077342510223388671875">
        <ele>684.79998779296875</ele>
        <time>2025-07-22T11:29:21.000Z</time>
        <extensions>
          <ns3:TrackPointExtension>
            <ns3:atemp>22.0</ns3:atemp>
          </ns3:TrackPointExtension>
        </extensions>
      </trkpt>
      <trkpt lat="47.32289887033402919769287109375" lon="7.40712814964354038238525390625">
        <ele>684.5999755859375</ele>
        <time>2025-07-22T11:29:22.000Z</time>
        <extensions>
          <ns3:TrackPointExtension>
            <ns3:atemp>22.0</ns3:atemp>
          </ns3:TrackPointExtension>
        </extensions>
      </trkpt>
      <trkpt lat="47.32298922725021839141845703125" lon="7.4072774313390254974365234375">
        <ele>684</ele>
        <time>2025-07-22T11:29:26.000Z</time>
        <extensions>
          <ns3:TrackPointExtension>
            <ns3:atemp>22.0</ns3:atemp>
          </ns3:TrackPointExtension>
        </extensions>
      </trkpt>
      <trkpt lat="47.32300062663853168487548828125" lon="7.40731623955070972442626953125">
        <ele>683.79998779296875</ele>
        <time>2025-07-22T11:29:28.000Z</time>
        <extensions>
          <ns3:TrackPointExtension>
            <ns3:atemp>22.0</ns3:atemp>
          </ns3:TrackPointExtension>
        </extensions>
      </trkpt>
      <trkpt lat="47.3230107687413692474365234375" lon="7.40732512436807155609130859375">
        <ele>683.4000244140625</ele>
        <time>2025-07-22T11:29:30.000Z</time>
        <extensions>
          <ns3:TrackPointExtension>
            <ns3:atemp>22.0</ns3:atemp>
          </ns3:TrackPointExtension>
        </extensions>
      </trkpt>
      <trkpt lat="47.32302208431065082550048828125" lon="7.40733082406222820281982421875">
        <ele>683</ele>
        <time>2025-07-22T11:29:31.000Z</time>
        <extensions>
          <ns3:TrackPointExtension>
            <ns3:atemp>22.0</ns3:atemp>
          </ns3:TrackPointExtension>
        </extensions>
      </trkpt>
      <trkpt lat="47.3230362497270107269287109375" lon="7.40734071470797061920166015625">
        <ele>682.4000244140625</ele>
        <time>2025-07-22T11:29:32.000Z</time>
        <extensions>
          <ns3:TrackPointExtension>
            <ns3:atemp>22.0</ns3:atemp>
          </ns3:TrackPointExtension>
        </extensions>
      </trkpt>
      <trkpt lat="47.32309140264987945556640625" lon="7.4073679558932781219482421875">
        <ele>682</ele>
        <time>2025-07-22T11:29:34.000Z</time>
        <extensions>
          <ns3:TrackPointExtension>
            <ns3:atemp>22.0</ns3:atemp>
          </ns3:TrackPointExtension>
        </extensions>
      </trkpt>
      <trkpt lat="47.3231323063373565673828125" lon="7.407391257584095001220703125">
        <ele>681.20001220703125</ele>
        <time>2025-07-22T11:29:36.000Z</time>
        <extensions>
          <ns3:TrackPointExtension>
            <ns3:atemp>22.0</ns3:atemp>
          </ns3:TrackPointExtension>
        </extensions>
      </trkpt>
      <trkpt lat="47.32314504683017730712890625" lon="7.4073981307446956634521484375">
        <ele>680.79998779296875</ele>
        <time>2025-07-22T11:29:37.000Z</time>
        <extensions>
          <ns3:TrackPointExtension>
            <ns3:atemp>22.0</ns3:atemp>
          </ns3:TrackPointExtension>
        </extensions>
      </trkpt>
      <trkpt lat="47.32317966409027576446533203125" lon="7.4074383638799190521240234375">
        <ele>680.20001220703125</ele>
        <time>2025-07-22T11:29:39.000Z</time>
        <extensions>
          <ns3:TrackPointExtension>
            <ns3:atemp>22.0</ns3:atemp>
          </ns3:TrackPointExtension>
        </extensions>
      </trkpt>
      <trkpt lat="47.3231965117156505584716796875" lon="7.40745018236339092254638671875">
        <ele>680</ele>
        <time>2025-07-22T11:29:40.000Z</time>
        <extensions>
          <ns3:TrackPointExtension>
            <ns3:atemp>22.0</ns3:atemp>
          </ns3:TrackPointExtension>
        </extensions>
      </trkpt>
      <trkpt lat="47.32322257943451404571533203125" lon="7.40745336748659610748291015625">
        <ele>679.5999755859375</ele>
        <time>2025-07-22T11:29:42.000Z</time>
        <extensions>
          <ns3:TrackPointExtension>
            <ns3:atemp>22.0</ns3:atemp>
          </ns3:TrackPointExtension>
        </extensions>
      </trkpt>
      <trkpt lat="47.32324554584920406341552734375" lon="7.40745923481881618499755859375">
        <ele>679</ele>
        <time>2025-07-22T11:29:44.000Z</time>
        <extensions>
          <ns3:TrackPointExtension>
            <ns3:atemp>22.0</ns3:atemp>
          </ns3:TrackPointExtension>
        </extensions>
      </trkpt>
      <trkpt lat="47.323275469243526458740234375" lon="7.407475747168064117431640625">
        <ele>678.20001220703125</ele>
        <time>2025-07-22T11:29:49.000Z</time>
        <extensions>
          <ns3:TrackPointExtension>
            <ns3:atemp>22.0</ns3:atemp>
          </ns3:TrackPointExtension>
        </extensions>
      </trkpt>
      <trkpt lat="47.323331125080585479736328125" lon="7.4075134657323360443115234375">
        <ele>678</ele>
        <time>2025-07-22T11:29:52.000Z</time>
        <extensions>
          <ns3:TrackPointExtension>
            <ns3:atemp>22.0</ns3:atemp>
          </ns3:TrackPointExtension>
        </extensions>
      </trkpt>
      <trkpt lat="47.32338720001280307769775390625" lon="7.40754204802215099334716796875">
        <ele>677.4000244140625</ele>
        <time>2025-07-22T11:29:55.000Z</time>
        <extensions>
          <ns3:TrackPointExtension>
            <ns3:atemp>22.0</ns3:atemp>
          </ns3:TrackPointExtension>
        </extensions>
      </trkpt>
      <trkpt lat="47.32341418974101543426513671875" lon="7.40756233222782611846923828125">
        <ele>676.79998779296875</ele>
        <time>2025-07-22T11:29:57.000Z</time>
        <extensions>
          <ns3:TrackPointExtension>
            <ns3:atemp>22.0</ns3:atemp>
          </ns3:TrackPointExtension>
        </extensions>
      </trkpt>
      <trkpt lat="47.32345408760011196136474609375" lon="7.407605163753032684326171875">
        <ele>675.4000244140625</ele>
        <time>2025-07-22T11:29:59.000Z</time>
        <extensions>
          <ns3:TrackPointExtension>
            <ns3:atemp>22.0</ns3:atemp>
          </ns3:TrackPointExtension>
        </extensions>
      </trkpt>
      <trkpt lat="47.32347135432064533233642578125" lon="7.40761597640812397003173828125">
        <ele>675.20001220703125</ele>
        <time>2025-07-22T11:30:00.000Z</time>
        <extensions>
          <ns3:TrackPointExtension>
            <ns3:atemp>22.0</ns3:atemp>
          </ns3:TrackPointExtension>
        </extensions>
      </trkpt>
      <trkpt lat="47.32351125217974185943603515625" lon="7.40764061920344829559326171875">
        <ele>674.79998779296875</ele>
        <time>2025-07-22T11:30:03.000Z</time>
        <extensions>
          <ns3:TrackPointExtension>
            <ns3:atemp>22.0</ns3:atemp>
          </ns3:TrackPointExtension>
        </extensions>
      </trkpt>
      <trkpt lat="47.32565919868648052215576171875" lon="7.4060228280723094940185546875">
        <ele>673.5999755859375</ele>
        <time>2025-07-22T11:36:51.000Z</time>
        <extensions>
          <ns3:TrackPointExtension>
            <ns3:atemp>20.0</ns3:atemp>
          </ns3:TrackPointExtension>
        </extensions>
      </trkpt>
      <trkpt lat="47.32565919868648052215576171875" lon="7.4060228280723094940185546875">
        <ele>673.5999755859375</ele>
        <time>2025-07-22T11:36:52.000Z</time>
        <extensions>
          <ns3:TrackPointExtension>
            <ns3:atemp>20.0</ns3:atemp>
          </ns3:TrackPointExtension>
        </extensions>
      </trkpt>
      <trkpt lat="47.3258361406624317169189453125" lon="7.40588109008967876434326171875">
        <ele>666.79998779296875</ele>
        <time>2025-07-22T11:37:37.000Z</time>
        <extensions>
          <ns3:TrackPointExtension>
            <ns3:atemp>20.0</ns3:atemp>
          </ns3:TrackPointExtension>
        </extensions>
      </trkpt>
      <trkpt lat="47.32588165439665317535400390625" lon="7.40581437014043331146240234375">
        <ele>666.20001220703125</ele>
        <time>2025-07-22T11:37:39.000Z</time>
        <extensions>
          <ns3:TrackPointExtension>
            <ns3:atemp>20.0</ns3:atemp>
          </ns3:TrackPointExtension>
        </extensions>
      </trkpt>
      <trkpt lat="47.32592389918863773345947265625" lon="7.40575770847499370574951171875">
        <ele>665.79998779296875</ele>
        <time>2025-07-22T11:37:42.000Z</time>
        <extensions>
          <ns3:TrackPointExtension>
            <ns3:atemp>20.0</ns3:atemp>
          </ns3:TrackPointExtension>
        </extensions>
      </trkpt>
      <trkpt lat="47.32594368048012256622314453125" lon="7.40573826245963573455810546875">
        <ele>665.5999755859375</ele>
        <time>2025-07-22T11:37:43.000Z</time>
        <extensions>
          <ns3:TrackPointExtension>
            <ns3:atemp>20.0</ns3:atemp>
          </ns3:TrackPointExtension>
        </extensions>
      </trkpt>
      <trkpt lat="47.32596849091351032257080078125" lon="7.40570875816047191619873046875">
        <ele>664.79998779296875</ele>
        <time>2025-07-22T11:37:47.000Z</time>
        <extensions>
          <ns3:TrackPointExtension>
            <ns3:atemp>20.0</ns3:atemp>
          </ns3:TrackPointExtension>
        </extensions>
      </trkpt>
      <trkpt lat="47.32600587420165538787841796875" lon="7.40566902793943881988525390625">
        <ele>664.5999755859375</ele>
        <time>2025-07-22T11:37:56.000Z</time>
        <extensions>
          <ns3:TrackPointExtension>
            <ns3:atemp>20.0</ns3:atemp>
          </ns3:TrackPointExtension>
        </extensions>
      </trkpt>
      <trkpt lat="47.3261492885649204254150390625" lon="7.405533157289028167724609375">
        <ele>664.5999755859375</ele>
        <time>2025-07-22T11:38:02.000Z</time>
        <extensions>
          <ns3:TrackPointExtension>
            <ns3:atemp>20.0</ns3:atemp>
          </ns3:TrackPointExtension>
        </extensions>
      </trkpt>
      <trkpt lat="47.3261794634163379669189453125" lon="7.40546786226332187652587890625">
        <ele>664.5999755859375</ele>
        <time>2025-07-22T11:38:04.000Z</time>
        <extensions>
          <ns3:TrackPointExtension>
            <ns3:atemp>20.0</ns3:atemp>
          </ns3:TrackPointExtension>
        </extensions>
      </trkpt>
      <trkpt lat="47.3262160085141658782958984375" lon="7.4053619988262653350830078125">
        <ele>664.20001220703125</ele>
        <time>2025-07-22T11:38:07.000Z</time>
        <extensions>
          <ns3:TrackPointExtension>
            <ns3:atemp>20.0</ns3:atemp>
          </ns3:TrackPointExtension>
        </extensions>
      </trkpt>
      <trkpt lat="47.32623972930014133453369140625" lon="7.40531019866466522216796875">
        <ele>663.79998779296875</ele>
        <time>2025-07-22T11:38:09.000Z</time>
        <extensions>
          <ns3:TrackPointExtension>
            <ns3:atemp>20.0</ns3:atemp>
          </ns3:TrackPointExtension>
        </extensions>
      </trkpt>
      <trkpt lat="47.326258756220340728759765625" lon="7.405237443745136260986328125">
        <ele>663.4000244140625</ele>
        <time>2025-07-22T11:38:11.000Z</time>
        <extensions>
          <ns3:TrackPointExtension>
            <ns3:atemp>20.0</ns3:atemp>
          </ns3:TrackPointExtension>
        </extensions>
      </trkpt>
      <trkpt lat="47.32626403681933879852294921875" lon="7.4051995575428009033203125">
        <ele>663.20001220703125</ele>
        <time>2025-07-22T11:38:12.000Z</time>
        <extensions>
          <ns3:TrackPointExtension>
            <ns3:atemp>20.0</ns3:atemp>
          </ns3:TrackPointExtension>
        </extensions>
      </trkpt>
      <trkpt lat="47.32627384364604949951171875" lon="7.40516242571175098419189453125">
        <ele>663</ele>
        <time>2025-07-22T11:38:13.000Z</time>
        <extensions>
          <ns3:TrackPointExtension>
            <ns3:atemp>20.0</ns3:atemp>
          </ns3:TrackPointExtension>
        </extensions>
      </trkpt>
      <trkpt lat="47.3262884281575679779052734375" lon="7.40508262999355792999267578125">
        <ele>662.79998779296875</ele>
        <time>2025-07-22T11:38:15.000Z</time>
        <extensions>
          <ns3:TrackPointExtension>
            <ns3:atemp>20.0</ns3:atemp>
          </ns3:TrackPointExtension>
        </extensions>
      </trkpt>
      <trkpt lat="47.32632757164537906646728515625" lon="7.404999397695064544677734375">
        <ele>662.5999755859375</ele>
        <time>2025-07-22T11:38:17.000Z</time>
        <extensions>
          <ns3:TrackPointExtension>
            <ns3:atemp>20.0</ns3:atemp>
          </ns3:TrackPointExtension>
        </extensions>
      </trkpt>
      <trkpt lat="47.32642262242734432220458984375" lon="7.4048523791134357452392578125">
        <ele>662.4000244140625</ele>
        <time>2025-07-22T11:38:20.000Z</time>
        <extensions>
          <ns3:TrackPointExtension>
            <ns3:atemp>20.0</ns3:atemp>
          </ns3:TrackPointExtension>
        </extensions>
      </trkpt>
      <trkpt lat="47.3264510370790958404541015625" lon="7.40478171966969966888427734375">
        <ele>662.20001220703125</ele>
        <time>2025-07-22T11:38:22.000Z</time>
        <extensions>
          <ns3:TrackPointExtension>
            <ns3:atemp>20.0</ns3:atemp>
          </ns3:TrackPointExtension>
        </extensions>
      </trkpt>
      <trkpt lat="47.32645933516323566436767578125" lon="7.40474936552345752716064453125">
        <ele>662</ele>
        <time>2025-07-22T11:38:23.000Z</time>
        <extensions>
          <ns3:TrackPointExtension>
            <ns3:atemp>20.0</ns3:atemp>
          </ns3:TrackPointExtension>
        </extensions>
      </trkpt>
      <trkpt lat="47.32646159827709197998046875" lon="7.40474333055317401885986328125">
        <ele>661.5999755859375</ele>
        <time>2025-07-22T11:38:27.000Z</time>
        <extensions>
          <ns3:TrackPointExtension>
            <ns3:atemp>20.0</ns3:atemp>
          </ns3:TrackPointExtension>
        </extensions>
      </trkpt>
      <trkpt lat="47.3264812119305133819580078125" lon="7.40466034971177577972412109375">
        <ele>661.20001220703125</ele>
        <time>2025-07-22T11:38:36.000Z</time>
        <extensions>
          <ns3:TrackPointExtension>
            <ns3:atemp>20.0</ns3:atemp>
          </ns3:TrackPointExtension>
        </extensions>
      </trkpt>
      <trkpt lat="47.32652538456022739410400390625" lon="7.4045851640403270721435546875">
        <ele>661.20001220703125</ele>
        <time>2025-07-22T11:38:39.000Z</time>
        <extensions>
          <ns3:TrackPointExtension>
            <ns3:atemp>20.0</ns3:atemp>
          </ns3:TrackPointExtension>
        </extensions>
      </trkpt>
      <trkpt lat="47.32652991078794002532958984375" lon="7.40458088926970958709716796875">
        <ele>661</ele>
        <time>2025-07-22T11:38:41.000Z</time>
        <extensions>
          <ns3:TrackPointExtension>
            <ns3:atemp>20.0</ns3:atemp>
          </ns3:TrackPointExtension>
        </extensions>
      </trkpt>
      <trkpt lat="47.32661574147641658782958984375" lon="7.40479144267737865447998046875">
        <ele>656.5999755859375</ele>
        <time>2025-07-22T11:39:20.000Z</time>
        <extensions>
          <ns3:TrackPointExtension>
            <ns3:atemp>20.0</ns3:atemp>
          </ns3:TrackPointExtension>
        </extensions>
      </trkpt>
      <trkpt lat="47.32662412337958812713623046875" lon="7.4048872478306293487548828125">
        <ele>656.5999755859375</ele>
        <time>2025-07-22T11:39:23.000Z</time>
        <extensions>
          <ns3:TrackPointExtension>
            <ns3:atemp>20.0</ns3:atemp>
          </ns3:TrackPointExtension>
        </extensions>
      </trkpt>
      <trkpt lat="47.3266397975385189056396484375" lon="7.40510098636150360107421875">
        <ele>656.5999755859375</ele>
        <time>2025-07-22T11:39:29.000Z</time>
        <extensions>
          <ns3:TrackPointExtension>
            <ns3:atemp>20.0</ns3:atemp>
          </ns3:TrackPointExtension>
        </extensions>
      </trkpt>
      <trkpt lat="47.32670844532549381256103515625" lon="7.40521900355815887451171875">
        <ele>656.20001220703125</ele>
        <time>2025-07-22T11:39:33.000Z</time>
        <extensions>
          <ns3:TrackPointExtension>
            <ns3:atemp>20.0</ns3:atemp>
          </ns3:TrackPointExtension>
        </extensions>
      </trkpt>
      <trkpt lat="47.32692025601863861083984375" lon="7.405358813703060150146484375">
        <ele>655.79998779296875</ele>
        <time>2025-07-22T11:39:41.000Z</time>
        <extensions>
          <ns3:TrackPointExtension>
            <ns3:atemp>20.0</ns3:atemp>
          </ns3:TrackPointExtension>
        </extensions>
      </trkpt>
      <trkpt lat="47.326960153877735137939453125" lon="7.4053207598626613616943359375">
        <ele>655.4000244140625</ele>
        <time>2025-07-22T11:39:43.000Z</time>
        <extensions>
          <ns3:TrackPointExtension>
            <ns3:atemp>20.0</ns3:atemp>
          </ns3:TrackPointExtension>
        </extensions>
      </trkpt>
      <trkpt lat="47.32697767205536365509033203125" lon="7.40528496913611888885498046875">
        <ele>655.20001220703125</ele>
        <time>2025-07-22T11:39:44.000Z</time>
        <extensions>
          <ns3:TrackPointExtension>
            <ns3:atemp>20.0</ns3:atemp>
          </ns3:TrackPointExtension>
        </extensions>
      </trkpt>
      <trkpt lat="47.3270027339458465576171875" lon="7.4051876552402973175048828125">
        <ele>654.4000244140625</ele>
        <time>2025-07-22T11:39:46.000Z</time>
        <extensions>
          <ns3:TrackPointExtension>
            <ns3:atemp>20.0</ns3:atemp>
          </ns3:TrackPointExtension>
        </extensions>
      </trkpt>
      <trkpt lat="47.32703953050076961517333984375" lon="7.4050169996917247772216796875">
        <ele>653.5999755859375</ele>
        <time>2025-07-22T11:39:49.000Z</time>
        <extensions>
          <ns3:TrackPointExtension>
            <ns3:atemp>20.0</ns3:atemp>
          </ns3:TrackPointExtension>
        </extensions>
      </trkpt>
      <trkpt lat="47.3270843736827373504638671875" lon="7.40482337772846221923828125">
        <ele>653.4000244140625</ele>
        <time>2025-07-22T11:39:52.000Z</time>
        <extensions>
          <ns3:TrackPointExtension>
            <ns3:atemp>20.0</ns3:atemp>
          </ns3:TrackPointExtension>
        </extensions>
      </trkpt>
      <trkpt lat="47.3271356709301471710205078125" lon="7.40460553206503391265869140625">
        <ele>652.20001220703125</ele>
        <time>2025-07-22T11:39:55.000Z</time>
        <extensions>
          <ns3:TrackPointExtension>
            <ns3:atemp>20.0</ns3:atemp>
          </ns3:TrackPointExtension>
        </extensions>
      </trkpt>
      <trkpt lat="47.32715302146971225738525390625" lon="7.40452841855585575103759765625">
        <ele>651.4000244140625</ele>
        <time>2025-07-22T11:39:56.000Z</time>
        <extensions>
          <ns3:TrackPointExtension>
            <ns3:atemp>20.0</ns3:atemp>
          </ns3:TrackPointExtension>
        </extensions>
      </trkpt>
      <trkpt lat="47.3271702043712139129638671875" lon="7.4044525623321533203125">
        <ele>651</ele>
        <time>2025-07-22T11:39:57.000Z</time>
        <extensions>
          <ns3:TrackPointExtension>
            <ns3:atemp>20.0</ns3:atemp>
          </ns3:TrackPointExtension>
        </extensions>
      </trkpt>
      <trkpt lat="47.32726701535284519195556640625" lon="7.404072694480419158935546875">
        <ele>649.5999755859375</ele>
        <time>2025-07-22T11:40:02.000Z</time>
        <extensions>
          <ns3:TrackPointExtension>
            <ns3:atemp>20.0</ns3:atemp>
          </ns3:TrackPointExtension>
        </extensions>
      </trkpt>
      <trkpt lat="47.3272872157394886016845703125" lon="7.40398996509611606597900390625">
        <ele>649.4000244140625</ele>
        <time>2025-07-22T11:40:03.000Z</time>
        <extensions>
          <ns3:TrackPointExtension>
            <ns3:atemp>20.0</ns3:atemp>
          </ns3:TrackPointExtension>
        </extensions>
      </trkpt>
      <trkpt lat="47.32733977027237415313720703125" lon="7.40380673669278621673583984375">
        <ele>648.5999755859375</ele>
        <time>2025-07-22T11:40:05.000Z</time>
        <extensions>
          <ns3:TrackPointExtension>
            <ns3:atemp>20.0</ns3:atemp>
          </ns3:TrackPointExtension>
        </extensions>
      </trkpt>
      <trkpt lat="47.327448315918445587158203125" lon="7.4034770764410495758056640625">
        <ele>648.20001220703125</ele>
        <time>2025-07-22T11:40:09.000Z</time>
        <extensions>
          <ns3:TrackPointExtension>
            <ns3:atemp>20.0</ns3:atemp>
          </ns3:TrackPointExtension>
        </extensions>
      </trkpt>
      <trkpt lat="47.32761872000992298126220703125" lon="7.4030271358788013458251953125">
        <ele>647.4000244140625</ele>
        <time>2025-07-22T11:40:14.000Z</time>
        <extensions>
          <ns3:TrackPointExtension>
            <ns3:atemp>20.0</ns3:atemp>
          </ns3:TrackPointExtension>
        </extensions>
      </trkpt>
      <trkpt lat="47.3277348093688488006591796875" lon="7.402806021273136138916015625">
        <ele>646.79998779296875</ele>
        <time>2025-07-22T11:40:17.000Z</time>
        <extensions>
          <ns3:TrackPointExtension>
            <ns3:atemp>20.0</ns3:atemp>
          </ns3:TrackPointExtension>
        </extensions>
      </trkpt>
      <trkpt lat="47.32778124511241912841796875" lon="7.40273519419133663177490234375">
        <ele>646.4000244140625</ele>
        <time>2025-07-22T11:40:18.000Z</time>
        <extensions>
          <ns3:TrackPointExtension>
            <ns3:atemp>20.0</ns3:atemp>
          </ns3:TrackPointExtension>
        </extensions>
      </trkpt>
      <trkpt lat="47.32783849351108074188232421875" lon="7.4026553146541118621826171875">
        <ele>646.20001220703125</ele>
        <time>2025-07-22T11:40:19.000Z</time>
        <extensions>
          <ns3:TrackPointExtension>
            <ns3:atemp>20.0</ns3:atemp>
          </ns3:TrackPointExtension>
        </extensions>
      </trkpt>
      <trkpt lat="47.32799892313778400421142578125" lon="7.40249245427548885345458984375">
        <ele>645.5999755859375</ele>
        <time>2025-07-22T11:40:22.000Z</time>
        <extensions>
          <ns3:TrackPointExtension>
            <ns3:atemp>20.0</ns3:atemp>
          </ns3:TrackPointExtension>
        </extensions>
      </trkpt>
      <trkpt lat="47.32804636470973491668701171875" lon="7.402448952198028564453125">
        <ele>645.4000244140625</ele>
        <time>2025-07-22T11:40:23.000Z</time>
        <extensions>
          <ns3:TrackPointExtension>
            <ns3:atemp>20.0</ns3:atemp>
          </ns3:TrackPointExtension>
        </extensions>
      </trkpt>
      <trkpt lat="47.32838817872107028961181640625" lon="7.402152232825756072998046875">
        <ele>644.5999755859375</ele>
        <time>2025-07-22T11:40:28.000Z</time>
        <extensions>
          <ns3:TrackPointExtension>
            <ns3:atemp>20.0</ns3:atemp>
          </ns3:TrackPointExtension>
        </extensions>
      </trkpt>
      <trkpt lat="47.32846244238317012786865234375" lon="7.4020907096564769744873046875">
        <ele>644</ele>
        <time>2025-07-22T11:40:29.000Z</time>
        <extensions>
          <ns3:TrackPointExtension>
            <ns3:atemp>20.0</ns3:atemp>
          </ns3:TrackPointExtension>
        </extensions>
      </trkpt>
      <trkpt lat="47.32861365191638469696044921875" lon="7.40195936523377895355224609375">
        <ele>642.5999755859375</ele>
        <time>2025-07-22T11:40:31.000Z</time>
        <extensions>
          <ns3:TrackPointExtension>
            <ns3:atemp>20.0</ns3:atemp>
          </ns3:TrackPointExtension>
        </extensions>
      </trkpt>
      <trkpt lat="47.328771986067295074462890625" lon="7.40182927809655666351318359375">
        <ele>641.4000244140625</ele>
        <time>2025-07-22T11:40:33.000Z</time>
        <extensions>
          <ns3:TrackPointExtension>
            <ns3:atemp>20.0</ns3:atemp>
          </ns3:TrackPointExtension>
        </extensions>
      </trkpt>
      <trkpt lat="47.328849770128726959228515625" lon="7.40175987593829631805419921875">
        <ele>639.4000244140625</ele>
        <time>2025-07-22T11:40:34.000Z</time>
        <extensions>
          <ns3:TrackPointExtension>
            <ns3:atemp>20.0</ns3:atemp>
          </ns3:TrackPointExtension>
        </extensions>
      </trkpt>
      <trkpt lat="47.3290028236806392669677734375" lon="7.40162258036434650421142578125">
        <ele>637.5999755859375</ele>
        <time>2025-07-22T11:40:36.000Z</time>
        <extensions>
          <ns3:TrackPointExtension>
            <ns3:atemp>20.0</ns3:atemp>
          </ns3:TrackPointExtension>
        </extensions>
      </trkpt>
      <trkpt lat="47.3291476629674434661865234375" lon="7.40150338970124721527099609375">
        <ele>636.4000244140625</ele>
        <time>2025-07-22T11:40:38.000Z</time>
        <extensions>
          <ns3:TrackPointExtension>
            <ns3:atemp>20.0</ns3:atemp>
          </ns3:TrackPointExtension>
        </extensions>
      </trkpt>
      <trkpt lat="47.329222597181797027587890625" lon="7.4014578759670257568359375">
        <ele>636.4000244140625</ele>
        <time>2025-07-22T11:40:39.000Z</time>
        <extensions>
          <ns3:TrackPointExtension>
            <ns3:atemp>20.0</ns3:atemp>
          </ns3:TrackPointExtension>
        </extensions>
      </trkpt>
      <trkpt lat="47.32930264435708522796630859375" lon="7.40141957066953182220458984375">
        <ele>635.5999755859375</ele>
        <time>2025-07-22T11:40:40.000Z</time>
        <extensions>
          <ns3:TrackPointExtension>
            <ns3:atemp>20.0</ns3:atemp>
          </ns3:TrackPointExtension>
        </extensions>
      </trkpt>
      <trkpt lat="47.3293672688305377960205078125" lon="7.40139962173998355865478515625">
        <ele>635</ele>
        <time>2025-07-22T11:40:41.000Z</time>
        <extensions>
          <ns3:TrackPointExtension>
            <ns3:atemp>21.0</ns3:atemp>
          </ns3:TrackPointExtension>
        </extensions>
      </trkpt>
      <trkpt lat="47.3295315541326999664306640625" lon="7.40134513936936855316162109375">
        <ele>634.4000244140625</ele>
        <time>2025-07-22T11:40:43.000Z</time>
        <extensions>
          <ns3:TrackPointExtension>
            <ns3:atemp>21.0</ns3:atemp>
          </ns3:TrackPointExtension>
        </extensions>
      </trkpt>
      <trkpt lat="47.329613529145717620849609375" lon="7.401299290359020233154296875">
        <ele>634</ele>
        <time>2025-07-22T11:40:44.000Z</time>
        <extensions>
          <ns3:TrackPointExtension>
            <ns3:atemp>21.0</ns3:atemp>
          </ns3:TrackPointExtension>
        </extensions>
      </trkpt>
      <trkpt lat="47.329856269061565399169921875" lon="7.40112151019275188446044921875">
        <ele>632.4000244140625</ele>
        <time>2025-07-22T11:40:47.000Z</time>
        <extensions>
          <ns3:TrackPointExtension>
            <ns3:atemp>21.0</ns3:atemp>
          </ns3:TrackPointExtension>
        </extensions>
      </trkpt>
      <trkpt lat="47.32993497513234615325927734375" lon="7.4010614119470119476318359375">
        <ele>631</ele>
        <time>2025-07-22T11:40:48.000Z</time>
        <extensions>
          <ns3:TrackPointExtension>
            <ns3:atemp>21.0</ns3:atemp>
          </ns3:TrackPointExtension>
        </extensions>
      </trkpt>
      <trkpt lat="47.33008098788559436798095703125" lon="7.4009490944445133209228515625">
        <ele>629.79998779296875</ele>
        <time>2025-07-22T11:40:50.000Z</time>
        <extensions>
          <ns3:TrackPointExtension>
            <ns3:atemp>21.0</ns3:atemp>
          </ns3:TrackPointExtension>
        </extensions>
      </trkpt>
      <trkpt lat="47.33022549189627170562744140625" lon="7.400858737528324127197265625">
        <ele>628.4000244140625</ele>
        <time>2025-07-22T11:40:52.000Z</time>
        <extensions>
          <ns3:TrackPointExtension>
            <ns3:atemp>21.0</ns3:atemp>
          </ns3:TrackPointExtension>
        </extensions>
      </trkpt>
      <trkpt lat="47.3302991688251495361328125" lon="7.40082110278308391571044921875">
        <ele>628</ele>
        <time>2025-07-22T11:40:53.000Z</time>
        <extensions>
          <ns3:TrackPointExtension>
            <ns3:atemp>21.0</ns3:atemp>
          </ns3:TrackPointExtension>
        </extensions>
      </trkpt>
      <trkpt lat="47.3305360414087772369384765625" lon="7.4007217772305011749267578125">
        <ele>627.20001220703125</ele>
        <time>2025-07-22T11:40:56.000Z</time>
        <extensions>
          <ns3:TrackPointExtension>
            <ns3:atemp>21.0</ns3:atemp>
          </ns3:TrackPointExtension>
        </extensions>
      </trkpt>
      <trkpt lat="47.3306161724030971527099609375" lon="7.40069587714970111846923828125">
        <ele>626</ele>
        <time>2025-07-22T11:40:57.000Z</time>
        <extensions>
          <ns3:TrackPointExtension>
            <ns3:atemp>21.0</ns3:atemp>
          </ns3:TrackPointExtension>
        </extensions>
      </trkpt>
      <trkpt lat="47.33077467419207096099853515625" lon="7.40067190490663051605224609375">
        <ele>624</ele>
        <time>2025-07-22T11:40:59.000Z</time>
        <extensions>
          <ns3:TrackPointExtension>
            <ns3:atemp>21.0</ns3:atemp>
          </ns3:TrackPointExtension>
        </extensions>
      </trkpt>
      <trkpt lat="47.33093996532261371612548828125" lon="7.400675006210803985595703125">
        <ele>622</ele>
        <time>2025-07-22T11:41:01.000Z</time>
        <extensions>
          <ns3:TrackPointExtension>
            <ns3:atemp>21.0</ns3:atemp>
          </ns3:TrackPointExtension>
        </extensions>
      </trkpt>
      <trkpt lat="47.33108748681843280792236328125" lon="7.400707863271236419677734375">
        <ele>620</ele>
        <time>2025-07-22T11:41:03.000Z</time>
        <extensions>
          <ns3:TrackPointExtension>
            <ns3:atemp>21.0</ns3:atemp>
          </ns3:TrackPointExtension>
        </extensions>
      </trkpt>
      <trkpt lat="47.33116258867084980010986328125" lon="7.40073879249393939971923828125">
        <ele>619.20001220703125</ele>
        <time>2025-07-22T11:41:04.000Z</time>
        <extensions>
          <ns3:TrackPointExtension>
            <ns3:atemp>21.0</ns3:atemp>
          </ns3:TrackPointExtension>
        </extensions>
      </trkpt>
      <trkpt lat="47.3312379419803619384765625" lon="7.40077936090528964996337890625">
        <ele>618</ele>
        <time>2025-07-22T11:41:05.000Z</time>
        <extensions>
          <ns3:TrackPointExtension>
            <ns3:atemp>21.0</ns3:atemp>
          </ns3:TrackPointExtension>
        </extensions>
      </trkpt>
      <trkpt lat="47.33138236217200756072998046875" lon="7.40088748745620250701904296875">
        <ele>616.79998779296875</ele>
        <time>2025-07-22T11:41:07.000Z</time>
        <extensions>
          <ns3:TrackPointExtension>
            <ns3:atemp>21.0</ns3:atemp>
          </ns3:TrackPointExtension>
        </extensions>
      </trkpt>
      <trkpt lat="47.3314557038247585296630859375" lon="7.40095102228224277496337890625">
        <ele>615.20001220703125</ele>
        <time>2025-07-22T11:41:08.000Z</time>
        <extensions>
          <ns3:TrackPointExtension>
            <ns3:atemp>21.0</ns3:atemp>
          </ns3:TrackPointExtension>
        </extensions>
      </trkpt>
      <trkpt lat="47.33161236159503459930419921875" lon="7.40107775665819644927978515625">
        <ele>613.20001220703125</ele>
        <time>2025-07-22T11:41:10.000Z</time>
        <extensions>
          <ns3:TrackPointExtension>
            <ns3:atemp>21.0</ns3:atemp>
          </ns3:TrackPointExtension>
        </extensions>
      </trkpt>
      <trkpt lat="47.331774048507213592529296875" lon="7.4012129567563533782958984375">
        <ele>612</ele>
        <time>2025-07-22T11:41:12.000Z</time>
        <extensions>
          <ns3:TrackPointExtension>
            <ns3:atemp>21.0</ns3:atemp>
          </ns3:TrackPointExtension>
        </extensions>
      </trkpt>
      <trkpt lat="47.3318459652364253997802734375" lon="7.4012659303843975067138671875">
        <ele>611.5999755859375</ele>
        <time>2025-07-22T11:41:13.000Z</time>
        <extensions>
          <ns3:TrackPointExtension>
            <ns3:atemp>21.0</ns3:atemp>
          </ns3:TrackPointExtension>
        </extensions>
      </trkpt>
      <trkpt lat="47.3319582827389240264892578125" lon="7.401354275643825531005859375">
        <ele>610.20001220703125</ele>
        <time>2025-07-22T11:41:15.000Z</time>
        <extensions>
          <ns3:TrackPointExtension>
            <ns3:atemp>21.0</ns3:atemp>
          </ns3:TrackPointExtension>
        </extensions>
      </trkpt>
      <trkpt lat="47.33202240429818630218505859375" lon="7.40140180103480815887451171875">
        <ele>609.79998779296875</ele>
        <time>2025-07-22T11:41:16.000Z</time>
        <extensions>
          <ns3:TrackPointExtension>
            <ns3:atemp>21.0</ns3:atemp>
          </ns3:TrackPointExtension>
        </extensions>
      </trkpt>
      <trkpt lat="47.3321031220257282257080078125" lon="7.4014593847095966339111328125">
        <ele>609</ele>
        <time>2025-07-22T11:41:17.000Z</time>
        <extensions>
          <ns3:TrackPointExtension>
            <ns3:atemp>21.0</ns3:atemp>
          </ns3:TrackPointExtension>
        </extensions>
      </trkpt>
      <trkpt lat="47.33224519528448581695556640625" lon="7.4015609733760356903076171875">
        <ele>607.4000244140625</ele>
        <time>2025-07-22T11:41:19.000Z</time>
        <extensions>
          <ns3:TrackPointExtension>
            <ns3:atemp>21.0</ns3:atemp>
          </ns3:TrackPointExtension>
        </extensions>
      </trkpt>
      <trkpt lat="47.33236874453723430633544921875" lon="7.40163951180875301361083984375">
        <ele>605.4000244140625</ele>
        <time>2025-07-22T11:41:21.000Z</time>
        <extensions>
          <ns3:TrackPointExtension>
            <ns3:atemp>21.0</ns3:atemp>
          </ns3:TrackPointExtension>
        </extensions>
      </trkpt>
      <trkpt lat="47.33243429102003574371337890625" lon="7.401678152382373809814453125">
        <ele>604.79998779296875</ele>
        <time>2025-07-22T11:41:22.000Z</time>
        <extensions>
          <ns3:TrackPointExtension>
            <ns3:atemp>21.0</ns3:atemp>
          </ns3:TrackPointExtension>
        </extensions>
      </trkpt>
      <trkpt lat="47.33250201679766178131103515625" lon="7.4017152003943920135498046875">
        <ele>603.79998779296875</ele>
        <time>2025-07-22T11:41:23.000Z</time>
        <extensions>
          <ns3:TrackPointExtension>
            <ns3:atemp>21.0</ns3:atemp>
          </ns3:TrackPointExtension>
        </extensions>
      </trkpt>
      <trkpt lat="47.3326479457318782806396484375" lon="7.40176725201308727264404296875">
        <ele>603</ele>
        <time>2025-07-22T11:41:25.000Z</time>
        <extensions>
          <ns3:TrackPointExtension>
            <ns3:atemp>21.0</ns3:atemp>
          </ns3:TrackPointExtension>
        </extensions>
      </trkpt>
      <trkpt lat="47.3327093012630939483642578125" lon="7.401778064668178558349609375">
        <ele>602.4000244140625</ele>
        <time>2025-07-22T11:41:26.000Z</time>
        <extensions>
          <ns3:TrackPointExtension>
            <ns3:atemp>21.0</ns3:atemp>
          </ns3:TrackPointExtension>
        </extensions>
      </trkpt>
      <trkpt lat="47.3327984847128391265869140625" lon="7.40177781321108341217041015625">
        <ele>602</ele>
        <time>2025-07-22T11:41:27.000Z</time>
        <extensions>
          <ns3:TrackPointExtension>
            <ns3:atemp>21.0</ns3:atemp>
          </ns3:TrackPointExtension>
        </extensions>
      </trkpt>
      <trkpt lat="47.33293955214321613311767578125" lon="7.40175987593829631805419921875">
        <ele>601.20001220703125</ele>
        <time>2025-07-22T11:41:29.000Z</time>
        <extensions>
          <ns3:TrackPointExtension>
            <ns3:atemp>21.0</ns3:atemp>
          </ns3:TrackPointExtension>
        </extensions>
      </trkpt>
      <trkpt lat="47.332990430295467376708984375" lon="7.40175493061542510986328125">
        <ele>600.20001220703125</ele>
        <time>2025-07-22T11:41:30.000Z</time>
        <extensions>
          <ns3:TrackPointExtension>
            <ns3:atemp>21.0</ns3:atemp>
          </ns3:TrackPointExtension>
        </extensions>
      </trkpt>
      <trkpt lat="47.33313451521098613739013671875" lon="7.40174160338938236236572265625">
        <ele>597.79998779296875</ele>
        <time>2025-07-22T11:41:32.000Z</time>
        <extensions>
          <ns3:TrackPointExtension>
            <ns3:atemp>21.0</ns3:atemp>
          </ns3:TrackPointExtension>
        </extensions>
      </trkpt>
      <trkpt lat="47.33321665786206722259521484375" lon="7.40171981044113636016845703125">
        <ele>595.20001220703125</ele>
        <time>2025-07-22T11:41:33.000Z</time>
        <extensions>
          <ns3:TrackPointExtension>
            <ns3:atemp>21.0</ns3:atemp>
          </ns3:TrackPointExtension>
        </extensions>
      </trkpt>
      <trkpt lat="47.33333350159227848052978515625" lon="7.40167555399239063262939453125">
        <ele>594.20001220703125</ele>
        <time>2025-07-22T11:41:34.000Z</time>
        <extensions>
          <ns3:TrackPointExtension>
            <ns3:atemp>21.0</ns3:atemp>
          </ns3:TrackPointExtension>
        </extensions>
      </trkpt>
      <trkpt lat="47.3334294743835926055908203125" lon="7.40163448266685009002685546875">
        <ele>593</ele>
        <time>2025-07-22T11:41:35.000Z</time>
        <extensions>
          <ns3:TrackPointExtension>
            <ns3:atemp>21.0</ns3:atemp>
          </ns3:TrackPointExtension>
        </extensions>
      </trkpt>
      <trkpt lat="47.33350105583667755126953125" lon="7.40158737637102603912353515625">
        <ele>592.5999755859375</ele>
        <time>2025-07-22T11:41:36.000Z</time>
        <extensions>
          <ns3:TrackPointExtension>
            <ns3:atemp>21.0</ns3:atemp>
          </ns3:TrackPointExtension>
        </extensions>
      </trkpt>
      <trkpt lat="47.33370314352214336395263671875" lon="7.401504479348659515380859375">
        <ele>591.79998779296875</ele>
        <time>2025-07-22T11:41:38.000Z</time>
        <extensions>
          <ns3:TrackPointExtension>
            <ns3:atemp>21.0</ns3:atemp>
          </ns3:TrackPointExtension>
        </extensions>
      </trkpt>
      <trkpt lat="47.3338579572737216949462890625" lon="7.40140096284449100494384765625">
        <ele>590.20001220703125</ele>
        <time>2025-07-22T11:41:40.000Z</time>
        <extensions>
          <ns3:TrackPointExtension>
            <ns3:atemp>21.0</ns3:atemp>
          </ns3:TrackPointExtension>
        </extensions>
      </trkpt>
      <trkpt lat="47.3339404352009296417236328125" lon="7.4013132043182849884033203125">
        <ele>589.79998779296875</ele>
        <time>2025-07-22T11:41:41.000Z</time>
        <extensions>
          <ns3:TrackPointExtension>
            <ns3:atemp>21.0</ns3:atemp>
          </ns3:TrackPointExtension>
        </extensions>
      </trkpt>
      <trkpt lat="47.33402333222329616546630859375" lon="7.40123684518039226531982421875">
        <ele>588.79998779296875</ele>
        <time>2025-07-22T11:41:42.000Z</time>
        <extensions>
          <ns3:TrackPointExtension>
            <ns3:atemp>21.0</ns3:atemp>
          </ns3:TrackPointExtension>
        </extensions>
      </trkpt>
      <trkpt lat="47.33423656783998012542724609375" lon="7.4010704644024372100830078125">
        <ele>587.20001220703125</ele>
        <time>2025-07-22T11:41:45.000Z</time>
        <extensions>
          <ns3:TrackPointExtension>
            <ns3:atemp>21.0</ns3:atemp>
          </ns3:TrackPointExtension>
        </extensions>
      </trkpt>
      <trkpt lat="47.3343095742166042327880859375" lon="7.40101237781345844268798828125">
        <ele>585.4000244140625</ele>
        <time>2025-07-22T11:41:46.000Z</time>
        <extensions>
          <ns3:TrackPointExtension>
            <ns3:atemp>21.0</ns3:atemp>
          </ns3:TrackPointExtension>
        </extensions>
      </trkpt>
      <trkpt lat="47.33437906019389629364013671875" lon="7.40096024237573146820068359375">
        <ele>584.20001220703125</ele>
        <time>2025-07-22T11:41:47.000Z</time>
        <extensions>
          <ns3:TrackPointExtension>
            <ns3:atemp>21.0</ns3:atemp>
          </ns3:TrackPointExtension>
        </extensions>
      </trkpt>
      <trkpt lat="47.3344631306827068328857421875" lon="7.4008803628385066986083984375">
        <ele>582.5999755859375</ele>
        <time>2025-07-22T11:41:48.000Z</time>
        <extensions>
          <ns3:TrackPointExtension>
            <ns3:atemp>21.0</ns3:atemp>
          </ns3:TrackPointExtension>
        </extensions>
      </trkpt>
      <trkpt lat="47.3345415852963924407958984375" lon="7.40078807808458805084228515625">
        <ele>581.79998779296875</ele>
        <time>2025-07-22T11:41:49.000Z</time>
        <extensions>
          <ns3:TrackPointExtension>
            <ns3:atemp>20.0</ns3:atemp>
          </ns3:TrackPointExtension>
        </extensions>
      </trkpt>
      <trkpt lat="47.33460704796016216278076171875" lon="7.4006869085133075714111328125">
        <ele>581.5999755859375</ele>
        <time>2025-07-22T11:41:50.000Z</time>
        <extensions>
          <ns3:TrackPointExtension>
            <ns3:atemp>20.0</ns3:atemp>
          </ns3:TrackPointExtension>
        </extensions>
      </trkpt>
      <trkpt lat="47.33469002880156040191650390625" lon="7.4005880020558834075927734375">
        <ele>579.79998779296875</ele>
        <time>2025-07-22T11:41:51.000Z</time>
        <extensions>
          <ns3:TrackPointExtension>
            <ns3:atemp>20.0</ns3:atemp>
          </ns3:TrackPointExtension>
        </extensions>
      </trkpt>
      <trkpt lat="47.33485012315213680267333984375" lon="7.40043704397976398468017578125">
        <ele>578.4000244140625</ele>
        <time>2025-07-22T11:41:53.000Z</time>
        <extensions>
          <ns3:TrackPointExtension>
            <ns3:atemp>20.0</ns3:atemp>
          </ns3:TrackPointExtension>
        </extensions>
      </trkpt>
      <trkpt lat="47.3349251411855220794677734375" lon="7.40037568844854831695556640625">
        <ele>577.79998779296875</ele>
        <time>2025-07-22T11:41:54.000Z</time>
        <extensions>
          <ns3:TrackPointExtension>
            <ns3:atemp>20.0</ns3:atemp>
          </ns3:TrackPointExtension>
        </extensions>
      </trkpt>
      <trkpt lat="47.33498096466064453125" lon="7.4003150872886180877685546875">
        <ele>576</ele>
        <time>2025-07-22T11:41:55.000Z</time>
        <extensions>
          <ns3:TrackPointExtension>
            <ns3:atemp>21.0</ns3:atemp>
          </ns3:TrackPointExtension>
        </extensions>
      </trkpt>
      <trkpt lat="47.33507643453776836395263671875" lon="7.40018692798912525177001953125">
        <ele>574.4000244140625</ele>
        <time>2025-07-22T11:41:57.000Z</time>
        <extensions>
          <ns3:TrackPointExtension>
            <ns3:atemp>20.0</ns3:atemp>
          </ns3:TrackPointExtension>
        </extensions>
      </trkpt>
      <trkpt lat="47.33511499129235744476318359375" lon="7.40010310895740985870361328125">
        <ele>573.4000244140625</ele>
        <time>2025-07-22T11:41:58.000Z</time>
        <extensions>
          <ns3:TrackPointExtension>
            <ns3:atemp>20.0</ns3:atemp>
          </ns3:TrackPointExtension>
        </extensions>
      </trkpt>
      <trkpt lat="47.33514726161956787109375" lon="7.40002398379147052764892578125">
        <ele>573</ele>
        <time>2025-07-22T11:41:59.000Z</time>
        <extensions>
          <ns3:TrackPointExtension>
            <ns3:atemp>20.0</ns3:atemp>
          </ns3:TrackPointExtension>
        </extensions>
      </trkpt>
      <trkpt lat="47.33523233793675899505615234375" lon="7.39967864938080310821533203125">
        <ele>571.20001220703125</ele>
        <time>2025-07-22T11:42:02.000Z</time>
        <extensions>
          <ns3:TrackPointExtension>
            <ns3:atemp>20.0</ns3:atemp>
          </ns3:TrackPointExtension>
        </extensions>
      </trkpt>
      <trkpt lat="47.33528614975512027740478515625" lon="7.39947639405727386474609375">
        <ele>569.5999755859375</ele>
        <time>2025-07-22T11:42:04.000Z</time>
        <extensions>
          <ns3:TrackPointExtension>
            <ns3:atemp>20.0</ns3:atemp>
          </ns3:TrackPointExtension>
        </extensions>
      </trkpt>
      <trkpt lat="47.33533032238483428955078125" lon="7.3993122763931751251220703125">
        <ele>568.4000244140625</ele>
        <time>2025-07-22T11:42:06.000Z</time>
        <extensions>
          <ns3:TrackPointExtension>
            <ns3:atemp>20.0</ns3:atemp>
          </ns3:TrackPointExtension>
        </extensions>
      </trkpt>
      <trkpt lat="47.335348762571811676025390625" lon="7.39921328611671924591064453125">
        <ele>567</ele>
        <time>2025-07-22T11:42:07.000Z</time>
        <extensions>
          <ns3:TrackPointExtension>
            <ns3:atemp>20.0</ns3:atemp>
          </ns3:TrackPointExtension>
        </extensions>
      </trkpt>
      <trkpt lat="47.3353851400315761566162109375" lon="7.39902670495212078094482421875">
        <ele>565</ele>
        <time>2025-07-22T11:42:09.000Z</time>
        <extensions>
          <ns3:TrackPointExtension>
            <ns3:atemp>20.0</ns3:atemp>
          </ns3:TrackPointExtension>
        </extensions>
      </trkpt>
      <trkpt lat="47.3354012332856655120849609375" lon="7.39885143935680389404296875">
        <ele>563.5999755859375</ele>
        <time>2025-07-22T11:42:11.000Z</time>
        <extensions>
          <ns3:TrackPointExtension>
            <ns3:atemp>20.0</ns3:atemp>
          </ns3:TrackPointExtension>
        </extensions>
      </trkpt>
      <trkpt lat="47.33538589440286159515380859375" lon="7.39866259507834911346435546875">
        <ele>562</ele>
        <time>2025-07-22T11:42:13.000Z</time>
        <extensions>
          <ns3:TrackPointExtension>
            <ns3:atemp>20.0</ns3:atemp>
          </ns3:TrackPointExtension>
        </extensions>
      </trkpt>
      <trkpt lat="47.33538304455578327178955078125" lon="7.39857274107635021209716796875">
        <ele>561.4000244140625</ele>
        <time>2025-07-22T11:42:14.000Z</time>
        <extensions>
          <ns3:TrackPointExtension>
            <ns3:atemp>20.0</ns3:atemp>
          </ns3:TrackPointExtension>
        </extensions>
      </trkpt>
      <trkpt lat="47.3353878222405910491943359375" lon="7.3984955437481403350830078125">
        <ele>560.79998779296875</ele>
        <time>2025-07-22T11:42:15.000Z</time>
        <extensions>
          <ns3:TrackPointExtension>
            <ns3:atemp>20.0</ns3:atemp>
          </ns3:TrackPointExtension>
        </extensions>
      </trkpt>
      <trkpt lat="47.3353931866586208343505859375" lon="7.39842354319989681243896484375">
        <ele>560.4000244140625</ele>
        <time>2025-07-22T11:42:16.000Z</time>
        <extensions>
          <ns3:TrackPointExtension>
            <ns3:atemp>20.0</ns3:atemp>
          </ns3:TrackPointExtension>
        </extensions>
      </trkpt>
      <trkpt lat="47.33539335429668426513671875" lon="7.3982608504593372344970703125">
        <ele>559</ele>
        <time>2025-07-22T11:42:18.000Z</time>
        <extensions>
          <ns3:TrackPointExtension>
            <ns3:atemp>20.0</ns3:atemp>
          </ns3:TrackPointExtension>
        </extensions>
      </trkpt>
      <trkpt lat="47.335402071475982666015625" lon="7.39807586185634136199951171875">
        <ele>558.20001220703125</ele>
        <time>2025-07-22T11:42:20.000Z</time>
        <extensions>
          <ns3:TrackPointExtension>
            <ns3:atemp>20.0</ns3:atemp>
          </ns3:TrackPointExtension>
        </extensions>
      </trkpt>
      <trkpt lat="47.33542948029935359954833984375" lon="7.3978964053094387054443359375">
        <ele>557.5999755859375</ele>
        <time>2025-07-22T11:42:22.000Z</time>
        <extensions>
          <ns3:TrackPointExtension>
            <ns3:atemp>20.0</ns3:atemp>
          </ns3:TrackPointExtension>
        </extensions>
      </trkpt>
      <trkpt lat="47.3354463279247283935546875" lon="7.39780831150710582733154296875">
        <ele>557.4000244140625</ele>
        <time>2025-07-22T11:42:23.000Z</time>
        <extensions>
          <ns3:TrackPointExtension>
            <ns3:atemp>20.0</ns3:atemp>
          </ns3:TrackPointExtension>
        </extensions>
      </trkpt>
      <trkpt lat="47.33546602539718151092529296875" lon="7.39772583357989788055419921875">
        <ele>556.20001220703125</ele>
        <time>2025-07-22T11:42:24.000Z</time>
        <extensions>
          <ns3:TrackPointExtension>
            <ns3:atemp>20.0</ns3:atemp>
          </ns3:TrackPointExtension>
        </extensions>
      </trkpt>
      <trkpt lat="47.3354803584516048431396484375" lon="7.39765123464167118072509765625">
        <ele>555.20001220703125</ele>
        <time>2025-07-22T11:42:25.000Z</time>
        <extensions>
          <ns3:TrackPointExtension>
            <ns3:atemp>20.0</ns3:atemp>
          </ns3:TrackPointExtension>
        </extensions>
      </trkpt>
      <trkpt lat="47.3355018161237239837646484375" lon="7.39757001399993896484375">
        <ele>554.5999755859375</ele>
        <time>2025-07-22T11:42:26.000Z</time>
        <extensions>
          <ns3:TrackPointExtension>
            <ns3:atemp>20.0</ns3:atemp>
          </ns3:TrackPointExtension>
        </extensions>
      </trkpt>
      <trkpt lat="47.3355309851467609405517578125" lon="7.397478483617305755615234375">
        <ele>553.79998779296875</ele>
        <time>2025-07-22T11:42:27.000Z</time>
        <extensions>
          <ns3:TrackPointExtension>
            <ns3:atemp>20.0</ns3:atemp>
          </ns3:TrackPointExtension>
        </extensions>
      </trkpt>
      <trkpt lat="47.33558647334575653076171875" lon="7.39732325077056884765625">
        <ele>552.79998779296875</ele>
        <time>2025-07-22T11:42:29.000Z</time>
        <extensions>
          <ns3:TrackPointExtension>
            <ns3:atemp>20.0</ns3:atemp>
          </ns3:TrackPointExtension>
        </extensions>
      </trkpt>
      <trkpt lat="47.3356573842465877532958984375" lon="7.39717883057892322540283203125">
        <ele>551.4000244140625</ele>
        <time>2025-07-22T11:42:31.000Z</time>
        <extensions>
          <ns3:TrackPointExtension>
            <ns3:atemp>20.0</ns3:atemp>
          </ns3:TrackPointExtension>
        </extensions>
      </trkpt>
      <trkpt lat="47.33570583164691925048828125" lon="7.397032566368579864501953125">
        <ele>550.4000244140625</ele>
        <time>2025-07-22T11:42:33.000Z</time>
        <extensions>
          <ns3:TrackPointExtension>
            <ns3:atemp>20.0</ns3:atemp>
          </ns3:TrackPointExtension>
        </extensions>
      </trkpt>
      <trkpt lat="47.335719577968120574951171875" lon="7.39697095938026905059814453125">
        <ele>549.79998779296875</ele>
        <time>2025-07-22T11:42:34.000Z</time>
        <extensions>
          <ns3:TrackPointExtension>
            <ns3:atemp>20.0</ns3:atemp>
          </ns3:TrackPointExtension>
        </extensions>
      </trkpt>
      <trkpt lat="47.33575218357145786285400390625" lon="7.396896444261074066162109375">
        <ele>549.5999755859375</ele>
        <time>2025-07-22T11:42:35.000Z</time>
        <extensions>
          <ns3:TrackPointExtension>
            <ns3:atemp>20.0</ns3:atemp>
          </ns3:TrackPointExtension>
        </extensions>
      </trkpt>
      <trkpt lat="47.33579778112471103668212890625" lon="7.39679242484271526336669921875">
        <ele>548.5999755859375</ele>
        <time>2025-07-22T11:42:37.000Z</time>
        <extensions>
          <ns3:TrackPointExtension>
            <ns3:atemp>20.0</ns3:atemp>
          </ns3:TrackPointExtension>
        </extensions>
      </trkpt>
      <trkpt lat="47.3358156345784664154052734375" lon="7.396772392094135284423828125">
        <ele>547.4000244140625</ele>
        <time>2025-07-22T11:42:38.000Z</time>
        <extensions>
          <ns3:TrackPointExtension>
            <ns3:atemp>20.0</ns3:atemp>
          </ns3:TrackPointExtension>
        </extensions>
      </trkpt>
      <trkpt lat="47.33584052883088588714599609375" lon="7.39675889723002910614013671875">
        <ele>546.5999755859375</ele>
        <time>2025-07-22T11:42:39.000Z</time>
        <extensions>
          <ns3:TrackPointExtension>
            <ns3:atemp>20.0</ns3:atemp>
          </ns3:TrackPointExtension>
        </extensions>
      </trkpt>
      <trkpt lat="47.3358719609677791595458984375" lon="7.396750934422016143798828125">
        <ele>545.5999755859375</ele>
        <time>2025-07-22T11:42:40.000Z</time>
        <extensions>
          <ns3:TrackPointExtension>
            <ns3:atemp>20.0</ns3:atemp>
          </ns3:TrackPointExtension>
        </extensions>
      </trkpt>
      <trkpt lat="47.335962317883968353271484375" lon="7.39676535129547119140625">
        <ele>544.5999755859375</ele>
        <time>2025-07-22T11:42:42.000Z</time>
        <extensions>
          <ns3:TrackPointExtension>
            <ns3:atemp>20.0</ns3:atemp>
          </ns3:TrackPointExtension>
        </extensions>
      </trkpt>
      <trkpt lat="47.33599576167762279510498046875" lon="7.396778762340545654296875">
        <ele>544.20001220703125</ele>
        <time>2025-07-22T11:42:43.000Z</time>
        <extensions>
          <ns3:TrackPointExtension>
            <ns3:atemp>20.0</ns3:atemp>
          </ns3:TrackPointExtension>
        </extensions>
      </trkpt>
      <trkpt lat="47.33617790043354034423828125" lon="7.3967893235385417938232421875">
        <ele>542.5999755859375</ele>
        <time>2025-07-22T11:42:47.000Z</time>
        <extensions>
          <ns3:TrackPointExtension>
            <ns3:atemp>20.0</ns3:atemp>
          </ns3:TrackPointExtension>
        </extensions>
      </trkpt>
      <trkpt lat="47.336337156593799591064453125" lon="7.39672084338963031768798828125">
        <ele>541.20001220703125</ele>
        <time>2025-07-22T11:42:50.000Z</time>
        <extensions>
          <ns3:TrackPointExtension>
            <ns3:atemp>20.0</ns3:atemp>
          </ns3:TrackPointExtension>
        </extensions>
      </trkpt>
      <trkpt lat="47.33643866144120693206787109375" lon="7.39666543900966644287109375">
        <ele>540.20001220703125</ele>
        <time>2025-07-22T11:42:52.000Z</time>
        <extensions>
          <ns3:TrackPointExtension>
            <ns3:atemp>20.0</ns3:atemp>
          </ns3:TrackPointExtension>
        </extensions>
      </trkpt>
      <trkpt lat="47.33647386543452739715576171875" lon="7.39665663801133632659912109375">
        <ele>540</ele>
        <time>2025-07-22T11:42:53.000Z</time>
        <extensions>
          <ns3:TrackPointExtension>
            <ns3:atemp>20.0</ns3:atemp>
          </ns3:TrackPointExtension>
        </extensions>
      </trkpt>
      <trkpt lat="47.3365626297891139984130859375" lon="7.3966568894684314727783203125">
        <ele>539.4000244140625</ele>
        <time>2025-07-22T11:42:55.000Z</time>
        <extensions>
          <ns3:TrackPointExtension>
            <ns3:atemp>20.0</ns3:atemp>
          </ns3:TrackPointExtension>
        </extensions>
      </trkpt>
      <trkpt lat="47.3366045393049716949462890625" lon="7.39667843095958232879638671875">
        <ele>538.4000244140625</ele>
        <time>2025-07-22T11:42:56.000Z</time>
        <extensions>
          <ns3:TrackPointExtension>
            <ns3:atemp>20.0</ns3:atemp>
          </ns3:TrackPointExtension>
        </extensions>
      </trkpt>
      <trkpt lat="47.33663530088961124420166015625" lon="7.396703325212001800537109375">
        <ele>537.79998779296875</ele>
        <time>2025-07-22T11:42:57.000Z</time>
        <extensions>
          <ns3:TrackPointExtension>
            <ns3:atemp>20.0</ns3:atemp>
          </ns3:TrackPointExtension>
        </extensions>
      </trkpt>
      <trkpt lat="47.3367010988295078277587890625" lon="7.396739535033702850341796875">
        <ele>535.79998779296875</ele>
        <time>2025-07-22T11:42:58.000Z</time>
        <extensions>
          <ns3:TrackPointExtension>
            <ns3:atemp>20.0</ns3:atemp>
          </ns3:TrackPointExtension>
        </extensions>
      </trkpt>
      <trkpt lat="47.33675298281013965606689453125" lon="7.39679208956658840179443359375">
        <ele>534</ele>
        <time>2025-07-22T11:42:59.000Z</time>
        <extensions>
          <ns3:TrackPointExtension>
            <ns3:atemp>20.0</ns3:atemp>
          </ns3:TrackPointExtension>
        </extensions>
      </trkpt>
      <trkpt lat="47.33681685291230678558349609375" lon="7.39688864909112453460693359375">
        <ele>533.20001220703125</ele>
        <time>2025-07-22T11:43:01.000Z</time>
        <extensions>
          <ns3:TrackPointExtension>
            <ns3:atemp>20.0</ns3:atemp>
          </ns3:TrackPointExtension>
        </extensions>
      </trkpt>
      <trkpt lat="47.3368549905717372894287109375" lon="7.39693634212017059326171875">
        <ele>533</ele>
        <time>2025-07-22T11:43:02.000Z</time>
        <extensions>
          <ns3:TrackPointExtension>
            <ns3:atemp>20.0</ns3:atemp>
          </ns3:TrackPointExtension>
        </extensions>
      </trkpt>
      <trkpt lat="47.3369495384395122528076171875" lon="7.3970451392233371734619140625">
        <ele>531.5999755859375</ele>
        <time>2025-07-22T11:43:05.000Z</time>
        <extensions>
          <ns3:TrackPointExtension>
            <ns3:atemp>20.0</ns3:atemp>
          </ns3:TrackPointExtension>
        </extensions>
      </trkpt>
      <trkpt lat="47.33700678683817386627197265625" lon="7.39716558717191219329833984375">
        <ele>530.5999755859375</ele>
        <time>2025-07-22T11:43:07.000Z</time>
        <extensions>
          <ns3:TrackPointExtension>
            <ns3:atemp>20.0</ns3:atemp>
          </ns3:TrackPointExtension>
        </extensions>
      </trkpt>
      <trkpt lat="47.33708088286221027374267578125" lon="7.3973988555371761322021484375">
        <ele>529.4000244140625</ele>
        <time>2025-07-22T11:43:10.000Z</time>
        <extensions>
          <ns3:TrackPointExtension>
            <ns3:atemp>20.0</ns3:atemp>
          </ns3:TrackPointExtension>
        </extensions>
      </trkpt>
      <trkpt lat="47.33711373992264270782470703125" lon="7.397476471960544586181640625">
        <ele>529.20001220703125</ele>
        <time>2025-07-22T11:43:11.000Z</time>
        <extensions>
          <ns3:TrackPointExtension>
            <ns3:atemp>20.0</ns3:atemp>
          </ns3:TrackPointExtension>
        </extensions>
      </trkpt>
      <trkpt lat="47.3371443338692188262939453125" lon="7.39755501039326190948486328125">
        <ele>528.20001220703125</ele>
        <time>2025-07-22T11:43:12.000Z</time>
        <extensions>
          <ns3:TrackPointExtension>
            <ns3:atemp>20.0</ns3:atemp>
          </ns3:TrackPointExtension>
        </extensions>
      </trkpt>
      <trkpt lat="47.3372004926204681396484375" lon="7.3977046273648738861083984375">
        <ele>526.79998779296875</ele>
        <time>2025-07-22T11:43:14.000Z</time>
        <extensions>
          <ns3:TrackPointExtension>
            <ns3:atemp>20.0</ns3:atemp>
          </ns3:TrackPointExtension>
        </extensions>
      </trkpt>
      <trkpt lat="47.33724483288824558258056640625" lon="7.3978316970169544219970703125">
        <ele>525.79998779296875</ele>
        <time>2025-07-22T11:43:16.000Z</time>
        <extensions>
          <ns3:TrackPointExtension>
            <ns3:atemp>20.0</ns3:atemp>
          </ns3:TrackPointExtension>
        </extensions>
      </trkpt>
      <trkpt lat="47.33727492392063140869140625" lon="7.3978876881301403045654296875">
        <ele>524.5999755859375</ele>
        <time>2025-07-22T11:43:17.000Z</time>
        <extensions>
          <ns3:TrackPointExtension>
            <ns3:atemp>20.0</ns3:atemp>
          </ns3:TrackPointExtension>
        </extensions>
      </trkpt>
      <trkpt lat="47.33729864470660686492919921875" lon="7.3979389853775501251220703125">
        <ele>524</ele>
        <time>2025-07-22T11:43:18.000Z</time>
        <extensions>
          <ns3:TrackPointExtension>
            <ns3:atemp>20.0</ns3:atemp>
          </ns3:TrackPointExtension>
        </extensions>
      </trkpt>
      <trkpt lat="47.3373250477015972137451171875" lon="7.39799070172011852264404296875">
        <ele>523.20001220703125</ele>
        <time>2025-07-22T11:43:19.000Z</time>
        <extensions>
          <ns3:TrackPointExtension>
            <ns3:atemp>20.0</ns3:atemp>
          </ns3:TrackPointExtension>
        </extensions>
      </trkpt>
      <trkpt lat="47.33742915093898773193359375" lon="7.3982410691678524017333984375">
        <ele>522.20001220703125</ele>
        <time>2025-07-22T11:43:23.000Z</time>
        <extensions>
          <ns3:TrackPointExtension>
            <ns3:atemp>20.0</ns3:atemp>
          </ns3:TrackPointExtension>
        </extensions>
      </trkpt>
      <trkpt lat="47.33745538629591464996337890625" lon="7.39830183796584606170654296875">
        <ele>522.20001220703125</ele>
        <time>2025-07-22T11:43:24.000Z</time>
        <extensions>
          <ns3:TrackPointExtension>
            <ns3:atemp>20.0</ns3:atemp>
          </ns3:TrackPointExtension>
        </extensions>
      </trkpt>
      <trkpt lat="47.33750802464783191680908203125" lon="7.3984269797801971435546875">
        <ele>521.20001220703125</ele>
        <time>2025-07-22T11:43:26.000Z</time>
        <extensions>
          <ns3:TrackPointExtension>
            <ns3:atemp>20.0</ns3:atemp>
          </ns3:TrackPointExtension>
        </extensions>
      </trkpt>
      <trkpt lat="47.33753903768956661224365234375" lon="7.3984824679791927337646484375">
        <ele>520.5999755859375</ele>
        <time>2025-07-22T11:43:27.000Z</time>
        <extensions>
          <ns3:TrackPointExtension>
            <ns3:atemp>20.0</ns3:atemp>
          </ns3:TrackPointExtension>
        </extensions>
      </trkpt>
      <trkpt lat="47.337574996054172515869140625" lon="7.39853217266499996185302734375">
        <ele>519.5999755859375</ele>
        <time>2025-07-22T11:43:28.000Z</time>
        <extensions>
          <ns3:TrackPointExtension>
            <ns3:atemp>20.0</ns3:atemp>
          </ns3:TrackPointExtension>
        </extensions>
      </trkpt>
      <trkpt lat="47.33761279843747615814208984375" lon="7.3985813744366168975830078125">
        <ele>519</ele>
        <time>2025-07-22T11:43:29.000Z</time>
        <extensions>
          <ns3:TrackPointExtension>
            <ns3:atemp>20.0</ns3:atemp>
          </ns3:TrackPointExtension>
        </extensions>
      </trkpt>
      <trkpt lat="47.3376546241343021392822265625" lon="7.39863225258886814117431640625">
        <ele>517.79998779296875</ele>
        <time>2025-07-22T11:43:30.000Z</time>
        <extensions>
          <ns3:TrackPointExtension>
            <ns3:atemp>20.0</ns3:atemp>
          </ns3:TrackPointExtension>
        </extensions>
      </trkpt>
      <trkpt lat="47.33769779093563556671142578125" lon="7.39869528450071811676025390625">
        <ele>517.20001220703125</ele>
        <time>2025-07-22T11:43:31.000Z</time>
        <extensions>
          <ns3:TrackPointExtension>
            <ns3:atemp>20.0</ns3:atemp>
          </ns3:TrackPointExtension>
        </extensions>
      </trkpt>
      <trkpt lat="47.337724529206752777099609375" lon="7.39874289371073246002197265625">
        <ele>516.4000244140625</ele>
        <time>2025-07-22T11:43:32.000Z</time>
        <extensions>
          <ns3:TrackPointExtension>
            <ns3:atemp>20.0</ns3:atemp>
          </ns3:TrackPointExtension>
        </extensions>
      </trkpt>
      <trkpt lat="47.33775772154331207275390625" lon="7.39880206994712352752685546875">
        <ele>516.20001220703125</ele>
        <time>2025-07-22T11:43:33.000Z</time>
        <extensions>
          <ns3:TrackPointExtension>
            <ns3:atemp>20.0</ns3:atemp>
          </ns3:TrackPointExtension>
        </extensions>
      </trkpt>
      <trkpt lat="47.33779602684080600738525390625" lon="7.39885814487934112548828125">
        <ele>515.4000244140625</ele>
        <time>2025-07-22T11:43:34.000Z</time>
        <extensions>
          <ns3:TrackPointExtension>
            <ns3:atemp>20.0</ns3:atemp>
          </ns3:TrackPointExtension>
        </extensions>
      </trkpt>
      <trkpt lat="47.33792779035866260528564453125" lon="7.39901631139218807220458984375">
        <ele>514</ele>
        <time>2025-07-22T11:43:37.000Z</time>
        <extensions>
          <ns3:TrackPointExtension>
            <ns3:atemp>20.0</ns3:atemp>
          </ns3:TrackPointExtension>
        </extensions>
      </trkpt>
      <trkpt lat="47.337977997958660125732421875" lon="7.399062328040599822998046875">
        <ele>513.5999755859375</ele>
        <time>2025-07-22T11:43:38.000Z</time>
        <extensions>
          <ns3:TrackPointExtension>
            <ns3:atemp>20.0</ns3:atemp>
          </ns3:TrackPointExtension>
        </extensions>
      </trkpt>
      <trkpt lat="47.3380224220454692840576171875" lon="7.3991137929260730743408203125">
        <ele>512.5999755859375</ele>
        <time>2025-07-22T11:43:39.000Z</time>
        <extensions>
          <ns3:TrackPointExtension>
            <ns3:atemp>20.0</ns3:atemp>
          </ns3:TrackPointExtension>
        </extensions>
      </trkpt>
      <trkpt lat="47.3380707018077373504638671875" lon="7.39917741157114505767822265625">
        <ele>511</ele>
        <time>2025-07-22T11:43:40.000Z</time>
        <extensions>
          <ns3:TrackPointExtension>
            <ns3:atemp>20.0</ns3:atemp>
          </ns3:TrackPointExtension>
        </extensions>
      </trkpt>
      <trkpt lat="47.33811420388519763946533203125" lon="7.39922200329601764678955078125">
        <ele>509.399993896484375</ele>
        <time>2025-07-22T11:43:41.000Z</time>
        <extensions>
          <ns3:TrackPointExtension>
            <ns3:atemp>20.0</ns3:atemp>
          </ns3:TrackPointExtension>
        </extensions>
      </trkpt>
      <trkpt lat="47.33821428380906581878662109375" lon="7.39933046512305736541748046875">
        <ele>507.79998779296875</ele>
        <time>2025-07-22T11:43:43.000Z</time>
        <extensions>
          <ns3:TrackPointExtension>
            <ns3:atemp>20.0</ns3:atemp>
          </ns3:TrackPointExtension>
        </extensions>
      </trkpt>
      <trkpt lat="47.3382621444761753082275390625" lon="7.39937371574342250823974609375">
        <ele>506.79998779296875</ele>
        <time>2025-07-22T11:43:44.000Z</time>
        <extensions>
          <ns3:TrackPointExtension>
            <ns3:atemp>20.0</ns3:atemp>
          </ns3:TrackPointExtension>
        </extensions>
      </trkpt>
      <trkpt lat="47.338290475308895111083984375" lon="7.39939802326261997222900390625">
        <ele>506.600006103515625</ele>
        <time>2025-07-22T11:43:45.000Z</time>
        <extensions>
          <ns3:TrackPointExtension>
            <ns3:atemp>20.0</ns3:atemp>
          </ns3:TrackPointExtension>
        </extensions>
      </trkpt>
      <trkpt lat="47.33832207508385181427001953125" lon="7.39941470324993133544921875">
        <ele>505.600006103515625</ele>
        <time>2025-07-22T11:43:46.000Z</time>
        <extensions>
          <ns3:TrackPointExtension>
            <ns3:atemp>20.0</ns3:atemp>
          </ns3:TrackPointExtension>
        </extensions>
      </trkpt>
      <trkpt lat="47.3383516632020473480224609375" lon="7.39941914565861225128173828125">
        <ele>505</ele>
        <time>2025-07-22T11:43:47.000Z</time>
        <extensions>
          <ns3:TrackPointExtension>
            <ns3:atemp>20.0</ns3:atemp>
          </ns3:TrackPointExtension>
        </extensions>
      </trkpt>
      <trkpt lat="47.33839767985045909881591796875" lon="7.3993950895965099334716796875">
        <ele>504.399993896484375</ele>
        <time>2025-07-22T11:43:49.000Z</time>
        <extensions>
          <ns3:TrackPointExtension>
            <ns3:atemp>20.0</ns3:atemp>
          </ns3:TrackPointExtension>
        </extensions>
      </trkpt>
      <trkpt lat="47.33841612003743648529052734375" lon="7.39936483092606067657470703125">
        <ele>504</ele>
        <time>2025-07-22T11:43:50.000Z</time>
        <extensions>
          <ns3:TrackPointExtension>
            <ns3:atemp>20.0</ns3:atemp>
          </ns3:TrackPointExtension>
        </extensions>
      </trkpt>
      <trkpt lat="47.33843020163476467132568359375" lon="7.39932895638048648834228515625">
        <ele>504</ele>
        <time>2025-07-22T11:43:51.000Z</time>
        <extensions>
          <ns3:TrackPointExtension>
            <ns3:atemp>20.0</ns3:atemp>
          </ns3:TrackPointExtension>
        </extensions>
      </trkpt>
      <trkpt lat="47.3384029604494571685791015625" lon="7.3992101848125457763671875">
        <ele>503.399993896484375</ele>
        <time>2025-07-22T11:43:54.000Z</time>
        <extensions>
          <ns3:TrackPointExtension>
            <ns3:atemp>20.0</ns3:atemp>
          </ns3:TrackPointExtension>
        </extensions>
      </trkpt>
      <trkpt lat="47.33838711865246295928955078125" lon="7.39916785620152950286865234375">
        <ele>502.600006103515625</ele>
        <time>2025-07-22T11:43:55.000Z</time>
        <extensions>
          <ns3:TrackPointExtension>
            <ns3:atemp>20.0</ns3:atemp>
          </ns3:TrackPointExtension>
        </extensions>
      </trkpt>
      <trkpt lat="47.3383285291492938995361328125" lon="7.3989917524158954620361328125">
        <ele>502</ele>
        <time>2025-07-22T11:43:58.000Z</time>
        <extensions>
          <ns3:TrackPointExtension>
            <ns3:atemp>20.0</ns3:atemp>
          </ns3:TrackPointExtension>
        </extensions>
      </trkpt>
      <trkpt lat="47.33828670345246791839599609375" lon="7.39891656674444675445556640625">
        <ele>501.79998779296875</ele>
        <time>2025-07-22T11:43:59.000Z</time>
        <extensions>
          <ns3:TrackPointExtension>
            <ns3:atemp>20.0</ns3:atemp>
          </ns3:TrackPointExtension>
        </extensions>
      </trkpt>
      <trkpt lat="47.33825200237333774566650390625" lon="7.39884029142558574676513671875">
        <ele>501.600006103515625</ele>
        <time>2025-07-22T11:44:00.000Z</time>
        <extensions>
          <ns3:TrackPointExtension>
            <ns3:atemp>20.0</ns3:atemp>
          </ns3:TrackPointExtension>
        </extensions>
      </trkpt>
      <trkpt lat="47.33809257857501506805419921875" lon="7.398532591760158538818359375">
        <ele>500.20001220703125</ele>
        <time>2025-07-22T11:44:04.000Z</time>
        <extensions>
          <ns3:TrackPointExtension>
            <ns3:atemp>20.0</ns3:atemp>
          </ns3:TrackPointExtension>
        </extensions>
      </trkpt>
      <trkpt lat="47.3380274511873722076416015625" lon="7.39839772693812847137451171875">
        <ele>498.20001220703125</ele>
        <time>2025-07-22T11:44:06.000Z</time>
        <extensions>
          <ns3:TrackPointExtension>
            <ns3:atemp>20.0</ns3:atemp>
          </ns3:TrackPointExtension>
        </extensions>
      </trkpt>
      <trkpt lat="47.33799903653562068939208984375" lon="7.398271076381206512451171875">
        <ele>496.79998779296875</ele>
        <time>2025-07-22T11:44:08.000Z</time>
        <extensions>
          <ns3:TrackPointExtension>
            <ns3:atemp>20.0</ns3:atemp>
          </ns3:TrackPointExtension>
        </extensions>
      </trkpt>
      <trkpt lat="47.3379925824701786041259765625" lon="7.39811517298221588134765625">
        <ele>495.600006103515625</ele>
        <time>2025-07-22T11:44:10.000Z</time>
        <extensions>
          <ns3:TrackPointExtension>
            <ns3:atemp>20.0</ns3:atemp>
          </ns3:TrackPointExtension>
        </extensions>
      </trkpt>
      <trkpt lat="47.337981350719928741455078125" lon="7.3979346267879009246826171875">
        <ele>494.399993896484375</ele>
        <time>2025-07-22T11:44:12.000Z</time>
        <extensions>
          <ns3:TrackPointExtension>
            <ns3:atemp>20.0</ns3:atemp>
          </ns3:TrackPointExtension>
        </extensions>
      </trkpt>
      <trkpt lat="47.33796433545649051666259765625" lon="7.39783831872045993804931640625">
        <ele>493.79998779296875</ele>
        <time>2025-07-22T11:44:13.000Z</time>
        <extensions>
          <ns3:TrackPointExtension>
            <ns3:atemp>20.0</ns3:atemp>
          </ns3:TrackPointExtension>
        </extensions>
      </trkpt>
      <trkpt lat="47.33794136904180049896240234375" lon="7.39774561487138271331787109375">
        <ele>493.20001220703125</ele>
        <time>2025-07-22T11:44:14.000Z</time>
        <extensions>
          <ns3:TrackPointExtension>
            <ns3:atemp>20.0</ns3:atemp>
          </ns3:TrackPointExtension>
        </extensions>
      </trkpt>
      <trkpt lat="47.337916977703571319580078125" lon="7.3976459540426731109619140625">
        <ele>492.20001220703125</ele>
        <time>2025-07-22T11:44:15.000Z</time>
        <extensions>
          <ns3:TrackPointExtension>
            <ns3:atemp>20.0</ns3:atemp>
          </ns3:TrackPointExtension>
        </extensions>
      </trkpt>
      <trkpt lat="47.3378925025463104248046875" lon="7.39753849804401397705078125">
        <ele>491.600006103515625</ele>
        <time>2025-07-22T11:44:16.000Z</time>
        <extensions>
          <ns3:TrackPointExtension>
            <ns3:atemp>20.0</ns3:atemp>
          </ns3:TrackPointExtension>
        </extensions>
      </trkpt>
      <trkpt lat="47.33787330798804759979248046875" lon="7.39744151942431926727294921875">
        <ele>490.79998779296875</ele>
        <time>2025-07-22T11:44:17.000Z</time>
        <extensions>
          <ns3:TrackPointExtension>
            <ns3:atemp>20.0</ns3:atemp>
          </ns3:TrackPointExtension>
        </extensions>
      </trkpt>
      <trkpt lat="47.3378578014671802520751953125" lon="7.3973378352820873260498046875">
        <ele>490.600006103515625</ele>
        <time>2025-07-22T11:44:18.000Z</time>
        <extensions>
          <ns3:TrackPointExtension>
            <ns3:atemp>20.0</ns3:atemp>
          </ns3:TrackPointExtension>
        </extensions>
      </trkpt>
      <trkpt lat="47.33785788528621196746826171875" lon="7.39728343673050403594970703125">
        <ele>489.600006103515625</ele>
        <time>2025-07-22T11:44:19.000Z</time>
        <extensions>
          <ns3:TrackPointExtension>
            <ns3:atemp>20.0</ns3:atemp>
          </ns3:TrackPointExtension>
        </extensions>
      </trkpt>
      <trkpt lat="47.33785034157335758209228515625" lon="7.39721001125872135162353515625">
        <ele>488.79998779296875</ele>
        <time>2025-07-22T11:44:20.000Z</time>
        <extensions>
          <ns3:TrackPointExtension>
            <ns3:atemp>20.0</ns3:atemp>
          </ns3:TrackPointExtension>
        </extensions>
      </trkpt>
      <trkpt lat="47.337839864194393157958984375" lon="7.39712602458894252777099609375">
        <ele>488</ele>
        <time>2025-07-22T11:44:21.000Z</time>
        <extensions>
          <ns3:TrackPointExtension>
            <ns3:atemp>20.0</ns3:atemp>
          </ns3:TrackPointExtension>
        </extensions>
      </trkpt>
      <trkpt lat="47.3378403671085834503173828125" lon="7.3970166407525539398193359375">
        <ele>487.20001220703125</ele>
        <time>2025-07-22T11:44:22.000Z</time>
        <extensions>
          <ns3:TrackPointExtension>
            <ns3:atemp>20.0</ns3:atemp>
          </ns3:TrackPointExtension>
        </extensions>
      </trkpt>
      <trkpt lat="47.33784891664981842041015625" lon="7.39693944342434406280517578125">
        <ele>486.79998779296875</ele>
        <time>2025-07-22T11:44:23.000Z</time>
        <extensions>
          <ns3:TrackPointExtension>
            <ns3:atemp>20.0</ns3:atemp>
          </ns3:TrackPointExtension>
        </extensions>
      </trkpt>
      <trkpt lat="47.33787238597869873046875" lon="7.396856211125850677490234375">
        <ele>486.399993896484375</ele>
        <time>2025-07-22T11:44:24.000Z</time>
        <extensions>
          <ns3:TrackPointExtension>
            <ns3:atemp>20.0</ns3:atemp>
          </ns3:TrackPointExtension>
        </extensions>
      </trkpt>
      <trkpt lat="47.337900213897228240966796875" lon="7.39678370766341686248779296875">
        <ele>485.399993896484375</ele>
        <time>2025-07-22T11:44:25.000Z</time>
        <extensions>
          <ns3:TrackPointExtension>
            <ns3:atemp>20.0</ns3:atemp>
          </ns3:TrackPointExtension>
        </extensions>
      </trkpt>
      <trkpt lat="47.337934412062168121337890625" lon="7.39671966992318630218505859375">
        <ele>484.20001220703125</ele>
        <time>2025-07-22T11:44:26.000Z</time>
        <extensions>
          <ns3:TrackPointExtension>
            <ns3:atemp>20.0</ns3:atemp>
          </ns3:TrackPointExtension>
        </extensions>
      </trkpt>
      <trkpt lat="47.3380103521049022674560546875" lon="7.39661523140966892242431640625">
        <ele>483.20001220703125</ele>
        <time>2025-07-22T11:44:28.000Z</time>
        <extensions>
          <ns3:TrackPointExtension>
            <ns3:atemp>20.0</ns3:atemp>
          </ns3:TrackPointExtension>
        </extensions>
      </trkpt>
      <trkpt lat="47.33817882835865020751953125" lon="7.3964698053896427154541015625">
        <ele>481.399993896484375</ele>
        <time>2025-07-22T11:44:31.000Z</time>
        <extensions>
          <ns3:TrackPointExtension>
            <ns3:atemp>20.0</ns3:atemp>
          </ns3:TrackPointExtension>
        </extensions>
      </trkpt>
      <trkpt lat="47.3382966779172420501708984375" lon="7.396374084055423736572265625">
        <ele>480.399993896484375</ele>
        <time>2025-07-22T11:44:33.000Z</time>
        <extensions>
          <ns3:TrackPointExtension>
            <ns3:atemp>20.0</ns3:atemp>
          </ns3:TrackPointExtension>
        </extensions>
      </trkpt>
      <trkpt lat="47.33835442923009395599365234375" lon="7.396338880062103271484375">
        <ele>480</ele>
        <time>2025-07-22T11:44:34.000Z</time>
        <extensions>
          <ns3:TrackPointExtension>
            <ns3:atemp>20.0</ns3:atemp>
          </ns3:TrackPointExtension>
        </extensions>
      </trkpt>
      <trkpt lat="47.33846808783710002899169921875" lon="7.39627995528280735015869140625">
        <ele>478.79998779296875</ele>
        <time>2025-07-22T11:44:36.000Z</time>
        <extensions>
          <ns3:TrackPointExtension>
            <ns3:atemp>20.0</ns3:atemp>
          </ns3:TrackPointExtension>
        </extensions>
      </trkpt>
      <trkpt lat="47.33852659352123737335205078125" lon="7.39623519591987133026123046875">
        <ele>478.600006103515625</ele>
        <time>2025-07-22T11:44:37.000Z</time>
        <extensions>
          <ns3:TrackPointExtension>
            <ns3:atemp>20.0</ns3:atemp>
          </ns3:TrackPointExtension>
        </extensions>
      </trkpt>
      <trkpt lat="47.33858878724277019500732421875" lon="7.396189682185649871826171875">
        <ele>478.399993896484375</ele>
        <time>2025-07-22T11:44:38.000Z</time>
        <extensions>
          <ns3:TrackPointExtension>
            <ns3:atemp>20.0</ns3:atemp>
          </ns3:TrackPointExtension>
        </extensions>
      </trkpt>
      <trkpt lat="47.3387053795158863067626953125" lon="7.3961077071726322174072265625">
        <ele>477.79998779296875</ele>
        <time>2025-07-22T11:44:40.000Z</time>
        <extensions>
          <ns3:TrackPointExtension>
            <ns3:atemp>20.0</ns3:atemp>
          </ns3:TrackPointExtension>
        </extensions>
      </trkpt>
      <trkpt lat="47.33883052133023738861083984375" lon="7.39603109657764434814453125">
        <ele>476.20001220703125</ele>
        <time>2025-07-22T11:44:42.000Z</time>
        <extensions>
          <ns3:TrackPointExtension>
            <ns3:atemp>20.0</ns3:atemp>
          </ns3:TrackPointExtension>
        </extensions>
      </trkpt>
      <trkpt lat="47.33895256184041500091552734375" lon="7.395963370800018310546875">
        <ele>474.79998779296875</ele>
        <time>2025-07-22T11:44:44.000Z</time>
        <extensions>
          <ns3:TrackPointExtension>
            <ns3:atemp>20.0</ns3:atemp>
          </ns3:TrackPointExtension>
        </extensions>
      </trkpt>
      <trkpt lat="47.339140065014362335205078125" lon="7.39583789370954036712646484375">
        <ele>473.399993896484375</ele>
        <time>2025-07-22T11:44:47.000Z</time>
        <extensions>
          <ns3:TrackPointExtension>
            <ns3:atemp>20.0</ns3:atemp>
          </ns3:TrackPointExtension>
        </extensions>
      </trkpt>
      <trkpt lat="47.33920452184975147247314453125" lon="7.39580520428717136383056640625">
        <ele>473.20001220703125</ele>
        <time>2025-07-22T11:44:48.000Z</time>
        <extensions>
          <ns3:TrackPointExtension>
            <ns3:atemp>20.0</ns3:atemp>
          </ns3:TrackPointExtension>
        </extensions>
      </trkpt>
      <trkpt lat="47.339272834360599517822265625" lon="7.39578207023441791534423828125">
        <ele>471.79998779296875</ele>
        <time>2025-07-22T11:44:49.000Z</time>
        <extensions>
          <ns3:TrackPointExtension>
            <ns3:atemp>20.0</ns3:atemp>
          </ns3:TrackPointExtension>
        </extensions>
      </trkpt>
      <trkpt lat="47.3394228704273700714111328125" lon="7.3957435972988605499267578125">
        <ele>470.399993896484375</ele>
        <time>2025-07-22T11:44:51.000Z</time>
        <extensions>
          <ns3:TrackPointExtension>
            <ns3:atemp>20.0</ns3:atemp>
          </ns3:TrackPointExtension>
        </extensions>
      </trkpt>
      <trkpt lat="47.3395796120166778564453125" lon="7.39570529200136661529541015625">
        <ele>469</ele>
        <time>2025-07-22T11:44:53.000Z</time>
        <extensions>
          <ns3:TrackPointExtension>
            <ns3:atemp>20.0</ns3:atemp>
          </ns3:TrackPointExtension>
        </extensions>
      </trkpt>
      <trkpt lat="47.33989384956657886505126953125" lon="7.3956777155399322509765625">
        <ele>467.600006103515625</ele>
        <time>2025-07-22T11:44:57.000Z</time>
        <extensions>
          <ns3:TrackPointExtension>
            <ns3:atemp>21.0</ns3:atemp>
          </ns3:TrackPointExtension>
        </extensions>
      </trkpt>
      <trkpt lat="47.33997230418026447296142578125" lon="7.395677380263805389404296875">
        <ele>467.399993896484375</ele>
        <time>2025-07-22T11:44:58.000Z</time>
        <extensions>
          <ns3:TrackPointExtension>
            <ns3:atemp>21.0</ns3:atemp>
          </ns3:TrackPointExtension>
        </extensions>
      </trkpt>
      <trkpt lat="47.3401256091892719268798828125" lon="7.39569447934627532958984375">
        <ele>465.79998779296875</ele>
        <time>2025-07-22T11:45:00.000Z</time>
        <extensions>
          <ns3:TrackPointExtension>
            <ns3:atemp>21.0</ns3:atemp>
          </ns3:TrackPointExtension>
        </extensions>
      </trkpt>
      <trkpt lat="47.3402784951031208038330078125" lon="7.39572574384510517120361328125">
        <ele>464.600006103515625</ele>
        <time>2025-07-22T11:45:02.000Z</time>
        <extensions>
          <ns3:TrackPointExtension>
            <ns3:atemp>21.0</ns3:atemp>
          </ns3:TrackPointExtension>
        </extensions>
      </trkpt>
      <trkpt lat="47.34043121337890625" lon="7.39576145075261592864990234375">
        <ele>463.600006103515625</ele>
        <time>2025-07-22T11:45:04.000Z</time>
        <extensions>
          <ns3:TrackPointExtension>
            <ns3:atemp>21.0</ns3:atemp>
          </ns3:TrackPointExtension>
        </extensions>
      </trkpt>
      <trkpt lat="47.34051142819225788116455078125" lon="7.39578005857765674591064453125">
        <ele>463.20001220703125</ele>
        <time>2025-07-22T11:45:05.000Z</time>
        <extensions>
          <ns3:TrackPointExtension>
            <ns3:atemp>21.0</ns3:atemp>
          </ns3:TrackPointExtension>
        </extensions>
      </trkpt>
      <trkpt lat="47.3406875319778919219970703125" lon="7.3958133347332477569580078125">
        <ele>462.399993896484375</ele>
        <time>2025-07-22T11:45:07.000Z</time>
        <extensions>
          <ns3:TrackPointExtension>
            <ns3:atemp>21.0</ns3:atemp>
          </ns3:TrackPointExtension>
        </extensions>
      </trkpt>
      <trkpt lat="47.340938486158847808837890625" lon="7.39583068527281284332275390625">
        <ele>461.20001220703125</ele>
        <time>2025-07-22T11:45:10.000Z</time>
        <extensions>
          <ns3:TrackPointExtension>
            <ns3:atemp>21.0</ns3:atemp>
          </ns3:TrackPointExtension>
        </extensions>
      </trkpt>
      <trkpt lat="47.34109170734882354736328125" lon="7.39583529531955718994140625">
        <ele>460.20001220703125</ele>
        <time>2025-07-22T11:45:12.000Z</time>
        <extensions>
          <ns3:TrackPointExtension>
            <ns3:atemp>21.0</ns3:atemp>
          </ns3:TrackPointExtension>
        </extensions>
      </trkpt>
      <trkpt lat="47.341192625463008880615234375" lon="7.3958381451666355133056640625">
        <ele>460</ele>
        <time>2025-07-22T11:45:13.000Z</time>
        <extensions>
          <ns3:TrackPointExtension>
            <ns3:atemp>21.0</ns3:atemp>
          </ns3:TrackPointExtension>
        </extensions>
      </trkpt>
      <trkpt lat="47.341518513858318328857421875" lon="7.3958777077496051788330078125">
        <ele>459.399993896484375</ele>
        <time>2025-07-22T11:45:17.000Z</time>
        <extensions>
          <ns3:TrackPointExtension>
            <ns3:atemp>21.0</ns3:atemp>
          </ns3:TrackPointExtension>
        </extensions>
      </trkpt>
      <trkpt lat="47.34159730374813079833984375" lon="7.39590981043875217437744140625">
        <ele>459.399993896484375</ele>
        <time>2025-07-22T11:45:18.000Z</time>
        <extensions>
          <ns3:TrackPointExtension>
            <ns3:atemp>21.0</ns3:atemp>
          </ns3:TrackPointExtension>
        </extensions>
      </trkpt>
      <trkpt lat="47.34174574725329875946044921875" lon="7.39599488675594329833984375">
        <ele>458.600006103515625</ele>
        <time>2025-07-22T11:45:20.000Z</time>
        <extensions>
          <ns3:TrackPointExtension>
            <ns3:atemp>21.0</ns3:atemp>
          </ns3:TrackPointExtension>
        </extensions>
      </trkpt>
      <trkpt lat="47.34189662151038646697998046875" lon="7.39609153009951114654541015625">
        <ele>457.600006103515625</ele>
        <time>2025-07-22T11:45:22.000Z</time>
        <extensions>
          <ns3:TrackPointExtension>
            <ns3:atemp>21.0</ns3:atemp>
          </ns3:TrackPointExtension>
        </extensions>
      </trkpt>
      <trkpt lat="47.3420537821948528289794921875" lon="7.39617618732154369354248046875">
        <ele>456.600006103515625</ele>
        <time>2025-07-22T11:45:24.000Z</time>
        <extensions>
          <ns3:TrackPointExtension>
            <ns3:atemp>21.0</ns3:atemp>
          </ns3:TrackPointExtension>
        </extensions>
      </trkpt>
      <trkpt lat="47.342131398618221282958984375" lon="7.39621273241937160491943359375">
        <ele>456.20001220703125</ele>
        <time>2025-07-22T11:45:25.000Z</time>
        <extensions>
          <ns3:TrackPointExtension>
            <ns3:atemp>21.0</ns3:atemp>
          </ns3:TrackPointExtension>
        </extensions>
      </trkpt>
      <trkpt lat="47.3424281179904937744140625" lon="7.39630602300167083740234375">
        <ele>455.20001220703125</ele>
        <time>2025-07-22T11:45:29.000Z</time>
        <extensions>
          <ns3:TrackPointExtension>
            <ns3:atemp>21.0</ns3:atemp>
          </ns3:TrackPointExtension>
        </extensions>
      </trkpt>
      <trkpt lat="47.342681922018527984619140625" lon="7.3963581584393978118896484375">
        <ele>454</ele>
        <time>2025-07-22T11:45:32.000Z</time>
        <extensions>
          <ns3:TrackPointExtension>
            <ns3:atemp>21.0</ns3:atemp>
          </ns3:TrackPointExtension>
        </extensions>
      </trkpt>
      <trkpt lat="47.34284495003521442413330078125" lon="7.396364696323871612548828125">
        <ele>453.399993896484375</ele>
        <time>2025-07-22T11:45:34.000Z</time>
        <extensions>
          <ns3:TrackPointExtension>
            <ns3:atemp>21.0</ns3:atemp>
          </ns3:TrackPointExtension>
        </extensions>
      </trkpt>
      <trkpt lat="47.3430026136338710784912109375" lon="7.39634315483272075653076171875">
        <ele>452.79998779296875</ele>
        <time>2025-07-22T11:45:36.000Z</time>
        <extensions>
          <ns3:TrackPointExtension>
            <ns3:atemp>21.0</ns3:atemp>
          </ns3:TrackPointExtension>
        </extensions>
      </trkpt>
      <trkpt lat="47.34331534244120121002197265625" lon="7.39629906602203845977783203125">
        <ele>452</ele>
        <time>2025-07-22T11:45:40.000Z</time>
        <extensions>
          <ns3:TrackPointExtension>
            <ns3:atemp>21.0</ns3:atemp>
          </ns3:TrackPointExtension>
        </extensions>
      </trkpt>
      <trkpt lat="47.34339178539812564849853515625" lon="7.396288253366947174072265625">
        <ele>451.600006103515625</ele>
        <time>2025-07-22T11:45:41.000Z</time>
        <extensions>
          <ns3:TrackPointExtension>
            <ns3:atemp>21.0</ns3:atemp>
          </ns3:TrackPointExtension>
        </extensions>
      </trkpt>
      <trkpt lat="47.343539893627166748046875" lon="7.39625782705843448638916015625">
        <ele>451</ele>
        <time>2025-07-22T11:45:43.000Z</time>
        <extensions>
          <ns3:TrackPointExtension>
            <ns3:atemp>21.0</ns3:atemp>
          </ns3:TrackPointExtension>
        </extensions>
      </trkpt>
      <trkpt lat="47.34377047978341579437255859375" lon="7.3961921967566013336181640625">
        <ele>450.79998779296875</ele>
        <time>2025-07-22T11:45:46.000Z</time>
        <extensions>
          <ns3:TrackPointExtension>
            <ns3:atemp>21.0</ns3:atemp>
          </ns3:TrackPointExtension>
        </extensions>
      </trkpt>
      <trkpt lat="47.3439289815723896026611328125" lon="7.3961499519646167755126953125">
        <ele>450.600006103515625</ele>
        <time>2025-07-22T11:45:48.000Z</time>
        <extensions>
          <ns3:TrackPointExtension>
            <ns3:atemp>21.0</ns3:atemp>
          </ns3:TrackPointExtension>
        </extensions>
      </trkpt>
      <trkpt lat="47.34430775977671146392822265625" lon="7.3960818909108638763427734375">
        <ele>449.399993896484375</ele>
        <time>2025-07-22T11:45:53.000Z</time>
        <extensions>
          <ns3:TrackPointExtension>
            <ns3:atemp>21.0</ns3:atemp>
          </ns3:TrackPointExtension>
        </extensions>
      </trkpt>
      <trkpt lat="47.34453071840107440948486328125" lon="7.396067641675472259521484375">
        <ele>447.79998779296875</ele>
        <time>2025-07-22T11:45:56.000Z</time>
        <extensions>
          <ns3:TrackPointExtension>
            <ns3:atemp>21.0</ns3:atemp>
          </ns3:TrackPointExtension>
        </extensions>
      </trkpt>
      <trkpt lat="47.344912849366664886474609375" lon="7.39604207687079906463623046875">
        <ele>446.79998779296875</ele>
        <time>2025-07-22T11:46:01.000Z</time>
        <extensions>
          <ns3:TrackPointExtension>
            <ns3:atemp>21.0</ns3:atemp>
          </ns3:TrackPointExtension>
        </extensions>
      </trkpt>
      <trkpt lat="47.34504570253193378448486328125" lon="7.39596898667514324188232421875">
        <ele>446.79998779296875</ele>
        <time>2025-07-22T11:46:03.000Z</time>
        <extensions>
          <ns3:TrackPointExtension>
            <ns3:atemp>21.0</ns3:atemp>
          </ns3:TrackPointExtension>
        </extensions>
      </trkpt>
      <trkpt lat="47.34515198506414890289306640625" lon="7.3958867602050304412841796875">
        <ele>446.600006103515625</ele>
        <time>2025-07-22T11:46:05.000Z</time>
        <extensions>
          <ns3:TrackPointExtension>
            <ns3:atemp>21.0</ns3:atemp>
          </ns3:TrackPointExtension>
        </extensions>
      </trkpt>
      <trkpt lat="47.34531744383275508880615234375" lon="7.39572272635996341705322265625">
        <ele>445.600006103515625</ele>
        <time>2025-07-22T11:46:09.000Z</time>
        <extensions>
          <ns3:TrackPointExtension>
            <ns3:atemp>21.0</ns3:atemp>
          </ns3:TrackPointExtension>
        </extensions>
      </trkpt>
      <trkpt lat="47.34545968472957611083984375" lon="7.3955605365335941314697265625">
        <ele>444.600006103515625</ele>
        <time>2025-07-22T11:46:12.000Z</time>
        <extensions>
          <ns3:TrackPointExtension>
            <ns3:atemp>21.0</ns3:atemp>
          </ns3:TrackPointExtension>
        </extensions>
      </trkpt>
      <trkpt lat="47.34551374800503253936767578125" lon="7.395499013364315032958984375">
        <ele>444.399993896484375</ele>
        <time>2025-07-22T11:46:13.000Z</time>
        <extensions>
          <ns3:TrackPointExtension>
            <ns3:atemp>21.0</ns3:atemp>
          </ns3:TrackPointExtension>
        </extensions>
      </trkpt>
      <trkpt lat="47.3455678112804889678955078125" lon="7.39544142968952655792236328125">
        <ele>443.79998779296875</ele>
        <time>2025-07-22T11:46:14.000Z</time>
        <extensions>
          <ns3:TrackPointExtension>
            <ns3:atemp>21.0</ns3:atemp>
          </ns3:TrackPointExtension>
        </extensions>
      </trkpt>
      <trkpt lat="47.34562321566045284271240234375" lon="7.3953882046043872833251953125">
        <ele>443.20001220703125</ele>
        <time>2025-07-22T11:46:15.000Z</time>
        <extensions>
          <ns3:TrackPointExtension>
            <ns3:atemp>21.0</ns3:atemp>
          </ns3:TrackPointExtension>
        </extensions>
      </trkpt>
      <trkpt lat="47.3457434959709644317626953125" lon="7.39530421793460845947265625">
        <ele>442.79998779296875</ele>
        <time>2025-07-22T11:46:17.000Z</time>
        <extensions>
          <ns3:TrackPointExtension>
            <ns3:atemp>21.0</ns3:atemp>
          </ns3:TrackPointExtension>
        </extensions>
      </trkpt>
      <trkpt lat="47.3458774387836456298828125" lon="7.39525325596332550048828125">
        <ele>442.600006103515625</ele>
        <time>2025-07-22T11:46:19.000Z</time>
        <extensions>
          <ns3:TrackPointExtension>
            <ns3:atemp>21.0</ns3:atemp>
          </ns3:TrackPointExtension>
        </extensions>
      </trkpt>
      <trkpt lat="47.34623174183070659637451171875" lon="7.39519667811691761016845703125">
        <ele>442.79998779296875</ele>
        <time>2025-07-22T11:46:24.000Z</time>
        <extensions>
          <ns3:TrackPointExtension>
            <ns3:atemp>21.0</ns3:atemp>
          </ns3:TrackPointExtension>
        </extensions>
      </trkpt>
      <trkpt lat="47.3463012278079986572265625" lon="7.39517605863511562347412109375">
        <ele>442.79998779296875</ele>
        <time>2025-07-22T11:46:25.000Z</time>
        <extensions>
          <ns3:TrackPointExtension>
            <ns3:atemp>21.0</ns3:atemp>
          </ns3:TrackPointExtension>
        </extensions>
      </trkpt>
      <trkpt lat="47.34643399715423583984375" lon="7.39511235617101192474365234375">
        <ele>442.79998779296875</ele>
        <time>2025-07-22T11:46:27.000Z</time>
        <extensions>
          <ns3:TrackPointExtension>
            <ns3:atemp>21.0</ns3:atemp>
          </ns3:TrackPointExtension>
        </extensions>
      </trkpt>
      <trkpt lat="47.34660792164504528045654296875" lon="7.3949674330651760101318359375">
        <ele>443</ele>
        <time>2025-07-22T11:46:30.000Z</time>
        <extensions>
          <ns3:TrackPointExtension>
            <ns3:atemp>21.0</ns3:atemp>
          </ns3:TrackPointExtension>
        </extensions>
      </trkpt>
      <trkpt lat="47.34701360575854778289794921875" lon="7.39450517110526561737060546875">
        <ele>442.600006103515625</ele>
        <time>2025-07-22T11:46:37.000Z</time>
        <extensions>
          <ns3:TrackPointExtension>
            <ns3:atemp>21.0</ns3:atemp>
          </ns3:TrackPointExtension>
        </extensions>
      </trkpt>
      <trkpt lat="47.34707043506205081939697265625" lon="7.39444431848824024200439453125">
        <ele>442.600006103515625</ele>
        <time>2025-07-22T11:46:38.000Z</time>
        <extensions>
          <ns3:TrackPointExtension>
            <ns3:atemp>21.0</ns3:atemp>
          </ns3:TrackPointExtension>
        </extensions>
      </trkpt>
      <trkpt lat="47.3474285937845706939697265625" lon="7.39413703791797161102294921875">
        <ele>442</ele>
        <time>2025-07-22T11:46:44.000Z</time>
        <extensions>
          <ns3:TrackPointExtension>
            <ns3:atemp>21.0</ns3:atemp>
          </ns3:TrackPointExtension>
        </extensions>
      </trkpt>
      <trkpt lat="47.34789513051509857177734375" lon="7.39385557360947132110595703125">
        <ele>442</ele>
        <time>2025-07-22T11:46:51.000Z</time>
        <extensions>
          <ns3:TrackPointExtension>
            <ns3:atemp>21.0</ns3:atemp>
          </ns3:TrackPointExtension>
        </extensions>
      </trkpt>
      <trkpt lat="47.3483643494546413421630859375" lon="7.39366228692233562469482421875">
        <ele>442</ele>
        <time>2025-07-22T11:46:58.000Z</time>
        <extensions>
          <ns3:TrackPointExtension>
            <ns3:atemp>21.0</ns3:atemp>
          </ns3:TrackPointExtension>
        </extensions>
      </trkpt>
      <trkpt lat="47.34887941740453243255615234375" lon="7.39343429915606975555419921875">
        <ele>442</ele>
        <time>2025-07-22T11:47:06.000Z</time>
        <extensions>
          <ns3:TrackPointExtension>
            <ns3:atemp>22.0</ns3:atemp>
          </ns3:TrackPointExtension>
        </extensions>
      </trkpt>
      <trkpt lat="47.3494415916502475738525390625" lon="7.3932079039514064788818359375">
        <ele>442.399993896484375</ele>
        <time>2025-07-22T11:47:14.000Z</time>
        <extensions>
          <ns3:TrackPointExtension>
            <ns3:atemp>22.0</ns3:atemp>
          </ns3:TrackPointExtension>
        </extensions>
      </trkpt>
      <trkpt lat="47.34950990416109561920166015625" lon="7.3931797407567501068115234375">
        <ele>442.20001220703125</ele>
        <time>2025-07-22T11:47:15.000Z</time>
        <extensions>
          <ns3:TrackPointExtension>
            <ns3:atemp>22.0</ns3:atemp>
          </ns3:TrackPointExtension>
        </extensions>
      </trkpt>
      <trkpt lat="47.3497155122458934783935546875" lon="7.3930892162024974822998046875">
        <ele>441.600006103515625</ele>
        <time>2025-07-22T11:47:18.000Z</time>
        <extensions>
          <ns3:TrackPointExtension>
            <ns3:atemp>22.0</ns3:atemp>
          </ns3:TrackPointExtension>
        </extensions>
      </trkpt>
      <trkpt lat="47.35004969872534275054931640625" lon="7.39290297031402587890625">
        <ele>441</ele>
        <time>2025-07-22T11:47:23.000Z</time>
        <extensions>
          <ns3:TrackPointExtension>
            <ns3:atemp>22.0</ns3:atemp>
          </ns3:TrackPointExtension>
        </extensions>
      </trkpt>
      <trkpt lat="47.35037122853100299835205078125" lon="7.39268847741186618804931640625">
        <ele>440.79998779296875</ele>
        <time>2025-07-22T11:47:28.000Z</time>
        <extensions>
          <ns3:TrackPointExtension>
            <ns3:atemp>22.0</ns3:atemp>
          </ns3:TrackPointExtension>
        </extensions>
      </trkpt>
      <trkpt lat="47.3505674488842487335205078125" lon="7.39256677217781543731689453125">
        <ele>440.600006103515625</ele>
        <time>2025-07-22T11:47:31.000Z</time>
        <extensions>
          <ns3:TrackPointExtension>
            <ns3:atemp>22.0</ns3:atemp>
          </ns3:TrackPointExtension>
        </extensions>
      </trkpt>
      <trkpt lat="47.35106592066586017608642578125" lon="7.3922230303287506103515625">
        <ele>440</ele>
        <time>2025-07-22T11:47:39.000Z</time>
        <extensions>
          <ns3:TrackPointExtension>
            <ns3:atemp>22.0</ns3:atemp>
          </ns3:TrackPointExtension>
        </extensions>
      </trkpt>
      <trkpt lat="47.35112308524549007415771484375" lon="7.39217181690037250518798828125">
        <ele>440</ele>
        <time>2025-07-22T11:47:40.000Z</time>
        <extensions>
          <ns3:TrackPointExtension>
            <ns3:atemp>22.0</ns3:atemp>
          </ns3:TrackPointExtension>
        </extensions>
      </trkpt>
      <trkpt lat="47.35120321623980998992919921875" lon="7.39201842807233333587646484375">
        <ele>439.79998779296875</ele>
        <time>2025-07-22T11:47:42.000Z</time>
        <extensions>
          <ns3:TrackPointExtension>
            <ns3:atemp>22.0</ns3:atemp>
          </ns3:TrackPointExtension>
        </extensions>
      </trkpt>
      <trkpt lat="47.3512225784361362457275390625" lon="7.39191901870071887969970703125">
        <ele>439.79998779296875</ele>
        <time>2025-07-22T11:47:43.000Z</time>
        <extensions>
          <ns3:TrackPointExtension>
            <ns3:atemp>22.0</ns3:atemp>
          </ns3:TrackPointExtension>
        </extensions>
      </trkpt>
      <trkpt lat="47.35122886486351490020751953125" lon="7.3918148316442966461181640625">
        <ele>439.600006103515625</ele>
        <time>2025-07-22T11:47:44.000Z</time>
        <extensions>
          <ns3:TrackPointExtension>
            <ns3:atemp>22.0</ns3:atemp>
          </ns3:TrackPointExtension>
        </extensions>
      </trkpt>
      <trkpt lat="47.35122375190258026123046875" lon="7.3915010131895542144775390625">
        <ele>438.79998779296875</ele>
        <time>2025-07-22T11:47:47.000Z</time>
        <extensions>
          <ns3:TrackPointExtension>
            <ns3:atemp>22.0</ns3:atemp>
          </ns3:TrackPointExtension>
        </extensions>
      </trkpt>
      <trkpt lat="47.351219393312931060791015625" lon="7.39139380864799022674560546875">
        <ele>438.399993896484375</ele>
        <time>2025-07-22T11:47:48.000Z</time>
        <extensions>
          <ns3:TrackPointExtension>
            <ns3:atemp>22.0</ns3:atemp>
          </ns3:TrackPointExtension>
        </extensions>
      </trkpt>
      <trkpt lat="47.351227439939975738525390625" lon="7.390959374606609344482421875">
        <ele>437.79998779296875</ele>
        <time>2025-07-22T11:47:52.000Z</time>
        <extensions>
          <ns3:TrackPointExtension>
            <ns3:atemp>22.0</ns3:atemp>
          </ns3:TrackPointExtension>
        </extensions>
      </trkpt>
      <trkpt lat="47.35124051570892333984375" lon="7.3906309716403484344482421875">
        <ele>437.399993896484375</ele>
        <time>2025-07-22T11:47:55.000Z</time>
        <extensions>
          <ns3:TrackPointExtension>
            <ns3:atemp>23.0</ns3:atemp>
          </ns3:TrackPointExtension>
        </extensions>
      </trkpt>
      <trkpt lat="47.35126205720007419586181640625" lon="7.38975799642503261566162109375">
        <ele>436.79998779296875</ele>
        <time>2025-07-22T11:48:03.000Z</time>
        <extensions>
          <ns3:TrackPointExtension>
            <ns3:atemp>23.0</ns3:atemp>
          </ns3:TrackPointExtension>
        </extensions>
      </trkpt>
      <trkpt lat="47.35126557759940624237060546875" lon="7.3895406536757946014404296875">
        <ele>436.600006103515625</ele>
        <time>2025-07-22T11:48:05.000Z</time>
        <extensions>
          <ns3:TrackPointExtension>
            <ns3:atemp>23.0</ns3:atemp>
          </ns3:TrackPointExtension>
        </extensions>
      </trkpt>
      <trkpt lat="47.35127161256968975067138671875" lon="7.3893180303275585174560546875">
        <ele>436.600006103515625</ele>
        <time>2025-07-22T11:48:07.000Z</time>
        <extensions>
          <ns3:TrackPointExtension>
            <ns3:atemp>23.0</ns3:atemp>
          </ns3:TrackPointExtension>
        </extensions>
      </trkpt>
      <trkpt lat="47.3512966744601726531982421875" lon="7.3885398544371128082275390625">
        <ele>436.399993896484375</ele>
        <time>2025-07-22T11:48:14.000Z</time>
        <extensions>
          <ns3:TrackPointExtension>
            <ns3:atemp>23.0</ns3:atemp>
          </ns3:TrackPointExtension>
        </extensions>
      </trkpt>
      <trkpt lat="47.35131536610424518585205078125" lon="7.388214133679866790771484375">
        <ele>436</ele>
        <time>2025-07-22T11:48:17.000Z</time>
        <extensions>
          <ns3:TrackPointExtension>
            <ns3:atemp>23.0</ns3:atemp>
          </ns3:TrackPointExtension>
        </extensions>
      </trkpt>
      <trkpt lat="47.3513375781476497650146484375" lon="7.38811145536601543426513671875">
        <ele>435.600006103515625</ele>
        <time>2025-07-22T11:48:18.000Z</time>
        <extensions>
          <ns3:TrackPointExtension>
            <ns3:atemp>23.0</ns3:atemp>
          </ns3:TrackPointExtension>
        </extensions>
      </trkpt>
      <trkpt lat="47.3513732850551605224609375" lon="7.38802067935466766357421875">
        <ele>435.399993896484375</ele>
        <time>2025-07-22T11:48:19.000Z</time>
        <extensions>
          <ns3:TrackPointExtension>
            <ns3:atemp>23.0</ns3:atemp>
          </ns3:TrackPointExtension>
        </extensions>
      </trkpt>
      <trkpt lat="47.35173068940639495849609375" lon="7.38745473325252532958984375">
        <ele>434.79998779296875</ele>
        <time>2025-07-22T11:48:26.000Z</time>
        <extensions>
          <ns3:TrackPointExtension>
            <ns3:atemp>23.0</ns3:atemp>
          </ns3:TrackPointExtension>
        </extensions>
      </trkpt>
      <trkpt lat="47.3521050252020359039306640625" lon="7.386854588985443115234375">
        <ele>434.600006103515625</ele>
        <time>2025-07-22T11:48:33.000Z</time>
        <extensions>
          <ns3:TrackPointExtension>
            <ns3:atemp>23.0</ns3:atemp>
          </ns3:TrackPointExtension>
        </extensions>
      </trkpt>
      <trkpt lat="47.35221759416162967681884765625" lon="7.38668552599847316741943359375">
        <ele>434.600006103515625</ele>
        <time>2025-07-22T11:48:35.000Z</time>
        <extensions>
          <ns3:TrackPointExtension>
            <ns3:atemp>23.0</ns3:atemp>
          </ns3:TrackPointExtension>
        </extensions>
      </trkpt>
      <trkpt lat="47.3525988869369029998779296875" lon="7.3860822804272174835205078125">
        <ele>433.79998779296875</ele>
        <time>2025-07-22T11:48:42.000Z</time>
        <extensions>
          <ns3:TrackPointExtension>
            <ns3:atemp>23.0</ns3:atemp>
          </ns3:TrackPointExtension>
        </extensions>
      </trkpt>
      <trkpt lat="47.35264909453690052032470703125" lon="7.38599284552037715911865234375">
        <ele>433.600006103515625</ele>
        <time>2025-07-22T11:48:43.000Z</time>
        <extensions>
          <ns3:TrackPointExtension>
            <ns3:atemp>23.0</ns3:atemp>
          </ns3:TrackPointExtension>
        </extensions>
      </trkpt>
      <trkpt lat="47.35274598933756351470947265625" lon="7.38580785691738128662109375">
        <ele>433.399993896484375</ele>
        <time>2025-07-22T11:48:45.000Z</time>
        <extensions>
          <ns3:TrackPointExtension>
            <ns3:atemp>23.0</ns3:atemp>
          </ns3:TrackPointExtension>
        </extensions>
      </trkpt>
      <trkpt lat="47.352930642664432525634765625" lon="7.38541918806731700897216796875">
        <ele>432.600006103515625</ele>
        <time>2025-07-22T11:48:49.000Z</time>
        <extensions>
          <ns3:TrackPointExtension>
            <ns3:atemp>23.0</ns3:atemp>
          </ns3:TrackPointExtension>
        </extensions>
      </trkpt>
      <trkpt lat="47.353065423667430877685546875" lon="7.38512867130339145660400390625">
        <ele>432.20001220703125</ele>
        <time>2025-07-22T11:48:52.000Z</time>
        <extensions>
          <ns3:TrackPointExtension>
            <ns3:atemp>24.0</ns3:atemp>
          </ns3:TrackPointExtension>
        </extensions>
      </trkpt>
      <trkpt lat="47.353246472775936126708984375" lon="7.3847445286810398101806640625">
        <ele>431.600006103515625</ele>
        <time>2025-07-22T11:48:56.000Z</time>
        <extensions>
          <ns3:TrackPointExtension>
            <ns3:atemp>24.0</ns3:atemp>
          </ns3:TrackPointExtension>
        </extensions>
      </trkpt>
      <trkpt lat="47.35347387380897998809814453125" lon="7.384265251457691192626953125">
        <ele>431.20001220703125</ele>
        <time>2025-07-22T11:49:01.000Z</time>
        <extensions>
          <ns3:TrackPointExtension>
            <ns3:atemp>24.0</ns3:atemp>
          </ns3:TrackPointExtension>
        </extensions>
      </trkpt>
      <trkpt lat="47.3536536656320095062255859375" lon="7.383895106613636016845703125">
        <ele>430.399993896484375</ele>
        <time>2025-07-22T11:49:05.000Z</time>
        <extensions>
          <ns3:TrackPointExtension>
            <ns3:atemp>24.0</ns3:atemp>
          </ns3:TrackPointExtension>
        </extensions>
      </trkpt>
      <trkpt lat="47.35381451435387134552001953125" lon="7.38354817964136600494384765625">
        <ele>430</ele>
        <time>2025-07-22T11:49:09.000Z</time>
        <extensions>
          <ns3:TrackPointExtension>
            <ns3:atemp>24.0</ns3:atemp>
          </ns3:TrackPointExtension>
        </extensions>
      </trkpt>
      <trkpt lat="47.35413352958858013153076171875" lon="7.3828565888106822967529296875">
        <ele>430</ele>
        <time>2025-07-22T11:49:17.000Z</time>
        <extensions>
          <ns3:TrackPointExtension>
            <ns3:atemp>24.0</ns3:atemp>
          </ns3:TrackPointExtension>
        </extensions>
      </trkpt>
      <trkpt lat="47.35438431613147258758544921875" lon="7.3823231644928455352783203125">
        <ele>429.79998779296875</ele>
        <time>2025-07-22T11:49:23.000Z</time>
        <extensions>
          <ns3:TrackPointExtension>
            <ns3:atemp>24.0</ns3:atemp>
          </ns3:TrackPointExtension>
        </extensions>
      </trkpt>
      <trkpt lat="47.35449604690074920654296875" lon="7.38206307403743267059326171875">
        <ele>429.600006103515625</ele>
        <time>2025-07-22T11:49:26.000Z</time>
        <extensions>
          <ns3:TrackPointExtension>
            <ns3:atemp>24.0</ns3:atemp>
          </ns3:TrackPointExtension>
        </extensions>
      </trkpt>
      <trkpt lat="47.35480592586100101470947265625" lon="7.38141984678804874420166015625">
        <ele>428.79998779296875</ele>
        <time>2025-07-22T11:49:33.000Z</time>
        <extensions>
          <ns3:TrackPointExtension>
            <ns3:atemp>24.0</ns3:atemp>
          </ns3:TrackPointExtension>
        </extensions>
      </trkpt>
      <trkpt lat="47.354971803724765777587890625" lon="7.38104919902980327606201171875">
        <ele>428.600006103515625</ele>
        <time>2025-07-22T11:49:37.000Z</time>
        <extensions>
          <ns3:TrackPointExtension>
            <ns3:atemp>24.0</ns3:atemp>
          </ns3:TrackPointExtension>
        </extensions>
      </trkpt>
      <trkpt lat="47.35506626777350902557373046875" lon="7.38086932338774204254150390625">
        <ele>428.20001220703125</ele>
        <time>2025-07-22T11:49:39.000Z</time>
        <extensions>
          <ns3:TrackPointExtension>
            <ns3:atemp>24.0</ns3:atemp>
          </ns3:TrackPointExtension>
        </extensions>
      </trkpt>
      <trkpt lat="47.3553826846182346343994140625" lon="7.38019801676273345947265625">
        <ele>427.600006103515625</ele>
        <time>2025-07-22T11:49:46.000Z</time>
        <extensions>
          <ns3:TrackPointExtension>
            <ns3:atemp>24.0</ns3:atemp>
          </ns3:TrackPointExtension>
        </extensions>
      </trkpt>
      <trkpt lat="47.3556847684085369110107421875" lon="7.37952168099582195281982421875">
        <ele>427</ele>
        <time>2025-07-22T11:49:53.000Z</time>
        <extensions>
          <ns3:TrackPointExtension>
            <ns3:atemp>24.0</ns3:atemp>
          </ns3:TrackPointExtension>
        </extensions>
      </trkpt>
      <trkpt lat="47.3557669110596179962158203125" lon="7.3793261311948299407958984375">
        <ele>426.600006103515625</ele>
        <time>2025-07-22T11:49:55.000Z</time>
        <extensions>
          <ns3:TrackPointExtension>
            <ns3:atemp>24.0</ns3:atemp>
          </ns3:TrackPointExtension>
        </extensions>
      </trkpt>
      <trkpt lat="47.3558088205754756927490234375" lon="7.3792319186031818389892578125">
        <ele>426.600006103515625</ele>
        <time>2025-07-22T11:49:56.000Z</time>
        <extensions>
          <ns3:TrackPointExtension>
            <ns3:atemp>24.0</ns3:atemp>
          </ns3:TrackPointExtension>
        </extensions>
      </trkpt>
      <trkpt lat="47.35591149888932704925537109375" lon="7.379054725170135498046875">
        <ele>426.399993896484375</ele>
        <time>2025-07-22T11:49:58.000Z</time>
        <extensions>
          <ns3:TrackPointExtension>
            <ns3:atemp>25.0</ns3:atemp>
          </ns3:TrackPointExtension>
        </extensions>
      </trkpt>
      <trkpt lat="47.355970256030559539794921875" lon="7.37897300161421298980712890625">
        <ele>426.20001220703125</ele>
        <time>2025-07-22T11:49:59.000Z</time>
        <extensions>
          <ns3:TrackPointExtension>
            <ns3:atemp>25.0</ns3:atemp>
          </ns3:TrackPointExtension>
        </extensions>
      </trkpt>
      <trkpt lat="47.356269657611846923828125" lon="7.37857636995613574981689453125">
        <ele>425.600006103515625</ele>
        <time>2025-07-22T11:50:04.000Z</time>
        <extensions>
          <ns3:TrackPointExtension>
            <ns3:atemp>25.0</ns3:atemp>
          </ns3:TrackPointExtension>
        </extensions>
      </trkpt>
      <trkpt lat="47.35633545555174350738525390625" lon="7.3785053752362728118896484375">
        <ele>425.399993896484375</ele>
        <time>2025-07-22T11:50:05.000Z</time>
        <extensions>
          <ns3:TrackPointExtension>
            <ns3:atemp>25.0</ns3:atemp>
          </ns3:TrackPointExtension>
        </extensions>
      </trkpt>
      <trkpt lat="47.35640116967260837554931640625" lon="7.37843739800155162811279296875">
        <ele>425.399993896484375</ele>
        <time>2025-07-22T11:50:06.000Z</time>
        <extensions>
          <ns3:TrackPointExtension>
            <ns3:atemp>25.0</ns3:atemp>
          </ns3:TrackPointExtension>
        </extensions>
      </trkpt>
      <trkpt lat="47.35686720348894596099853515625" lon="7.37797890789806842803955078125">
        <ele>424.600006103515625</ele>
        <time>2025-07-22T11:50:13.000Z</time>
        <extensions>
          <ns3:TrackPointExtension>
            <ns3:atemp>25.0</ns3:atemp>
          </ns3:TrackPointExtension>
        </extensions>
      </trkpt>
      <trkpt lat="47.3569973744451999664306640625" lon="7.37784194760024547576904296875">
        <ele>424.399993896484375</ele>
        <time>2025-07-22T11:50:15.000Z</time>
        <extensions>
          <ns3:TrackPointExtension>
            <ns3:atemp>25.0</ns3:atemp>
          </ns3:TrackPointExtension>
        </extensions>
      </trkpt>
      <trkpt lat="47.35718906857073307037353515625" lon="7.37762049771845340728759765625">
        <ele>424.20001220703125</ele>
        <time>2025-07-22T11:50:18.000Z</time>
        <extensions>
          <ns3:TrackPointExtension>
            <ns3:atemp>25.0</ns3:atemp>
          </ns3:TrackPointExtension>
        </extensions>
      </trkpt>
      <trkpt lat="47.35757279209792613983154296875" lon="7.3772316612303256988525390625">
        <ele>423.600006103515625</ele>
        <time>2025-07-22T11:50:24.000Z</time>
        <extensions>
          <ns3:TrackPointExtension>
            <ns3:atemp>25.0</ns3:atemp>
          </ns3:TrackPointExtension>
        </extensions>
      </trkpt>
      <trkpt lat="47.3576416075229644775390625" lon="7.37717784941196441650390625">
        <ele>423.600006103515625</ele>
        <time>2025-07-22T11:50:25.000Z</time>
        <extensions>
          <ns3:TrackPointExtension>
            <ns3:atemp>25.0</ns3:atemp>
          </ns3:TrackPointExtension>
        </extensions>
      </trkpt>
      <trkpt lat="47.3577812500298023223876953125" lon="7.3770700581371784210205078125">
        <ele>423.399993896484375</ele>
        <time>2025-07-22T11:50:27.000Z</time>
        <extensions>
          <ns3:TrackPointExtension>
            <ns3:atemp>25.0</ns3:atemp>
          </ns3:TrackPointExtension>
        </extensions>
      </trkpt>
      <trkpt lat="47.3580451123416423797607421875" lon="7.376804016530513763427734375">
        <ele>423.20001220703125</ele>
        <time>2025-07-22T11:50:31.000Z</time>
        <extensions>
          <ns3:TrackPointExtension>
            <ns3:atemp>25.0</ns3:atemp>
          </ns3:TrackPointExtension>
        </extensions>
      </trkpt>
      <trkpt lat="47.35852128826081752777099609375" lon="7.37632700242102146148681640625">
        <ele>423</ele>
        <time>2025-07-22T11:50:38.000Z</time>
        <extensions>
          <ns3:TrackPointExtension>
            <ns3:atemp>25.0</ns3:atemp>
          </ns3:TrackPointExtension>
        </extensions>
      </trkpt>
      <trkpt lat="47.3587116412818431854248046875" lon="7.37611192278563976287841796875">
        <ele>423</ele>
        <time>2025-07-22T11:50:41.000Z</time>
        <extensions>
          <ns3:TrackPointExtension>
            <ns3:atemp>25.0</ns3:atemp>
          </ns3:TrackPointExtension>
        </extensions>
      </trkpt>
      <trkpt lat="47.358775176107883453369140625" lon="7.37603916786611080169677734375">
        <ele>422.79998779296875</ele>
        <time>2025-07-22T11:50:42.000Z</time>
        <extensions>
          <ns3:TrackPointExtension>
            <ns3:atemp>25.0</ns3:atemp>
          </ns3:TrackPointExtension>
        </extensions>
      </trkpt>
      <trkpt lat="47.35921430401504039764404296875" lon="7.3755103535950183868408203125">
        <ele>421.79998779296875</ele>
        <time>2025-07-22T11:50:49.000Z</time>
        <extensions>
          <ns3:TrackPointExtension>
            <ns3:atemp>25.0</ns3:atemp>
          </ns3:TrackPointExtension>
        </extensions>
      </trkpt>
      <trkpt lat="47.35927917994558811187744140625" lon="7.37543709576129913330078125">
        <ele>421.79998779296875</ele>
        <time>2025-07-22T11:50:50.000Z</time>
        <extensions>
          <ns3:TrackPointExtension>
            <ns3:atemp>25.0</ns3:atemp>
          </ns3:TrackPointExtension>
        </extensions>
      </trkpt>
      <trkpt lat="47.3597161285579204559326171875" lon="7.37492923624813556671142578125">
        <ele>421.20001220703125</ele>
        <time>2025-07-22T11:50:57.000Z</time>
        <extensions>
          <ns3:TrackPointExtension>
            <ns3:atemp>25.0</ns3:atemp>
          </ns3:TrackPointExtension>
        </extensions>
      </trkpt>
      <trkpt lat="47.35987714491784572601318359375" lon="7.374816499650478363037109375">
        <ele>421.20001220703125</ele>
        <time>2025-07-22T11:50:59.000Z</time>
        <extensions>
          <ns3:TrackPointExtension>
            <ns3:atemp>25.0</ns3:atemp>
          </ns3:TrackPointExtension>
        </extensions>
      </trkpt>
      <trkpt lat="47.360035814344882965087890625" lon="7.37476117908954620361328125">
        <ele>421</ele>
        <time>2025-07-22T11:51:01.000Z</time>
        <extensions>
          <ns3:TrackPointExtension>
            <ns3:atemp>25.0</ns3:atemp>
          </ns3:TrackPointExtension>
        </extensions>
      </trkpt>
      <trkpt lat="47.36011468805372714996337890625" lon="7.37474047578871250152587890625">
        <ele>420.79998779296875</ele>
        <time>2025-07-22T11:51:02.000Z</time>
        <extensions>
          <ns3:TrackPointExtension>
            <ns3:atemp>25.0</ns3:atemp>
          </ns3:TrackPointExtension>
        </extensions>
      </trkpt>
      <trkpt lat="47.36026992090046405792236328125" lon="7.374697141349315643310546875">
        <ele>420.600006103515625</ele>
        <time>2025-07-22T11:51:04.000Z</time>
        <extensions>
          <ns3:TrackPointExtension>
            <ns3:atemp>26.0</ns3:atemp>
          </ns3:TrackPointExtension>
        </extensions>
      </trkpt>
      <trkpt lat="47.36049883067607879638671875" lon="7.37460200674831867218017578125">
        <ele>420.600006103515625</ele>
        <time>2025-07-22T11:51:07.000Z</time>
        <extensions>
          <ns3:TrackPointExtension>
            <ns3:atemp>26.0</ns3:atemp>
          </ns3:TrackPointExtension>
        </extensions>
      </trkpt>
      <trkpt lat="47.3609687201678752899169921875" lon="7.37450729124248027801513671875">
        <ele>419.600006103515625</ele>
        <time>2025-07-22T11:51:13.000Z</time>
        <extensions>
          <ns3:TrackPointExtension>
            <ns3:atemp>26.0</ns3:atemp>
          </ns3:TrackPointExtension>
        </extensions>
      </trkpt>
      <trkpt lat="47.36104734241962432861328125" lon="7.37450712360441684722900390625">
        <ele>419.399993896484375</ele>
        <time>2025-07-22T11:51:14.000Z</time>
        <extensions>
          <ns3:TrackPointExtension>
            <ns3:atemp>26.0</ns3:atemp>
          </ns3:TrackPointExtension>
        </extensions>
      </trkpt>
      <trkpt lat="47.361363507807254791259765625" lon="7.37456093542277812957763671875">
        <ele>419.600006103515625</ele>
        <time>2025-07-22T11:51:18.000Z</time>
        <extensions>
          <ns3:TrackPointExtension>
            <ns3:atemp>26.0</ns3:atemp>
          </ns3:TrackPointExtension>
        </extensions>
      </trkpt>
      <trkpt lat="47.361768186092376708984375" lon="7.37460619769990444183349609375">
        <ele>419.600006103515625</ele>
        <time>2025-07-22T11:51:24.000Z</time>
        <extensions>
          <ns3:TrackPointExtension>
            <ns3:atemp>26.0</ns3:atemp>
          </ns3:TrackPointExtension>
        </extensions>
      </trkpt>
      <trkpt lat="47.36187522299587726593017578125" lon="7.37458909861743450164794921875">
        <ele>419.600006103515625</ele>
        <time>2025-07-22T11:51:27.000Z</time>
        <extensions>
          <ns3:TrackPointExtension>
            <ns3:atemp>26.0</ns3:atemp>
          </ns3:TrackPointExtension>
        </extensions>
      </trkpt>
      <trkpt lat="47.36211712472140789031982421875" lon="7.37453813664615154266357421875">
        <ele>419.399993896484375</ele>
        <time>2025-07-22T11:51:32.000Z</time>
        <extensions>
          <ns3:TrackPointExtension>
            <ns3:atemp>26.0</ns3:atemp>
          </ns3:TrackPointExtension>
        </extensions>
      </trkpt>
      <trkpt lat="47.3622196353971958160400390625" lon="7.3745105601847171783447265625">
        <ele>419.399993896484375</ele>
        <time>2025-07-22T11:51:34.000Z</time>
        <extensions>
          <ns3:TrackPointExtension>
            <ns3:atemp>26.0</ns3:atemp>
          </ns3:TrackPointExtension>
        </extensions>
      </trkpt>
      <trkpt lat="47.36237495206296443939208984375" lon="7.3744512163102626800537109375">
        <ele>419.20001220703125</ele>
        <time>2025-07-22T11:51:36.000Z</time>
        <extensions>
          <ns3:TrackPointExtension>
            <ns3:atemp>26.0</ns3:atemp>
          </ns3:TrackPointExtension>
        </extensions>
      </trkpt>
      <trkpt lat="47.3626196198165416717529296875" lon="7.374300844967365264892578125">
        <ele>419</ele>
        <time>2025-07-22T11:51:39.000Z</time>
        <extensions>
          <ns3:TrackPointExtension>
            <ns3:atemp>26.0</ns3:atemp>
          </ns3:TrackPointExtension>
        </extensions>
      </trkpt>
      <trkpt lat="47.3627798818051815032958984375" lon="7.37420587800443172454833984375">
        <ele>418.600006103515625</ele>
        <time>2025-07-22T11:51:41.000Z</time>
        <extensions>
          <ns3:TrackPointExtension>
            <ns3:atemp>26.0</ns3:atemp>
          </ns3:TrackPointExtension>
        </extensions>
      </trkpt>
      <trkpt lat="47.36300677992403507232666015625" lon="7.37404930405318737030029296875">
        <ele>418.399993896484375</ele>
        <time>2025-07-22T11:51:44.000Z</time>
        <extensions>
          <ns3:TrackPointExtension>
            <ns3:atemp>26.0</ns3:atemp>
          </ns3:TrackPointExtension>
        </extensions>
      </trkpt>
      <trkpt lat="47.36312462948262691497802734375" lon="7.373844198882579803466796875">
        <ele>418.399993896484375</ele>
        <time>2025-07-22T11:51:46.000Z</time>
        <extensions>
          <ns3:TrackPointExtension>
            <ns3:atemp>26.0</ns3:atemp>
          </ns3:TrackPointExtension>
        </extensions>
      </trkpt>
      <trkpt lat="47.36320392228662967681884765625" lon="7.3733411170542240142822265625">
        <ele>417.79998779296875</ele>
        <time>2025-07-22T11:51:50.000Z</time>
        <extensions>
          <ns3:TrackPointExtension>
            <ns3:atemp>26.0</ns3:atemp>
          </ns3:TrackPointExtension>
        </extensions>
      </trkpt>
      <trkpt lat="47.3632237873971462249755859375" lon="7.37321798689663410186767578125">
        <ele>417.399993896484375</ele>
        <time>2025-07-22T11:51:51.000Z</time>
        <extensions>
          <ns3:TrackPointExtension>
            <ns3:atemp>26.0</ns3:atemp>
          </ns3:TrackPointExtension>
        </extensions>
      </trkpt>
      <trkpt lat="47.36324566416442394256591796875" lon="7.3730886541306972503662109375">
        <ele>416.399993896484375</ele>
        <time>2025-07-22T11:51:52.000Z</time>
        <extensions>
          <ns3:TrackPointExtension>
            <ns3:atemp>26.0</ns3:atemp>
          </ns3:TrackPointExtension>
        </extensions>
      </trkpt>
      <trkpt lat="47.36328992061316967010498046875" lon="7.37283267080783843994140625">
        <ele>415.20001220703125</ele>
        <time>2025-07-22T11:51:54.000Z</time>
        <extensions>
          <ns3:TrackPointExtension>
            <ns3:atemp>26.0</ns3:atemp>
          </ns3:TrackPointExtension>
        </extensions>
      </trkpt>
      <trkpt lat="47.36335244961082935333251953125" lon="7.37246696837246417999267578125">
        <ele>414.399993896484375</ele>
        <time>2025-07-22T11:51:57.000Z</time>
        <extensions>
          <ns3:TrackPointExtension>
            <ns3:atemp>26.0</ns3:atemp>
          </ns3:TrackPointExtension>
        </extensions>
      </trkpt>
      <trkpt lat="47.363422773778438568115234375" lon="7.37225172109901905059814453125">
        <ele>414.399993896484375</ele>
        <time>2025-07-22T11:51:59.000Z</time>
        <extensions>
          <ns3:TrackPointExtension>
            <ns3:atemp>26.0</ns3:atemp>
          </ns3:TrackPointExtension>
        </extensions>
      </trkpt>
      <trkpt lat="47.3635089397430419921875" lon="7.3720590211451053619384765625">
        <ele>414.20001220703125</ele>
        <time>2025-07-22T11:52:01.000Z</time>
        <extensions>
          <ns3:TrackPointExtension>
            <ns3:atemp>26.0</ns3:atemp>
          </ns3:TrackPointExtension>
        </extensions>
      </trkpt>
      <trkpt lat="47.3636479116976261138916015625" lon="7.3717401735484600067138671875">
        <ele>414.399993896484375</ele>
        <time>2025-07-22T11:52:04.000Z</time>
        <extensions>
          <ns3:TrackPointExtension>
            <ns3:atemp>26.0</ns3:atemp>
          </ns3:TrackPointExtension>
        </extensions>
      </trkpt>
      <trkpt lat="47.36377389170229434967041015625" lon="7.37154328264296054840087890625">
        <ele>414.399993896484375</ele>
        <time>2025-07-22T11:52:06.000Z</time>
        <extensions>
          <ns3:TrackPointExtension>
            <ns3:atemp>26.0</ns3:atemp>
          </ns3:TrackPointExtension>
        </extensions>
      </trkpt>
      <trkpt lat="47.36396449618041515350341796875" lon="7.37128478474915027618408203125">
        <ele>414.20001220703125</ele>
        <time>2025-07-22T11:52:09.000Z</time>
        <extensions>
          <ns3:TrackPointExtension>
            <ns3:atemp>26.0</ns3:atemp>
          </ns3:TrackPointExtension>
        </extensions>
      </trkpt>
      <trkpt lat="47.36403306014835834503173828125" lon="7.3712107725441455841064453125">
        <ele>414</ele>
        <time>2025-07-22T11:52:10.000Z</time>
        <extensions>
          <ns3:TrackPointExtension>
            <ns3:atemp>26.0</ns3:atemp>
          </ns3:TrackPointExtension>
        </extensions>
      </trkpt>
      <trkpt lat="47.3641065694391727447509765625" lon="7.37114698626101016998291015625">
        <ele>413.600006103515625</ele>
        <time>2025-07-22T11:52:11.000Z</time>
        <extensions>
          <ns3:TrackPointExtension>
            <ns3:atemp>26.0</ns3:atemp>
          </ns3:TrackPointExtension>
        </extensions>
      </trkpt>
      <trkpt lat="47.36432793550193309783935546875" lon="7.370988987386226654052734375">
        <ele>413.20001220703125</ele>
        <time>2025-07-22T11:52:14.000Z</time>
        <extensions>
          <ns3:TrackPointExtension>
            <ns3:atemp>26.0</ns3:atemp>
          </ns3:TrackPointExtension>
        </extensions>
      </trkpt>
      <trkpt lat="47.3644056357443332672119140625" lon="7.37096375785768032073974609375">
        <ele>413.20001220703125</ele>
        <time>2025-07-22T11:52:15.000Z</time>
        <extensions>
          <ns3:TrackPointExtension>
            <ns3:atemp>26.0</ns3:atemp>
          </ns3:TrackPointExtension>
        </extensions>
      </trkpt>
      <trkpt lat="47.36448098905384540557861328125" lon="7.37095705233514308929443359375">
        <ele>413.20001220703125</ele>
        <time>2025-07-22T11:52:16.000Z</time>
        <extensions>
          <ns3:TrackPointExtension>
            <ns3:atemp>26.0</ns3:atemp>
          </ns3:TrackPointExtension>
        </extensions>
      </trkpt>
      <trkpt lat="47.36462138593196868896484375" lon="7.37101488746702671051025390625">
        <ele>413</ele>
        <time>2025-07-22T11:52:18.000Z</time>
        <extensions>
          <ns3:TrackPointExtension>
            <ns3:atemp>26.0</ns3:atemp>
          </ns3:TrackPointExtension>
        </extensions>
      </trkpt>
      <trkpt lat="47.3649883456528186798095703125" lon="7.3712838627398014068603515625">
        <ele>413.399993896484375</ele>
        <time>2025-07-22T11:52:23.000Z</time>
        <extensions>
          <ns3:TrackPointExtension>
            <ns3:atemp>26.0</ns3:atemp>
          </ns3:TrackPointExtension>
        </extensions>
      </trkpt>
      <trkpt lat="47.36527182161808013916015625" lon="7.371486537158489227294921875">
        <ele>413.79998779296875</ele>
        <time>2025-07-22T11:52:27.000Z</time>
        <extensions>
          <ns3:TrackPointExtension>
            <ns3:atemp>26.0</ns3:atemp>
          </ns3:TrackPointExtension>
        </extensions>
      </trkpt>
      <trkpt lat="47.36539461649954319000244140625" lon="7.3716234974563121795654296875">
        <ele>413.79998779296875</ele>
        <time>2025-07-22T11:52:29.000Z</time>
        <extensions>
          <ns3:TrackPointExtension>
            <ns3:atemp>26.0</ns3:atemp>
          </ns3:TrackPointExtension>
        </extensions>
      </trkpt>
      <trkpt lat="47.3655836284160614013671875" lon="7.37178266979753971099853515625">
        <ele>414</ele>
        <time>2025-07-22T11:52:32.000Z</time>
        <extensions>
          <ns3:TrackPointExtension>
            <ns3:atemp>26.0</ns3:atemp>
          </ns3:TrackPointExtension>
        </extensions>
      </trkpt>
      <trkpt lat="47.3656531982123851776123046875" lon="7.3718087375164031982421875">
        <ele>414</ele>
        <time>2025-07-22T11:52:33.000Z</time>
        <extensions>
          <ns3:TrackPointExtension>
            <ns3:atemp>26.0</ns3:atemp>
          </ns3:TrackPointExtension>
        </extensions>
      </trkpt>
      <trkpt lat="47.365723438560962677001953125" lon="7.37182491458952426910400390625">
        <ele>414</ele>
        <time>2025-07-22T11:52:34.000Z</time>
        <extensions>
          <ns3:TrackPointExtension>
            <ns3:atemp>26.0</ns3:atemp>
          </ns3:TrackPointExtension>
        </extensions>
      </trkpt>
      <trkpt lat="47.36601789481937885284423828125" lon="7.3718045465648174285888671875">
        <ele>414</ele>
        <time>2025-07-22T11:52:38.000Z</time>
        <extensions>
          <ns3:TrackPointExtension>
            <ns3:atemp>26.0</ns3:atemp>
          </ns3:TrackPointExtension>
        </extensions>
      </trkpt>
      <trkpt lat="47.36624420620501041412353515625" lon="7.3717555962502956390380859375">
        <ele>414.399993896484375</ele>
        <time>2025-07-22T11:52:41.000Z</time>
        <extensions>
          <ns3:TrackPointExtension>
            <ns3:atemp>26.0</ns3:atemp>
          </ns3:TrackPointExtension>
        </extensions>
      </trkpt>
      <trkpt lat="47.3664722777903079986572265625" lon="7.3717136867344379425048828125">
        <ele>414.600006103515625</ele>
        <time>2025-07-22T11:52:44.000Z</time>
        <extensions>
          <ns3:TrackPointExtension>
            <ns3:atemp>26.0</ns3:atemp>
          </ns3:TrackPointExtension>
        </extensions>
      </trkpt>
      <trkpt lat="47.3667076416313648223876953125" lon="7.3716620542109012603759765625">
        <ele>414.79998779296875</ele>
        <time>2025-07-22T11:52:47.000Z</time>
        <extensions>
          <ns3:TrackPointExtension>
            <ns3:atemp>26.0</ns3:atemp>
          </ns3:TrackPointExtension>
        </extensions>
      </trkpt>
      <trkpt lat="47.3668585158884525299072265625" lon="7.3715869523584842681884765625">
        <ele>414.79998779296875</ele>
        <time>2025-07-22T11:52:49.000Z</time>
        <extensions>
          <ns3:TrackPointExtension>
            <ns3:atemp>26.0</ns3:atemp>
          </ns3:TrackPointExtension>
        </extensions>
      </trkpt>
      <trkpt lat="47.36728892661631107330322265625" lon="7.37124958075582981109619140625">
        <ele>415.20001220703125</ele>
        <time>2025-07-22T11:52:55.000Z</time>
        <extensions>
          <ns3:TrackPointExtension>
            <ns3:atemp>26.0</ns3:atemp>
          </ns3:TrackPointExtension>
        </extensions>
      </trkpt>
      <trkpt lat="47.36755714751780033111572265625" lon="7.370980270206928253173828125">
        <ele>415.600006103515625</ele>
        <time>2025-07-22T11:52:59.000Z</time>
        <extensions>
          <ns3:TrackPointExtension>
            <ns3:atemp>26.0</ns3:atemp>
          </ns3:TrackPointExtension>
        </extensions>
      </trkpt>
      <trkpt lat="47.3676221072673797607421875" lon="7.37090407870709896087646484375">
        <ele>415.600006103515625</ele>
        <time>2025-07-22T11:53:00.000Z</time>
        <extensions>
          <ns3:TrackPointExtension>
            <ns3:atemp>26.0</ns3:atemp>
          </ns3:TrackPointExtension>
        </extensions>
      </trkpt>
      <trkpt lat="47.3680913262069225311279296875" lon="7.37040535546839237213134765625">
        <ele>416</ele>
        <time>2025-07-22T11:53:07.000Z</time>
        <extensions>
          <ns3:TrackPointExtension>
            <ns3:atemp>26.0</ns3:atemp>
          </ns3:TrackPointExtension>
        </extensions>
      </trkpt>
      <trkpt lat="47.3681530170142650604248046875" lon="7.370329834520816802978515625">
        <ele>416</ele>
        <time>2025-07-22T11:53:08.000Z</time>
        <extensions>
          <ns3:TrackPointExtension>
            <ns3:atemp>26.0</ns3:atemp>
          </ns3:TrackPointExtension>
        </extensions>
      </trkpt>
      <trkpt lat="47.36821043305099010467529296875" lon="7.37024811096489429473876953125">
        <ele>416</ele>
        <time>2025-07-22T11:53:09.000Z</time>
        <extensions>
          <ns3:TrackPointExtension>
            <ns3:atemp>26.0</ns3:atemp>
          </ns3:TrackPointExtension>
        </extensions>
      </trkpt>
      <trkpt lat="47.3683002032339572906494140625" lon="7.37005046568810939788818359375">
        <ele>416</ele>
        <time>2025-07-22T11:53:11.000Z</time>
        <extensions>
          <ns3:TrackPointExtension>
            <ns3:atemp>26.0</ns3:atemp>
          </ns3:TrackPointExtension>
        </extensions>
      </trkpt>
      <trkpt lat="47.3684530891478061676025390625" lon="7.36948686651885509490966796875">
        <ele>416</ele>
        <time>2025-07-22T11:53:16.000Z</time>
        <extensions>
          <ns3:TrackPointExtension>
            <ns3:atemp>26.0</ns3:atemp>
          </ns3:TrackPointExtension>
        </extensions>
      </trkpt>
      <trkpt lat="47.36849206499755382537841796875" lon="7.36938678659498691558837890625">
        <ele>416</ele>
        <time>2025-07-22T11:53:17.000Z</time>
        <extensions>
          <ns3:TrackPointExtension>
            <ns3:atemp>26.0</ns3:atemp>
          </ns3:TrackPointExtension>
        </extensions>
      </trkpt>
      <trkpt lat="47.36863656900823116302490234375" lon="7.36912728287279605865478515625">
        <ele>416.20001220703125</ele>
        <time>2025-07-22T11:53:20.000Z</time>
        <extensions>
          <ns3:TrackPointExtension>
            <ns3:atemp>26.0</ns3:atemp>
          </ns3:TrackPointExtension>
        </extensions>
      </trkpt>
      <trkpt lat="47.36892205663025379180908203125" lon="7.36858530901372432708740234375">
        <ele>416.399993896484375</ele>
        <time>2025-07-22T11:53:26.000Z</time>
        <extensions>
          <ns3:TrackPointExtension>
            <ns3:atemp>26.0</ns3:atemp>
          </ns3:TrackPointExtension>
        </extensions>
      </trkpt>
      <trkpt lat="47.36932287923991680145263671875" lon="7.36789162270724773406982421875">
        <ele>416.399993896484375</ele>
        <time>2025-07-22T11:53:33.000Z</time>
        <extensions>
          <ns3:TrackPointExtension>
            <ns3:atemp>26.0</ns3:atemp>
          </ns3:TrackPointExtension>
        </extensions>
      </trkpt>
      <trkpt lat="47.369591854512691497802734375" lon="7.36747370101511478424072265625">
        <ele>414.399993896484375</ele>
        <time>2025-07-22T11:53:37.000Z</time>
        <extensions>
          <ns3:TrackPointExtension>
            <ns3:atemp>26.0</ns3:atemp>
          </ns3:TrackPointExtension>
        </extensions>
      </trkpt>
      <trkpt lat="47.3696547187864780426025390625" lon="7.367351911962032318115234375">
        <ele>414</ele>
        <time>2025-07-22T11:53:38.000Z</time>
        <extensions>
          <ns3:TrackPointExtension>
            <ns3:atemp>26.0</ns3:atemp>
          </ns3:TrackPointExtension>
        </extensions>
      </trkpt>
      <trkpt lat="47.36971213482320308685302734375" lon="7.36723246984183788299560546875">
        <ele>413.399993896484375</ele>
        <time>2025-07-22T11:53:39.000Z</time>
        <extensions>
          <ns3:TrackPointExtension>
            <ns3:atemp>26.0</ns3:atemp>
          </ns3:TrackPointExtension>
        </extensions>
      </trkpt>
      <trkpt lat="47.36981590278446674346923828125" lon="7.36700154840946197509765625">
        <ele>412</ele>
        <time>2025-07-22T11:53:41.000Z</time>
        <extensions>
          <ns3:TrackPointExtension>
            <ns3:atemp>25.0</ns3:atemp>
          </ns3:TrackPointExtension>
        </extensions>
      </trkpt>
      <trkpt lat="47.369861416518688201904296875" lon="7.366885207593441009521484375">
        <ele>411.79998779296875</ele>
        <time>2025-07-22T11:53:42.000Z</time>
        <extensions>
          <ns3:TrackPointExtension>
            <ns3:atemp>25.0</ns3:atemp>
          </ns3:TrackPointExtension>
        </extensions>
      </trkpt>
      <trkpt lat="47.3699423857033252716064453125" lon="7.3666402883827686309814453125">
        <ele>411.20001220703125</ele>
        <time>2025-07-22T11:53:44.000Z</time>
        <extensions>
          <ns3:TrackPointExtension>
            <ns3:atemp>25.0</ns3:atemp>
          </ns3:TrackPointExtension>
        </extensions>
      </trkpt>
      <trkpt lat="47.3699796013534069061279296875" lon="7.3665199242532253265380859375">
        <ele>411</ele>
        <time>2025-07-22T11:53:45.000Z</time>
        <extensions>
          <ns3:TrackPointExtension>
            <ns3:atemp>25.0</ns3:atemp>
          </ns3:TrackPointExtension>
        </extensions>
      </trkpt>
      <trkpt lat="47.3702005483210086822509765625" lon="7.36567318439483642578125">
        <ele>410.399993896484375</ele>
        <time>2025-07-22T11:53:52.000Z</time>
        <extensions>
          <ns3:TrackPointExtension>
            <ns3:atemp>25.0</ns3:atemp>
          </ns3:TrackPointExtension>
        </extensions>
      </trkpt>
      <trkpt lat="47.37030657939612865447998046875" lon="7.365338914096355438232421875">
        <ele>410</ele>
        <time>2025-07-22T11:53:55.000Z</time>
        <extensions>
          <ns3:TrackPointExtension>
            <ns3:atemp>25.0</ns3:atemp>
          </ns3:TrackPointExtension>
        </extensions>
      </trkpt>
      <trkpt lat="47.370411939918994903564453125" lon="7.36515543423593044281005859375">
        <ele>410</ele>
        <time>2025-07-22T11:53:57.000Z</time>
        <extensions>
          <ns3:TrackPointExtension>
            <ns3:atemp>25.0</ns3:atemp>
          </ns3:TrackPointExtension>
        </extensions>
      </trkpt>
      <trkpt lat="47.37055216915905475616455078125" lon="7.365034483373165130615234375">
        <ele>410</ele>
        <time>2025-07-22T11:53:59.000Z</time>
        <extensions>
          <ns3:TrackPointExtension>
            <ns3:atemp>25.0</ns3:atemp>
          </ns3:TrackPointExtension>
        </extensions>
      </trkpt>
      <trkpt lat="47.37062148749828338623046875" lon="7.36498595215380191802978515625">
        <ele>410</ele>
        <time>2025-07-22T11:54:00.000Z</time>
        <extensions>
          <ns3:TrackPointExtension>
            <ns3:atemp>25.0</ns3:atemp>
          </ns3:TrackPointExtension>
        </extensions>
      </trkpt>
      <trkpt lat="47.37067806534469127655029296875" lon="7.3649270273745059967041015625">
        <ele>409.79998779296875</ele>
        <time>2025-07-22T11:54:01.000Z</time>
        <extensions>
          <ns3:TrackPointExtension>
            <ns3:atemp>25.0</ns3:atemp>
          </ns3:TrackPointExtension>
        </extensions>
      </trkpt>
      <trkpt lat="47.37075165845453739166259765625" lon="7.36476458609104156494140625">
        <ele>409.79998779296875</ele>
        <time>2025-07-22T11:54:03.000Z</time>
        <extensions>
          <ns3:TrackPointExtension>
            <ns3:atemp>25.0</ns3:atemp>
          </ns3:TrackPointExtension>
        </extensions>
      </trkpt>
      <trkpt lat="47.3708573542535305023193359375" lon="7.3643741570413112640380859375">
        <ele>410</ele>
        <time>2025-07-22T11:54:07.000Z</time>
        <extensions>
          <ns3:TrackPointExtension>
            <ns3:atemp>25.0</ns3:atemp>
          </ns3:TrackPointExtension>
        </extensions>
      </trkpt>
      <trkpt lat="47.3708731122314929962158203125" lon="7.36427701078355312347412109375">
        <ele>410.20001220703125</ele>
        <time>2025-07-22T11:54:08.000Z</time>
        <extensions>
          <ns3:TrackPointExtension>
            <ns3:atemp>25.0</ns3:atemp>
          </ns3:TrackPointExtension>
        </extensions>
      </trkpt>
      <trkpt lat="47.3708828352391719818115234375" lon="7.36417584121227264404296875">
        <ele>410.399993896484375</ele>
        <time>2025-07-22T11:54:09.000Z</time>
        <extensions>
          <ns3:TrackPointExtension>
            <ns3:atemp>25.0</ns3:atemp>
          </ns3:TrackPointExtension>
        </extensions>
      </trkpt>
      <trkpt lat="47.37090169452130794525146484375" lon="7.36384383402764797210693359375">
        <ele>410.600006103515625</ele>
        <time>2025-07-22T11:54:12.000Z</time>
        <extensions>
          <ns3:TrackPointExtension>
            <ns3:atemp>25.0</ns3:atemp>
          </ns3:TrackPointExtension>
        </extensions>
      </trkpt>
      <trkpt lat="47.3709529079496860504150390625" lon="7.36333119682967662811279296875">
        <ele>410.399993896484375</ele>
        <time>2025-07-22T11:54:16.000Z</time>
        <extensions>
          <ns3:TrackPointExtension>
            <ns3:atemp>25.0</ns3:atemp>
          </ns3:TrackPointExtension>
        </extensions>
      </trkpt>
      <trkpt lat="47.370969168841838836669921875" lon="7.36306716687977313995361328125">
        <ele>410.20001220703125</ele>
        <time>2025-07-22T11:54:18.000Z</time>
        <extensions>
          <ns3:TrackPointExtension>
            <ns3:atemp>25.0</ns3:atemp>
          </ns3:TrackPointExtension>
        </extensions>
      </trkpt>
      <trkpt lat="47.37098702229559421539306640625" lon="7.36282912082970142364501953125">
        <ele>410</ele>
        <time>2025-07-22T11:54:20.000Z</time>
        <extensions>
          <ns3:TrackPointExtension>
            <ns3:atemp>25.0</ns3:atemp>
          </ns3:TrackPointExtension>
        </extensions>
      </trkpt>
      <trkpt lat="47.37103446386754512786865234375" lon="7.36237348057329654693603515625">
        <ele>409.79998779296875</ele>
        <time>2025-07-22T11:54:24.000Z</time>
        <extensions>
          <ns3:TrackPointExtension>
            <ns3:atemp>25.0</ns3:atemp>
          </ns3:TrackPointExtension>
        </extensions>
      </trkpt>
      <trkpt lat="47.37110084854066371917724609375" lon="7.3617517948150634765625">
        <ele>410</ele>
        <time>2025-07-22T11:54:29.000Z</time>
        <extensions>
          <ns3:TrackPointExtension>
            <ns3:atemp>25.0</ns3:atemp>
          </ns3:TrackPointExtension>
        </extensions>
      </trkpt>
      <trkpt lat="47.37113068811595439910888671875" lon="7.3616379685699939727783203125">
        <ele>410</ele>
        <time>2025-07-22T11:54:30.000Z</time>
        <extensions>
          <ns3:TrackPointExtension>
            <ns3:atemp>25.0</ns3:atemp>
          </ns3:TrackPointExtension>
        </extensions>
      </trkpt>
      <trkpt lat="47.3711550794541835784912109375" lon="7.36154886893928050994873046875">
        <ele>409.79998779296875</ele>
        <time>2025-07-22T11:54:31.000Z</time>
        <extensions>
          <ns3:TrackPointExtension>
            <ns3:atemp>25.0</ns3:atemp>
          </ns3:TrackPointExtension>
        </extensions>
      </trkpt>
      <trkpt lat="47.371215932071208953857421875" lon="7.3614250682294368743896484375">
        <ele>410</ele>
        <time>2025-07-22T11:54:33.000Z</time>
        <extensions>
          <ns3:TrackPointExtension>
            <ns3:atemp>25.0</ns3:atemp>
          </ns3:TrackPointExtension>
        </extensions>
      </trkpt>
      <trkpt lat="47.3712861724197864532470703125" lon="7.361319623887538909912109375">
        <ele>409.79998779296875</ele>
        <time>2025-07-22T11:54:36.000Z</time>
        <extensions>
          <ns3:TrackPointExtension>
            <ns3:atemp>25.0</ns3:atemp>
          </ns3:TrackPointExtension>
        </extensions>
      </trkpt>
      <trkpt lat="47.37124375998973846435546875" lon="7.36116196028888225555419921875">
        <ele>409.79998779296875</ele>
        <time>2025-07-22T11:54:39.000Z</time>
        <extensions>
          <ns3:TrackPointExtension>
            <ns3:atemp>25.0</ns3:atemp>
          </ns3:TrackPointExtension>
        </extensions>
      </trkpt>
      <trkpt lat="47.37116538919508457183837890625" lon="7.3608232475817203521728515625">
        <ele>409.79998779296875</ele>
        <time>2025-07-22T11:54:44.000Z</time>
        <extensions>
          <ns3:TrackPointExtension>
            <ns3:atemp>25.0</ns3:atemp>
          </ns3:TrackPointExtension>
        </extensions>
      </trkpt>
      <trkpt lat="47.37114761956036090850830078125" lon="7.36065921373665332794189453125">
        <ele>409.79998779296875</ele>
        <time>2025-07-22T11:54:46.000Z</time>
        <extensions>
          <ns3:TrackPointExtension>
            <ns3:atemp>25.0</ns3:atemp>
          </ns3:TrackPointExtension>
        </extensions>
      </trkpt>
      <trkpt lat="47.3711466975510120391845703125" lon="7.36049442552030086517333984375">
        <ele>409.79998779296875</ele>
        <time>2025-07-22T11:54:48.000Z</time>
        <extensions>
          <ns3:TrackPointExtension>
            <ns3:atemp>25.0</ns3:atemp>
          </ns3:TrackPointExtension>
        </extensions>
      </trkpt>
      <trkpt lat="47.3712036944925785064697265625" lon="7.36008740030229091644287109375">
        <ele>409.600006103515625</ele>
        <time>2025-07-22T11:54:53.000Z</time>
        <extensions>
          <ns3:TrackPointExtension>
            <ns3:atemp>25.0</ns3:atemp>
          </ns3:TrackPointExtension>
        </extensions>
      </trkpt>
      <trkpt lat="47.37125314772129058837890625" lon="7.35994557850062847137451171875">
        <ele>409.20001220703125</ele>
        <time>2025-07-22T11:54:56.000Z</time>
        <extensions>
          <ns3:TrackPointExtension>
            <ns3:atemp>25.0</ns3:atemp>
          </ns3:TrackPointExtension>
        </extensions>
      </trkpt>
      <trkpt lat="47.371260188519954681396484375" lon="7.35989478416740894317626953125">
        <ele>409</ele>
        <time>2025-07-22T11:54:57.000Z</time>
        <extensions>
          <ns3:TrackPointExtension>
            <ns3:atemp>25.0</ns3:atemp>
          </ns3:TrackPointExtension>
        </extensions>
      </trkpt>
      <trkpt lat="47.3711919598281383514404296875" lon="7.35973167233169078826904296875">
        <ele>408.79998779296875</ele>
        <time>2025-07-22T11:55:00.000Z</time>
        <extensions>
          <ns3:TrackPointExtension>
            <ns3:atemp>25.0</ns3:atemp>
          </ns3:TrackPointExtension>
        </extensions>
      </trkpt>
      <trkpt lat="47.3711148463189601898193359375" lon="7.35962002538144588470458984375">
        <ele>408.600006103515625</ele>
        <time>2025-07-22T11:55:02.000Z</time>
        <extensions>
          <ns3:TrackPointExtension>
            <ns3:atemp>25.0</ns3:atemp>
          </ns3:TrackPointExtension>
        </extensions>
      </trkpt>
      <trkpt lat="47.37102071754634380340576171875" lon="7.35944299958646297454833984375">
        <ele>408.20001220703125</ele>
        <time>2025-07-22T11:55:04.000Z</time>
        <extensions>
          <ns3:TrackPointExtension>
            <ns3:atemp>25.0</ns3:atemp>
          </ns3:TrackPointExtension>
        </extensions>
      </trkpt>
      <trkpt lat="47.37095366232097148895263671875" lon="7.3592561669647693634033203125">
        <ele>408.20001220703125</ele>
        <time>2025-07-22T11:55:06.000Z</time>
        <extensions>
          <ns3:TrackPointExtension>
            <ns3:atemp>25.0</ns3:atemp>
          </ns3:TrackPointExtension>
        </extensions>
      </trkpt>
      <trkpt lat="47.370930276811122894287109375" lon="7.35915918834507465362548828125">
        <ele>408.20001220703125</ele>
        <time>2025-07-22T11:55:07.000Z</time>
        <extensions>
          <ns3:TrackPointExtension>
            <ns3:atemp>25.0</ns3:atemp>
          </ns3:TrackPointExtension>
        </extensions>
      </trkpt>
      <trkpt lat="47.37088459543883800506591796875" lon="7.358957938849925994873046875">
        <ele>408</ele>
        <time>2025-07-22T11:55:09.000Z</time>
        <extensions>
          <ns3:TrackPointExtension>
            <ns3:atemp>25.0</ns3:atemp>
          </ns3:TrackPointExtension>
        </extensions>
      </trkpt>
      <trkpt lat="47.370857857167720794677734375" lon="7.35885475762188434600830078125">
        <ele>407.79998779296875</ele>
        <time>2025-07-22T11:55:10.000Z</time>
        <extensions>
          <ns3:TrackPointExtension>
            <ns3:atemp>25.0</ns3:atemp>
          </ns3:TrackPointExtension>
        </extensions>
      </trkpt>
      <trkpt lat="47.3707624711096286773681640625" lon="7.35845066606998443603515625">
        <ele>407.79998779296875</ele>
        <time>2025-07-22T11:55:14.000Z</time>
        <extensions>
          <ns3:TrackPointExtension>
            <ns3:atemp>25.0</ns3:atemp>
          </ns3:TrackPointExtension>
        </extensions>
      </trkpt>
      <trkpt lat="47.3705730400979518890380859375" lon="7.35774197615683078765869140625">
        <ele>407.600006103515625</ele>
        <time>2025-07-22T11:55:21.000Z</time>
        <extensions>
          <ns3:TrackPointExtension>
            <ns3:atemp>25.0</ns3:atemp>
          </ns3:TrackPointExtension>
        </extensions>
      </trkpt>
      <trkpt lat="47.3704627342522144317626953125" lon="7.35747434198856353759765625">
        <ele>407.79998779296875</ele>
        <time>2025-07-22T11:55:24.000Z</time>
        <extensions>
          <ns3:TrackPointExtension>
            <ns3:atemp>25.0</ns3:atemp>
          </ns3:TrackPointExtension>
        </extensions>
      </trkpt>
      <trkpt lat="47.37035552971065044403076171875" lon="7.35727476887404918670654296875">
        <ele>407.79998779296875</ele>
        <time>2025-07-22T11:55:27.000Z</time>
        <extensions>
          <ns3:TrackPointExtension>
            <ns3:atemp>25.0</ns3:atemp>
          </ns3:TrackPointExtension>
        </extensions>
      </trkpt>
      <trkpt lat="47.37032870762050151824951171875" lon="7.3572076298296451568603515625">
        <ele>408.20001220703125</ele>
        <time>2025-07-22T11:55:28.000Z</time>
        <extensions>
          <ns3:TrackPointExtension>
            <ns3:atemp>25.0</ns3:atemp>
          </ns3:TrackPointExtension>
        </extensions>
      </trkpt>
      <trkpt lat="47.370283864438533782958984375" lon="7.357033453881740570068359375">
        <ele>408.399993896484375</ele>
        <time>2025-07-22T11:55:30.000Z</time>
        <extensions>
          <ns3:TrackPointExtension>
            <ns3:atemp>25.0</ns3:atemp>
          </ns3:TrackPointExtension>
        </extensions>
      </trkpt>
      <trkpt lat="47.370269112288951873779296875" lon="7.3569373972713947296142578125">
        <ele>408.600006103515625</ele>
        <time>2025-07-22T11:55:31.000Z</time>
        <extensions>
          <ns3:TrackPointExtension>
            <ns3:atemp>25.0</ns3:atemp>
          </ns3:TrackPointExtension>
        </extensions>
      </trkpt>
      <trkpt lat="47.3701495863497257232666015625" lon="7.35625988803803920745849609375">
        <ele>409</ele>
        <time>2025-07-22T11:55:38.000Z</time>
        <extensions>
          <ns3:TrackPointExtension>
            <ns3:atemp>25.0</ns3:atemp>
          </ns3:TrackPointExtension>
        </extensions>
      </trkpt>
      <trkpt lat="47.3699266277253627777099609375" lon="7.35569595359265804290771484375">
        <ele>409.20001220703125</ele>
        <time>2025-07-22T11:55:44.000Z</time>
        <extensions>
          <ns3:TrackPointExtension>
            <ns3:atemp>25.0</ns3:atemp>
          </ns3:TrackPointExtension>
        </extensions>
      </trkpt>
      <trkpt lat="47.369885556399822235107421875" lon="7.35560609959065914154052734375">
        <ele>409.20001220703125</ele>
        <time>2025-07-22T11:55:45.000Z</time>
        <extensions>
          <ns3:TrackPointExtension>
            <ns3:atemp>25.0</ns3:atemp>
          </ns3:TrackPointExtension>
        </extensions>
      </trkpt>
      <trkpt lat="47.36981414258480072021484375" lon="7.35541440546512603759765625">
        <ele>409.399993896484375</ele>
        <time>2025-07-22T11:55:47.000Z</time>
        <extensions>
          <ns3:TrackPointExtension>
            <ns3:atemp>25.0</ns3:atemp>
          </ns3:TrackPointExtension>
        </extensions>
      </trkpt>
      <trkpt lat="47.36976980231702327728271484375" lon="7.3553280718624591827392578125">
        <ele>409.79998779296875</ele>
        <time>2025-07-22T11:55:48.000Z</time>
        <extensions>
          <ns3:TrackPointExtension>
            <ns3:atemp>25.0</ns3:atemp>
          </ns3:TrackPointExtension>
        </extensions>
      </trkpt>
      <trkpt lat="47.3694988153874874114990234375" lon="7.35481836833059787750244140625">
        <ele>410.79998779296875</ele>
        <time>2025-07-22T11:55:54.000Z</time>
        <extensions>
          <ns3:TrackPointExtension>
            <ns3:atemp>25.0</ns3:atemp>
          </ns3:TrackPointExtension>
        </extensions>
      </trkpt>
      <trkpt lat="47.3694545589387416839599609375" lon="7.3547336272895336151123046875">
        <ele>411</ele>
        <time>2025-07-22T11:55:55.000Z</time>
        <extensions>
          <ns3:TrackPointExtension>
            <ns3:atemp>25.0</ns3:atemp>
          </ns3:TrackPointExtension>
        </extensions>
      </trkpt>
      <trkpt lat="47.36919178627431392669677734375" lon="7.35421738587319850921630859375">
        <ele>411.399993896484375</ele>
        <time>2025-07-22T11:56:01.000Z</time>
        <extensions>
          <ns3:TrackPointExtension>
            <ns3:atemp>26.0</ns3:atemp>
          </ns3:TrackPointExtension>
        </extensions>
      </trkpt>
      <trkpt lat="47.36890914849936962127685546875" lon="7.35385872423648834228515625">
        <ele>412</ele>
        <time>2025-07-22T11:56:06.000Z</time>
        <extensions>
          <ns3:TrackPointExtension>
            <ns3:atemp>26.0</ns3:atemp>
          </ns3:TrackPointExtension>
        </extensions>
      </trkpt>
      <trkpt lat="47.3687913827598094940185546875" lon="7.3537158966064453125">
        <ele>412.20001220703125</ele>
        <time>2025-07-22T11:56:08.000Z</time>
        <extensions>
          <ns3:TrackPointExtension>
            <ns3:atemp>26.0</ns3:atemp>
          </ns3:TrackPointExtension>
        </extensions>
      </trkpt>
      <trkpt lat="47.36842031590640544891357421875" lon="7.35327190719544887542724609375">
        <ele>412.399993896484375</ele>
        <time>2025-07-22T11:56:14.000Z</time>
        <extensions>
          <ns3:TrackPointExtension>
            <ns3:atemp>26.0</ns3:atemp>
          </ns3:TrackPointExtension>
        </extensions>
      </trkpt>
      <trkpt lat="47.3682968504726886749267578125" lon="7.35312488861382007598876953125">
        <ele>413</ele>
        <time>2025-07-22T11:56:16.000Z</time>
        <extensions>
          <ns3:TrackPointExtension>
            <ns3:atemp>26.0</ns3:atemp>
          </ns3:TrackPointExtension>
        </extensions>
      </trkpt>
      <trkpt lat="47.3679327405989170074462890625" lon="7.35264812596142292022705078125">
        <ele>413.79998779296875</ele>
        <time>2025-07-22T11:56:22.000Z</time>
        <extensions>
          <ns3:TrackPointExtension>
            <ns3:atemp>26.0</ns3:atemp>
          </ns3:TrackPointExtension>
        </extensions>
      </trkpt>
      <trkpt lat="47.3677751608192920684814453125" lon="7.35237051732838153839111328125">
        <ele>414</ele>
        <time>2025-07-22T11:56:25.000Z</time>
        <extensions>
          <ns3:TrackPointExtension>
            <ns3:atemp>26.0</ns3:atemp>
          </ns3:TrackPointExtension>
        </extensions>
      </trkpt>
      <trkpt lat="47.3676464147865772247314453125" lon="7.352066002786159515380859375">
        <ele>414.20001220703125</ele>
        <time>2025-07-22T11:56:28.000Z</time>
        <extensions>
          <ns3:TrackPointExtension>
            <ns3:atemp>26.0</ns3:atemp>
          </ns3:TrackPointExtension>
        </extensions>
      </trkpt>
      <trkpt lat="47.3674998991191387176513671875" lon="7.35152520239353179931640625">
        <ele>414.79998779296875</ele>
        <time>2025-07-22T11:56:33.000Z</time>
        <extensions>
          <ns3:TrackPointExtension>
            <ns3:atemp>26.0</ns3:atemp>
          </ns3:TrackPointExtension>
        </extensions>
      </trkpt>
      <trkpt lat="47.3674040101468563079833984375" lon="7.3508789576590061187744140625">
        <ele>415</ele>
        <time>2025-07-22T11:56:39.000Z</time>
        <extensions>
          <ns3:TrackPointExtension>
            <ns3:atemp>26.0</ns3:atemp>
          </ns3:TrackPointExtension>
        </extensions>
      </trkpt>
      <trkpt lat="47.36733418889343738555908203125" lon="7.3502426035702228546142578125">
        <ele>414.79998779296875</ele>
        <time>2025-07-22T11:56:45.000Z</time>
        <extensions>
          <ns3:TrackPointExtension>
            <ns3:atemp>26.0</ns3:atemp>
          </ns3:TrackPointExtension>
        </extensions>
      </trkpt>
      <trkpt lat="47.3673222027719020843505859375" lon="7.35014193691313266754150390625">
        <ele>414.79998779296875</ele>
        <time>2025-07-22T11:56:46.000Z</time>
        <extensions>
          <ns3:TrackPointExtension>
            <ns3:atemp>26.0</ns3:atemp>
          </ns3:TrackPointExtension>
        </extensions>
      </trkpt>
      <trkpt lat="47.36719974316656589508056640625" lon="7.34940583817660808563232421875">
        <ele>415.399993896484375</ele>
        <time>2025-07-22T11:56:53.000Z</time>
        <extensions>
          <ns3:TrackPointExtension>
            <ns3:atemp>26.0</ns3:atemp>
          </ns3:TrackPointExtension>
        </extensions>
      </trkpt>
      <trkpt lat="47.36708901822566986083984375" lon="7.3488978110253810882568359375">
        <ele>416.600006103515625</ele>
        <time>2025-07-22T11:56:58.000Z</time>
        <extensions>
          <ns3:TrackPointExtension>
            <ns3:atemp>26.0</ns3:atemp>
          </ns3:TrackPointExtension>
        </extensions>
      </trkpt>
      <trkpt lat="47.3669684864580631256103515625" lon="7.34839011915028095245361328125">
        <ele>417.399993896484375</ele>
        <time>2025-07-22T11:57:03.000Z</time>
        <extensions>
          <ns3:TrackPointExtension>
            <ns3:atemp>26.0</ns3:atemp>
          </ns3:TrackPointExtension>
        </extensions>
      </trkpt>
      <trkpt lat="47.36690528690814971923828125" lon="7.3480971716344356536865234375">
        <ele>417.600006103515625</ele>
        <time>2025-07-22T11:57:06.000Z</time>
        <extensions>
          <ns3:TrackPointExtension>
            <ns3:atemp>26.0</ns3:atemp>
          </ns3:TrackPointExtension>
        </extensions>
      </trkpt>
      <trkpt lat="47.36681870184838771820068359375" lon="7.34781193546950817108154296875">
        <ele>418</ele>
        <time>2025-07-22T11:57:09.000Z</time>
        <extensions>
          <ns3:TrackPointExtension>
            <ns3:atemp>26.0</ns3:atemp>
          </ns3:TrackPointExtension>
        </extensions>
      </trkpt>
      <trkpt lat="47.36678659915924072265625" lon="7.34771738760173320770263671875">
        <ele>418</ele>
        <time>2025-07-22T11:57:10.000Z</time>
        <extensions>
          <ns3:TrackPointExtension>
            <ns3:atemp>26.0</ns3:atemp>
          </ns3:TrackPointExtension>
        </extensions>
      </trkpt>
      <trkpt lat="47.3666637204587459564208984375" lon="7.34733986668288707733154296875">
        <ele>418.20001220703125</ele>
        <time>2025-07-22T11:57:14.000Z</time>
        <extensions>
          <ns3:TrackPointExtension>
            <ns3:atemp>26.0</ns3:atemp>
          </ns3:TrackPointExtension>
        </extensions>
      </trkpt>
      <trkpt lat="47.36641176044940948486328125" lon="7.3465964756906032562255859375">
        <ele>418.600006103515625</ele>
        <time>2025-07-22T11:57:22.000Z</time>
        <extensions>
          <ns3:TrackPointExtension>
            <ns3:atemp>26.0</ns3:atemp>
          </ns3:TrackPointExtension>
        </extensions>
      </trkpt>
      <trkpt lat="47.36638435162603855133056640625" lon="7.346509806811809539794921875">
        <ele>418.79998779296875</ele>
        <time>2025-07-22T11:57:23.000Z</time>
        <extensions>
          <ns3:TrackPointExtension>
            <ns3:atemp>26.0</ns3:atemp>
          </ns3:TrackPointExtension>
        </extensions>
      </trkpt>
      <trkpt lat="47.3661909811198711395263671875" lon="7.34591142274439334869384765625">
        <ele>420.20001220703125</ele>
        <time>2025-07-22T11:57:30.000Z</time>
        <extensions>
          <ns3:TrackPointExtension>
            <ns3:atemp>26.0</ns3:atemp>
          </ns3:TrackPointExtension>
        </extensions>
      </trkpt>
      <trkpt lat="47.3661591298878192901611328125" lon="7.3458260111510753631591796875">
        <ele>420.399993896484375</ele>
        <time>2025-07-22T11:57:31.000Z</time>
        <extensions>
          <ns3:TrackPointExtension>
            <ns3:atemp>27.0</ns3:atemp>
          </ns3:TrackPointExtension>
        </extensions>
      </trkpt>
      <trkpt lat="47.36612283624708652496337890625" lon="7.34574797563254833221435546875">
        <ele>420.600006103515625</ele>
        <time>2025-07-22T11:57:32.000Z</time>
        <extensions>
          <ns3:TrackPointExtension>
            <ns3:atemp>27.0</ns3:atemp>
          </ns3:TrackPointExtension>
        </extensions>
      </trkpt>
      <trkpt lat="47.3660411126911640167236328125" lon="7.34560615383088588714599609375">
        <ele>421.20001220703125</ele>
        <time>2025-07-22T11:57:34.000Z</time>
        <extensions>
          <ns3:TrackPointExtension>
            <ns3:atemp>27.0</ns3:atemp>
          </ns3:TrackPointExtension>
        </extensions>
      </trkpt>
      <trkpt lat="47.3659980297088623046875" lon="7.34553792513906955718994140625">
        <ele>421.399993896484375</ele>
        <time>2025-07-22T11:57:35.000Z</time>
        <extensions>
          <ns3:TrackPointExtension>
            <ns3:atemp>27.0</ns3:atemp>
          </ns3:TrackPointExtension>
        </extensions>
      </trkpt>
      <trkpt lat="47.36583952791988849639892578125" lon="7.34528370201587677001953125">
        <ele>422.20001220703125</ele>
        <time>2025-07-22T11:57:39.000Z</time>
        <extensions>
          <ns3:TrackPointExtension>
            <ns3:atemp>27.0</ns3:atemp>
          </ns3:TrackPointExtension>
        </extensions>
      </trkpt>
      <trkpt lat="47.365838102996349334716796875" lon="7.34522477723658084869384765625">
        <ele>422.399993896484375</ele>
        <time>2025-07-22T11:57:40.000Z</time>
        <extensions>
          <ns3:TrackPointExtension>
            <ns3:atemp>27.0</ns3:atemp>
          </ns3:TrackPointExtension>
        </extensions>
      </trkpt>
      <trkpt lat="47.36586391925811767578125" lon="7.3451849631965160369873046875">
        <ele>422.79998779296875</ele>
        <time>2025-07-22T11:57:41.000Z</time>
        <extensions>
          <ns3:TrackPointExtension>
            <ns3:atemp>27.0</ns3:atemp>
          </ns3:TrackPointExtension>
        </extensions>
      </trkpt>
      <trkpt lat="47.365907840430736541748046875" lon="7.3451648466289043426513671875">
        <ele>422.79998779296875</ele>
        <time>2025-07-22T11:57:42.000Z</time>
        <extensions>
          <ns3:TrackPointExtension>
            <ns3:atemp>27.0</ns3:atemp>
          </ns3:TrackPointExtension>
        </extensions>
      </trkpt>
      <trkpt lat="47.36596022732555866241455078125" lon="7.3451480828225612640380859375">
        <ele>423.20001220703125</ele>
        <time>2025-07-22T11:57:43.000Z</time>
        <extensions>
          <ns3:TrackPointExtension>
            <ns3:atemp>27.0</ns3:atemp>
          </ns3:TrackPointExtension>
        </extensions>
      </trkpt>
      <trkpt lat="47.366017140448093414306640625" lon="7.34513509087264537811279296875">
        <ele>423.399993896484375</ele>
        <time>2025-07-22T11:57:44.000Z</time>
        <extensions>
          <ns3:TrackPointExtension>
            <ns3:atemp>27.0</ns3:atemp>
          </ns3:TrackPointExtension>
        </extensions>
      </trkpt>
      <trkpt lat="47.36613742075860500335693359375" lon="7.34510575421154499053955078125">
        <ele>424.600006103515625</ele>
        <time>2025-07-22T11:57:46.000Z</time>
        <extensions>
          <ns3:TrackPointExtension>
            <ns3:atemp>27.0</ns3:atemp>
          </ns3:TrackPointExtension>
        </extensions>
      </trkpt>
      <trkpt lat="47.36625275574624538421630859375" lon="7.34506652690470218658447265625">
        <ele>425.399993896484375</ele>
        <time>2025-07-22T11:57:48.000Z</time>
        <extensions>
          <ns3:TrackPointExtension>
            <ns3:atemp>27.0</ns3:atemp>
          </ns3:TrackPointExtension>
        </extensions>
      </trkpt>
      <trkpt lat="47.3663046397268772125244140625" lon="7.3450361005961894989013671875">
        <ele>425.600006103515625</ele>
        <time>2025-07-22T11:57:49.000Z</time>
        <extensions>
          <ns3:TrackPointExtension>
            <ns3:atemp>27.0</ns3:atemp>
          </ns3:TrackPointExtension>
        </extensions>
      </trkpt>
      <trkpt lat="47.3663995228707790374755859375" lon="7.3449559696018695831298828125">
        <ele>426.20001220703125</ele>
        <time>2025-07-22T11:57:51.000Z</time>
        <extensions>
          <ns3:TrackPointExtension>
            <ns3:atemp>27.0</ns3:atemp>
          </ns3:TrackPointExtension>
        </extensions>
      </trkpt>
      <trkpt lat="47.366494238376617431640625" lon="7.344866953790187835693359375">
        <ele>426.79998779296875</ele>
        <time>2025-07-22T11:57:53.000Z</time>
        <extensions>
          <ns3:TrackPointExtension>
            <ns3:atemp>27.0</ns3:atemp>
          </ns3:TrackPointExtension>
        </extensions>
      </trkpt>
      <trkpt lat="47.3666144348680973052978515625" lon="7.3447504453361034393310546875">
        <ele>428</ele>
        <time>2025-07-22T11:57:56.000Z</time>
        <extensions>
          <ns3:TrackPointExtension>
            <ns3:atemp>27.0</ns3:atemp>
          </ns3:TrackPointExtension>
        </extensions>
      </trkpt>
      <trkpt lat="47.3666596971452236175537109375" lon="7.344711720943450927734375">
        <ele>428.20001220703125</ele>
        <time>2025-07-22T11:57:57.000Z</time>
        <extensions>
          <ns3:TrackPointExtension>
            <ns3:atemp>27.0</ns3:atemp>
          </ns3:TrackPointExtension>
        </extensions>
      </trkpt>
      <trkpt lat="47.3667130060493946075439453125" lon="7.344667129218578338623046875">
        <ele>428.399993896484375</ele>
        <time>2025-07-22T11:57:58.000Z</time>
        <extensions>
          <ns3:TrackPointExtension>
            <ns3:atemp>27.0</ns3:atemp>
          </ns3:TrackPointExtension>
        </extensions>
      </trkpt>
      <trkpt lat="47.36683546565473079681396484375" lon="7.34455506317317485809326171875">
        <ele>429.20001220703125</ele>
        <time>2025-07-22T11:58:01.000Z</time>
        <extensions>
          <ns3:TrackPointExtension>
            <ns3:atemp>27.0</ns3:atemp>
          </ns3:TrackPointExtension>
        </extensions>
      </trkpt>
      <trkpt lat="47.36701014451682567596435546875" lon="7.3443769477307796478271484375">
        <ele>430.79998779296875</ele>
        <time>2025-07-22T11:58:05.000Z</time>
        <extensions>
          <ns3:TrackPointExtension>
            <ns3:atemp>27.0</ns3:atemp>
          </ns3:TrackPointExtension>
        </extensions>
      </trkpt>
      <trkpt lat="47.36713184975087642669677734375" lon="7.34422632493078708648681640625">
        <ele>431.79998779296875</ele>
        <time>2025-07-22T11:58:08.000Z</time>
        <extensions>
          <ns3:TrackPointExtension>
            <ns3:atemp>27.0</ns3:atemp>
          </ns3:TrackPointExtension>
        </extensions>
      </trkpt>
      <trkpt lat="47.36716101877391338348388671875" lon="7.344164215028285980224609375">
        <ele>432</ele>
        <time>2025-07-22T11:58:09.000Z</time>
        <extensions>
          <ns3:TrackPointExtension>
            <ns3:atemp>27.0</ns3:atemp>
          </ns3:TrackPointExtension>
        </extensions>
      </trkpt>
      <trkpt lat="47.36717476509511470794677734375" lon="7.344089113175868988037109375">
        <ele>432.399993896484375</ele>
        <time>2025-07-22T11:58:10.000Z</time>
        <extensions>
          <ns3:TrackPointExtension>
            <ns3:atemp>27.0</ns3:atemp>
          </ns3:TrackPointExtension>
        </extensions>
      </trkpt>
      <trkpt lat="47.36717325635254383087158203125" lon="7.34392021782696247100830078125">
        <ele>433.20001220703125</ele>
        <time>2025-07-22T11:58:12.000Z</time>
        <extensions>
          <ns3:TrackPointExtension>
            <ns3:atemp>27.0</ns3:atemp>
          </ns3:TrackPointExtension>
        </extensions>
      </trkpt>
      <trkpt lat="47.3671580851078033447265625" lon="7.34384008683264255523681640625">
        <ele>433.399993896484375</ele>
        <time>2025-07-22T11:58:13.000Z</time>
        <extensions>
          <ns3:TrackPointExtension>
            <ns3:atemp>27.0</ns3:atemp>
          </ns3:TrackPointExtension>
        </extensions>
      </trkpt>
      <trkpt lat="47.3670509643852710723876953125" lon="7.343437671661376953125">
        <ele>434.20001220703125</ele>
        <time>2025-07-22T11:58:18.000Z</time>
        <extensions>
          <ns3:TrackPointExtension>
            <ns3:atemp>27.0</ns3:atemp>
          </ns3:TrackPointExtension>
        </extensions>
      </trkpt>
      <trkpt lat="47.36703227274119853973388671875" lon="7.34336013905704021453857421875">
        <ele>434.399993896484375</ele>
        <time>2025-07-22T11:58:19.000Z</time>
        <extensions>
          <ns3:TrackPointExtension>
            <ns3:atemp>27.0</ns3:atemp>
          </ns3:TrackPointExtension>
        </extensions>
      </trkpt>
      <trkpt lat="47.3670239746570587158203125" lon="7.3432861268520355224609375">
        <ele>434.600006103515625</ele>
        <time>2025-07-22T11:58:20.000Z</time>
        <extensions>
          <ns3:TrackPointExtension>
            <ns3:atemp>27.0</ns3:atemp>
          </ns3:TrackPointExtension>
        </extensions>
      </trkpt>
      <trkpt lat="47.3670395649969577789306640625" lon="7.34322510659694671630859375">
        <ele>435</ele>
        <time>2025-07-22T11:58:21.000Z</time>
        <extensions>
          <ns3:TrackPointExtension>
            <ns3:atemp>27.0</ns3:atemp>
          </ns3:TrackPointExtension>
        </extensions>
      </trkpt>
      <trkpt lat="47.36707971431314945220947265625" lon="7.34317825175821781158447265625">
        <ele>435</ele>
        <time>2025-07-22T11:58:22.000Z</time>
        <extensions>
          <ns3:TrackPointExtension>
            <ns3:atemp>27.0</ns3:atemp>
          </ns3:TrackPointExtension>
        </extensions>
      </trkpt>
      <trkpt lat="47.36712832935154438018798828125" lon="7.34313793480396270751953125">
        <ele>435.20001220703125</ele>
        <time>2025-07-22T11:58:23.000Z</time>
        <extensions>
          <ns3:TrackPointExtension>
            <ns3:atemp>27.0</ns3:atemp>
          </ns3:TrackPointExtension>
        </extensions>
      </trkpt>
      <trkpt lat="47.3671795427799224853515625" lon="7.34310331754386425018310546875">
        <ele>435.399993896484375</ele>
        <time>2025-07-22T11:58:24.000Z</time>
        <extensions>
          <ns3:TrackPointExtension>
            <ns3:atemp>27.0</ns3:atemp>
          </ns3:TrackPointExtension>
        </extensions>
      </trkpt>
      <trkpt lat="47.3673359490931034088134765625" lon="7.3429979570209980010986328125">
        <ele>436</ele>
        <time>2025-07-22T11:58:27.000Z</time>
        <extensions>
          <ns3:TrackPointExtension>
            <ns3:atemp>27.0</ns3:atemp>
          </ns3:TrackPointExtension>
        </extensions>
      </trkpt>
      <trkpt lat="47.36749378032982349395751953125" lon="7.34289092011749744415283203125">
        <ele>436.399993896484375</ele>
        <time>2025-07-22T11:58:30.000Z</time>
        <extensions>
          <ns3:TrackPointExtension>
            <ns3:atemp>27.0</ns3:atemp>
          </ns3:TrackPointExtension>
        </extensions>
      </trkpt>
      <trkpt lat="47.367705591022968292236328125" lon="7.34275597147643566131591796875">
        <ele>437.600006103515625</ele>
        <time>2025-07-22T11:58:34.000Z</time>
        <extensions>
          <ns3:TrackPointExtension>
            <ns3:atemp>27.0</ns3:atemp>
          </ns3:TrackPointExtension>
        </extensions>
      </trkpt>
      <trkpt lat="47.36792494542896747589111328125" lon="7.34264172613620758056640625">
        <ele>438.79998779296875</ele>
        <time>2025-07-22T11:58:38.000Z</time>
        <extensions>
          <ns3:TrackPointExtension>
            <ns3:atemp>27.0</ns3:atemp>
          </ns3:TrackPointExtension>
        </extensions>
      </trkpt>
      <trkpt lat="47.36803357489407062530517578125" lon="7.3425778560340404510498046875">
        <ele>439.399993896484375</ele>
        <time>2025-07-22T11:58:40.000Z</time>
        <extensions>
          <ns3:TrackPointExtension>
            <ns3:atemp>27.0</ns3:atemp>
          </ns3:TrackPointExtension>
        </extensions>
      </trkpt>
      <trkpt lat="47.3681409470736980438232421875" lon="7.3425131477415561676025390625">
        <ele>440</ele>
        <time>2025-07-22T11:58:42.000Z</time>
        <extensions>
          <ns3:TrackPointExtension>
            <ns3:atemp>27.0</ns3:atemp>
          </ns3:TrackPointExtension>
        </extensions>
      </trkpt>
      <trkpt lat="47.3682998679578304290771484375" lon="7.3424283228814601898193359375">
        <ele>441.600006103515625</ele>
        <time>2025-07-22T11:58:45.000Z</time>
        <extensions>
          <ns3:TrackPointExtension>
            <ns3:atemp>27.0</ns3:atemp>
          </ns3:TrackPointExtension>
        </extensions>
      </trkpt>
      <trkpt lat="47.36839835532009601593017578125" lon="7.3423803783953189849853515625">
        <ele>442.20001220703125</ele>
        <time>2025-07-22T11:58:47.000Z</time>
        <extensions>
          <ns3:TrackPointExtension>
            <ns3:atemp>27.0</ns3:atemp>
          </ns3:TrackPointExtension>
        </extensions>
      </trkpt>
      <trkpt lat="47.36847429536283016204833984375" lon="7.342363782227039337158203125">
        <ele>442.600006103515625</ele>
        <time>2025-07-22T11:58:49.000Z</time>
        <extensions>
          <ns3:TrackPointExtension>
            <ns3:atemp>27.0</ns3:atemp>
          </ns3:TrackPointExtension>
        </extensions>
      </trkpt>
      <trkpt lat="47.36851729452610015869140625" lon="7.342389933764934539794921875">
        <ele>442.79998779296875</ele>
        <time>2025-07-22T11:58:50.000Z</time>
        <extensions>
          <ns3:TrackPointExtension>
            <ns3:atemp>27.0</ns3:atemp>
          </ns3:TrackPointExtension>
        </extensions>
      </trkpt>
    </trkseg>
  </trk>
</gpx>
