<?xml version="1.0" encoding="UTF-8"?>
<gpx creator="Garmin Connect" version="1.1"
  xsi:schemaLocation="http://www.topografix.com/GPX/1/1 http://www.topografix.com/GPX/11.xsd"
  xmlns:ns3="http://www.garmin.com/xmlschemas/TrackPointExtension/v1"
  xmlns="http://www.topografix.com/GPX/1/1"
  xmlns:xsi="http://www.w3.org/2001/XMLSchema-instance" xmlns:ns2="http://www.garmin.com/xmlschemas/GpxExtensions/v3">
  <metadata>
    <link href="connect.garmin.com">
      <text>Garmin Connect</text>
    </link>
    <time>2021-12-05T14:56:51.000Z</time>
  </metadata>
  <trk>
    <name>Saignelégier Randonnée</name>
    <type>hiking</type>
    <trkseg>
      <trkpt lat="47.25396291352808475494384765625" lon="7.01992713846266269683837890625">
        <ele>1033.5999755859375</ele>
        <time>2021-12-05T14:56:51.000Z</time>
        <extensions>
          <ns3:TrackPointExtension>
            <ns3:atemp>25.0</ns3:atemp>
            <ns3:hr>103</ns3:hr>
            <ns3:cad>52</ns3:cad>
          </ns3:TrackPointExtension>
        </extensions>
      </trkpt>
      <trkpt lat="47.25396894849836826324462890625" lon="7.01993484981358051300048828125">
        <ele>1033.5999755859375</ele>
        <time>2021-12-05T14:56:53.000Z</time>
        <extensions>
          <ns3:TrackPointExtension>
            <ns3:atemp>25.0</ns3:atemp>
            <ns3:hr>102</ns3:hr>
            <ns3:cad>51</ns3:cad>
          </ns3:TrackPointExtension>
        </extensions>
      </trkpt>
      <trkpt lat="47.2540407814085483551025390625" lon="7.02000106684863567352294921875">
        <ele>1034</ele>
        <time>2021-12-05T14:57:02.000Z</time>
        <extensions>
          <ns3:TrackPointExtension>
            <ns3:atemp>25.0</ns3:atemp>
            <ns3:hr>105</ns3:hr>
            <ns3:cad>51</ns3:cad>
          </ns3:TrackPointExtension>
        </extensions>
      </trkpt>
      <trkpt lat="47.254061736166477203369140625" lon="7.02003124170005321502685546875">
        <ele>1033.800048828125</ele>
        <time>2021-12-05T14:57:05.000Z</time>
        <extensions>
          <ns3:TrackPointExtension>
            <ns3:atemp>24.0</ns3:atemp>
            <ns3:hr>104</ns3:hr>
            <ns3:cad>52</ns3:cad>
          </ns3:TrackPointExtension>
        </extensions>
      </trkpt>
      <trkpt lat="47.25407707504928112030029296875" lon="7.0200482569634914398193359375">
        <ele>1033.5999755859375</ele>
        <time>2021-12-05T14:57:07.000Z</time>
        <extensions>
          <ns3:TrackPointExtension>
            <ns3:atemp>24.0</ns3:atemp>
            <ns3:hr>101</ns3:hr>
            <ns3:cad>53</ns3:cad>
          </ns3:TrackPointExtension>
        </extensions>
      </trkpt>
      <trkpt lat="47.2541029751300811767578125" lon="7.02007818035781383514404296875">
        <ele>1033.4000244140625</ele>
        <time>2021-12-05T14:57:10.000Z</time>
        <extensions>
          <ns3:TrackPointExtension>
            <ns3:atemp>24.0</ns3:atemp>
            <ns3:hr>105</ns3:hr>
            <ns3:cad>53</ns3:cad>
          </ns3:TrackPointExtension>
        </extensions>
      </trkpt>
      <trkpt lat="47.25415988825261592864990234375" lon="7.02011371962726116180419921875">
        <ele>1032.800048828125</ele>
        <time>2021-12-05T14:57:16.000Z</time>
        <extensions>
          <ns3:TrackPointExtension>
            <ns3:atemp>24.0</ns3:atemp>
            <ns3:hr>103</ns3:hr>
            <ns3:cad>53</ns3:cad>
          </ns3:TrackPointExtension>
        </extensions>
      </trkpt>
      <trkpt lat="47.254236750304698944091796875" lon="7.02014506794512271881103515625">
        <ele>1033</ele>
        <time>2021-12-05T14:57:23.000Z</time>
        <extensions>
          <ns3:TrackPointExtension>
            <ns3:atemp>24.0</ns3:atemp>
            <ns3:hr>103</ns3:hr>
            <ns3:cad>53</ns3:cad>
          </ns3:TrackPointExtension>
        </extensions>
      </trkpt>
      <trkpt lat="47.25427237339317798614501953125" lon="7.02015864662826061248779296875">
        <ele>1033</ele>
        <time>2021-12-05T14:57:26.000Z</time>
        <extensions>
          <ns3:TrackPointExtension>
            <ns3:atemp>24.0</ns3:atemp>
            <ns3:hr>100</ns3:hr>
            <ns3:cad>53</ns3:cad>
          </ns3:TrackPointExtension>
        </extensions>
      </trkpt>
      <trkpt lat="47.254283018410205841064453125" lon="7.02016686089336872100830078125">
        <ele>1032.5999755859375</ele>
        <time>2021-12-05T14:57:27.000Z</time>
        <extensions>
          <ns3:TrackPointExtension>
            <ns3:atemp>24.0</ns3:atemp>
            <ns3:hr>101</ns3:hr>
            <ns3:cad>54</ns3:cad>
          </ns3:TrackPointExtension>
        </extensions>
      </trkpt>
      <trkpt lat="47.25430757738649845123291015625" lon="7.02018781565129756927490234375">
        <ele>1032.4000244140625</ele>
        <time>2021-12-05T14:57:29.000Z</time>
        <extensions>
          <ns3:TrackPointExtension>
            <ns3:atemp>24.0</ns3:atemp>
            <ns3:hr>101</ns3:hr>
            <ns3:cad>55</ns3:cad>
          </ns3:TrackPointExtension>
        </extensions>
      </trkpt>
      <trkpt lat="47.25434311665594577789306640625" lon="7.0202155597507953643798828125">
        <ele>1032.199951171875</ele>
        <time>2021-12-05T14:57:33.000Z</time>
        <extensions>
          <ns3:TrackPointExtension>
            <ns3:atemp>24.0</ns3:atemp>
            <ns3:hr>104</ns3:hr>
            <ns3:cad>55</ns3:cad>
          </ns3:TrackPointExtension>
        </extensions>
      </trkpt>
      <trkpt lat="47.2543636523187160491943359375" lon="7.02022989280521869659423828125">
        <ele>1032.800048828125</ele>
        <time>2021-12-05T14:57:35.000Z</time>
        <extensions>
          <ns3:TrackPointExtension>
            <ns3:atemp>24.0</ns3:atemp>
            <ns3:hr>104</ns3:hr>
            <ns3:cad>55</ns3:cad>
          </ns3:TrackPointExtension>
        </extensions>
      </trkpt>
      <trkpt lat="47.25437530316412448883056640625" lon="7.0202363468706607818603515625">
        <ele>1033</ele>
        <time>2021-12-05T14:57:36.000Z</time>
        <extensions>
          <ns3:TrackPointExtension>
            <ns3:atemp>24.0</ns3:atemp>
            <ns3:hr>104</ns3:hr>
            <ns3:cad>55</ns3:cad>
          </ns3:TrackPointExtension>
        </extensions>
      </trkpt>
      <trkpt lat="47.25439374335110187530517578125" lon="7.02024288475513458251953125">
        <ele>1033</ele>
        <time>2021-12-05T14:57:38.000Z</time>
        <extensions>
          <ns3:TrackPointExtension>
            <ns3:atemp>24.0</ns3:atemp>
            <ns3:hr>102</ns3:hr>
            <ns3:cad>55</ns3:cad>
          </ns3:TrackPointExtension>
        </extensions>
      </trkpt>
      <trkpt lat="47.25443481467664241790771484375" lon="7.0202668569982051849365234375">
        <ele>1032.5999755859375</ele>
        <time>2021-12-05T14:57:42.000Z</time>
        <extensions>
          <ns3:TrackPointExtension>
            <ns3:atemp>24.0</ns3:atemp>
            <ns3:hr>101</ns3:hr>
            <ns3:cad>55</ns3:cad>
          </ns3:TrackPointExtension>
        </extensions>
      </trkpt>
      <trkpt lat="47.2544501535594463348388671875" lon="7.02029250562191009521484375">
        <ele>1032.5999755859375</ele>
        <time>2021-12-05T14:57:44.000Z</time>
        <extensions>
          <ns3:TrackPointExtension>
            <ns3:atemp>24.0</ns3:atemp>
            <ns3:hr>104</ns3:hr>
            <ns3:cad>55</ns3:cad>
          </ns3:TrackPointExtension>
        </extensions>
      </trkpt>
      <trkpt lat="47.2544833458960056304931640625" lon="7.020341120660305023193359375">
        <ele>1032.199951171875</ele>
        <time>2021-12-05T14:57:47.000Z</time>
        <extensions>
          <ns3:TrackPointExtension>
            <ns3:atemp>24.0</ns3:atemp>
            <ns3:hr>105</ns3:hr>
            <ns3:cad>55</ns3:cad>
          </ns3:TrackPointExtension>
        </extensions>
      </trkpt>
      <trkpt lat="47.2545269317924976348876953125" lon="7.02038638293743133544921875">
        <ele>1031.4000244140625</ele>
        <time>2021-12-05T14:57:51.000Z</time>
        <extensions>
          <ns3:TrackPointExtension>
            <ns3:atemp>24.0</ns3:atemp>
            <ns3:hr>105</ns3:hr>
            <ns3:cad>55</ns3:cad>
          </ns3:TrackPointExtension>
        </extensions>
      </trkpt>
      <trkpt lat="47.2545584477484226226806640625" lon="7.02042351476848125457763671875">
        <ele>1030.4000244140625</ele>
        <time>2021-12-05T14:57:54.000Z</time>
        <extensions>
          <ns3:TrackPointExtension>
            <ns3:atemp>24.0</ns3:atemp>
            <ns3:hr>105</ns3:hr>
            <ns3:cad>55</ns3:cad>
          </ns3:TrackPointExtension>
        </extensions>
      </trkpt>
      <trkpt lat="47.25457915104925632476806640625" lon="7.02047162689268589019775390625">
        <ele>1030</ele>
        <time>2021-12-05T14:57:56.000Z</time>
        <extensions>
          <ns3:TrackPointExtension>
            <ns3:atemp>24.0</ns3:atemp>
            <ns3:hr>102</ns3:hr>
            <ns3:cad>54</ns3:cad>
          </ns3:TrackPointExtension>
        </extensions>
      </trkpt>
      <trkpt lat="47.25463472306728363037109375" lon="7.02054656110703945159912109375">
        <ele>1031.4000244140625</ele>
        <time>2021-12-05T14:58:01.000Z</time>
        <extensions>
          <ns3:TrackPointExtension>
            <ns3:atemp>24.0</ns3:atemp>
            <ns3:hr>103</ns3:hr>
            <ns3:cad>53</ns3:cad>
          </ns3:TrackPointExtension>
        </extensions>
      </trkpt>
      <trkpt lat="47.25463916547596454620361328125" lon="7.02055611647665500640869140625">
        <ele>1031.4000244140625</ele>
        <time>2021-12-05T14:58:02.000Z</time>
        <extensions>
          <ns3:TrackPointExtension>
            <ns3:atemp>24.0</ns3:atemp>
            <ns3:hr>103</ns3:hr>
            <ns3:cad>53</ns3:cad>
          </ns3:TrackPointExtension>
        </extensions>
      </trkpt>
      <trkpt lat="47.254664562642574310302734375" lon="7.0205820165574550628662109375">
        <ele>1030.199951171875</ele>
        <time>2021-12-05T14:58:05.000Z</time>
        <extensions>
          <ns3:TrackPointExtension>
            <ns3:atemp>24.0</ns3:atemp>
            <ns3:hr>103</ns3:hr>
            <ns3:cad>53</ns3:cad>
          </ns3:TrackPointExtension>
        </extensions>
      </trkpt>
      <trkpt lat="47.2546972520649433135986328125" lon="7.02061034739017486572265625">
        <ele>1029.800048828125</ele>
        <time>2021-12-05T14:58:08.000Z</time>
        <extensions>
          <ns3:TrackPointExtension>
            <ns3:atemp>24.0</ns3:atemp>
            <ns3:hr>100</ns3:hr>
            <ns3:cad>54</ns3:cad>
          </ns3:TrackPointExtension>
        </extensions>
      </trkpt>
      <trkpt lat="47.25471426732838153839111328125" lon="7.02063155360519886016845703125">
        <ele>1030.4000244140625</ele>
        <time>2021-12-05T14:58:10.000Z</time>
        <extensions>
          <ns3:TrackPointExtension>
            <ns3:atemp>24.0</ns3:atemp>
            <ns3:hr>99</ns3:hr>
            <ns3:cad>54</ns3:cad>
          </ns3:TrackPointExtension>
        </extensions>
      </trkpt>
      <trkpt lat="47.2547220624983310699462890625" lon="7.02064328826963901519775390625">
        <ele>1030.5999755859375</ele>
        <time>2021-12-05T14:58:11.000Z</time>
        <extensions>
          <ns3:TrackPointExtension>
            <ns3:atemp>24.0</ns3:atemp>
            <ns3:hr>103</ns3:hr>
            <ns3:cad>54</ns3:cad>
          </ns3:TrackPointExtension>
        </extensions>
      </trkpt>
      <trkpt lat="47.25478199310600757598876953125" lon="7.02069508843123912811279296875">
        <ele>1029.4000244140625</ele>
        <time>2021-12-05T14:58:17.000Z</time>
        <extensions>
          <ns3:TrackPointExtension>
            <ns3:atemp>24.0</ns3:atemp>
            <ns3:hr>101</ns3:hr>
            <ns3:cad>53</ns3:cad>
          </ns3:TrackPointExtension>
        </extensions>
      </trkpt>
      <trkpt lat="47.2548531554639339447021484375" lon="7.0207744650542736053466796875">
        <ele>1031</ele>
        <time>2021-12-05T14:58:25.000Z</time>
        <extensions>
          <ns3:TrackPointExtension>
            <ns3:atemp>24.0</ns3:atemp>
            <ns3:hr>98</ns3:hr>
            <ns3:cad>53</ns3:cad>
          </ns3:TrackPointExtension>
        </extensions>
      </trkpt>
      <trkpt lat="47.2549363039433956146240234375" lon="7.02086457051336765289306640625">
        <ele>1030</ele>
        <time>2021-12-05T14:58:32.000Z</time>
        <extensions>
          <ns3:TrackPointExtension>
            <ns3:atemp>24.0</ns3:atemp>
            <ns3:hr>99</ns3:hr>
            <ns3:cad>54</ns3:cad>
          </ns3:TrackPointExtension>
        </extensions>
      </trkpt>
      <trkpt lat="47.25495549850165843963623046875" lon="7.0208894647657871246337890625">
        <ele>1030.4000244140625</ele>
        <time>2021-12-05T14:58:34.000Z</time>
        <extensions>
          <ns3:TrackPointExtension>
            <ns3:atemp>24.0</ns3:atemp>
            <ns3:hr>102</ns3:hr>
            <ns3:cad>55</ns3:cad>
          </ns3:TrackPointExtension>
        </extensions>
      </trkpt>
      <trkpt lat="47.25498097948729991912841796875" lon="7.02091670595109462738037109375">
        <ele>1031.199951171875</ele>
        <time>2021-12-05T14:58:37.000Z</time>
        <extensions>
          <ns3:TrackPointExtension>
            <ns3:atemp>24.0</ns3:atemp>
            <ns3:hr>100</ns3:hr>
            <ns3:cad>53</ns3:cad>
          </ns3:TrackPointExtension>
        </extensions>
      </trkpt>
      <trkpt lat="47.2550080530345439910888671875" lon="7.02094453386962413787841796875">
        <ele>1031.4000244140625</ele>
        <time>2021-12-05T14:58:39.000Z</time>
        <extensions>
          <ns3:TrackPointExtension>
            <ns3:atemp>24.0</ns3:atemp>
            <ns3:hr>101</ns3:hr>
            <ns3:cad>53</ns3:cad>
          </ns3:TrackPointExtension>
        </extensions>
      </trkpt>
      <trkpt lat="47.25503277964890003204345703125" lon="7.02097856439650058746337890625">
        <ele>1031.199951171875</ele>
        <time>2021-12-05T14:58:42.000Z</time>
        <extensions>
          <ns3:TrackPointExtension>
            <ns3:atemp>24.0</ns3:atemp>
            <ns3:hr>98</ns3:hr>
            <ns3:cad>53</ns3:cad>
          </ns3:TrackPointExtension>
        </extensions>
      </trkpt>
      <trkpt lat="47.2550415806472301483154296875" lon="7.020991556346416473388671875">
        <ele>1031.199951171875</ele>
        <time>2021-12-05T14:58:43.000Z</time>
        <extensions>
          <ns3:TrackPointExtension>
            <ns3:atemp>24.0</ns3:atemp>
            <ns3:hr>101</ns3:hr>
            <ns3:cad>53</ns3:cad>
          </ns3:TrackPointExtension>
        </extensions>
      </trkpt>
      <trkpt lat="47.2550650499761104583740234375" lon="7.02102969400584697723388671875">
        <ele>1030.4000244140625</ele>
        <time>2021-12-05T14:58:46.000Z</time>
        <extensions>
          <ns3:TrackPointExtension>
            <ns3:atemp>24.0</ns3:atemp>
            <ns3:hr>100</ns3:hr>
            <ns3:cad>54</ns3:cad>
          </ns3:TrackPointExtension>
        </extensions>
      </trkpt>
      <trkpt lat="47.25507435388863086700439453125" lon="7.02104226686060428619384765625">
        <ele>1030</ele>
        <time>2021-12-05T14:58:47.000Z</time>
        <extensions>
          <ns3:TrackPointExtension>
            <ns3:atemp>24.0</ns3:atemp>
            <ns3:hr>98</ns3:hr>
            <ns3:cad>53</ns3:cad>
          </ns3:TrackPointExtension>
        </extensions>
      </trkpt>
      <trkpt lat="47.2551042772829532623291015625" lon="7.02108970843255519866943359375">
        <ele>1029.5999755859375</ele>
        <time>2021-12-05T14:58:51.000Z</time>
        <extensions>
          <ns3:TrackPointExtension>
            <ns3:atemp>24.0</ns3:atemp>
            <ns3:hr>98</ns3:hr>
            <ns3:cad>53</ns3:cad>
          </ns3:TrackPointExtension>
        </extensions>
      </trkpt>
      <trkpt lat="47.2551156766712665557861328125" lon="7.02110412530601024627685546875">
        <ele>1030.5999755859375</ele>
        <time>2021-12-05T14:58:53.000Z</time>
        <extensions>
          <ns3:TrackPointExtension>
            <ns3:atemp>24.0</ns3:atemp>
            <ns3:hr>98</ns3:hr>
            <ns3:cad>53</ns3:cad>
          </ns3:TrackPointExtension>
        </extensions>
      </trkpt>
      <trkpt lat="47.25513118319213390350341796875" lon="7.021118961274623870849609375">
        <ele>1031.199951171875</ele>
        <time>2021-12-05T14:58:55.000Z</time>
        <extensions>
          <ns3:TrackPointExtension>
            <ns3:atemp>24.0</ns3:atemp>
            <ns3:hr>101</ns3:hr>
            <ns3:cad>52</ns3:cad>
          </ns3:TrackPointExtension>
        </extensions>
      </trkpt>
      <trkpt lat="47.255166806280612945556640625" lon="7.02115441672503948211669921875">
        <ele>1031.5999755859375</ele>
        <time>2021-12-05T14:58:59.000Z</time>
        <extensions>
          <ns3:TrackPointExtension>
            <ns3:atemp>24.0</ns3:atemp>
            <ns3:hr>97</ns3:hr>
            <ns3:cad>51</ns3:cad>
          </ns3:TrackPointExtension>
        </extensions>
      </trkpt>
      <trkpt lat="47.25517711602151393890380859375" lon="7.0211630500853061676025390625">
        <ele>1031.4000244140625</ele>
        <time>2021-12-05T14:59:00.000Z</time>
        <extensions>
          <ns3:TrackPointExtension>
            <ns3:atemp>24.0</ns3:atemp>
            <ns3:hr>100</ns3:hr>
            <ns3:cad>51</ns3:cad>
          </ns3:TrackPointExtension>
        </extensions>
      </trkpt>
      <trkpt lat="47.255204357206821441650390625" lon="7.02119649387896060943603515625">
        <ele>1031.5999755859375</ele>
        <time>2021-12-05T14:59:03.000Z</time>
        <extensions>
          <ns3:TrackPointExtension>
            <ns3:atemp>24.0</ns3:atemp>
            <ns3:hr>97</ns3:hr>
            <ns3:cad>51</ns3:cad>
          </ns3:TrackPointExtension>
        </extensions>
      </trkpt>
      <trkpt lat="47.25522271357476711273193359375" lon="7.021221220493316650390625">
        <ele>1032.199951171875</ele>
        <time>2021-12-05T14:59:05.000Z</time>
        <extensions>
          <ns3:TrackPointExtension>
            <ns3:atemp>24.0</ns3:atemp>
            <ns3:hr>100</ns3:hr>
            <ns3:cad>53</ns3:cad>
          </ns3:TrackPointExtension>
        </extensions>
      </trkpt>
      <trkpt lat="47.2552648745477199554443359375" lon="7.02125734649598598480224609375">
        <ele>1030.800048828125</ele>
        <time>2021-12-05T14:59:09.000Z</time>
        <extensions>
          <ns3:TrackPointExtension>
            <ns3:atemp>24.0</ns3:atemp>
            <ns3:hr>101</ns3:hr>
            <ns3:cad>52</ns3:cad>
          </ns3:TrackPointExtension>
        </extensions>
      </trkpt>
      <trkpt lat="47.25531466305255889892578125" lon="7.02132775448262691497802734375">
        <ele>1032.4000244140625</ele>
        <time>2021-12-05T14:59:14.000Z</time>
        <extensions>
          <ns3:TrackPointExtension>
            <ns3:atemp>24.0</ns3:atemp>
            <ns3:hr>100</ns3:hr>
            <ns3:cad>56</ns3:cad>
          </ns3:TrackPointExtension>
        </extensions>
      </trkpt>
      <trkpt lat="47.2553342767059803009033203125" lon="7.02135373838245868682861328125">
        <ele>1033.199951171875</ele>
        <time>2021-12-05T14:59:16.000Z</time>
        <extensions>
          <ns3:TrackPointExtension>
            <ns3:atemp>24.0</ns3:atemp>
            <ns3:hr>103</ns3:hr>
            <ns3:cad>57</ns3:cad>
          </ns3:TrackPointExtension>
        </extensions>
      </trkpt>
      <trkpt lat="47.25541667081415653228759765625" lon="7.02141777612268924713134765625">
        <ele>1033.5999755859375</ele>
        <time>2021-12-05T14:59:23.000Z</time>
        <extensions>
          <ns3:TrackPointExtension>
            <ns3:atemp>24.0</ns3:atemp>
            <ns3:hr>104</ns3:hr>
            <ns3:cad>56</ns3:cad>
          </ns3:TrackPointExtension>
        </extensions>
      </trkpt>
      <trkpt lat="47.25547559559345245361328125" lon="7.02148315496742725372314453125">
        <ele>1032.5999755859375</ele>
        <time>2021-12-05T14:59:29.000Z</time>
        <extensions>
          <ns3:TrackPointExtension>
            <ns3:atemp>24.0</ns3:atemp>
            <ns3:hr>108</ns3:hr>
            <ns3:cad>55</ns3:cad>
          </ns3:TrackPointExtension>
        </extensions>
      </trkpt>
      <trkpt lat="47.25549462251365184783935546875" lon="7.02151131816208362579345703125">
        <ele>1032.4000244140625</ele>
        <time>2021-12-05T14:59:31.000Z</time>
        <extensions>
          <ns3:TrackPointExtension>
            <ns3:atemp>24.0</ns3:atemp>
            <ns3:hr>107</ns3:hr>
            <ns3:cad>55</ns3:cad>
          </ns3:TrackPointExtension>
        </extensions>
      </trkpt>
      <trkpt lat="47.25550434552133083343505859375" lon="7.021560184657573699951171875">
        <ele>1032.199951171875</ele>
        <time>2021-12-05T14:59:33.000Z</time>
        <extensions>
          <ns3:TrackPointExtension>
            <ns3:atemp>24.0</ns3:atemp>
            <ns3:hr>107</ns3:hr>
            <ns3:cad>55</ns3:cad>
          </ns3:TrackPointExtension>
        </extensions>
      </trkpt>
      <trkpt lat="47.255534268915653228759765625" lon="7.02161676250398159027099609375">
        <ele>1031.199951171875</ele>
        <time>2021-12-05T14:59:37.000Z</time>
        <extensions>
          <ns3:TrackPointExtension>
            <ns3:atemp>24.0</ns3:atemp>
            <ns3:hr>106</ns3:hr>
            <ns3:cad>55</ns3:cad>
          </ns3:TrackPointExtension>
        </extensions>
      </trkpt>
      <trkpt lat="47.25554239936172962188720703125" lon="7.02162631787359714508056640625">
        <ele>1030.800048828125</ele>
        <time>2021-12-05T14:59:38.000Z</time>
        <extensions>
          <ns3:TrackPointExtension>
            <ns3:atemp>24.0</ns3:atemp>
            <ns3:hr>105</ns3:hr>
            <ns3:cad>55</ns3:cad>
          </ns3:TrackPointExtension>
        </extensions>
      </trkpt>
      <trkpt lat="47.25561532191932201385498046875" lon="7.02173553407192230224609375">
        <ele>1031.5999755859375</ele>
        <time>2021-12-05T14:59:46.000Z</time>
        <extensions>
          <ns3:TrackPointExtension>
            <ns3:atemp>24.0</ns3:atemp>
            <ns3:hr>106</ns3:hr>
            <ns3:cad>53</ns3:cad>
          </ns3:TrackPointExtension>
        </extensions>
      </trkpt>
      <trkpt lat="47.25562571547925472259521484375" lon="7.02174534089863300323486328125">
        <ele>1031.5999755859375</ele>
        <time>2021-12-05T14:59:47.000Z</time>
        <extensions>
          <ns3:TrackPointExtension>
            <ns3:atemp>24.0</ns3:atemp>
            <ns3:hr>103</ns3:hr>
            <ns3:cad>53</ns3:cad>
          </ns3:TrackPointExtension>
        </extensions>
      </trkpt>
      <trkpt lat="47.255646251142024993896484375" lon="7.02176076360046863555908203125">
        <ele>1031.4000244140625</ele>
        <time>2021-12-05T14:59:49.000Z</time>
        <extensions>
          <ns3:TrackPointExtension>
            <ns3:atemp>24.0</ns3:atemp>
            <ns3:hr>99</ns3:hr>
            <ns3:cad>53</ns3:cad>
          </ns3:TrackPointExtension>
        </extensions>
      </trkpt>
      <trkpt lat="47.25566427223384380340576171875" lon="7.02177652157843112945556640625">
        <ele>1031.5999755859375</ele>
        <time>2021-12-05T14:59:51.000Z</time>
        <extensions>
          <ns3:TrackPointExtension>
            <ns3:atemp>24.0</ns3:atemp>
            <ns3:hr>96</ns3:hr>
            <ns3:cad>53</ns3:cad>
          </ns3:TrackPointExtension>
        </extensions>
      </trkpt>
      <trkpt lat="47.25569411180913448333740234375" lon="7.02181776054203510284423828125">
        <ele>1031.5999755859375</ele>
        <time>2021-12-05T14:59:54.000Z</time>
        <extensions>
          <ns3:TrackPointExtension>
            <ns3:atemp>24.0</ns3:atemp>
            <ns3:hr>97</ns3:hr>
            <ns3:cad>53</ns3:cad>
          </ns3:TrackPointExtension>
        </extensions>
      </trkpt>
      <trkpt lat="47.2557342611253261566162109375" lon="7.02186402864754199981689453125">
        <ele>1031.199951171875</ele>
        <time>2021-12-05T14:59:59.000Z</time>
        <extensions>
          <ns3:TrackPointExtension>
            <ns3:atemp>24.0</ns3:atemp>
            <ns3:hr>96</ns3:hr>
            <ns3:cad>52</ns3:cad>
          </ns3:TrackPointExtension>
        </extensions>
      </trkpt>
      <trkpt lat="47.25574926473200321197509765625" lon="7.02189152128994464874267578125">
        <ele>1031</ele>
        <time>2021-12-05T15:00:01.000Z</time>
        <extensions>
          <ns3:TrackPointExtension>
            <ns3:atemp>24.0</ns3:atemp>
            <ns3:hr>96</ns3:hr>
            <ns3:cad>50</ns3:cad>
          </ns3:TrackPointExtension>
        </extensions>
      </trkpt>
      <trkpt lat="47.25578899495303630828857421875" lon="7.021945752203464508056640625">
        <ele>1032.4000244140625</ele>
        <time>2021-12-05T15:00:05.000Z</time>
        <extensions>
          <ns3:TrackPointExtension>
            <ns3:atemp>24.0</ns3:atemp>
            <ns3:hr>95</ns3:hr>
            <ns3:cad>54</ns3:cad>
          </ns3:TrackPointExtension>
        </extensions>
      </trkpt>
      <trkpt lat="47.2558113746345043182373046875" lon="7.021985985338687896728515625">
        <ele>1032.4000244140625</ele>
        <time>2021-12-05T15:00:08.000Z</time>
        <extensions>
          <ns3:TrackPointExtension>
            <ns3:atemp>24.0</ns3:atemp>
            <ns3:hr>95</ns3:hr>
            <ns3:cad>55</ns3:cad>
          </ns3:TrackPointExtension>
        </extensions>
      </trkpt>
      <trkpt lat="47.25582830607891082763671875" lon="7.02201305888593196868896484375">
        <ele>1030.800048828125</ele>
        <time>2021-12-05T15:00:10.000Z</time>
        <extensions>
          <ns3:TrackPointExtension>
            <ns3:atemp>24.0</ns3:atemp>
            <ns3:hr>98</ns3:hr>
            <ns3:cad>55</ns3:cad>
          </ns3:TrackPointExtension>
        </extensions>
      </trkpt>
      <trkpt lat="47.2558502666652202606201171875" lon="7.02205630950629711151123046875">
        <ele>1029.5999755859375</ele>
        <time>2021-12-05T15:00:13.000Z</time>
        <extensions>
          <ns3:TrackPointExtension>
            <ns3:atemp>24.0</ns3:atemp>
            <ns3:hr>97</ns3:hr>
            <ns3:cad>55</ns3:cad>
          </ns3:TrackPointExtension>
        </extensions>
      </trkpt>
      <trkpt lat="47.25586074404418468475341796875" lon="7.02208288013935089111328125">
        <ele>1029.5999755859375</ele>
        <time>2021-12-05T15:00:15.000Z</time>
        <extensions>
          <ns3:TrackPointExtension>
            <ns3:atemp>24.0</ns3:atemp>
            <ns3:hr>98</ns3:hr>
            <ns3:cad>56</ns3:cad>
          </ns3:TrackPointExtension>
        </extensions>
      </trkpt>
      <trkpt lat="47.25594255141913890838623046875" lon="7.02221573330461978912353515625">
        <ele>1030</ele>
        <time>2021-12-05T15:00:24.000Z</time>
        <extensions>
          <ns3:TrackPointExtension>
            <ns3:atemp>24.0</ns3:atemp>
            <ns3:hr>98</ns3:hr>
            <ns3:cad>55</ns3:cad>
          </ns3:TrackPointExtension>
        </extensions>
      </trkpt>
      <trkpt lat="47.2559873946011066436767578125" lon="7.02232897281646728515625">
        <ele>1030</ele>
        <time>2021-12-05T15:00:31.000Z</time>
        <extensions>
          <ns3:TrackPointExtension>
            <ns3:atemp>24.0</ns3:atemp>
            <ns3:hr>95</ns3:hr>
            <ns3:cad>55</ns3:cad>
          </ns3:TrackPointExtension>
        </extensions>
      </trkpt>
      <trkpt lat="47.25598563440144062042236328125" lon="7.02235202305018901824951171875">
        <ele>1029.800048828125</ele>
        <time>2021-12-05T15:00:32.000Z</time>
        <extensions>
          <ns3:TrackPointExtension>
            <ns3:atemp>24.0</ns3:atemp>
            <ns3:hr>99</ns3:hr>
            <ns3:cad>55</ns3:cad>
          </ns3:TrackPointExtension>
        </extensions>
      </trkpt>
      <trkpt lat="47.256022430956363677978515625" lon="7.02241413295269012451171875">
        <ele>1029.5999755859375</ele>
        <time>2021-12-05T15:00:36.000Z</time>
        <extensions>
          <ns3:TrackPointExtension>
            <ns3:atemp>24.0</ns3:atemp>
            <ns3:hr>99</ns3:hr>
            <ns3:cad>54</ns3:cad>
          </ns3:TrackPointExtension>
        </extensions>
      </trkpt>
      <trkpt lat="47.25602301768958568572998046875" lon="7.0224273763597011566162109375">
        <ele>1031.4000244140625</ele>
        <time>2021-12-05T15:00:37.000Z</time>
        <extensions>
          <ns3:TrackPointExtension>
            <ns3:atemp>24.0</ns3:atemp>
            <ns3:hr>98</ns3:hr>
            <ns3:cad>53</ns3:cad>
          </ns3:TrackPointExtension>
        </extensions>
      </trkpt>
      <trkpt lat="47.256029136478900909423828125" lon="7.02254313044250011444091796875">
        <ele>1031.4000244140625</ele>
        <time>2021-12-05T15:01:18.000Z</time>
        <extensions>
          <ns3:TrackPointExtension>
            <ns3:atemp>24.0</ns3:atemp>
            <ns3:hr>92</ns3:hr>
            <ns3:cad>0</ns3:cad>
          </ns3:TrackPointExtension>
        </extensions>
      </trkpt>
      <trkpt lat="47.25603793747723102569580078125" lon="7.022550590336322784423828125">
        <ele>1031.4000244140625</ele>
        <time>2021-12-05T15:01:19.000Z</time>
        <extensions>
          <ns3:TrackPointExtension>
            <ns3:atemp>24.0</ns3:atemp>
            <ns3:hr>92</ns3:hr>
            <ns3:cad>0</ns3:cad>
          </ns3:TrackPointExtension>
        </extensions>
      </trkpt>
      <trkpt lat="47.256064675748348236083984375" lon="7.0225826092064380645751953125">
        <ele>1032.5999755859375</ele>
        <time>2021-12-05T15:01:22.000Z</time>
        <extensions>
          <ns3:TrackPointExtension>
            <ns3:atemp>24.0</ns3:atemp>
            <ns3:hr>89</ns3:hr>
            <ns3:cad>0</ns3:cad>
          </ns3:TrackPointExtension>
        </extensions>
      </trkpt>
      <trkpt lat="47.25609376095235347747802734375" lon="7.022618316113948822021484375">
        <ele>1033.199951171875</ele>
        <time>2021-12-05T15:01:25.000Z</time>
        <extensions>
          <ns3:TrackPointExtension>
            <ns3:atemp>24.0</ns3:atemp>
            <ns3:hr>91</ns3:hr>
            <ns3:cad>0</ns3:cad>
          </ns3:TrackPointExtension>
        </extensions>
      </trkpt>
      <trkpt lat="47.25612510927021503448486328125" lon="7.02269685454666614532470703125">
        <ele>1033</ele>
        <time>2021-12-05T15:01:31.000Z</time>
        <extensions>
          <ns3:TrackPointExtension>
            <ns3:atemp>24.0</ns3:atemp>
            <ns3:hr>88</ns3:hr>
            <ns3:cad>52</ns3:cad>
          </ns3:TrackPointExtension>
        </extensions>
      </trkpt>
      <trkpt lat="47.2561288811266422271728515625" lon="7.02271445654332637786865234375">
        <ele>1034.5999755859375</ele>
        <time>2021-12-05T15:01:32.000Z</time>
        <extensions>
          <ns3:TrackPointExtension>
            <ns3:atemp>24.0</ns3:atemp>
            <ns3:hr>85</ns3:hr>
            <ns3:cad>51</ns3:cad>
          </ns3:TrackPointExtension>
        </extensions>
      </trkpt>
      <trkpt lat="47.25613097660243511199951171875" lon="7.0227354951202869415283203125">
        <ele>1035.4000244140625</ele>
        <time>2021-12-05T15:01:33.000Z</time>
        <extensions>
          <ns3:TrackPointExtension>
            <ns3:atemp>24.0</ns3:atemp>
            <ns3:hr>86</ns3:hr>
            <ns3:cad>51</ns3:cad>
          </ns3:TrackPointExtension>
        </extensions>
      </trkpt>
      <trkpt lat="47.2561701200902462005615234375" lon="7.02283984981477260589599609375">
        <ele>1033</ele>
        <time>2021-12-05T15:01:40.000Z</time>
        <extensions>
          <ns3:TrackPointExtension>
            <ns3:atemp>24.0</ns3:atemp>
            <ns3:hr>86</ns3:hr>
            <ns3:cad>53</ns3:cad>
          </ns3:TrackPointExtension>
        </extensions>
      </trkpt>
      <trkpt lat="47.2561885602772235870361328125" lon="7.02289332635700702667236328125">
        <ele>1032.4000244140625</ele>
        <time>2021-12-05T15:01:43.000Z</time>
        <extensions>
          <ns3:TrackPointExtension>
            <ns3:atemp>24.0</ns3:atemp>
            <ns3:hr>88</ns3:hr>
            <ns3:cad>53</ns3:cad>
          </ns3:TrackPointExtension>
        </extensions>
      </trkpt>
      <trkpt lat="47.25621093995869159698486328125" lon="7.022954933345317840576171875">
        <ele>1033</ele>
        <time>2021-12-05T15:01:47.000Z</time>
        <extensions>
          <ns3:TrackPointExtension>
            <ns3:atemp>24.0</ns3:atemp>
            <ns3:hr>91</ns3:hr>
            <ns3:cad>52</ns3:cad>
          </ns3:TrackPointExtension>
        </extensions>
      </trkpt>
      <trkpt lat="47.25622954778373241424560546875" lon="7.022997848689556121826171875">
        <ele>1034</ele>
        <time>2021-12-05T15:01:50.000Z</time>
        <extensions>
          <ns3:TrackPointExtension>
            <ns3:atemp>24.0</ns3:atemp>
            <ns3:hr>91</ns3:hr>
            <ns3:cad>53</ns3:cad>
          </ns3:TrackPointExtension>
        </extensions>
      </trkpt>
      <trkpt lat="47.25625603459775447845458984375" lon="7.02307320199906826019287109375">
        <ele>1034</ele>
        <time>2021-12-05T15:01:55.000Z</time>
        <extensions>
          <ns3:TrackPointExtension>
            <ns3:atemp>24.0</ns3:atemp>
            <ns3:hr>90</ns3:hr>
            <ns3:cad>55</ns3:cad>
          </ns3:TrackPointExtension>
        </extensions>
      </trkpt>
      <trkpt lat="47.2562616504728794097900390625" lon="7.02309072017669677734375">
        <ele>1033</ele>
        <time>2021-12-05T15:01:56.000Z</time>
        <extensions>
          <ns3:TrackPointExtension>
            <ns3:atemp>24.0</ns3:atemp>
            <ns3:hr>91</ns3:hr>
            <ns3:cad>55</ns3:cad>
          </ns3:TrackPointExtension>
        </extensions>
      </trkpt>
      <trkpt lat="47.2562675178050994873046875" lon="7.02310790307819843292236328125">
        <ele>1032</ele>
        <time>2021-12-05T15:01:57.000Z</time>
        <extensions>
          <ns3:TrackPointExtension>
            <ns3:atemp>24.0</ns3:atemp>
            <ns3:hr>91</ns3:hr>
            <ns3:cad>55</ns3:cad>
          </ns3:TrackPointExtension>
        </extensions>
      </trkpt>
      <trkpt lat="47.25628168322145938873291015625" lon="7.02315844595432281494140625">
        <ele>1030.800048828125</ele>
        <time>2021-12-05T15:02:00.000Z</time>
        <extensions>
          <ns3:TrackPointExtension>
            <ns3:atemp>24.0</ns3:atemp>
            <ns3:hr>88</ns3:hr>
            <ns3:cad>55</ns3:cad>
          </ns3:TrackPointExtension>
        </extensions>
      </trkpt>
      <trkpt lat="47.25629073567688465118408203125" lon="7.023205049335956573486328125">
        <ele>1030.4000244140625</ele>
        <time>2021-12-05T15:02:03.000Z</time>
        <extensions>
          <ns3:TrackPointExtension>
            <ns3:atemp>24.0</ns3:atemp>
            <ns3:hr>91</ns3:hr>
            <ns3:cad>55</ns3:cad>
          </ns3:TrackPointExtension>
        </extensions>
      </trkpt>
      <trkpt lat="47.25634194910526275634765625" lon="7.0233644731342792510986328125">
        <ele>1030</ele>
        <time>2021-12-05T15:02:13.000Z</time>
        <extensions>
          <ns3:TrackPointExtension>
            <ns3:atemp>24.0</ns3:atemp>
            <ns3:hr>88</ns3:hr>
            <ns3:cad>52</ns3:cad>
          </ns3:TrackPointExtension>
        </extensions>
      </trkpt>
      <trkpt lat="47.25634873844683170318603515625" lon="7.02338039875030517578125">
        <ele>1030.5999755859375</ele>
        <time>2021-12-05T15:02:14.000Z</time>
        <extensions>
          <ns3:TrackPointExtension>
            <ns3:atemp>24.0</ns3:atemp>
            <ns3:hr>88</ns3:hr>
            <ns3:cad>53</ns3:cad>
          </ns3:TrackPointExtension>
        </extensions>
      </trkpt>
      <trkpt lat="47.25636952556669712066650390625" lon="7.02348341234028339385986328125">
        <ele>1029.800048828125</ele>
        <time>2021-12-05T15:02:20.000Z</time>
        <extensions>
          <ns3:TrackPointExtension>
            <ns3:atemp>24.0</ns3:atemp>
            <ns3:hr>93</ns3:hr>
            <ns3:cad>51</ns3:cad>
          </ns3:TrackPointExtension>
        </extensions>
      </trkpt>
      <trkpt lat="47.25637405179440975189208984375" lon="7.0235019363462924957275390625">
        <ele>1029.5999755859375</ele>
        <time>2021-12-05T15:02:21.000Z</time>
        <extensions>
          <ns3:TrackPointExtension>
            <ns3:atemp>24.0</ns3:atemp>
            <ns3:hr>93</ns3:hr>
            <ns3:cad>51</ns3:cad>
          </ns3:TrackPointExtension>
        </extensions>
      </trkpt>
      <trkpt lat="47.2563759796321392059326171875" lon="7.0235200412571430206298828125">
        <ele>1028.800048828125</ele>
        <time>2021-12-05T15:02:22.000Z</time>
        <extensions>
          <ns3:TrackPointExtension>
            <ns3:atemp>24.0</ns3:atemp>
            <ns3:hr>93</ns3:hr>
            <ns3:cad>51</ns3:cad>
          </ns3:TrackPointExtension>
        </extensions>
      </trkpt>
      <trkpt lat="47.25637807510793209075927734375" lon="7.0235398225486278533935546875">
        <ele>1027.800048828125</ele>
        <time>2021-12-05T15:02:23.000Z</time>
        <extensions>
          <ns3:TrackPointExtension>
            <ns3:atemp>24.0</ns3:atemp>
            <ns3:hr>93</ns3:hr>
            <ns3:cad>52</ns3:cad>
          </ns3:TrackPointExtension>
        </extensions>
      </trkpt>
      <trkpt lat="47.2563914023339748382568359375" lon="7.02360880561172962188720703125">
        <ele>1029.199951171875</ele>
        <time>2021-12-05T15:02:27.000Z</time>
        <extensions>
          <ns3:TrackPointExtension>
            <ns3:atemp>24.0</ns3:atemp>
            <ns3:hr>93</ns3:hr>
            <ns3:cad>52</ns3:cad>
          </ns3:TrackPointExtension>
        </extensions>
      </trkpt>
      <trkpt lat="47.2563917376101016998291015625" lon="7.02365591190755367279052734375">
        <ele>1030.4000244140625</ele>
        <time>2021-12-05T15:02:30.000Z</time>
        <extensions>
          <ns3:TrackPointExtension>
            <ns3:atemp>24.0</ns3:atemp>
            <ns3:hr>96</ns3:hr>
            <ns3:cad>51</ns3:cad>
          </ns3:TrackPointExtension>
        </extensions>
      </trkpt>
      <trkpt lat="47.25637371651828289031982421875" lon="7.02369983308017253875732421875">
        <ele>1030.5999755859375</ele>
        <time>2021-12-05T15:02:33.000Z</time>
        <extensions>
          <ns3:TrackPointExtension>
            <ns3:atemp>24.0</ns3:atemp>
            <ns3:hr>93</ns3:hr>
            <ns3:cad>51</ns3:cad>
          </ns3:TrackPointExtension>
        </extensions>
      </trkpt>
      <trkpt lat="47.25634153001010417938232421875" lon="7.02375917695462703704833984375">
        <ele>1029.199951171875</ele>
        <time>2021-12-05T15:02:38.000Z</time>
        <extensions>
          <ns3:TrackPointExtension>
            <ns3:atemp>24.0</ns3:atemp>
            <ns3:hr>95</ns3:hr>
            <ns3:cad>51</ns3:cad>
          </ns3:TrackPointExtension>
        </extensions>
      </trkpt>
      <trkpt lat="47.2563345730304718017578125" lon="7.0237721689045429229736328125">
        <ele>1028.800048828125</ele>
        <time>2021-12-05T15:02:39.000Z</time>
        <extensions>
          <ns3:TrackPointExtension>
            <ns3:atemp>24.0</ns3:atemp>
            <ns3:hr>95</ns3:hr>
            <ns3:cad>51</ns3:cad>
          </ns3:TrackPointExtension>
        </extensions>
      </trkpt>
      <trkpt lat="47.2562753967940807342529296875" lon="7.02391575090587139129638671875">
        <ele>1028.800048828125</ele>
        <time>2021-12-05T15:02:47.000Z</time>
        <extensions>
          <ns3:TrackPointExtension>
            <ns3:atemp>24.0</ns3:atemp>
            <ns3:hr>93</ns3:hr>
            <ns3:cad>53</ns3:cad>
          </ns3:TrackPointExtension>
        </extensions>
      </trkpt>
      <trkpt lat="47.25619803182780742645263671875" lon="7.0240705646574497222900390625">
        <ele>1030.4000244140625</ele>
        <time>2021-12-05T15:02:56.000Z</time>
        <extensions>
          <ns3:TrackPointExtension>
            <ns3:atemp>24.0</ns3:atemp>
            <ns3:hr>95</ns3:hr>
            <ns3:cad>53</ns3:cad>
          </ns3:TrackPointExtension>
        </extensions>
      </trkpt>
      <trkpt lat="47.256139107048511505126953125" lon="7.02416360378265380859375">
        <ele>1030.199951171875</ele>
        <time>2021-12-05T15:03:03.000Z</time>
        <extensions>
          <ns3:TrackPointExtension>
            <ns3:atemp>24.0</ns3:atemp>
            <ns3:hr>99</ns3:hr>
            <ns3:cad>54</ns3:cad>
          </ns3:TrackPointExtension>
        </extensions>
      </trkpt>
      <trkpt lat="47.25612829439342021942138671875" lon="7.0241778530180454254150390625">
        <ele>1030.199951171875</ele>
        <time>2021-12-05T15:03:04.000Z</time>
        <extensions>
          <ns3:TrackPointExtension>
            <ns3:atemp>24.0</ns3:atemp>
            <ns3:hr>99</ns3:hr>
            <ns3:cad>54</ns3:cad>
          </ns3:TrackPointExtension>
        </extensions>
      </trkpt>
      <trkpt lat="47.25608789362013339996337890625" lon="7.02424800954759120941162109375">
        <ele>1029.199951171875</ele>
        <time>2021-12-05T15:03:09.000Z</time>
        <extensions>
          <ns3:TrackPointExtension>
            <ns3:atemp>24.0</ns3:atemp>
            <ns3:hr>99</ns3:hr>
            <ns3:cad>54</ns3:cad>
          </ns3:TrackPointExtension>
        </extensions>
      </trkpt>
      <trkpt lat="47.2560604847967624664306640625" lon="7.02428639866411685943603515625">
        <ele>1028.5999755859375</ele>
        <time>2021-12-05T15:03:12.000Z</time>
        <extensions>
          <ns3:TrackPointExtension>
            <ns3:atemp>24.0</ns3:atemp>
            <ns3:hr>97</ns3:hr>
            <ns3:cad>53</ns3:cad>
          </ns3:TrackPointExtension>
        </extensions>
      </trkpt>
      <trkpt lat="47.25601203739643096923828125" lon="7.0243485085666179656982421875">
        <ele>1028.5999755859375</ele>
        <time>2021-12-05T15:03:17.000Z</time>
        <extensions>
          <ns3:TrackPointExtension>
            <ns3:atemp>24.0</ns3:atemp>
            <ns3:hr>100</ns3:hr>
            <ns3:cad>53</ns3:cad>
          </ns3:TrackPointExtension>
        </extensions>
      </trkpt>
      <trkpt lat="47.2560031525790691375732421875" lon="7.02435873448848724365234375">
        <ele>1029</ele>
        <time>2021-12-05T15:03:18.000Z</time>
        <extensions>
          <ns3:TrackPointExtension>
            <ns3:atemp>24.0</ns3:atemp>
            <ns3:hr>97</ns3:hr>
            <ns3:cad>53</ns3:cad>
          </ns3:TrackPointExtension>
        </extensions>
      </trkpt>
      <trkpt lat="47.255966775119304656982421875" lon="7.024396955966949462890625">
        <ele>1029.4000244140625</ele>
        <time>2021-12-05T15:03:22.000Z</time>
        <extensions>
          <ns3:TrackPointExtension>
            <ns3:atemp>24.0</ns3:atemp>
            <ns3:hr>95</ns3:hr>
            <ns3:cad>53</ns3:cad>
          </ns3:TrackPointExtension>
        </extensions>
      </trkpt>
      <trkpt lat="47.25594942457973957061767578125" lon="7.02441732399165630340576171875">
        <ele>1031</ele>
        <time>2021-12-05T15:03:24.000Z</time>
        <extensions>
          <ns3:TrackPointExtension>
            <ns3:atemp>24.0</ns3:atemp>
            <ns3:hr>96</ns3:hr>
            <ns3:cad>53</ns3:cad>
          </ns3:TrackPointExtension>
        </extensions>
      </trkpt>
      <trkpt lat="47.25592561997473239898681640625" lon="7.02444330789148807525634765625">
        <ele>1030.199951171875</ele>
        <time>2021-12-05T15:03:27.000Z</time>
        <extensions>
          <ns3:TrackPointExtension>
            <ns3:atemp>24.0</ns3:atemp>
            <ns3:hr>98</ns3:hr>
            <ns3:cad>53</ns3:cad>
          </ns3:TrackPointExtension>
        </extensions>
      </trkpt>
      <trkpt lat="47.25589712150394916534423828125" lon="7.0244732312858104705810546875">
        <ele>1030.4000244140625</ele>
        <time>2021-12-05T15:03:30.000Z</time>
        <extensions>
          <ns3:TrackPointExtension>
            <ns3:atemp>24.0</ns3:atemp>
            <ns3:hr>100</ns3:hr>
            <ns3:cad>52</ns3:cad>
          </ns3:TrackPointExtension>
        </extensions>
      </trkpt>
      <trkpt lat="47.2558878175914287567138671875" lon="7.02448588795959949493408203125">
        <ele>1029.4000244140625</ele>
        <time>2021-12-05T15:03:31.000Z</time>
        <extensions>
          <ns3:TrackPointExtension>
            <ns3:atemp>24.0</ns3:atemp>
            <ns3:hr>99</ns3:hr>
            <ns3:cad>52</ns3:cad>
          </ns3:TrackPointExtension>
        </extensions>
      </trkpt>
      <trkpt lat="47.2558697126805782318115234375" lon="7.0245084352791309356689453125">
        <ele>1031</ele>
        <time>2021-12-05T15:03:33.000Z</time>
        <extensions>
          <ns3:TrackPointExtension>
            <ns3:atemp>24.0</ns3:atemp>
            <ns3:hr>99</ns3:hr>
            <ns3:cad>52</ns3:cad>
          </ns3:TrackPointExtension>
        </extensions>
      </trkpt>
      <trkpt lat="47.25584582425653934478759765625" lon="7.0245382748544216156005859375">
        <ele>1031.800048828125</ele>
        <time>2021-12-05T15:03:36.000Z</time>
        <extensions>
          <ns3:TrackPointExtension>
            <ns3:atemp>24.0</ns3:atemp>
            <ns3:hr>96</ns3:hr>
            <ns3:cad>51</ns3:cad>
          </ns3:TrackPointExtension>
        </extensions>
      </trkpt>
      <trkpt lat="47.255816571414470672607421875" lon="7.02458429150283336639404296875">
        <ele>1031.4000244140625</ele>
        <time>2021-12-05T15:03:39.000Z</time>
        <extensions>
          <ns3:TrackPointExtension>
            <ns3:atemp>24.0</ns3:atemp>
            <ns3:hr>94</ns3:hr>
            <ns3:cad>51</ns3:cad>
          </ns3:TrackPointExtension>
        </extensions>
      </trkpt>
      <trkpt lat="47.25576703436672687530517578125" lon="7.02468068338930606842041015625">
        <ele>1030.199951171875</ele>
        <time>2021-12-05T15:03:45.000Z</time>
        <extensions>
          <ns3:TrackPointExtension>
            <ns3:atemp>24.0</ns3:atemp>
            <ns3:hr>96</ns3:hr>
            <ns3:cad>53</ns3:cad>
          </ns3:TrackPointExtension>
        </extensions>
      </trkpt>
      <trkpt lat="47.2557527013123035430908203125" lon="7.024705745279788970947265625">
        <ele>1029.5999755859375</ele>
        <time>2021-12-05T15:03:47.000Z</time>
        <extensions>
          <ns3:TrackPointExtension>
            <ns3:atemp>24.0</ns3:atemp>
            <ns3:hr>96</ns3:hr>
            <ns3:cad>53</ns3:cad>
          </ns3:TrackPointExtension>
        </extensions>
      </trkpt>
      <trkpt lat="47.25572261027991771697998046875" lon="7.02475293539464473724365234375">
        <ele>1028.5999755859375</ele>
        <time>2021-12-05T15:03:52.000Z</time>
        <extensions>
          <ns3:TrackPointExtension>
            <ns3:atemp>24.0</ns3:atemp>
            <ns3:hr>94</ns3:hr>
            <ns3:cad>52</ns3:cad>
          </ns3:TrackPointExtension>
        </extensions>
      </trkpt>
      <trkpt lat="47.25567986257374286651611328125" lon="7.0248019695281982421875">
        <ele>1030.199951171875</ele>
        <time>2021-12-05T15:03:56.000Z</time>
        <extensions>
          <ns3:TrackPointExtension>
            <ns3:atemp>24.0</ns3:atemp>
            <ns3:hr>95</ns3:hr>
            <ns3:cad>52</ns3:cad>
          </ns3:TrackPointExtension>
        </extensions>
      </trkpt>
      <trkpt lat="47.25567533634603023529052734375" lon="7.02481479384005069732666015625">
        <ele>1029.5999755859375</ele>
        <time>2021-12-05T15:03:57.000Z</time>
        <extensions>
          <ns3:TrackPointExtension>
            <ns3:atemp>24.0</ns3:atemp>
            <ns3:hr>95</ns3:hr>
            <ns3:cad>52</ns3:cad>
          </ns3:TrackPointExtension>
        </extensions>
      </trkpt>
      <trkpt lat="47.25564658641815185546875" lon="7.0248574577271938323974609375">
        <ele>1030.199951171875</ele>
        <time>2021-12-05T15:04:03.000Z</time>
        <extensions>
          <ns3:TrackPointExtension>
            <ns3:atemp>24.0</ns3:atemp>
            <ns3:hr>95</ns3:hr>
            <ns3:cad>51</ns3:cad>
          </ns3:TrackPointExtension>
        </extensions>
      </trkpt>
      <trkpt lat="47.25563292391598224639892578125" lon="7.0248712040483951568603515625">
        <ele>1030.199951171875</ele>
        <time>2021-12-05T15:04:04.000Z</time>
        <extensions>
          <ns3:TrackPointExtension>
            <ns3:atemp>24.0</ns3:atemp>
            <ns3:hr>96</ns3:hr>
            <ns3:cad>51</ns3:cad>
          </ns3:TrackPointExtension>
        </extensions>
      </trkpt>
      <trkpt lat="47.2556237876415252685546875" lon="7.02487966977059841156005859375">
        <ele>1030</ele>
        <time>2021-12-05T15:04:05.000Z</time>
        <extensions>
          <ns3:TrackPointExtension>
            <ns3:atemp>24.0</ns3:atemp>
            <ns3:hr>93</ns3:hr>
            <ns3:cad>51</ns3:cad>
          </ns3:TrackPointExtension>
        </extensions>
      </trkpt>
      <trkpt lat="47.25561884231865406036376953125" lon="7.02488251961767673492431640625">
        <ele>1030</ele>
        <time>2021-12-05T15:04:06.000Z</time>
        <extensions>
          <ns3:TrackPointExtension>
            <ns3:atemp>24.0</ns3:atemp>
            <ns3:hr>93</ns3:hr>
            <ns3:cad>51</ns3:cad>
          </ns3:TrackPointExtension>
        </extensions>
      </trkpt>
      <trkpt lat="47.25558581762015819549560546875" lon="7.024896852672100067138671875">
        <ele>1030.800048828125</ele>
        <time>2021-12-05T15:04:10.000Z</time>
        <extensions>
          <ns3:TrackPointExtension>
            <ns3:atemp>24.0</ns3:atemp>
            <ns3:hr>92</ns3:hr>
            <ns3:cad>49</ns3:cad>
          </ns3:TrackPointExtension>
        </extensions>
      </trkpt>
      <trkpt lat="47.2555545531213283538818359375" lon="7.02491973526775836944580078125">
        <ele>1032.199951171875</ele>
        <time>2021-12-05T15:04:13.000Z</time>
        <extensions>
          <ns3:TrackPointExtension>
            <ns3:atemp>24.0</ns3:atemp>
            <ns3:hr>94</ns3:hr>
            <ns3:cad>49</ns3:cad>
          </ns3:TrackPointExtension>
        </extensions>
      </trkpt>
      <trkpt lat="47.2555190138518810272216796875" lon="7.0249503292143344879150390625">
        <ele>1031.5999755859375</ele>
        <time>2021-12-05T15:04:17.000Z</time>
        <extensions>
          <ns3:TrackPointExtension>
            <ns3:atemp>24.0</ns3:atemp>
            <ns3:hr>97</ns3:hr>
            <ns3:cad>51</ns3:cad>
          </ns3:TrackPointExtension>
        </extensions>
      </trkpt>
      <trkpt lat="47.25550937466323375701904296875" lon="7.02495560981333255767822265625">
        <ele>1031</ele>
        <time>2021-12-05T15:04:18.000Z</time>
        <extensions>
          <ns3:TrackPointExtension>
            <ns3:atemp>24.0</ns3:atemp>
            <ns3:hr>95</ns3:hr>
            <ns3:cad>51</ns3:cad>
          </ns3:TrackPointExtension>
        </extensions>
      </trkpt>
      <trkpt lat="47.25547970272600650787353515625" lon="7.02499852515757083892822265625">
        <ele>1030.4000244140625</ele>
        <time>2021-12-05T15:04:22.000Z</time>
        <extensions>
          <ns3:TrackPointExtension>
            <ns3:atemp>24.0</ns3:atemp>
            <ns3:hr>90</ns3:hr>
            <ns3:cad>50</ns3:cad>
          </ns3:TrackPointExtension>
        </extensions>
      </trkpt>
      <trkpt lat="47.25545623339712619781494140625" lon="7.0250371657311916351318359375">
        <ele>1031</ele>
        <time>2021-12-05T15:04:25.000Z</time>
        <extensions>
          <ns3:TrackPointExtension>
            <ns3:atemp>24.0</ns3:atemp>
            <ns3:hr>93</ns3:hr>
            <ns3:cad>51</ns3:cad>
          </ns3:TrackPointExtension>
        </extensions>
      </trkpt>
      <trkpt lat="47.2554325126111507415771484375" lon="7.02504797838628292083740234375">
        <ele>1032.199951171875</ele>
        <time>2021-12-05T15:04:27.000Z</time>
        <extensions>
          <ns3:TrackPointExtension>
            <ns3:atemp>24.0</ns3:atemp>
            <ns3:hr>95</ns3:hr>
            <ns3:cad>51</ns3:cad>
          </ns3:TrackPointExtension>
        </extensions>
      </trkpt>
      <trkpt lat="47.25540460087358951568603515625" lon="7.0250814221799373626708984375">
        <ele>1032.199951171875</ele>
        <time>2021-12-05T15:04:30.000Z</time>
        <extensions>
          <ns3:TrackPointExtension>
            <ns3:atemp>24.0</ns3:atemp>
            <ns3:hr>92</ns3:hr>
            <ns3:cad>52</ns3:cad>
          </ns3:TrackPointExtension>
        </extensions>
      </trkpt>
      <trkpt lat="47.255384735763072967529296875" lon="7.02511201612651348114013671875">
        <ele>1032</ele>
        <time>2021-12-05T15:04:32.000Z</time>
        <extensions>
          <ns3:TrackPointExtension>
            <ns3:atemp>24.0</ns3:atemp>
            <ns3:hr>95</ns3:hr>
            <ns3:cad>52</ns3:cad>
          </ns3:TrackPointExtension>
        </extensions>
      </trkpt>
      <trkpt lat="47.2553778626024723052978515625" lon="7.02512358315289020538330078125">
        <ele>1032</ele>
        <time>2021-12-05T15:04:33.000Z</time>
        <extensions>
          <ns3:TrackPointExtension>
            <ns3:atemp>24.0</ns3:atemp>
            <ns3:hr>95</ns3:hr>
            <ns3:cad>52</ns3:cad>
          </ns3:TrackPointExtension>
        </extensions>
      </trkpt>
      <trkpt lat="47.25531239993870258331298828125" lon="7.02519063837826251983642578125">
        <ele>1031.199951171875</ele>
        <time>2021-12-05T15:04:40.000Z</time>
        <extensions>
          <ns3:TrackPointExtension>
            <ns3:atemp>24.0</ns3:atemp>
            <ns3:hr>96</ns3:hr>
            <ns3:cad>53</ns3:cad>
          </ns3:TrackPointExtension>
        </extensions>
      </trkpt>
      <trkpt lat="47.2553014196455478668212890625" lon="7.0251970924437046051025390625">
        <ele>1030</ele>
        <time>2021-12-05T15:04:41.000Z</time>
        <extensions>
          <ns3:TrackPointExtension>
            <ns3:atemp>24.0</ns3:atemp>
            <ns3:hr>96</ns3:hr>
            <ns3:cad>53</ns3:cad>
          </ns3:TrackPointExtension>
        </extensions>
      </trkpt>
      <trkpt lat="47.2552766092121601104736328125" lon="7.02521502971649169921875">
        <ele>1029</ele>
        <time>2021-12-05T15:04:43.000Z</time>
        <extensions>
          <ns3:TrackPointExtension>
            <ns3:atemp>24.0</ns3:atemp>
            <ns3:hr>99</ns3:hr>
            <ns3:cad>54</ns3:cad>
          </ns3:TrackPointExtension>
        </extensions>
      </trkpt>
      <trkpt lat="47.25526529364287853240966796875" lon="7.02522818930447101593017578125">
        <ele>1028.800048828125</ele>
        <time>2021-12-05T15:04:44.000Z</time>
        <extensions>
          <ns3:TrackPointExtension>
            <ns3:atemp>24.0</ns3:atemp>
            <ns3:hr>102</ns3:hr>
            <ns3:cad>54</ns3:cad>
          </ns3:TrackPointExtension>
        </extensions>
      </trkpt>
      <trkpt lat="47.25523478351533412933349609375" lon="7.02525182627141475677490234375">
        <ele>1028.800048828125</ele>
        <time>2021-12-05T15:04:47.000Z</time>
        <extensions>
          <ns3:TrackPointExtension>
            <ns3:atemp>24.0</ns3:atemp>
            <ns3:hr>99</ns3:hr>
            <ns3:cad>53</ns3:cad>
          </ns3:TrackPointExtension>
        </extensions>
      </trkpt>
      <trkpt lat="47.25522170774638652801513671875" lon="7.0252651534974575042724609375">
        <ele>1028.800048828125</ele>
        <time>2021-12-05T15:04:48.000Z</time>
        <extensions>
          <ns3:TrackPointExtension>
            <ns3:atemp>24.0</ns3:atemp>
            <ns3:hr>98</ns3:hr>
            <ns3:cad>53</ns3:cad>
          </ns3:TrackPointExtension>
        </extensions>
      </trkpt>
      <trkpt lat="47.25519505329430103302001953125" lon="7.02530044130980968475341796875">
        <ele>1029.4000244140625</ele>
        <time>2021-12-05T15:04:50.000Z</time>
        <extensions>
          <ns3:TrackPointExtension>
            <ns3:atemp>24.0</ns3:atemp>
            <ns3:hr>95</ns3:hr>
            <ns3:cad>52</ns3:cad>
          </ns3:TrackPointExtension>
        </extensions>
      </trkpt>
      <trkpt lat="47.2551787085831165313720703125" lon="7.02532793395221233367919921875">
        <ele>1030.5999755859375</ele>
        <time>2021-12-05T15:04:52.000Z</time>
        <extensions>
          <ns3:TrackPointExtension>
            <ns3:atemp>24.0</ns3:atemp>
            <ns3:hr>96</ns3:hr>
            <ns3:cad>53</ns3:cad>
          </ns3:TrackPointExtension>
        </extensions>
      </trkpt>
      <trkpt lat="47.2551525570452213287353515625" lon="7.02536598779261112213134765625">
        <ele>1031.5999755859375</ele>
        <time>2021-12-05T15:04:54.000Z</time>
        <extensions>
          <ns3:TrackPointExtension>
            <ns3:atemp>24.0</ns3:atemp>
            <ns3:hr>97</ns3:hr>
            <ns3:cad>53</ns3:cad>
          </ns3:TrackPointExtension>
        </extensions>
      </trkpt>
      <trkpt lat="47.25514157675206661224365234375" lon="7.02538040466606616973876953125">
        <ele>1032</ele>
        <time>2021-12-05T15:04:55.000Z</time>
        <extensions>
          <ns3:TrackPointExtension>
            <ns3:atemp>24.0</ns3:atemp>
            <ns3:hr>98</ns3:hr>
            <ns3:cad>53</ns3:cad>
          </ns3:TrackPointExtension>
        </extensions>
      </trkpt>
      <trkpt lat="47.2550995834171772003173828125" lon="7.02543170191347599029541015625">
        <ele>1032.4000244140625</ele>
        <time>2021-12-05T15:04:59.000Z</time>
        <extensions>
          <ns3:TrackPointExtension>
            <ns3:atemp>24.0</ns3:atemp>
            <ns3:hr>102</ns3:hr>
            <ns3:cad>53</ns3:cad>
          </ns3:TrackPointExtension>
        </extensions>
      </trkpt>
      <trkpt lat="47.25508022122085094451904296875" lon="7.02545248903334140777587890625">
        <ele>1033</ele>
        <time>2021-12-05T15:05:01.000Z</time>
        <extensions>
          <ns3:TrackPointExtension>
            <ns3:atemp>24.0</ns3:atemp>
            <ns3:hr>103</ns3:hr>
            <ns3:cad>53</ns3:cad>
          </ns3:TrackPointExtension>
        </extensions>
      </trkpt>
      <trkpt lat="47.25504853762686252593994140625" lon="7.02549708075821399688720703125">
        <ele>1034</ele>
        <time>2021-12-05T15:05:04.000Z</time>
        <extensions>
          <ns3:TrackPointExtension>
            <ns3:atemp>24.0</ns3:atemp>
            <ns3:hr>103</ns3:hr>
            <ns3:cad>54</ns3:cad>
          </ns3:TrackPointExtension>
        </extensions>
      </trkpt>
      <trkpt lat="47.25503127090632915496826171875" lon="7.02552205882966518402099609375">
        <ele>1034.199951171875</ele>
        <time>2021-12-05T15:05:06.000Z</time>
        <extensions>
          <ns3:TrackPointExtension>
            <ns3:atemp>24.0</ns3:atemp>
            <ns3:hr>100</ns3:hr>
            <ns3:cad>53</ns3:cad>
          </ns3:TrackPointExtension>
        </extensions>
      </trkpt>
      <trkpt lat="47.25496840663254261016845703125" lon="7.02556011267006397247314453125">
        <ele>1033.800048828125</ele>
        <time>2021-12-05T15:05:11.000Z</time>
        <extensions>
          <ns3:TrackPointExtension>
            <ns3:atemp>24.0</ns3:atemp>
            <ns3:hr>103</ns3:hr>
            <ns3:cad>53</ns3:cad>
          </ns3:TrackPointExtension>
        </extensions>
      </trkpt>
      <trkpt lat="47.2549591027200222015380859375" lon="7.02556799165904521942138671875">
        <ele>1033.4000244140625</ele>
        <time>2021-12-05T15:05:12.000Z</time>
        <extensions>
          <ns3:TrackPointExtension>
            <ns3:atemp>24.0</ns3:atemp>
            <ns3:hr>103</ns3:hr>
            <ns3:cad>53</ns3:cad>
          </ns3:TrackPointExtension>
        </extensions>
      </trkpt>
      <trkpt lat="47.25495046935975551605224609375" lon="7.02557670883834362030029296875">
        <ele>1032.199951171875</ele>
        <time>2021-12-05T15:05:13.000Z</time>
        <extensions>
          <ns3:TrackPointExtension>
            <ns3:atemp>24.0</ns3:atemp>
            <ns3:hr>104</ns3:hr>
            <ns3:cad>53</ns3:cad>
          </ns3:TrackPointExtension>
        </extensions>
      </trkpt>
      <trkpt lat="47.2549188695847988128662109375" lon="7.0256202109158039093017578125">
        <ele>1030.800048828125</ele>
        <time>2021-12-05T15:05:16.000Z</time>
        <extensions>
          <ns3:TrackPointExtension>
            <ns3:atemp>24.0</ns3:atemp>
            <ns3:hr>104</ns3:hr>
            <ns3:cad>53</ns3:cad>
          </ns3:TrackPointExtension>
        </extensions>
      </trkpt>
      <trkpt lat="47.2548870183527469635009765625" lon="7.02564326114952564239501953125">
        <ele>1029.800048828125</ele>
        <time>2021-12-05T15:05:18.000Z</time>
        <extensions>
          <ns3:TrackPointExtension>
            <ns3:atemp>24.0</ns3:atemp>
            <ns3:hr>103</ns3:hr>
            <ns3:cad>53</ns3:cad>
          </ns3:TrackPointExtension>
        </extensions>
      </trkpt>
      <trkpt lat="47.25485466420650482177734375" lon="7.02564208768308162689208984375">
        <ele>1031.4000244140625</ele>
        <time>2021-12-05T15:05:20.000Z</time>
        <extensions>
          <ns3:TrackPointExtension>
            <ns3:atemp>24.0</ns3:atemp>
            <ns3:hr>102</ns3:hr>
            <ns3:cad>53</ns3:cad>
          </ns3:TrackPointExtension>
        </extensions>
      </trkpt>
      <trkpt lat="47.2548316977918148040771484375" lon="7.0256857573986053466796875">
        <ele>1033.199951171875</ele>
        <time>2021-12-05T15:05:22.000Z</time>
        <extensions>
          <ns3:TrackPointExtension>
            <ns3:atemp>24.0</ns3:atemp>
            <ns3:hr>102</ns3:hr>
            <ns3:cad>53</ns3:cad>
          </ns3:TrackPointExtension>
        </extensions>
      </trkpt>
      <trkpt lat="47.25480697117745876312255859375" lon="7.0257358811795711517333984375">
        <ele>1033.800048828125</ele>
        <time>2021-12-05T15:05:25.000Z</time>
        <extensions>
          <ns3:TrackPointExtension>
            <ns3:atemp>24.0</ns3:atemp>
            <ns3:hr>99</ns3:hr>
            <ns3:cad>53</ns3:cad>
          </ns3:TrackPointExtension>
        </extensions>
      </trkpt>
      <trkpt lat="47.2547814063727855682373046875" lon="7.02575524337589740753173828125">
        <ele>1033.800048828125</ele>
        <time>2021-12-05T15:05:27.000Z</time>
        <extensions>
          <ns3:TrackPointExtension>
            <ns3:atemp>24.0</ns3:atemp>
            <ns3:hr>94</ns3:hr>
            <ns3:cad>52</ns3:cad>
          </ns3:TrackPointExtension>
        </extensions>
      </trkpt>
      <trkpt lat="47.25477260537445545196533203125" lon="7.02576915733516216278076171875">
        <ele>1034</ele>
        <time>2021-12-05T15:05:28.000Z</time>
        <extensions>
          <ns3:TrackPointExtension>
            <ns3:atemp>24.0</ns3:atemp>
            <ns3:hr>93</ns3:hr>
            <ns3:cad>53</ns3:cad>
          </ns3:TrackPointExtension>
        </extensions>
      </trkpt>
      <trkpt lat="47.25471275858581066131591796875" lon="7.02582456171512603759765625">
        <ele>1033.800048828125</ele>
        <time>2021-12-05T15:05:35.000Z</time>
        <extensions>
          <ns3:TrackPointExtension>
            <ns3:atemp>24.0</ns3:atemp>
            <ns3:hr>96</ns3:hr>
            <ns3:cad>53</ns3:cad>
          </ns3:TrackPointExtension>
        </extensions>
      </trkpt>
      <trkpt lat="47.25469817407429218292236328125" lon="7.02583738602697849273681640625">
        <ele>1033.4000244140625</ele>
        <time>2021-12-05T15:05:37.000Z</time>
        <extensions>
          <ns3:TrackPointExtension>
            <ns3:atemp>24.0</ns3:atemp>
            <ns3:hr>98</ns3:hr>
            <ns3:cad>53</ns3:cad>
          </ns3:TrackPointExtension>
        </extensions>
      </trkpt>
      <trkpt lat="47.2546850144863128662109375" lon="7.02585414983332157135009765625">
        <ele>1033.199951171875</ele>
        <time>2021-12-05T15:05:39.000Z</time>
        <extensions>
          <ns3:TrackPointExtension>
            <ns3:atemp>24.0</ns3:atemp>
            <ns3:hr>98</ns3:hr>
            <ns3:cad>54</ns3:cad>
          </ns3:TrackPointExtension>
        </extensions>
      </trkpt>
      <trkpt lat="47.25466154515743255615234375" lon="7.02585716731846332550048828125">
        <ele>1031.800048828125</ele>
        <time>2021-12-05T15:05:41.000Z</time>
        <extensions>
          <ns3:TrackPointExtension>
            <ns3:atemp>24.0</ns3:atemp>
            <ns3:hr>99</ns3:hr>
            <ns3:cad>54</ns3:cad>
          </ns3:TrackPointExtension>
        </extensions>
      </trkpt>
      <trkpt lat="47.254617623984813690185546875" lon="7.02587611041963100433349609375">
        <ele>1031</ele>
        <time>2021-12-05T15:05:45.000Z</time>
        <extensions>
          <ns3:TrackPointExtension>
            <ns3:atemp>24.0</ns3:atemp>
            <ns3:hr>99</ns3:hr>
            <ns3:cad>53</ns3:cad>
          </ns3:TrackPointExtension>
        </extensions>
      </trkpt>
      <trkpt lat="47.25457345135509967803955078125" lon="7.02593394555151462554931640625">
        <ele>1033</ele>
        <time>2021-12-05T15:05:50.000Z</time>
        <extensions>
          <ns3:TrackPointExtension>
            <ns3:atemp>24.0</ns3:atemp>
            <ns3:hr>97</ns3:hr>
            <ns3:cad>53</ns3:cad>
          </ns3:TrackPointExtension>
        </extensions>
      </trkpt>
      <trkpt lat="47.2545651532709598541259765625" lon="7.02594283036887645721435546875">
        <ele>1032.800048828125</ele>
        <time>2021-12-05T15:05:51.000Z</time>
        <extensions>
          <ns3:TrackPointExtension>
            <ns3:atemp>24.0</ns3:atemp>
            <ns3:hr>96</ns3:hr>
            <ns3:cad>53</ns3:cad>
          </ns3:TrackPointExtension>
        </extensions>
      </trkpt>
      <trkpt lat="47.25455601699650287628173828125" lon="7.02595171518623828887939453125">
        <ele>1032.800048828125</ele>
        <time>2021-12-05T15:05:52.000Z</time>
        <extensions>
          <ns3:TrackPointExtension>
            <ns3:atemp>24.0</ns3:atemp>
            <ns3:hr>96</ns3:hr>
            <ns3:cad>53</ns3:cad>
          </ns3:TrackPointExtension>
        </extensions>
      </trkpt>
      <trkpt lat="47.2544682584702968597412109375" lon="7.02600720338523387908935546875">
        <ele>1032.5999755859375</ele>
        <time>2021-12-05T15:06:00.000Z</time>
        <extensions>
          <ns3:TrackPointExtension>
            <ns3:atemp>24.0</ns3:atemp>
            <ns3:hr>97</ns3:hr>
            <ns3:cad>54</ns3:cad>
          </ns3:TrackPointExtension>
        </extensions>
      </trkpt>
      <trkpt lat="47.25438217632472515106201171875" lon="7.0260771922767162322998046875">
        <ele>1032.4000244140625</ele>
        <time>2021-12-05T15:06:07.000Z</time>
        <extensions>
          <ns3:TrackPointExtension>
            <ns3:atemp>24.0</ns3:atemp>
            <ns3:hr>97</ns3:hr>
            <ns3:cad>53</ns3:cad>
          </ns3:TrackPointExtension>
        </extensions>
      </trkpt>
      <trkpt lat="47.2543291188776493072509765625" lon="7.02614014036953449249267578125">
        <ele>1034</ele>
        <time>2021-12-05T15:06:13.000Z</time>
        <extensions>
          <ns3:TrackPointExtension>
            <ns3:atemp>24.0</ns3:atemp>
            <ns3:hr>96</ns3:hr>
            <ns3:cad>53</ns3:cad>
          </ns3:TrackPointExtension>
        </extensions>
      </trkpt>
      <trkpt lat="47.254318892955780029296875" lon="7.02614508569240570068359375">
        <ele>1033.5999755859375</ele>
        <time>2021-12-05T15:06:14.000Z</time>
        <extensions>
          <ns3:TrackPointExtension>
            <ns3:atemp>24.0</ns3:atemp>
            <ns3:hr>95</ns3:hr>
            <ns3:cad>53</ns3:cad>
          </ns3:TrackPointExtension>
        </extensions>
      </trkpt>
      <trkpt lat="47.2543123550713062286376953125" lon="7.02617727220058441162109375">
        <ele>1033</ele>
        <time>2021-12-05T15:06:15.000Z</time>
        <extensions>
          <ns3:TrackPointExtension>
            <ns3:atemp>24.0</ns3:atemp>
            <ns3:hr>94</ns3:hr>
            <ns3:cad>53</ns3:cad>
          </ns3:TrackPointExtension>
        </extensions>
      </trkpt>
      <trkpt lat="47.25427606143057346343994140625" lon="7.0262257196009159088134765625">
        <ele>1032.4000244140625</ele>
        <time>2021-12-05T15:06:20.000Z</time>
        <extensions>
          <ns3:TrackPointExtension>
            <ns3:atemp>24.0</ns3:atemp>
            <ns3:hr>97</ns3:hr>
            <ns3:cad>54</ns3:cad>
          </ns3:TrackPointExtension>
        </extensions>
      </trkpt>
      <trkpt lat="47.25426499731838703155517578125" lon="7.02623317949473857879638671875">
        <ele>1031.4000244140625</ele>
        <time>2021-12-05T15:06:21.000Z</time>
        <extensions>
          <ns3:TrackPointExtension>
            <ns3:atemp>24.0</ns3:atemp>
            <ns3:hr>96</ns3:hr>
            <ns3:cad>53</ns3:cad>
          </ns3:TrackPointExtension>
        </extensions>
      </trkpt>
      <trkpt lat="47.2542546875774860382080078125" lon="7.02623535878956317901611328125">
        <ele>1032.4000244140625</ele>
        <time>2021-12-05T15:06:22.000Z</time>
        <extensions>
          <ns3:TrackPointExtension>
            <ns3:atemp>24.0</ns3:atemp>
            <ns3:hr>96</ns3:hr>
            <ns3:cad>53</ns3:cad>
          </ns3:TrackPointExtension>
        </extensions>
      </trkpt>
      <trkpt lat="47.25424638949334621429443359375" lon="7.0262377895414829254150390625">
        <ele>1032.800048828125</ele>
        <time>2021-12-05T15:06:23.000Z</time>
        <extensions>
          <ns3:TrackPointExtension>
            <ns3:atemp>24.0</ns3:atemp>
            <ns3:hr>97</ns3:hr>
            <ns3:cad>53</ns3:cad>
          </ns3:TrackPointExtension>
        </extensions>
      </trkpt>
      <trkpt lat="47.2542111016809940338134765625" lon="7.0262602530419826507568359375">
        <ele>1031.199951171875</ele>
        <time>2021-12-05T15:06:27.000Z</time>
        <extensions>
          <ns3:TrackPointExtension>
            <ns3:atemp>24.0</ns3:atemp>
            <ns3:hr>98</ns3:hr>
            <ns3:cad>54</ns3:cad>
          </ns3:TrackPointExtension>
        </extensions>
      </trkpt>
      <trkpt lat="47.254157960414886474609375" lon="7.02628917060792446136474609375">
        <ele>1032.199951171875</ele>
        <time>2021-12-05T15:06:31.000Z</time>
        <extensions>
          <ns3:TrackPointExtension>
            <ns3:atemp>24.0</ns3:atemp>
            <ns3:hr>96</ns3:hr>
            <ns3:cad>55</ns3:cad>
          </ns3:TrackPointExtension>
        </extensions>
      </trkpt>
      <trkpt lat="47.25411177612841129302978515625" lon="7.0263616740703582763671875">
        <ele>1033.4000244140625</ele>
        <time>2021-12-05T15:06:35.000Z</time>
        <extensions>
          <ns3:TrackPointExtension>
            <ns3:atemp>24.0</ns3:atemp>
            <ns3:hr>98</ns3:hr>
            <ns3:cad>55</ns3:cad>
          </ns3:TrackPointExtension>
        </extensions>
      </trkpt>
      <trkpt lat="47.25409015081822872161865234375" lon="7.02644322998821735382080078125">
        <ele>1033.800048828125</ele>
        <time>2021-12-05T15:06:38.000Z</time>
        <extensions>
          <ns3:TrackPointExtension>
            <ns3:atemp>24.0</ns3:atemp>
            <ns3:hr>96</ns3:hr>
            <ns3:cad>54</ns3:cad>
          </ns3:TrackPointExtension>
        </extensions>
      </trkpt>
      <trkpt lat="47.2540602274239063262939453125" lon="7.026533000171184539794921875">
        <ele>1032.199951171875</ele>
        <time>2021-12-05T15:06:42.000Z</time>
        <extensions>
          <ns3:TrackPointExtension>
            <ns3:atemp>24.0</ns3:atemp>
            <ns3:hr>99</ns3:hr>
            <ns3:cad>55</ns3:cad>
          </ns3:TrackPointExtension>
        </extensions>
      </trkpt>
      <trkpt lat="47.25404304452240467071533203125" lon="7.02655772678554058074951171875">
        <ele>1032</ele>
        <time>2021-12-05T15:06:44.000Z</time>
        <extensions>
          <ns3:TrackPointExtension>
            <ns3:atemp>24.0</ns3:atemp>
            <ns3:hr>101</ns3:hr>
            <ns3:cad>55</ns3:cad>
          </ns3:TrackPointExtension>
        </extensions>
      </trkpt>
      <trkpt lat="47.254034914076328277587890625" lon="7.02657046727836132049560546875">
        <ele>1033.4000244140625</ele>
        <time>2021-12-05T15:06:45.000Z</time>
        <extensions>
          <ns3:TrackPointExtension>
            <ns3:atemp>24.0</ns3:atemp>
            <ns3:hr>102</ns3:hr>
            <ns3:cad>55</ns3:cad>
          </ns3:TrackPointExtension>
        </extensions>
      </trkpt>
      <trkpt lat="47.254016138613224029541015625" lon="7.026587985455989837646484375">
        <ele>1034.4000244140625</ele>
        <time>2021-12-05T15:06:47.000Z</time>
        <extensions>
          <ns3:TrackPointExtension>
            <ns3:atemp>24.0</ns3:atemp>
            <ns3:hr>104</ns3:hr>
            <ns3:cad>55</ns3:cad>
          </ns3:TrackPointExtension>
        </extensions>
      </trkpt>
      <trkpt lat="47.25396819412708282470703125" lon="7.02659544534981250762939453125">
        <ele>1034.199951171875</ele>
        <time>2021-12-05T15:06:52.000Z</time>
        <extensions>
          <ns3:TrackPointExtension>
            <ns3:atemp>24.0</ns3:atemp>
            <ns3:hr>106</ns3:hr>
            <ns3:cad>55</ns3:cad>
          </ns3:TrackPointExtension>
        </extensions>
      </trkpt>
      <trkpt lat="47.2539522685110569000244140625" lon="7.02660148032009601593017578125">
        <ele>1033.800048828125</ele>
        <time>2021-12-05T15:06:54.000Z</time>
        <extensions>
          <ns3:TrackPointExtension>
            <ns3:atemp>24.0</ns3:atemp>
            <ns3:hr>107</ns3:hr>
            <ns3:cad>55</ns3:cad>
          </ns3:TrackPointExtension>
        </extensions>
      </trkpt>
      <trkpt lat="47.2539338283240795135498046875" lon="7.02660684473812580108642578125">
        <ele>1032.800048828125</ele>
        <time>2021-12-05T15:06:56.000Z</time>
        <extensions>
          <ns3:TrackPointExtension>
            <ns3:atemp>24.0</ns3:atemp>
            <ns3:hr>106</ns3:hr>
            <ns3:cad>55</ns3:cad>
          </ns3:TrackPointExtension>
        </extensions>
      </trkpt>
      <trkpt lat="47.25391077809035778045654296875" lon="7.02661170624196529388427734375">
        <ele>1031.4000244140625</ele>
        <time>2021-12-05T15:06:58.000Z</time>
        <extensions>
          <ns3:TrackPointExtension>
            <ns3:atemp>24.0</ns3:atemp>
            <ns3:hr>106</ns3:hr>
            <ns3:cad>55</ns3:cad>
          </ns3:TrackPointExtension>
        </extensions>
      </trkpt>
      <trkpt lat="47.25387054495513439178466796875" lon="7.02664003707468509674072265625">
        <ele>1031</ele>
        <time>2021-12-05T15:07:01.000Z</time>
        <extensions>
          <ns3:TrackPointExtension>
            <ns3:atemp>24.0</ns3:atemp>
            <ns3:hr>106</ns3:hr>
            <ns3:cad>55</ns3:cad>
          </ns3:TrackPointExtension>
        </extensions>
      </trkpt>
      <trkpt lat="47.25384254939854145050048828125" lon="7.02665872871875762939453125">
        <ele>1032.800048828125</ele>
        <time>2021-12-05T15:07:03.000Z</time>
        <extensions>
          <ns3:TrackPointExtension>
            <ns3:atemp>24.0</ns3:atemp>
            <ns3:hr>107</ns3:hr>
            <ns3:cad>55</ns3:cad>
          </ns3:TrackPointExtension>
        </extensions>
      </trkpt>
      <trkpt lat="47.2538101114332675933837890625" lon="7.0266781747341156005859375">
        <ele>1034.5999755859375</ele>
        <time>2021-12-05T15:07:06.000Z</time>
        <extensions>
          <ns3:TrackPointExtension>
            <ns3:atemp>24.0</ns3:atemp>
            <ns3:hr>107</ns3:hr>
            <ns3:cad>55</ns3:cad>
          </ns3:TrackPointExtension>
        </extensions>
      </trkpt>
      <trkpt lat="47.2537594847381114959716796875" lon="7.0267209224402904510498046875">
        <ele>1035</ele>
        <time>2021-12-05T15:07:10.000Z</time>
        <extensions>
          <ns3:TrackPointExtension>
            <ns3:atemp>24.0</ns3:atemp>
            <ns3:hr>107</ns3:hr>
            <ns3:cad>53</ns3:cad>
          </ns3:TrackPointExtension>
        </extensions>
      </trkpt>
      <trkpt lat="47.25367826409637928009033203125" lon="7.02680750750005245208740234375">
        <ele>1035</ele>
        <time>2021-12-05T15:07:19.000Z</time>
        <extensions>
          <ns3:TrackPointExtension>
            <ns3:atemp>24.0</ns3:atemp>
            <ns3:hr>107</ns3:hr>
            <ns3:cad>53</ns3:cad>
          </ns3:TrackPointExtension>
        </extensions>
      </trkpt>
      <trkpt lat="47.2535933554172515869140625" lon="7.02697665430605411529541015625">
        <ele>1034.199951171875</ele>
        <time>2021-12-05T15:07:28.000Z</time>
        <extensions>
          <ns3:TrackPointExtension>
            <ns3:atemp>24.0</ns3:atemp>
            <ns3:hr>104</ns3:hr>
            <ns3:cad>55</ns3:cad>
          </ns3:TrackPointExtension>
        </extensions>
      </trkpt>
      <trkpt lat="47.2535757534205913543701171875" lon="7.02700146473944187164306640625">
        <ele>1034.199951171875</ele>
        <time>2021-12-05T15:07:30.000Z</time>
        <extensions>
          <ns3:TrackPointExtension>
            <ns3:atemp>24.0</ns3:atemp>
            <ns3:hr>105</ns3:hr>
            <ns3:cad>53</ns3:cad>
          </ns3:TrackPointExtension>
        </extensions>
      </trkpt>
      <trkpt lat="47.253564856946468353271484375" lon="7.02701889909803867340087890625">
        <ele>1033.5999755859375</ele>
        <time>2021-12-05T15:07:31.000Z</time>
        <extensions>
          <ns3:TrackPointExtension>
            <ns3:atemp>24.0</ns3:atemp>
            <ns3:hr>104</ns3:hr>
            <ns3:cad>53</ns3:cad>
          </ns3:TrackPointExtension>
        </extensions>
      </trkpt>
      <trkpt lat="47.2535263001918792724609375" lon="7.0270867086946964263916015625">
        <ele>1035.199951171875</ele>
        <time>2021-12-05T15:07:35.000Z</time>
        <extensions>
          <ns3:TrackPointExtension>
            <ns3:atemp>24.0</ns3:atemp>
            <ns3:hr>103</ns3:hr>
            <ns3:cad>54</ns3:cad>
          </ns3:TrackPointExtension>
        </extensions>
      </trkpt>
      <trkpt lat="47.2535167448222637176513671875" lon="7.0271054841578006744384765625">
        <ele>1036</ele>
        <time>2021-12-05T15:07:36.000Z</time>
        <extensions>
          <ns3:TrackPointExtension>
            <ns3:atemp>24.0</ns3:atemp>
            <ns3:hr>104</ns3:hr>
            <ns3:cad>53</ns3:cad>
          </ns3:TrackPointExtension>
        </extensions>
      </trkpt>
      <trkpt lat="47.2535070218145847320556640625" lon="7.02711864374577999114990234375">
        <ele>1035.4000244140625</ele>
        <time>2021-12-05T15:07:37.000Z</time>
        <extensions>
          <ns3:TrackPointExtension>
            <ns3:atemp>24.0</ns3:atemp>
            <ns3:hr>101</ns3:hr>
            <ns3:cad>53</ns3:cad>
          </ns3:TrackPointExtension>
        </extensions>
      </trkpt>
      <trkpt lat="47.2534708119928836822509765625" lon="7.027163319289684295654296875">
        <ele>1034.800048828125</ele>
        <time>2021-12-05T15:07:41.000Z</time>
        <extensions>
          <ns3:TrackPointExtension>
            <ns3:atemp>24.0</ns3:atemp>
            <ns3:hr>104</ns3:hr>
            <ns3:cad>53</ns3:cad>
          </ns3:TrackPointExtension>
        </extensions>
      </trkpt>
      <trkpt lat="47.2534476779401302337646484375" lon="7.0272281952202320098876953125">
        <ele>1035.5999755859375</ele>
        <time>2021-12-05T15:07:45.000Z</time>
        <extensions>
          <ns3:TrackPointExtension>
            <ns3:atemp>24.0</ns3:atemp>
            <ns3:hr>104</ns3:hr>
            <ns3:cad>52</ns3:cad>
          </ns3:TrackPointExtension>
        </extensions>
      </trkpt>
      <trkpt lat="47.25343820638954639434814453125" lon="7.0272687636315822601318359375">
        <ele>1036.5999755859375</ele>
        <time>2021-12-05T15:07:48.000Z</time>
        <extensions>
          <ns3:TrackPointExtension>
            <ns3:atemp>24.0</ns3:atemp>
            <ns3:hr>103</ns3:hr>
            <ns3:cad>53</ns3:cad>
          </ns3:TrackPointExtension>
        </extensions>
      </trkpt>
      <trkpt lat="47.253428399562835693359375" lon="7.02731788158416748046875">
        <ele>1034.800048828125</ele>
        <time>2021-12-05T15:07:51.000Z</time>
        <extensions>
          <ns3:TrackPointExtension>
            <ns3:atemp>24.0</ns3:atemp>
            <ns3:hr>102</ns3:hr>
            <ns3:cad>52</ns3:cad>
          </ns3:TrackPointExtension>
        </extensions>
      </trkpt>
      <trkpt lat="47.253389172255992889404296875" lon="7.02722308225929737091064453125">
        <ele>1034.800048828125</ele>
        <time>2021-12-05T15:08:14.000Z</time>
        <extensions>
          <ns3:TrackPointExtension>
            <ns3:atemp>24.0</ns3:atemp>
            <ns3:hr>98</ns3:hr>
            <ns3:cad>69</ns3:cad>
          </ns3:TrackPointExtension>
        </extensions>
      </trkpt>
      <trkpt lat="47.2533833049237728118896484375" lon="7.02722392044961452484130859375">
        <ele>1034.800048828125</ele>
        <time>2021-12-05T15:08:15.000Z</time>
        <extensions>
          <ns3:TrackPointExtension>
            <ns3:atemp>24.0</ns3:atemp>
            <ns3:hr>98</ns3:hr>
            <ns3:cad>69</ns3:cad>
          </ns3:TrackPointExtension>
        </extensions>
      </trkpt>
      <trkpt lat="47.25336276926100254058837890625" lon="7.02721084468066692352294921875">
        <ele>1036.199951171875</ele>
        <time>2021-12-05T15:08:17.000Z</time>
        <extensions>
          <ns3:TrackPointExtension>
            <ns3:atemp>24.0</ns3:atemp>
            <ns3:hr>97</ns3:hr>
            <ns3:cad>69</ns3:cad>
          </ns3:TrackPointExtension>
        </extensions>
      </trkpt>
      <trkpt lat="47.25334969349205493927001953125" lon="7.02720413915812969207763671875">
        <ele>1037</ele>
        <time>2021-12-05T15:08:18.000Z</time>
        <extensions>
          <ns3:TrackPointExtension>
            <ns3:atemp>24.0</ns3:atemp>
            <ns3:hr>97</ns3:hr>
            <ns3:cad>69</ns3:cad>
          </ns3:TrackPointExtension>
        </extensions>
      </trkpt>
      <trkpt lat="47.25333427079021930694580078125" lon="7.027203552424907684326171875">
        <ele>1037.4000244140625</ele>
        <time>2021-12-05T15:08:19.000Z</time>
        <extensions>
          <ns3:TrackPointExtension>
            <ns3:atemp>24.0</ns3:atemp>
            <ns3:hr>97</ns3:hr>
            <ns3:cad>69</ns3:cad>
          </ns3:TrackPointExtension>
        </extensions>
      </trkpt>
      <trkpt lat="47.2532672993838787078857421875" lon="7.027190811932086944580078125">
        <ele>1038</ele>
        <time>2021-12-05T15:08:25.000Z</time>
        <extensions>
          <ns3:TrackPointExtension>
            <ns3:atemp>24.0</ns3:atemp>
            <ns3:hr>99</ns3:hr>
            <ns3:cad>50</ns3:cad>
          </ns3:TrackPointExtension>
        </extensions>
      </trkpt>
      <trkpt lat="47.25325204432010650634765625" lon="7.02718134038150310516357421875">
        <ele>1038</ele>
        <time>2021-12-05T15:08:27.000Z</time>
        <extensions>
          <ns3:TrackPointExtension>
            <ns3:atemp>24.0</ns3:atemp>
            <ns3:hr>99</ns3:hr>
            <ns3:cad>51</ns3:cad>
          </ns3:TrackPointExtension>
        </extensions>
      </trkpt>
      <trkpt lat="47.2532173432409763336181640625" lon="7.02723615802824497222900390625">
        <ele>1038</ele>
        <time>2021-12-05T15:08:31.000Z</time>
        <extensions>
          <ns3:TrackPointExtension>
            <ns3:atemp>24.0</ns3:atemp>
            <ns3:hr>99</ns3:hr>
            <ns3:cad>48</ns3:cad>
          </ns3:TrackPointExtension>
        </extensions>
      </trkpt>
      <trkpt lat="47.25315925665199756622314453125" lon="7.0272644050419330596923828125">
        <ele>1037.800048828125</ele>
        <time>2021-12-05T15:08:37.000Z</time>
        <extensions>
          <ns3:TrackPointExtension>
            <ns3:atemp>24.0</ns3:atemp>
            <ns3:hr>95</ns3:hr>
            <ns3:cad>51</ns3:cad>
          </ns3:TrackPointExtension>
        </extensions>
      </trkpt>
      <trkpt lat="47.253153137862682342529296875" lon="7.027267254889011383056640625">
        <ele>1037.800048828125</ele>
        <time>2021-12-05T15:08:38.000Z</time>
        <extensions>
          <ns3:TrackPointExtension>
            <ns3:atemp>24.0</ns3:atemp>
            <ns3:hr>95</ns3:hr>
            <ns3:cad>51</ns3:cad>
          </ns3:TrackPointExtension>
        </extensions>
      </trkpt>
      <trkpt lat="47.25314400158822536468505859375" lon="7.0272655785083770751953125">
        <ele>1038</ele>
        <time>2021-12-05T15:08:39.000Z</time>
        <extensions>
          <ns3:TrackPointExtension>
            <ns3:atemp>24.0</ns3:atemp>
            <ns3:hr>90</ns3:hr>
            <ns3:cad>51</ns3:cad>
          </ns3:TrackPointExtension>
        </extensions>
      </trkpt>
      <trkpt lat="47.253135703504085540771484375" lon="7.02726867981255054473876953125">
        <ele>1038.199951171875</ele>
        <time>2021-12-05T15:08:40.000Z</time>
        <extensions>
          <ns3:TrackPointExtension>
            <ns3:atemp>24.0</ns3:atemp>
            <ns3:hr>89</ns3:hr>
            <ns3:cad>51</ns3:cad>
          </ns3:TrackPointExtension>
        </extensions>
      </trkpt>
      <trkpt lat="47.25311684422194957733154296875" lon="7.02727672643959522247314453125">
        <ele>1038.4000244140625</ele>
        <time>2021-12-05T15:08:42.000Z</time>
        <extensions>
          <ns3:TrackPointExtension>
            <ns3:atemp>24.0</ns3:atemp>
            <ns3:hr>89</ns3:hr>
            <ns3:cad>52</ns3:cad>
          </ns3:TrackPointExtension>
        </extensions>
      </trkpt>
      <trkpt lat="47.25310594774782657623291015625" lon="7.02727974392473697662353515625">
        <ele>1038.4000244140625</ele>
        <time>2021-12-05T15:08:43.000Z</time>
        <extensions>
          <ns3:TrackPointExtension>
            <ns3:atemp>24.0</ns3:atemp>
            <ns3:hr>92</ns3:hr>
            <ns3:cad>52</ns3:cad>
          </ns3:TrackPointExtension>
        </extensions>
      </trkpt>
      <trkpt lat="47.2530274093151092529296875" lon="7.027265243232250213623046875">
        <ele>1038.4000244140625</ele>
        <time>2021-12-05T15:08:50.000Z</time>
        <extensions>
          <ns3:TrackPointExtension>
            <ns3:atemp>24.0</ns3:atemp>
            <ns3:hr>93</ns3:hr>
            <ns3:cad>51</ns3:cad>
          </ns3:TrackPointExtension>
        </extensions>
      </trkpt>
      <trkpt lat="47.25298005156219005584716796875" lon="7.02725443057715892791748046875">
        <ele>1038.5999755859375</ele>
        <time>2021-12-05T15:08:54.000Z</time>
        <extensions>
          <ns3:TrackPointExtension>
            <ns3:atemp>24.0</ns3:atemp>
            <ns3:hr>91</ns3:hr>
            <ns3:cad>47</ns3:cad>
          </ns3:TrackPointExtension>
        </extensions>
      </trkpt>
      <trkpt lat="47.25294635631144046783447265625" lon="7.02726867981255054473876953125">
        <ele>1039</ele>
        <time>2021-12-05T15:08:57.000Z</time>
        <extensions>
          <ns3:TrackPointExtension>
            <ns3:atemp>24.0</ns3:atemp>
            <ns3:hr>87</ns3:hr>
            <ns3:cad>45</ns3:cad>
          </ns3:TrackPointExtension>
        </extensions>
      </trkpt>
      <trkpt lat="47.25293680094182491302490234375" lon="7.02726968564093112945556640625">
        <ele>1039</ele>
        <time>2021-12-05T15:08:58.000Z</time>
        <extensions>
          <ns3:TrackPointExtension>
            <ns3:atemp>24.0</ns3:atemp>
            <ns3:hr>87</ns3:hr>
            <ns3:cad>45</ns3:cad>
          </ns3:TrackPointExtension>
        </extensions>
      </trkpt>
      <trkpt lat="47.25290243513882160186767578125" lon="7.027265243232250213623046875">
        <ele>1039.4000244140625</ele>
        <time>2021-12-05T15:09:01.000Z</time>
        <extensions>
          <ns3:TrackPointExtension>
            <ns3:atemp>24.0</ns3:atemp>
            <ns3:hr>88</ns3:hr>
            <ns3:cad>48</ns3:cad>
          </ns3:TrackPointExtension>
        </extensions>
      </trkpt>
      <trkpt lat="47.25289572961628437042236328125" lon="7.02727186493575572967529296875">
        <ele>1039.5999755859375</ele>
        <time>2021-12-05T15:09:02.000Z</time>
        <extensions>
          <ns3:TrackPointExtension>
            <ns3:atemp>24.0</ns3:atemp>
            <ns3:hr>89</ns3:hr>
            <ns3:cad>49</ns3:cad>
          </ns3:TrackPointExtension>
        </extensions>
      </trkpt>
      <trkpt lat="47.25287544541060924530029296875" lon="7.027261219918727874755859375">
        <ele>1039.800048828125</ele>
        <time>2021-12-05T15:09:05.000Z</time>
        <extensions>
          <ns3:TrackPointExtension>
            <ns3:atemp>24.0</ns3:atemp>
            <ns3:hr>89</ns3:hr>
            <ns3:cad>49</ns3:cad>
          </ns3:TrackPointExtension>
        </extensions>
      </trkpt>
      <trkpt lat="47.25285398773849010467529296875" lon="7.0272546820342540740966796875">
        <ele>1039.800048828125</ele>
        <time>2021-12-05T15:09:07.000Z</time>
        <extensions>
          <ns3:TrackPointExtension>
            <ns3:atemp>24.0</ns3:atemp>
            <ns3:hr>93</ns3:hr>
            <ns3:cad>49</ns3:cad>
          </ns3:TrackPointExtension>
        </extensions>
      </trkpt>
      <trkpt lat="47.2528327815234661102294921875" lon="7.02724655158817768096923828125">
        <ele>1040</ele>
        <time>2021-12-05T15:09:09.000Z</time>
        <extensions>
          <ns3:TrackPointExtension>
            <ns3:atemp>24.0</ns3:atemp>
            <ns3:hr>97</ns3:hr>
            <ns3:cad>47</ns3:cad>
          </ns3:TrackPointExtension>
        </extensions>
      </trkpt>
      <trkpt lat="47.2528009302914142608642578125" lon="7.02724001370370388031005859375">
        <ele>1040</ele>
        <time>2021-12-05T15:09:12.000Z</time>
        <extensions>
          <ns3:TrackPointExtension>
            <ns3:atemp>24.0</ns3:atemp>
            <ns3:hr>100</ns3:hr>
            <ns3:cad>48</ns3:cad>
          </ns3:TrackPointExtension>
        </extensions>
      </trkpt>
      <trkpt lat="47.25279414094984531402587890625" lon="7.02723397873342037200927734375">
        <ele>1040</ele>
        <time>2021-12-05T15:09:13.000Z</time>
        <extensions>
          <ns3:TrackPointExtension>
            <ns3:atemp>24.0</ns3:atemp>
            <ns3:hr>103</ns3:hr>
            <ns3:cad>48</ns3:cad>
          </ns3:TrackPointExtension>
        </extensions>
      </trkpt>
      <trkpt lat="47.2527878545224666595458984375" lon="7.0272261835634708404541015625">
        <ele>1039.800048828125</ele>
        <time>2021-12-05T15:09:14.000Z</time>
        <extensions>
          <ns3:TrackPointExtension>
            <ns3:atemp>24.0</ns3:atemp>
            <ns3:hr>103</ns3:hr>
            <ns3:cad>48</ns3:cad>
          </ns3:TrackPointExtension>
        </extensions>
      </trkpt>
      <trkpt lat="47.25277285091578960418701171875" lon="7.02720313332974910736083984375">
        <ele>1039.800048828125</ele>
        <time>2021-12-05T15:09:16.000Z</time>
        <extensions>
          <ns3:TrackPointExtension>
            <ns3:atemp>24.0</ns3:atemp>
            <ns3:hr>105</ns3:hr>
            <ns3:cad>48</ns3:cad>
          </ns3:TrackPointExtension>
        </extensions>
      </trkpt>
      <trkpt lat="47.25276195444166660308837890625" lon="7.02718838118016719818115234375">
        <ele>1039.800048828125</ele>
        <time>2021-12-05T15:09:17.000Z</time>
        <extensions>
          <ns3:TrackPointExtension>
            <ns3:atemp>24.0</ns3:atemp>
            <ns3:hr>108</ns3:hr>
            <ns3:cad>48</ns3:cad>
          </ns3:TrackPointExtension>
        </extensions>
      </trkpt>
      <trkpt lat="47.25274334661662578582763671875" lon="7.027190811932086944580078125">
        <ele>1039.800048828125</ele>
        <time>2021-12-05T15:09:18.000Z</time>
        <extensions>
          <ns3:TrackPointExtension>
            <ns3:atemp>24.0</ns3:atemp>
            <ns3:hr>111</ns3:hr>
            <ns3:cad>48</ns3:cad>
          </ns3:TrackPointExtension>
        </extensions>
      </trkpt>
      <trkpt lat="47.252732701599597930908203125" lon="7.0271926559507846832275390625">
        <ele>1039.800048828125</ele>
        <time>2021-12-05T15:09:19.000Z</time>
        <extensions>
          <ns3:TrackPointExtension>
            <ns3:atemp>24.0</ns3:atemp>
            <ns3:hr>112</ns3:hr>
            <ns3:cad>51</ns3:cad>
          </ns3:TrackPointExtension>
        </extensions>
      </trkpt>
      <trkpt lat="47.2527047060430049896240234375" lon="7.02718704007565975189208984375">
        <ele>1039.800048828125</ele>
        <time>2021-12-05T15:09:21.000Z</time>
        <extensions>
          <ns3:TrackPointExtension>
            <ns3:atemp>24.0</ns3:atemp>
            <ns3:hr>115</ns3:hr>
            <ns3:cad>55</ns3:cad>
          </ns3:TrackPointExtension>
        </extensions>
      </trkpt>
      <trkpt lat="47.25269875489175319671630859375" lon="7.02717815525829792022705078125">
        <ele>1039.800048828125</ele>
        <time>2021-12-05T15:09:22.000Z</time>
        <extensions>
          <ns3:TrackPointExtension>
            <ns3:atemp>24.0</ns3:atemp>
            <ns3:hr>116</ns3:hr>
            <ns3:cad>55</ns3:cad>
          </ns3:TrackPointExtension>
        </extensions>
      </trkpt>
      <trkpt lat="47.25267729721963405609130859375" lon="7.0271638222038745880126953125">
        <ele>1039.5999755859375</ele>
        <time>2021-12-05T15:09:25.000Z</time>
        <extensions>
          <ns3:TrackPointExtension>
            <ns3:atemp>24.0</ns3:atemp>
            <ns3:hr>112</ns3:hr>
            <ns3:cad>54</ns3:cad>
          </ns3:TrackPointExtension>
        </extensions>
      </trkpt>
      <trkpt lat="47.252666316926479339599609375" lon="7.0271544344723224639892578125">
        <ele>1039.5999755859375</ele>
        <time>2021-12-05T15:09:26.000Z</time>
        <extensions>
          <ns3:TrackPointExtension>
            <ns3:atemp>24.0</ns3:atemp>
            <ns3:hr>112</ns3:hr>
            <ns3:cad>54</ns3:cad>
          </ns3:TrackPointExtension>
        </extensions>
      </trkpt>
      <trkpt lat="47.252637483179569244384765625" lon="7.02716566622257232666015625">
        <ele>1039.5999755859375</ele>
        <time>2021-12-05T15:09:29.000Z</time>
        <extensions>
          <ns3:TrackPointExtension>
            <ns3:atemp>24.0</ns3:atemp>
            <ns3:hr>112</ns3:hr>
            <ns3:cad>55</ns3:cad>
          </ns3:TrackPointExtension>
        </extensions>
      </trkpt>
      <trkpt lat="47.252587191760540008544921875" lon="7.02714848332107067108154296875">
        <ele>1039</ele>
        <time>2021-12-05T15:09:33.000Z</time>
        <extensions>
          <ns3:TrackPointExtension>
            <ns3:atemp>24.0</ns3:atemp>
            <ns3:hr>112</ns3:hr>
            <ns3:cad>53</ns3:cad>
          </ns3:TrackPointExtension>
        </extensions>
      </trkpt>
      <trkpt lat="47.25254972465336322784423828125" lon="7.02714622020721435546875">
        <ele>1039</ele>
        <time>2021-12-05T15:09:36.000Z</time>
        <extensions>
          <ns3:TrackPointExtension>
            <ns3:atemp>24.0</ns3:atemp>
            <ns3:hr>107</ns3:hr>
            <ns3:cad>53</ns3:cad>
          </ns3:TrackPointExtension>
        </extensions>
      </trkpt>
      <trkpt lat="47.2525246627628803253173828125" lon="7.027171365916728973388671875">
        <ele>1039</ele>
        <time>2021-12-05T15:09:38.000Z</time>
        <extensions>
          <ns3:TrackPointExtension>
            <ns3:atemp>24.0</ns3:atemp>
            <ns3:hr>108</ns3:hr>
            <ns3:cad>54</ns3:cad>
          </ns3:TrackPointExtension>
        </extensions>
      </trkpt>
      <trkpt lat="47.25250060670077800750732421875" lon="7.027175389230251312255859375">
        <ele>1039.4000244140625</ele>
        <time>2021-12-05T15:09:40.000Z</time>
        <extensions>
          <ns3:TrackPointExtension>
            <ns3:atemp>24.0</ns3:atemp>
            <ns3:hr>109</ns3:hr>
            <ns3:cad>55</ns3:cad>
          </ns3:TrackPointExtension>
        </extensions>
      </trkpt>
      <trkpt lat="47.25246825255453586578369140625" lon="7.027178071439266204833984375">
        <ele>1039.4000244140625</ele>
        <time>2021-12-05T15:09:42.000Z</time>
        <extensions>
          <ns3:TrackPointExtension>
            <ns3:atemp>24.0</ns3:atemp>
            <ns3:hr>112</ns3:hr>
            <ns3:cad>54</ns3:cad>
          </ns3:TrackPointExtension>
        </extensions>
      </trkpt>
      <trkpt lat="47.25241720676422119140625" lon="7.02719307504594326019287109375">
        <ele>1039.4000244140625</ele>
        <time>2021-12-05T15:09:46.000Z</time>
        <extensions>
          <ns3:TrackPointExtension>
            <ns3:atemp>24.0</ns3:atemp>
            <ns3:hr>111</ns3:hr>
            <ns3:cad>55</ns3:cad>
          </ns3:TrackPointExtension>
        </extensions>
      </trkpt>
      <trkpt lat="47.2523576952517032623291015625" lon="7.02722526155412197113037109375">
        <ele>1039.199951171875</ele>
        <time>2021-12-05T15:09:51.000Z</time>
        <extensions>
          <ns3:TrackPointExtension>
            <ns3:atemp>24.0</ns3:atemp>
            <ns3:hr>109</ns3:hr>
            <ns3:cad>53</ns3:cad>
          </ns3:TrackPointExtension>
        </extensions>
      </trkpt>
      <trkpt lat="47.252337746322154998779296875" lon="7.02724303118884563446044921875">
        <ele>1039.4000244140625</ele>
        <time>2021-12-05T15:09:54.000Z</time>
        <extensions>
          <ns3:TrackPointExtension>
            <ns3:atemp>24.0</ns3:atemp>
            <ns3:hr>105</ns3:hr>
            <ns3:cad>52</ns3:cad>
          </ns3:TrackPointExtension>
        </extensions>
      </trkpt>
      <trkpt lat="47.25233313627541065216064453125" lon="7.02724621631205081939697265625">
        <ele>1039.4000244140625</ele>
        <time>2021-12-05T15:09:55.000Z</time>
        <extensions>
          <ns3:TrackPointExtension>
            <ns3:atemp>24.0</ns3:atemp>
            <ns3:hr>105</ns3:hr>
            <ns3:cad>51</ns3:cad>
          </ns3:TrackPointExtension>
        </extensions>
      </trkpt>
      <trkpt lat="47.252279408276081085205078125" lon="7.02728569507598876953125">
        <ele>1039.5999755859375</ele>
        <time>2021-12-05T15:10:01.000Z</time>
        <extensions>
          <ns3:TrackPointExtension>
            <ns3:atemp>24.0</ns3:atemp>
            <ns3:hr>106</ns3:hr>
            <ns3:cad>49</ns3:cad>
          </ns3:TrackPointExtension>
        </extensions>
      </trkpt>
      <trkpt lat="47.2522373311221599578857421875" lon="7.0273559354245662689208984375">
        <ele>1040.5999755859375</ele>
        <time>2021-12-05T15:10:07.000Z</time>
        <extensions>
          <ns3:TrackPointExtension>
            <ns3:atemp>24.0</ns3:atemp>
            <ns3:hr>105</ns3:hr>
            <ns3:cad>48</ns3:cad>
          </ns3:TrackPointExtension>
        </extensions>
      </trkpt>
      <trkpt lat="47.25223012268543243408203125" lon="7.0273733697831630706787109375">
        <ele>1040.5999755859375</ele>
        <time>2021-12-05T15:10:08.000Z</time>
        <extensions>
          <ns3:TrackPointExtension>
            <ns3:atemp>24.0</ns3:atemp>
            <ns3:hr>106</ns3:hr>
            <ns3:cad>48</ns3:cad>
          </ns3:TrackPointExtension>
        </extensions>
      </trkpt>
      <trkpt lat="47.252203635871410369873046875" lon="7.0273941569030284881591796875">
        <ele>1040.5999755859375</ele>
        <time>2021-12-05T15:10:11.000Z</time>
        <extensions>
          <ns3:TrackPointExtension>
            <ns3:atemp>24.0</ns3:atemp>
            <ns3:hr>108</ns3:hr>
            <ns3:cad>51</ns3:cad>
          </ns3:TrackPointExtension>
        </extensions>
      </trkpt>
      <trkpt lat="47.25216113962233066558837890625" lon="7.02742257155478000640869140625">
        <ele>1040.4000244140625</ele>
        <time>2021-12-05T15:10:16.000Z</time>
        <extensions>
          <ns3:TrackPointExtension>
            <ns3:atemp>24.0</ns3:atemp>
            <ns3:hr>108</ns3:hr>
            <ns3:cad>53</ns3:cad>
          </ns3:TrackPointExtension>
        </extensions>
      </trkpt>
      <trkpt lat="47.252121157944202423095703125" lon="7.02744662761688232421875">
        <ele>1040.5999755859375</ele>
        <time>2021-12-05T15:10:22.000Z</time>
        <extensions>
          <ns3:TrackPointExtension>
            <ns3:atemp>24.0</ns3:atemp>
            <ns3:hr>108</ns3:hr>
            <ns3:cad>48</ns3:cad>
          </ns3:TrackPointExtension>
        </extensions>
      </trkpt>
      <trkpt lat="47.25211855955421924591064453125" lon="7.0274581946432590484619140625">
        <ele>1040.5999755859375</ele>
        <time>2021-12-05T15:10:23.000Z</time>
        <extensions>
          <ns3:TrackPointExtension>
            <ns3:atemp>24.0</ns3:atemp>
            <ns3:hr>108</ns3:hr>
            <ns3:cad>50</ns3:cad>
          </ns3:TrackPointExtension>
        </extensions>
      </trkpt>
      <trkpt lat="47.25211185403168201446533203125" lon="7.0274846814572811126708984375">
        <ele>1040.5999755859375</ele>
        <time>2021-12-05T15:10:24.000Z</time>
        <extensions>
          <ns3:TrackPointExtension>
            <ns3:atemp>24.0</ns3:atemp>
            <ns3:hr>104</ns3:hr>
            <ns3:cad>50</ns3:cad>
          </ns3:TrackPointExtension>
        </extensions>
      </trkpt>
      <trkpt lat="47.25209240801632404327392578125" lon="7.02755316160619258880615234375">
        <ele>1041.199951171875</ele>
        <time>2021-12-05T15:10:28.000Z</time>
        <extensions>
          <ns3:TrackPointExtension>
            <ns3:atemp>24.0</ns3:atemp>
            <ns3:hr>104</ns3:hr>
            <ns3:cad>47</ns3:cad>
          </ns3:TrackPointExtension>
        </extensions>
      </trkpt>
      <trkpt lat="47.25209039635956287384033203125" lon="7.0275755412876605987548828125">
        <ele>1041.199951171875</ele>
        <time>2021-12-05T15:10:30.000Z</time>
        <extensions>
          <ns3:TrackPointExtension>
            <ns3:atemp>24.0</ns3:atemp>
            <ns3:hr>104</ns3:hr>
            <ns3:cad>47</ns3:cad>
          </ns3:TrackPointExtension>
        </extensions>
      </trkpt>
      <trkpt lat="47.2520403563976287841796875" lon="7.02748426236212253570556640625">
        <ele>1045.800048828125</ele>
        <time>2021-12-05T15:11:16.000Z</time>
        <extensions>
          <ns3:TrackPointExtension>
            <ns3:atemp>22.0</ns3:atemp>
            <ns3:hr>84</ns3:hr>
            <ns3:cad>47</ns3:cad>
          </ns3:TrackPointExtension>
        </extensions>
      </trkpt>
      <trkpt lat="47.25204362533986568450927734375" lon="7.0274712704122066497802734375">
        <ele>1046</ele>
        <time>2021-12-05T15:11:17.000Z</time>
        <extensions>
          <ns3:TrackPointExtension>
            <ns3:atemp>22.0</ns3:atemp>
            <ns3:hr>87</ns3:hr>
            <ns3:cad>47</ns3:cad>
          </ns3:TrackPointExtension>
        </extensions>
      </trkpt>
      <trkpt lat="47.25204815156757831573486328125" lon="7.02745861373841762542724609375">
        <ele>1046</ele>
        <time>2021-12-05T15:11:18.000Z</time>
        <extensions>
          <ns3:TrackPointExtension>
            <ns3:atemp>22.0</ns3:atemp>
            <ns3:hr>93</ns3:hr>
            <ns3:cad>47</ns3:cad>
          </ns3:TrackPointExtension>
        </extensions>
      </trkpt>
      <trkpt lat="47.25204412825405597686767578125" lon="7.02744285576045513153076171875">
        <ele>1046</ele>
        <time>2021-12-05T15:11:19.000Z</time>
        <extensions>
          <ns3:TrackPointExtension>
            <ns3:atemp>22.0</ns3:atemp>
            <ns3:hr>93</ns3:hr>
            <ns3:cad>48</ns3:cad>
          </ns3:TrackPointExtension>
        </extensions>
      </trkpt>
      <trkpt lat="47.25202837027609348297119140625" lon="7.02741217799484729766845703125">
        <ele>1046</ele>
        <time>2021-12-05T15:11:21.000Z</time>
        <extensions>
          <ns3:TrackPointExtension>
            <ns3:atemp>22.0</ns3:atemp>
            <ns3:hr>97</ns3:hr>
            <ns3:cad>48</ns3:cad>
          </ns3:TrackPointExtension>
        </extensions>
      </trkpt>
      <trkpt lat="47.25202669389545917510986328125" lon="7.027402035892009735107421875">
        <ele>1046</ele>
        <time>2021-12-05T15:11:22.000Z</time>
        <extensions>
          <ns3:TrackPointExtension>
            <ns3:atemp>22.0</ns3:atemp>
            <ns3:hr>96</ns3:hr>
            <ns3:cad>48</ns3:cad>
          </ns3:TrackPointExtension>
        </extensions>
      </trkpt>
      <trkpt lat="47.25201931782066822052001953125" lon="7.02737647108733654022216796875">
        <ele>1045.800048828125</ele>
        <time>2021-12-05T15:11:25.000Z</time>
        <extensions>
          <ns3:TrackPointExtension>
            <ns3:atemp>22.0</ns3:atemp>
            <ns3:hr>97</ns3:hr>
            <ns3:cad>43</ns3:cad>
          </ns3:TrackPointExtension>
        </extensions>
      </trkpt>
      <trkpt lat="47.25201646797358989715576171875" lon="7.027368508279323577880859375">
        <ele>1045.800048828125</ele>
        <time>2021-12-05T15:11:26.000Z</time>
        <extensions>
          <ns3:TrackPointExtension>
            <ns3:atemp>22.0</ns3:atemp>
            <ns3:hr>95</ns3:hr>
            <ns3:cad>42</ns3:cad>
          </ns3:TrackPointExtension>
        </extensions>
      </trkpt>
      <trkpt lat="47.2520080022513866424560546875" lon="7.0273338072001934051513671875">
        <ele>1047.199951171875</ele>
        <time>2021-12-05T15:11:30.000Z</time>
        <extensions>
          <ns3:TrackPointExtension>
            <ns3:atemp>22.0</ns3:atemp>
            <ns3:hr>95</ns3:hr>
            <ns3:cad>43</ns3:cad>
          </ns3:TrackPointExtension>
        </extensions>
      </trkpt>
      <trkpt lat="47.251988388597965240478515625" lon="7.02730589546263217926025390625">
        <ele>1047.800048828125</ele>
        <time>2021-12-05T15:11:33.000Z</time>
        <extensions>
          <ns3:TrackPointExtension>
            <ns3:atemp>22.0</ns3:atemp>
            <ns3:hr>97</ns3:hr>
            <ns3:cad>43</ns3:cad>
          </ns3:TrackPointExtension>
        </extensions>
      </trkpt>
      <trkpt lat="47.25195578299462795257568359375" lon="7.027286700904369354248046875">
        <ele>1049</ele>
        <time>2021-12-05T15:11:35.000Z</time>
        <extensions>
          <ns3:TrackPointExtension>
            <ns3:atemp>22.0</ns3:atemp>
            <ns3:hr>94</ns3:hr>
            <ns3:cad>46</ns3:cad>
          </ns3:TrackPointExtension>
        </extensions>
      </trkpt>
      <trkpt lat="47.25189191289246082305908203125" lon="7.02725862152874469757080078125">
        <ele>1049.5999755859375</ele>
        <time>2021-12-05T15:11:39.000Z</time>
        <extensions>
          <ns3:TrackPointExtension>
            <ns3:atemp>22.0</ns3:atemp>
            <ns3:hr>92</ns3:hr>
            <ns3:cad>52</ns3:cad>
          </ns3:TrackPointExtension>
        </extensions>
      </trkpt>
      <trkpt lat="47.25186073221266269683837890625" lon="7.02725862152874469757080078125">
        <ele>1047.5999755859375</ele>
        <time>2021-12-05T15:11:42.000Z</time>
        <extensions>
          <ns3:TrackPointExtension>
            <ns3:atemp>22.0</ns3:atemp>
            <ns3:hr>93</ns3:hr>
            <ns3:cad>52</ns3:cad>
          </ns3:TrackPointExtension>
        </extensions>
      </trkpt>
      <trkpt lat="47.2518391907215118408203125" lon="7.027254514396190643310546875">
        <ele>1046.4000244140625</ele>
        <time>2021-12-05T15:11:44.000Z</time>
        <extensions>
          <ns3:TrackPointExtension>
            <ns3:atemp>22.0</ns3:atemp>
            <ns3:hr>94</ns3:hr>
            <ns3:cad>51</ns3:cad>
          </ns3:TrackPointExtension>
        </extensions>
      </trkpt>
      <trkpt lat="47.25182821042835712432861328125" lon="7.0272379182279109954833984375">
        <ele>1045.5999755859375</ele>
        <time>2021-12-05T15:11:46.000Z</time>
        <extensions>
          <ns3:TrackPointExtension>
            <ns3:atemp>22.0</ns3:atemp>
            <ns3:hr>93</ns3:hr>
            <ns3:cad>49</ns3:cad>
          </ns3:TrackPointExtension>
        </extensions>
      </trkpt>
      <trkpt lat="47.25180909968912601470947265625" lon="7.02722157351672649383544921875">
        <ele>1046.800048828125</ele>
        <time>2021-12-05T15:11:49.000Z</time>
        <extensions>
          <ns3:TrackPointExtension>
            <ns3:atemp>22.0</ns3:atemp>
            <ns3:hr>90</ns3:hr>
            <ns3:cad>47</ns3:cad>
          </ns3:TrackPointExtension>
        </extensions>
      </trkpt>
      <trkpt lat="47.25180457346141338348388671875" lon="7.02720321714878082275390625">
        <ele>1047.5999755859375</ele>
        <time>2021-12-05T15:11:51.000Z</time>
        <extensions>
          <ns3:TrackPointExtension>
            <ns3:atemp>22.0</ns3:atemp>
            <ns3:hr>88</ns3:hr>
            <ns3:cad>48</ns3:cad>
          </ns3:TrackPointExtension>
        </extensions>
      </trkpt>
      <trkpt lat="47.2517977841198444366455078125" lon="7.027184776961803436279296875">
        <ele>1048.800048828125</ele>
        <time>2021-12-05T15:11:53.000Z</time>
        <extensions>
          <ns3:TrackPointExtension>
            <ns3:atemp>22.0</ns3:atemp>
            <ns3:hr>88</ns3:hr>
            <ns3:cad>47</ns3:cad>
          </ns3:TrackPointExtension>
        </extensions>
      </trkpt>
      <trkpt lat="47.2517669387161731719970703125" lon="7.02714915387332439422607421875">
        <ele>1048.5999755859375</ele>
        <time>2021-12-05T15:11:58.000Z</time>
        <extensions>
          <ns3:TrackPointExtension>
            <ns3:atemp>22.0</ns3:atemp>
            <ns3:hr>92</ns3:hr>
            <ns3:cad>48</ns3:cad>
          </ns3:TrackPointExtension>
        </extensions>
      </trkpt>
      <trkpt lat="47.25176836363971233367919921875" lon="7.0271396823227405548095703125">
        <ele>1047.800048828125</ele>
        <time>2021-12-05T15:11:59.000Z</time>
        <extensions>
          <ns3:TrackPointExtension>
            <ns3:atemp>22.0</ns3:atemp>
            <ns3:hr>95</ns3:hr>
            <ns3:cad>49</ns3:cad>
          </ns3:TrackPointExtension>
        </extensions>
      </trkpt>
      <trkpt lat="47.25175595842301845550537109375" lon="7.02713255770504474639892578125">
        <ele>1047.4000244140625</ele>
        <time>2021-12-05T15:12:00.000Z</time>
        <extensions>
          <ns3:TrackPointExtension>
            <ns3:atemp>22.0</ns3:atemp>
            <ns3:hr>99</ns3:hr>
            <ns3:cad>50</ns3:cad>
          </ns3:TrackPointExtension>
        </extensions>
      </trkpt>
      <trkpt lat="47.251745648682117462158203125" lon="7.0271222479641437530517578125">
        <ele>1047.199951171875</ele>
        <time>2021-12-05T15:12:01.000Z</time>
        <extensions>
          <ns3:TrackPointExtension>
            <ns3:atemp>22.0</ns3:atemp>
            <ns3:hr>101</ns3:hr>
            <ns3:cad>50</ns3:cad>
          </ns3:TrackPointExtension>
        </extensions>
      </trkpt>
      <trkpt lat="47.25173383019864559173583984375" lon="7.02709324657917022705078125">
        <ele>1047</ele>
        <time>2021-12-05T15:12:03.000Z</time>
        <extensions>
          <ns3:TrackPointExtension>
            <ns3:atemp>22.0</ns3:atemp>
            <ns3:hr>104</ns3:hr>
            <ns3:cad>50</ns3:cad>
          </ns3:TrackPointExtension>
        </extensions>
      </trkpt>
      <trkpt lat="47.25172846578061580657958984375" lon="7.02706164680421352386474609375">
        <ele>1047</ele>
        <time>2021-12-05T15:12:05.000Z</time>
        <extensions>
          <ns3:TrackPointExtension>
            <ns3:atemp>22.0</ns3:atemp>
            <ns3:hr>107</ns3:hr>
            <ns3:cad>50</ns3:cad>
          </ns3:TrackPointExtension>
        </extensions>
      </trkpt>
      <trkpt lat="47.25171790458261966705322265625" lon="7.0270349085330963134765625">
        <ele>1046.4000244140625</ele>
        <time>2021-12-05T15:12:07.000Z</time>
        <extensions>
          <ns3:TrackPointExtension>
            <ns3:atemp>22.0</ns3:atemp>
            <ns3:hr>107</ns3:hr>
            <ns3:cad>47</ns3:cad>
          </ns3:TrackPointExtension>
        </extensions>
      </trkpt>
      <trkpt lat="47.2517052479088306427001953125" lon="7.02701278030872344970703125">
        <ele>1046.5999755859375</ele>
        <time>2021-12-05T15:12:09.000Z</time>
        <extensions>
          <ns3:TrackPointExtension>
            <ns3:atemp>22.0</ns3:atemp>
            <ns3:hr>108</ns3:hr>
            <ns3:cad>47</ns3:cad>
          </ns3:TrackPointExtension>
        </extensions>
      </trkpt>
      <trkpt lat="47.2516889870166778564453125" lon="7.0269837789237499237060546875">
        <ele>1046.5999755859375</ele>
        <time>2021-12-05T15:12:11.000Z</time>
        <extensions>
          <ns3:TrackPointExtension>
            <ns3:atemp>22.0</ns3:atemp>
            <ns3:hr>109</ns3:hr>
            <ns3:cad>46</ns3:cad>
          </ns3:TrackPointExtension>
        </extensions>
      </trkpt>
      <trkpt lat="47.2516754083335399627685546875" lon="7.02695502899587154388427734375">
        <ele>1047.4000244140625</ele>
        <time>2021-12-05T15:12:13.000Z</time>
        <extensions>
          <ns3:TrackPointExtension>
            <ns3:atemp>22.0</ns3:atemp>
            <ns3:hr>109</ns3:hr>
            <ns3:cad>46</ns3:cad>
          </ns3:TrackPointExtension>
        </extensions>
      </trkpt>
      <trkpt lat="47.25166828371584415435791015625" lon="7.02694446779787540435791015625">
        <ele>1047.800048828125</ele>
        <time>2021-12-05T15:12:14.000Z</time>
        <extensions>
          <ns3:TrackPointExtension>
            <ns3:atemp>22.0</ns3:atemp>
            <ns3:hr>111</ns3:hr>
            <ns3:cad>48</ns3:cad>
          </ns3:TrackPointExtension>
        </extensions>
      </trkpt>
      <trkpt lat="47.25166409276425838470458984375" lon="7.02694094739854335784912109375">
        <ele>1048</ele>
        <time>2021-12-05T15:12:15.000Z</time>
        <extensions>
          <ns3:TrackPointExtension>
            <ns3:atemp>22.0</ns3:atemp>
            <ns3:hr>111</ns3:hr>
            <ns3:cad>48</ns3:cad>
          </ns3:TrackPointExtension>
        </extensions>
      </trkpt>
      <trkpt lat="47.25166861899197101593017578125" lon="7.02693407423794269561767578125">
        <ele>1048</ele>
        <time>2021-12-05T15:12:16.000Z</time>
        <extensions>
          <ns3:TrackPointExtension>
            <ns3:atemp>22.0</ns3:atemp>
            <ns3:hr>114</ns3:hr>
            <ns3:cad>0</ns3:cad>
          </ns3:TrackPointExtension>
        </extensions>
      </trkpt>
      <trkpt lat="47.2516801021993160247802734375" lon="7.02692669816315174102783203125">
        <ele>1047.800048828125</ele>
        <time>2021-12-05T15:12:19.000Z</time>
        <extensions>
          <ns3:TrackPointExtension>
            <ns3:atemp>22.0</ns3:atemp>
            <ns3:hr>114</ns3:hr>
            <ns3:cad>48</ns3:cad>
          </ns3:TrackPointExtension>
        </extensions>
      </trkpt>
      <trkpt lat="47.2516854666173458099365234375" lon="7.0269184000790119171142578125">
        <ele>1047.800048828125</ele>
        <time>2021-12-05T15:12:20.000Z</time>
        <extensions>
          <ns3:TrackPointExtension>
            <ns3:atemp>22.0</ns3:atemp>
            <ns3:hr>114</ns3:hr>
            <ns3:cad>48</ns3:cad>
          </ns3:TrackPointExtension>
        </extensions>
      </trkpt>
      <trkpt lat="47.25168152712285518646240234375" lon="7.02689970843493938446044921875">
        <ele>1046</ele>
        <time>2021-12-05T15:12:22.000Z</time>
        <extensions>
          <ns3:TrackPointExtension>
            <ns3:atemp>22.0</ns3:atemp>
            <ns3:hr>111</ns3:hr>
            <ns3:cad>48</ns3:cad>
          </ns3:TrackPointExtension>
        </extensions>
      </trkpt>
      <trkpt lat="47.2517146356403827667236328125" lon="7.02685042284429073333740234375">
        <ele>1046.199951171875</ele>
        <time>2021-12-05T15:12:27.000Z</time>
        <extensions>
          <ns3:TrackPointExtension>
            <ns3:atemp>22.0</ns3:atemp>
            <ns3:hr>112</ns3:hr>
            <ns3:cad>50</ns3:cad>
          </ns3:TrackPointExtension>
        </extensions>
      </trkpt>
      <trkpt lat="47.2517243586480617523193359375" lon="7.0268443040549755096435546875">
        <ele>1046.199951171875</ele>
        <time>2021-12-05T15:12:28.000Z</time>
        <extensions>
          <ns3:TrackPointExtension>
            <ns3:atemp>22.0</ns3:atemp>
            <ns3:hr>110</ns3:hr>
            <ns3:cad>51</ns3:cad>
          </ns3:TrackPointExtension>
        </extensions>
      </trkpt>
      <trkpt lat="47.25176400505006313323974609375" lon="7.02680231072008609771728515625">
        <ele>1045.199951171875</ele>
        <time>2021-12-05T15:12:33.000Z</time>
        <extensions>
          <ns3:TrackPointExtension>
            <ns3:atemp>22.0</ns3:atemp>
            <ns3:hr>107</ns3:hr>
            <ns3:cad>0</ns3:cad>
          </ns3:TrackPointExtension>
        </extensions>
      </trkpt>
      <trkpt lat="47.2517689503729343414306640625" lon="7.02679242007434368133544921875">
        <ele>1045.199951171875</ele>
        <time>2021-12-05T15:12:34.000Z</time>
        <extensions>
          <ns3:TrackPointExtension>
            <ns3:atemp>22.0</ns3:atemp>
            <ns3:hr>106</ns3:hr>
            <ns3:cad>0</ns3:cad>
          </ns3:TrackPointExtension>
        </extensions>
      </trkpt>
      <trkpt lat="47.2517749853432178497314453125" lon="7.0267822779715061187744140625">
        <ele>1045.5999755859375</ele>
        <time>2021-12-05T15:12:35.000Z</time>
        <extensions>
          <ns3:TrackPointExtension>
            <ns3:atemp>22.0</ns3:atemp>
            <ns3:hr>106</ns3:hr>
            <ns3:cad>0</ns3:cad>
          </ns3:TrackPointExtension>
        </extensions>
      </trkpt>
      <trkpt lat="47.25178060121834278106689453125" lon="7.0267464034259319305419921875">
        <ele>1046.800048828125</ele>
        <time>2021-12-05T15:12:38.000Z</time>
        <extensions>
          <ns3:TrackPointExtension>
            <ns3:atemp>22.0</ns3:atemp>
            <ns3:hr>105</ns3:hr>
            <ns3:cad>0</ns3:cad>
          </ns3:TrackPointExtension>
        </extensions>
      </trkpt>
      <trkpt lat="47.25178076885640621185302734375" lon="7.02673383057117462158203125">
        <ele>1047.199951171875</ele>
        <time>2021-12-05T15:12:39.000Z</time>
        <extensions>
          <ns3:TrackPointExtension>
            <ns3:atemp>22.0</ns3:atemp>
            <ns3:hr>105</ns3:hr>
            <ns3:cad>0</ns3:cad>
          </ns3:TrackPointExtension>
        </extensions>
      </trkpt>
      <trkpt lat="47.25177356041967868804931640625" lon="7.02671363018453121185302734375">
        <ele>1047.5999755859375</ele>
        <time>2021-12-05T15:12:41.000Z</time>
        <extensions>
          <ns3:TrackPointExtension>
            <ns3:atemp>22.0</ns3:atemp>
            <ns3:hr>105</ns3:hr>
            <ns3:cad>0</ns3:cad>
          </ns3:TrackPointExtension>
        </extensions>
      </trkpt>
      <trkpt lat="47.25177439860999584197998046875" lon="7.0267049968242645263671875">
        <ele>1048</ele>
        <time>2021-12-05T15:12:42.000Z</time>
        <extensions>
          <ns3:TrackPointExtension>
            <ns3:atemp>22.0</ns3:atemp>
            <ns3:hr>105</ns3:hr>
            <ns3:cad>0</ns3:cad>
          </ns3:TrackPointExtension>
        </extensions>
      </trkpt>
      <trkpt lat="47.25177926011383533477783203125" lon="7.0266716368496417999267578125">
        <ele>1048.199951171875</ele>
        <time>2021-12-05T15:12:44.000Z</time>
        <extensions>
          <ns3:TrackPointExtension>
            <ns3:atemp>22.0</ns3:atemp>
            <ns3:hr>105</ns3:hr>
            <ns3:cad>0</ns3:cad>
          </ns3:TrackPointExtension>
        </extensions>
      </trkpt>
      <trkpt lat="47.2517801821231842041015625" lon="7.02663785777986049652099609375">
        <ele>1049</ele>
        <time>2021-12-05T15:12:46.000Z</time>
        <extensions>
          <ns3:TrackPointExtension>
            <ns3:atemp>22.0</ns3:atemp>
            <ns3:hr>106</ns3:hr>
            <ns3:cad>0</ns3:cad>
          </ns3:TrackPointExtension>
        </extensions>
      </trkpt>
      <trkpt lat="47.2517816908657550811767578125" lon="7.026622854173183441162109375">
        <ele>1049.199951171875</ele>
        <time>2021-12-05T15:12:47.000Z</time>
        <extensions>
          <ns3:TrackPointExtension>
            <ns3:atemp>22.0</ns3:atemp>
            <ns3:hr>106</ns3:hr>
            <ns3:cad>0</ns3:cad>
          </ns3:TrackPointExtension>
        </extensions>
      </trkpt>
      <trkpt lat="47.251785881817340850830078125" lon="7.0266116224229335784912109375">
        <ele>1049.199951171875</ele>
        <time>2021-12-05T15:12:48.000Z</time>
        <extensions>
          <ns3:TrackPointExtension>
            <ns3:atemp>22.0</ns3:atemp>
            <ns3:hr>105</ns3:hr>
            <ns3:cad>0</ns3:cad>
          </ns3:TrackPointExtension>
        </extensions>
      </trkpt>
      <trkpt lat="47.251803316175937652587890625" lon="7.02657113783061504364013671875">
        <ele>1049.199951171875</ele>
        <time>2021-12-05T15:12:51.000Z</time>
        <extensions>
          <ns3:TrackPointExtension>
            <ns3:atemp>22.0</ns3:atemp>
            <ns3:hr>105</ns3:hr>
            <ns3:cad>0</ns3:cad>
          </ns3:TrackPointExtension>
        </extensions>
      </trkpt>
      <trkpt lat="47.251822762191295623779296875" lon="7.02653559856116771697998046875">
        <ele>1048.4000244140625</ele>
        <time>2021-12-05T15:12:55.000Z</time>
        <extensions>
          <ns3:TrackPointExtension>
            <ns3:atemp>22.0</ns3:atemp>
            <ns3:hr>104</ns3:hr>
            <ns3:cad>47</ns3:cad>
          </ns3:TrackPointExtension>
        </extensions>
      </trkpt>
      <trkpt lat="47.25182234309613704681396484375" lon="7.0265224389731884002685546875">
        <ele>1048</ele>
        <time>2021-12-05T15:12:56.000Z</time>
        <extensions>
          <ns3:TrackPointExtension>
            <ns3:atemp>22.0</ns3:atemp>
            <ns3:hr>103</ns3:hr>
            <ns3:cad>47</ns3:cad>
          </ns3:TrackPointExtension>
        </extensions>
      </trkpt>
      <trkpt lat="47.2518202476203441619873046875" lon="7.02649435959756374359130859375">
        <ele>1047.800048828125</ele>
        <time>2021-12-05T15:12:59.000Z</time>
        <extensions>
          <ns3:TrackPointExtension>
            <ns3:atemp>22.0</ns3:atemp>
            <ns3:hr>103</ns3:hr>
            <ns3:cad>46</ns3:cad>
          </ns3:TrackPointExtension>
        </extensions>
      </trkpt>
      <trkpt lat="47.2517625801265239715576171875" lon="7.02656040899455547332763671875">
        <ele>1050</ele>
        <time>2021-12-05T15:13:38.000Z</time>
        <extensions>
          <ns3:TrackPointExtension>
            <ns3:atemp>22.0</ns3:atemp>
            <ns3:hr>88</ns3:hr>
            <ns3:cad>0</ns3:cad>
          </ns3:TrackPointExtension>
        </extensions>
      </trkpt>
      <trkpt lat="47.2517655976116657257080078125" lon="7.02656711451709270477294921875">
        <ele>1049.800048828125</ele>
        <time>2021-12-05T15:13:39.000Z</time>
        <extensions>
          <ns3:TrackPointExtension>
            <ns3:atemp>22.0</ns3:atemp>
            <ns3:hr>90</ns3:hr>
            <ns3:cad>0</ns3:cad>
          </ns3:TrackPointExtension>
        </extensions>
      </trkpt>
      <trkpt lat="47.25181446410715579986572265625" lon="7.02659276314079761505126953125">
        <ele>1049.4000244140625</ele>
        <time>2021-12-05T15:13:45.000Z</time>
        <extensions>
          <ns3:TrackPointExtension>
            <ns3:atemp>22.0</ns3:atemp>
            <ns3:hr>87</ns3:hr>
            <ns3:cad>0</ns3:cad>
          </ns3:TrackPointExtension>
        </extensions>
      </trkpt>
      <trkpt lat="47.251832149922847747802734375" lon="7.0265921764075756072998046875">
        <ele>1049.4000244140625</ele>
        <time>2021-12-05T15:13:46.000Z</time>
        <extensions>
          <ns3:TrackPointExtension>
            <ns3:atemp>22.0</ns3:atemp>
            <ns3:hr>88</ns3:hr>
            <ns3:cad>46</ns3:cad>
          </ns3:TrackPointExtension>
        </extensions>
      </trkpt>
      <trkpt lat="47.25183122791349887847900390625" lon="7.0266246981918811798095703125">
        <ele>1049.199951171875</ele>
        <time>2021-12-05T15:13:51.000Z</time>
        <extensions>
          <ns3:TrackPointExtension>
            <ns3:atemp>22.0</ns3:atemp>
            <ns3:hr>89</ns3:hr>
            <ns3:cad>47</ns3:cad>
          </ns3:TrackPointExtension>
        </extensions>
      </trkpt>
      <trkpt lat="47.25183608941733837127685546875" lon="7.02665864489972591400146484375">
        <ele>1048.800048828125</ele>
        <time>2021-12-05T15:13:54.000Z</time>
        <extensions>
          <ns3:TrackPointExtension>
            <ns3:atemp>22.0</ns3:atemp>
            <ns3:hr>91</ns3:hr>
            <ns3:cad>48</ns3:cad>
          </ns3:TrackPointExtension>
        </extensions>
      </trkpt>
      <trkpt lat="47.25183072499930858612060546875" lon="7.026689909398555755615234375">
        <ele>1048.5999755859375</ele>
        <time>2021-12-05T15:13:57.000Z</time>
        <extensions>
          <ns3:TrackPointExtension>
            <ns3:atemp>22.0</ns3:atemp>
            <ns3:hr>90</ns3:hr>
            <ns3:cad>48</ns3:cad>
          </ns3:TrackPointExtension>
        </extensions>
      </trkpt>
      <trkpt lat="47.2518085129559040069580078125" lon="7.02673341147601604461669921875">
        <ele>1048.4000244140625</ele>
        <time>2021-12-05T15:14:03.000Z</time>
        <extensions>
          <ns3:TrackPointExtension>
            <ns3:atemp>22.0</ns3:atemp>
            <ns3:hr>94</ns3:hr>
            <ns3:cad>57</ns3:cad>
          </ns3:TrackPointExtension>
        </extensions>
      </trkpt>
      <trkpt lat="47.25180901587009429931640625" lon="7.026744224131107330322265625">
        <ele>1048.199951171875</ele>
        <time>2021-12-05T15:14:04.000Z</time>
        <extensions>
          <ns3:TrackPointExtension>
            <ns3:atemp>22.0</ns3:atemp>
            <ns3:hr>90</ns3:hr>
            <ns3:cad>59</ns3:cad>
          </ns3:TrackPointExtension>
        </extensions>
      </trkpt>
      <trkpt lat="47.25181127898395061492919921875" lon="7.02675134874880313873291015625">
        <ele>1048.199951171875</ele>
        <time>2021-12-05T15:14:05.000Z</time>
        <extensions>
          <ns3:TrackPointExtension>
            <ns3:atemp>22.0</ns3:atemp>
            <ns3:hr>91</ns3:hr>
            <ns3:cad>59</ns3:cad>
          </ns3:TrackPointExtension>
        </extensions>
      </trkpt>
      <trkpt lat="47.251812033355236053466796875" lon="7.0267661847174167633056640625">
        <ele>1048</ele>
        <time>2021-12-05T15:14:07.000Z</time>
        <extensions>
          <ns3:TrackPointExtension>
            <ns3:atemp>22.0</ns3:atemp>
            <ns3:hr>88</ns3:hr>
            <ns3:cad>55</ns3:cad>
          </ns3:TrackPointExtension>
        </extensions>
      </trkpt>
      <trkpt lat="47.2518175654113292694091796875" lon="7.0267879776656627655029296875">
        <ele>1047.800048828125</ele>
        <time>2021-12-05T15:14:09.000Z</time>
        <extensions>
          <ns3:TrackPointExtension>
            <ns3:atemp>22.0</ns3:atemp>
            <ns3:hr>88</ns3:hr>
            <ns3:cad>0</ns3:cad>
          </ns3:TrackPointExtension>
        </extensions>
      </trkpt>
      <trkpt lat="47.25178948603570461273193359375" lon="7.0268268696963787078857421875">
        <ele>1047.5999755859375</ele>
        <time>2021-12-05T15:14:13.000Z</time>
        <extensions>
          <ns3:TrackPointExtension>
            <ns3:atemp>22.0</ns3:atemp>
            <ns3:hr>89</ns3:hr>
            <ns3:cad>54</ns3:cad>
          </ns3:TrackPointExtension>
        </extensions>
      </trkpt>
      <trkpt lat="47.251747660338878631591796875" lon="7.02688445337116718292236328125">
        <ele>1046.800048828125</ele>
        <time>2021-12-05T15:14:18.000Z</time>
        <extensions>
          <ns3:TrackPointExtension>
            <ns3:atemp>22.0</ns3:atemp>
            <ns3:hr>87</ns3:hr>
            <ns3:cad>56</ns3:cad>
          </ns3:TrackPointExtension>
        </extensions>
      </trkpt>
      <trkpt lat="47.2517374344170093536376953125" lon="7.026891410350799560546875">
        <ele>1046.5999755859375</ele>
        <time>2021-12-05T15:14:19.000Z</time>
        <extensions>
          <ns3:TrackPointExtension>
            <ns3:atemp>22.0</ns3:atemp>
            <ns3:hr>89</ns3:hr>
            <ns3:cad>56</ns3:cad>
          </ns3:TrackPointExtension>
        </extensions>
      </trkpt>
      <trkpt lat="47.2517216764390468597412109375" lon="7.02690926380455493927001953125">
        <ele>1046.199951171875</ele>
        <time>2021-12-05T15:14:21.000Z</time>
        <extensions>
          <ns3:TrackPointExtension>
            <ns3:atemp>22.0</ns3:atemp>
            <ns3:hr>88</ns3:hr>
            <ns3:cad>57</ns3:cad>
          </ns3:TrackPointExtension>
        </extensions>
      </trkpt>
      <trkpt lat="47.25170700810849666595458984375" lon="7.02692585997283458709716796875">
        <ele>1046.199951171875</ele>
        <time>2021-12-05T15:14:23.000Z</time>
        <extensions>
          <ns3:TrackPointExtension>
            <ns3:atemp>22.0</ns3:atemp>
            <ns3:hr>88</ns3:hr>
            <ns3:cad>57</ns3:cad>
          </ns3:TrackPointExtension>
        </extensions>
      </trkpt>
      <trkpt lat="47.251699380576610565185546875" lon="7.026936002075672149658203125">
        <ele>1046.199951171875</ele>
        <time>2021-12-05T15:14:25.000Z</time>
        <extensions>
          <ns3:TrackPointExtension>
            <ns3:atemp>22.0</ns3:atemp>
            <ns3:hr>88</ns3:hr>
            <ns3:cad>55</ns3:cad>
          </ns3:TrackPointExtension>
        </extensions>
      </trkpt>
      <trkpt lat="47.25169711746275424957275390625" lon="7.0269442163407802581787109375">
        <ele>1046.199951171875</ele>
        <time>2021-12-05T15:14:26.000Z</time>
        <extensions>
          <ns3:TrackPointExtension>
            <ns3:atemp>22.0</ns3:atemp>
            <ns3:hr>89</ns3:hr>
            <ns3:cad>54</ns3:cad>
          </ns3:TrackPointExtension>
        </extensions>
      </trkpt>
      <trkpt lat="47.2516992129385471343994140625" lon="7.02696005813777446746826171875">
        <ele>1046.199951171875</ele>
        <time>2021-12-05T15:14:28.000Z</time>
        <extensions>
          <ns3:TrackPointExtension>
            <ns3:atemp>22.0</ns3:atemp>
            <ns3:hr>87</ns3:hr>
            <ns3:cad>54</ns3:cad>
          </ns3:TrackPointExtension>
        </extensions>
      </trkpt>
      <trkpt lat="47.25169678218662738800048828125" lon="7.02697916887700557708740234375">
        <ele>1045.800048828125</ele>
        <time>2021-12-05T15:14:32.000Z</time>
        <extensions>
          <ns3:TrackPointExtension>
            <ns3:atemp>22.0</ns3:atemp>
            <ns3:hr>87</ns3:hr>
            <ns3:cad>48</ns3:cad>
          </ns3:TrackPointExtension>
        </extensions>
      </trkpt>
      <trkpt lat="47.25171237252652645111083984375" lon="7.0270525105297565460205078125">
        <ele>1047</ele>
        <time>2021-12-05T15:14:38.000Z</time>
        <extensions>
          <ns3:TrackPointExtension>
            <ns3:atemp>22.0</ns3:atemp>
            <ns3:hr>90</ns3:hr>
            <ns3:cad>50</ns3:cad>
          </ns3:TrackPointExtension>
        </extensions>
      </trkpt>
      <trkpt lat="47.25172008387744426727294921875" lon="7.0271145366132259368896484375">
        <ele>1046.5999755859375</ele>
        <time>2021-12-05T15:14:44.000Z</time>
        <extensions>
          <ns3:TrackPointExtension>
            <ns3:atemp>22.0</ns3:atemp>
            <ns3:hr>89</ns3:hr>
            <ns3:cad>52</ns3:cad>
          </ns3:TrackPointExtension>
        </extensions>
      </trkpt>
      <trkpt lat="47.25174087099730968475341796875" lon="7.0271483995020389556884765625">
        <ele>1046.4000244140625</ele>
        <time>2021-12-05T15:14:47.000Z</time>
        <extensions>
          <ns3:TrackPointExtension>
            <ns3:atemp>22.0</ns3:atemp>
            <ns3:hr>90</ns3:hr>
            <ns3:cad>52</ns3:cad>
          </ns3:TrackPointExtension>
        </extensions>
      </trkpt>
      <trkpt lat="47.2517488338053226470947265625" lon="7.02716373838484287261962890625">
        <ele>1046.199951171875</ele>
        <time>2021-12-05T15:14:49.000Z</time>
        <extensions>
          <ns3:TrackPointExtension>
            <ns3:atemp>22.0</ns3:atemp>
            <ns3:hr>89</ns3:hr>
            <ns3:cad>0</ns3:cad>
          </ns3:TrackPointExtension>
        </extensions>
      </trkpt>
      <trkpt lat="47.2517518512904644012451171875" lon="7.0271752215921878814697265625">
        <ele>1046.199951171875</ele>
        <time>2021-12-05T15:14:51.000Z</time>
        <extensions>
          <ns3:TrackPointExtension>
            <ns3:atemp>22.0</ns3:atemp>
            <ns3:hr>90</ns3:hr>
            <ns3:cad>0</ns3:cad>
          </ns3:TrackPointExtension>
        </extensions>
      </trkpt>
      <trkpt lat="47.25175671279430389404296875" lon="7.0271876268088817596435546875">
        <ele>1046.199951171875</ele>
        <time>2021-12-05T15:14:53.000Z</time>
        <extensions>
          <ns3:TrackPointExtension>
            <ns3:atemp>22.0</ns3:atemp>
            <ns3:hr>90</ns3:hr>
            <ns3:cad>0</ns3:cad>
          </ns3:TrackPointExtension>
        </extensions>
      </trkpt>
      <trkpt lat="47.25177004002034664154052734375" lon="7.02719894237816333770751953125">
        <ele>1046</ele>
        <time>2021-12-05T15:14:56.000Z</time>
        <extensions>
          <ns3:TrackPointExtension>
            <ns3:atemp>22.0</ns3:atemp>
            <ns3:hr>90</ns3:hr>
            <ns3:cad>0</ns3:cad>
          </ns3:TrackPointExtension>
        </extensions>
      </trkpt>
      <trkpt lat="47.25177607499063014984130859375" lon="7.0272033847868442535400390625">
        <ele>1045.800048828125</ele>
        <time>2021-12-05T15:14:57.000Z</time>
        <extensions>
          <ns3:TrackPointExtension>
            <ns3:atemp>22.0</ns3:atemp>
            <ns3:hr>90</ns3:hr>
            <ns3:cad>0</ns3:cad>
          </ns3:TrackPointExtension>
        </extensions>
      </trkpt>
      <trkpt lat="47.251835167407989501953125" lon="7.02721889130771160125732421875">
        <ele>1046.4000244140625</ele>
        <time>2021-12-05T15:15:03.000Z</time>
        <extensions>
          <ns3:TrackPointExtension>
            <ns3:atemp>22.0</ns3:atemp>
            <ns3:hr>88</ns3:hr>
            <ns3:cad>50</ns3:cad>
          </ns3:TrackPointExtension>
        </extensions>
      </trkpt>
      <trkpt lat="47.25184648297727108001708984375" lon="7.02722559683024883270263671875">
        <ele>1046.4000244140625</ele>
        <time>2021-12-05T15:15:04.000Z</time>
        <extensions>
          <ns3:TrackPointExtension>
            <ns3:atemp>22.0</ns3:atemp>
            <ns3:hr>89</ns3:hr>
            <ns3:cad>50</ns3:cad>
          </ns3:TrackPointExtension>
        </extensions>
      </trkpt>
      <trkpt lat="47.251885123550891876220703125" lon="7.02724470756947994232177734375">
        <ele>1047</ele>
        <time>2021-12-05T15:15:09.000Z</time>
        <extensions>
          <ns3:TrackPointExtension>
            <ns3:atemp>22.0</ns3:atemp>
            <ns3:hr>91</ns3:hr>
            <ns3:cad>51</ns3:cad>
          </ns3:TrackPointExtension>
        </extensions>
      </trkpt>
      <trkpt lat="47.25189694203436374664306640625" lon="7.0272496528923511505126953125">
        <ele>1047</ele>
        <time>2021-12-05T15:15:11.000Z</time>
        <extensions>
          <ns3:TrackPointExtension>
            <ns3:atemp>22.0</ns3:atemp>
            <ns3:hr>92</ns3:hr>
            <ns3:cad>0</ns3:cad>
          </ns3:TrackPointExtension>
        </extensions>
      </trkpt>
      <trkpt lat="47.25193264894187450408935546875" lon="7.027274630963802337646484375">
        <ele>1046.800048828125</ele>
        <time>2021-12-05T15:15:15.000Z</time>
        <extensions>
          <ns3:TrackPointExtension>
            <ns3:atemp>22.0</ns3:atemp>
            <ns3:hr>90</ns3:hr>
            <ns3:cad>49</ns3:cad>
          </ns3:TrackPointExtension>
        </extensions>
      </trkpt>
      <trkpt lat="47.25194170139729976654052734375" lon="7.02729214914143085479736328125">
        <ele>1046.800048828125</ele>
        <time>2021-12-05T15:15:17.000Z</time>
        <extensions>
          <ns3:TrackPointExtension>
            <ns3:atemp>22.0</ns3:atemp>
            <ns3:hr>89</ns3:hr>
            <ns3:cad>49</ns3:cad>
          </ns3:TrackPointExtension>
        </extensions>
      </trkpt>
      <trkpt lat="47.251943461596965789794921875" lon="7.02730556018650531768798828125">
        <ele>1046.5999755859375</ele>
        <time>2021-12-05T15:15:18.000Z</time>
        <extensions>
          <ns3:TrackPointExtension>
            <ns3:atemp>22.0</ns3:atemp>
            <ns3:hr>91</ns3:hr>
            <ns3:cad>48</ns3:cad>
          </ns3:TrackPointExtension>
        </extensions>
      </trkpt>
      <trkpt lat="47.25195863284170627593994140625" lon="7.0273200608789920806884765625">
        <ele>1046.800048828125</ele>
        <time>2021-12-05T15:15:19.000Z</time>
        <extensions>
          <ns3:TrackPointExtension>
            <ns3:atemp>22.0</ns3:atemp>
            <ns3:hr>90</ns3:hr>
            <ns3:cad>47</ns3:cad>
          </ns3:TrackPointExtension>
        </extensions>
      </trkpt>
      <trkpt lat="47.2519758157432079315185546875" lon="7.02737311832606792449951171875">
        <ele>1046.5999755859375</ele>
        <time>2021-12-05T15:15:22.000Z</time>
        <extensions>
          <ns3:TrackPointExtension>
            <ns3:atemp>22.0</ns3:atemp>
            <ns3:hr>86</ns3:hr>
            <ns3:cad>47</ns3:cad>
          </ns3:TrackPointExtension>
        </extensions>
      </trkpt>
      <trkpt lat="47.2520033083856105804443359375" lon="7.02742659486830234527587890625">
        <ele>1046.5999755859375</ele>
        <time>2021-12-05T15:15:24.000Z</time>
        <extensions>
          <ns3:TrackPointExtension>
            <ns3:atemp>22.0</ns3:atemp>
            <ns3:hr>91</ns3:hr>
            <ns3:cad>46</ns3:cad>
          </ns3:TrackPointExtension>
        </extensions>
      </trkpt>
      <trkpt lat="47.252007834613323211669921875" lon="7.02745039947330951690673828125">
        <ele>1046.5999755859375</ele>
        <time>2021-12-05T15:15:25.000Z</time>
        <extensions>
          <ns3:TrackPointExtension>
            <ns3:atemp>22.0</ns3:atemp>
            <ns3:hr>91</ns3:hr>
            <ns3:cad>48</ns3:cad>
          </ns3:TrackPointExtension>
        </extensions>
      </trkpt>
      <trkpt lat="47.252025604248046875" lon="7.02751703560352325439453125">
        <ele>1046.5999755859375</ele>
        <time>2021-12-05T15:15:29.000Z</time>
        <extensions>
          <ns3:TrackPointExtension>
            <ns3:atemp>22.0</ns3:atemp>
            <ns3:hr>95</ns3:hr>
            <ns3:cad>50</ns3:cad>
          </ns3:TrackPointExtension>
        </extensions>
      </trkpt>
      <trkpt lat="47.25203122012317180633544921875" lon="7.0275691710412502288818359375">
        <ele>1046.4000244140625</ele>
        <time>2021-12-05T15:15:33.000Z</time>
        <extensions>
          <ns3:TrackPointExtension>
            <ns3:atemp>22.0</ns3:atemp>
            <ns3:hr>95</ns3:hr>
            <ns3:cad>45</ns3:cad>
          </ns3:TrackPointExtension>
        </extensions>
      </trkpt>
      <trkpt lat="47.25203432142734527587890625" lon="7.02757579274475574493408203125">
        <ele>1046.4000244140625</ele>
        <time>2021-12-05T15:15:34.000Z</time>
        <extensions>
          <ns3:TrackPointExtension>
            <ns3:atemp>22.0</ns3:atemp>
            <ns3:hr>94</ns3:hr>
            <ns3:cad>45</ns3:cad>
          </ns3:TrackPointExtension>
        </extensions>
      </trkpt>
      <trkpt lat="47.25201554596424102783203125" lon="7.0277026109397411346435546875">
        <ele>1048.5999755859375</ele>
        <time>2021-12-05T15:17:24.000Z</time>
        <extensions>
          <ns3:TrackPointExtension>
            <ns3:atemp>21.0</ns3:atemp>
            <ns3:hr>82</ns3:hr>
            <ns3:cad>0</ns3:cad>
          </ns3:TrackPointExtension>
        </extensions>
      </trkpt>
      <trkpt lat="47.252012528479099273681640625" lon="7.02771292068064212799072265625">
        <ele>1048.800048828125</ele>
        <time>2021-12-05T15:17:25.000Z</time>
        <extensions>
          <ns3:TrackPointExtension>
            <ns3:atemp>21.0</ns3:atemp>
            <ns3:hr>83</ns3:hr>
            <ns3:cad>0</ns3:cad>
          </ns3:TrackPointExtension>
        </extensions>
      </trkpt>
      <trkpt lat="47.252010516822338104248046875" lon="7.02774309553205966949462890625">
        <ele>1048.4000244140625</ele>
        <time>2021-12-05T15:17:27.000Z</time>
        <extensions>
          <ns3:TrackPointExtension>
            <ns3:atemp>21.0</ns3:atemp>
            <ns3:hr>86</ns3:hr>
            <ns3:cad>47</ns3:cad>
          </ns3:TrackPointExtension>
        </extensions>
      </trkpt>
      <trkpt lat="47.25201227702200412750244140625" lon="7.02781400643289089202880859375">
        <ele>1048.4000244140625</ele>
        <time>2021-12-05T15:17:32.000Z</time>
        <extensions>
          <ns3:TrackPointExtension>
            <ns3:atemp>21.0</ns3:atemp>
            <ns3:hr>90</ns3:hr>
            <ns3:cad>53</ns3:cad>
          </ns3:TrackPointExtension>
        </extensions>
      </trkpt>
      <trkpt lat="47.25201194174587726593017578125" lon="7.02784736640751361846923828125">
        <ele>1048.4000244140625</ele>
        <time>2021-12-05T15:17:34.000Z</time>
        <extensions>
          <ns3:TrackPointExtension>
            <ns3:atemp>21.0</ns3:atemp>
            <ns3:hr>92</ns3:hr>
            <ns3:cad>52</ns3:cad>
          </ns3:TrackPointExtension>
        </extensions>
      </trkpt>
      <trkpt lat="47.25201018154621124267578125" lon="7.02785993926227092742919921875">
        <ele>1048.4000244140625</ele>
        <time>2021-12-05T15:17:35.000Z</time>
        <extensions>
          <ns3:TrackPointExtension>
            <ns3:atemp>21.0</ns3:atemp>
            <ns3:hr>92</ns3:hr>
            <ns3:cad>52</ns3:cad>
          </ns3:TrackPointExtension>
        </extensions>
      </trkpt>
      <trkpt lat="47.2520080022513866424560546875" lon="7.027893550693988800048828125">
        <ele>1048.4000244140625</ele>
        <time>2021-12-05T15:17:37.000Z</time>
        <extensions>
          <ns3:TrackPointExtension>
            <ns3:atemp>21.0</ns3:atemp>
            <ns3:hr>93</ns3:hr>
            <ns3:cad>52</ns3:cad>
          </ns3:TrackPointExtension>
        </extensions>
      </trkpt>
      <trkpt lat="47.252012528479099273681640625" lon="7.02792179770767688751220703125">
        <ele>1048.4000244140625</ele>
        <time>2021-12-05T15:17:39.000Z</time>
        <extensions>
          <ns3:TrackPointExtension>
            <ns3:atemp>21.0</ns3:atemp>
            <ns3:hr>93</ns3:hr>
            <ns3:cad>53</ns3:cad>
          </ns3:TrackPointExtension>
        </extensions>
      </trkpt>
      <trkpt lat="47.25201361812651157379150390625" lon="7.02793772332370281219482421875">
        <ele>1048.5999755859375</ele>
        <time>2021-12-05T15:17:40.000Z</time>
        <extensions>
          <ns3:TrackPointExtension>
            <ns3:atemp>21.0</ns3:atemp>
            <ns3:hr>94</ns3:hr>
            <ns3:cad>53</ns3:cad>
          </ns3:TrackPointExtension>
        </extensions>
      </trkpt>
      <trkpt lat="47.2520140372216701507568359375" lon="7.02795180492103099822998046875">
        <ele>1048.5999755859375</ele>
        <time>2021-12-05T15:17:41.000Z</time>
        <extensions>
          <ns3:TrackPointExtension>
            <ns3:atemp>21.0</ns3:atemp>
            <ns3:hr>91</ns3:hr>
            <ns3:cad>53</ns3:cad>
          </ns3:TrackPointExtension>
        </extensions>
      </trkpt>
      <trkpt lat="47.25201495923101902008056640625" lon="7.02797912992537021636962890625">
        <ele>1048.800048828125</ele>
        <time>2021-12-05T15:17:43.000Z</time>
        <extensions>
          <ns3:TrackPointExtension>
            <ns3:atemp>21.0</ns3:atemp>
            <ns3:hr>93</ns3:hr>
            <ns3:cad>0</ns3:cad>
          </ns3:TrackPointExtension>
        </extensions>
      </trkpt>
      <trkpt lat="47.2520183958113193511962890625" lon="7.02799991704523563385009765625">
        <ele>1048.5999755859375</ele>
        <time>2021-12-05T15:17:45.000Z</time>
        <extensions>
          <ns3:TrackPointExtension>
            <ns3:atemp>21.0</ns3:atemp>
            <ns3:hr>93</ns3:hr>
            <ns3:cad>50</ns3:cad>
          </ns3:TrackPointExtension>
        </extensions>
      </trkpt>
      <trkpt lat="47.25202216766774654388427734375" lon="7.0280372165143489837646484375">
        <ele>1048.5999755859375</ele>
        <time>2021-12-05T15:17:48.000Z</time>
        <extensions>
          <ns3:TrackPointExtension>
            <ns3:atemp>21.0</ns3:atemp>
            <ns3:hr>95</ns3:hr>
            <ns3:cad>52</ns3:cad>
          </ns3:TrackPointExtension>
        </extensions>
      </trkpt>
      <trkpt lat="47.25203105248510837554931640625" lon="7.0280890166759490966796875">
        <ele>1048.800048828125</ele>
        <time>2021-12-05T15:17:52.000Z</time>
        <extensions>
          <ns3:TrackPointExtension>
            <ns3:atemp>21.0</ns3:atemp>
            <ns3:hr>96</ns3:hr>
            <ns3:cad>51</ns3:cad>
          </ns3:TrackPointExtension>
        </extensions>
      </trkpt>
      <trkpt lat="47.25202568806707859039306640625" lon="7.02811558730900287628173828125">
        <ele>1048.5999755859375</ele>
        <time>2021-12-05T15:17:54.000Z</time>
        <extensions>
          <ns3:TrackPointExtension>
            <ns3:atemp>21.0</ns3:atemp>
            <ns3:hr>95</ns3:hr>
            <ns3:cad>51</ns3:cad>
          </ns3:TrackPointExtension>
        </extensions>
      </trkpt>
      <trkpt lat="47.25202434696257114410400390625" lon="7.0281659625470638275146484375">
        <ele>1047.5999755859375</ele>
        <time>2021-12-05T15:17:57.000Z</time>
        <extensions>
          <ns3:TrackPointExtension>
            <ns3:atemp>21.0</ns3:atemp>
            <ns3:hr>94</ns3:hr>
            <ns3:cad>0</ns3:cad>
          </ns3:TrackPointExtension>
        </extensions>
      </trkpt>
      <trkpt lat="47.2520296275615692138671875" lon="7.0282142423093318939208984375">
        <ele>1047.5999755859375</ele>
        <time>2021-12-05T15:18:00.000Z</time>
        <extensions>
          <ns3:TrackPointExtension>
            <ns3:atemp>21.0</ns3:atemp>
            <ns3:hr>97</ns3:hr>
            <ns3:cad>0</ns3:cad>
          </ns3:TrackPointExtension>
        </extensions>
      </trkpt>
      <trkpt lat="47.25204094313085079193115234375" lon="7.02823746018111705780029296875">
        <ele>1048.199951171875</ele>
        <time>2021-12-05T15:18:02.000Z</time>
        <extensions>
          <ns3:TrackPointExtension>
            <ns3:atemp>21.0</ns3:atemp>
            <ns3:hr>98</ns3:hr>
            <ns3:cad>0</ns3:cad>
          </ns3:TrackPointExtension>
        </extensions>
      </trkpt>
      <trkpt lat="47.2520323097705841064453125" lon="7.02826143242418766021728515625">
        <ele>1048.5999755859375</ele>
        <time>2021-12-05T15:18:04.000Z</time>
        <extensions>
          <ns3:TrackPointExtension>
            <ns3:atemp>21.0</ns3:atemp>
            <ns3:hr>100</ns3:hr>
            <ns3:cad>0</ns3:cad>
          </ns3:TrackPointExtension>
        </extensions>
      </trkpt>
      <trkpt lat="47.25202585570514202117919921875" lon="7.02827610075473785400390625">
        <ele>1048.800048828125</ele>
        <time>2021-12-05T15:18:05.000Z</time>
        <extensions>
          <ns3:TrackPointExtension>
            <ns3:atemp>21.0</ns3:atemp>
            <ns3:hr>97</ns3:hr>
            <ns3:cad>0</ns3:cad>
          </ns3:TrackPointExtension>
        </extensions>
      </trkpt>
      <trkpt lat="47.25202082656323909759521484375" lon="7.02829294838011264801025390625">
        <ele>1048.800048828125</ele>
        <time>2021-12-05T15:18:06.000Z</time>
        <extensions>
          <ns3:TrackPointExtension>
            <ns3:atemp>21.0</ns3:atemp>
            <ns3:hr>97</ns3:hr>
            <ns3:cad>0</ns3:cad>
          </ns3:TrackPointExtension>
        </extensions>
      </trkpt>
      <trkpt lat="47.25198729895055294036865234375" lon="7.02834726311266422271728515625">
        <ele>1047.5999755859375</ele>
        <time>2021-12-05T15:18:10.000Z</time>
        <extensions>
          <ns3:TrackPointExtension>
            <ns3:atemp>21.0</ns3:atemp>
            <ns3:hr>97</ns3:hr>
            <ns3:cad>56</ns3:cad>
          </ns3:TrackPointExtension>
        </extensions>
      </trkpt>
      <trkpt lat="47.25198210217058658599853515625" lon="7.0283639430999755859375">
        <ele>1047</ele>
        <time>2021-12-05T15:18:11.000Z</time>
        <extensions>
          <ns3:TrackPointExtension>
            <ns3:atemp>21.0</ns3:atemp>
            <ns3:hr>99</ns3:hr>
            <ns3:cad>55</ns3:cad>
          </ns3:TrackPointExtension>
        </extensions>
      </trkpt>
      <trkpt lat="47.251980341970920562744140625" lon="7.028377689421176910400390625">
        <ele>1046.800048828125</ele>
        <time>2021-12-05T15:18:12.000Z</time>
        <extensions>
          <ns3:TrackPointExtension>
            <ns3:atemp>21.0</ns3:atemp>
            <ns3:hr>97</ns3:hr>
            <ns3:cad>54</ns3:cad>
          </ns3:TrackPointExtension>
        </extensions>
      </trkpt>
      <trkpt lat="47.25197556428611278533935546875" lon="7.028389088809490203857421875">
        <ele>1046.5999755859375</ele>
        <time>2021-12-05T15:18:13.000Z</time>
        <extensions>
          <ns3:TrackPointExtension>
            <ns3:atemp>21.0</ns3:atemp>
            <ns3:hr>97</ns3:hr>
            <ns3:cad>54</ns3:cad>
          </ns3:TrackPointExtension>
        </extensions>
      </trkpt>
      <trkpt lat="47.251974642276763916015625" lon="7.02840275131165981292724609375">
        <ele>1046.5999755859375</ele>
        <time>2021-12-05T15:18:14.000Z</time>
        <extensions>
          <ns3:TrackPointExtension>
            <ns3:atemp>21.0</ns3:atemp>
            <ns3:hr>96</ns3:hr>
            <ns3:cad>54</ns3:cad>
          </ns3:TrackPointExtension>
        </extensions>
      </trkpt>
      <trkpt lat="47.25196282379329204559326171875" lon="7.028444074094295501708984375">
        <ele>1046</ele>
        <time>2021-12-05T15:18:17.000Z</time>
        <extensions>
          <ns3:TrackPointExtension>
            <ns3:atemp>21.0</ns3:atemp>
            <ns3:hr>97</ns3:hr>
            <ns3:cad>52</ns3:cad>
          </ns3:TrackPointExtension>
        </extensions>
      </trkpt>
      <trkpt lat="47.25195963867008686065673828125" lon="7.02846863307058811187744140625">
        <ele>1046</ele>
        <time>2021-12-05T15:18:19.000Z</time>
        <extensions>
          <ns3:TrackPointExtension>
            <ns3:atemp>21.0</ns3:atemp>
            <ns3:hr>99</ns3:hr>
            <ns3:cad>53</ns3:cad>
          </ns3:TrackPointExtension>
        </extensions>
      </trkpt>
      <trkpt lat="47.2519516758620738983154296875" lon="7.02848908491432666778564453125">
        <ele>1046</ele>
        <time>2021-12-05T15:18:21.000Z</time>
        <extensions>
          <ns3:TrackPointExtension>
            <ns3:atemp>21.0</ns3:atemp>
            <ns3:hr>97</ns3:hr>
            <ns3:cad>55</ns3:cad>
          </ns3:TrackPointExtension>
        </extensions>
      </trkpt>
      <trkpt lat="47.2519456408917903900146484375" lon="7.02850953675806522369384765625">
        <ele>1046</ele>
        <time>2021-12-05T15:18:22.000Z</time>
        <extensions>
          <ns3:TrackPointExtension>
            <ns3:atemp>21.0</ns3:atemp>
            <ns3:hr>98</ns3:hr>
            <ns3:cad>54</ns3:cad>
          </ns3:TrackPointExtension>
        </extensions>
      </trkpt>
      <trkpt lat="47.2519208304584026336669921875" lon="7.0285495184361934661865234375">
        <ele>1046</ele>
        <time>2021-12-05T15:18:25.000Z</time>
        <extensions>
          <ns3:TrackPointExtension>
            <ns3:atemp>21.0</ns3:atemp>
            <ns3:hr>96</ns3:hr>
            <ns3:cad>54</ns3:cad>
          </ns3:TrackPointExtension>
        </extensions>
      </trkpt>
      <trkpt lat="47.2519054077565670013427734375" lon="7.02861933968961238861083984375">
        <ele>1046</ele>
        <time>2021-12-05T15:18:29.000Z</time>
        <extensions>
          <ns3:TrackPointExtension>
            <ns3:atemp>21.0</ns3:atemp>
            <ns3:hr>96</ns3:hr>
            <ns3:cad>57</ns3:cad>
          </ns3:TrackPointExtension>
        </extensions>
      </trkpt>
      <trkpt lat="47.2518936730921268463134765625" lon="7.02865052036941051483154296875">
        <ele>1046</ele>
        <time>2021-12-05T15:18:31.000Z</time>
        <extensions>
          <ns3:TrackPointExtension>
            <ns3:atemp>21.0</ns3:atemp>
            <ns3:hr>94</ns3:hr>
            <ns3:cad>53</ns3:cad>
          </ns3:TrackPointExtension>
        </extensions>
      </trkpt>
      <trkpt lat="47.25187649019062519073486328125" lon="7.02871405519545078277587890625">
        <ele>1045.800048828125</ele>
        <time>2021-12-05T15:18:35.000Z</time>
        <extensions>
          <ns3:TrackPointExtension>
            <ns3:atemp>21.0</ns3:atemp>
            <ns3:hr>97</ns3:hr>
            <ns3:cad>51</ns3:cad>
          </ns3:TrackPointExtension>
        </extensions>
      </trkpt>
      <trkpt lat="47.25187397561967372894287109375" lon="7.02876962721347808837890625">
        <ele>1046.199951171875</ele>
        <time>2021-12-05T15:18:37.000Z</time>
        <extensions>
          <ns3:TrackPointExtension>
            <ns3:atemp>21.0</ns3:atemp>
            <ns3:hr>97</ns3:hr>
            <ns3:cad>55</ns3:cad>
          </ns3:TrackPointExtension>
        </extensions>
      </trkpt>
      <trkpt lat="47.2518628276884555816650390625" lon="7.0288633368909358978271484375">
        <ele>1046.4000244140625</ele>
        <time>2021-12-05T15:18:42.000Z</time>
        <extensions>
          <ns3:TrackPointExtension>
            <ns3:atemp>21.0</ns3:atemp>
            <ns3:hr>95</ns3:hr>
            <ns3:cad>53</ns3:cad>
          </ns3:TrackPointExtension>
        </extensions>
      </trkpt>
      <trkpt lat="47.25185972638428211212158203125" lon="7.02887766994535923004150390625">
        <ele>1046.4000244140625</ele>
        <time>2021-12-05T15:18:43.000Z</time>
        <extensions>
          <ns3:TrackPointExtension>
            <ns3:atemp>21.0</ns3:atemp>
            <ns3:hr>95</ns3:hr>
            <ns3:cad>52</ns3:cad>
          </ns3:TrackPointExtension>
        </extensions>
      </trkpt>
      <trkpt lat="47.251843549311161041259765625" lon="7.028896696865558624267578125">
        <ele>1046.4000244140625</ele>
        <time>2021-12-05T15:18:45.000Z</time>
        <extensions>
          <ns3:TrackPointExtension>
            <ns3:atemp>21.0</ns3:atemp>
            <ns3:hr>98</ns3:hr>
            <ns3:cad>51</ns3:cad>
          </ns3:TrackPointExtension>
        </extensions>
      </trkpt>
      <trkpt lat="47.2518333233892917633056640625" lon="7.02892309986054897308349609375">
        <ele>1046.4000244140625</ele>
        <time>2021-12-05T15:18:46.000Z</time>
        <extensions>
          <ns3:TrackPointExtension>
            <ns3:atemp>21.0</ns3:atemp>
            <ns3:hr>95</ns3:hr>
            <ns3:cad>51</ns3:cad>
          </ns3:TrackPointExtension>
        </extensions>
      </trkpt>
      <trkpt lat="47.2518286295235157012939453125" lon="7.02896098606288433074951171875">
        <ele>1046.199951171875</ele>
        <time>2021-12-05T15:18:48.000Z</time>
        <extensions>
          <ns3:TrackPointExtension>
            <ns3:atemp>21.0</ns3:atemp>
            <ns3:hr>96</ns3:hr>
            <ns3:cad>51</ns3:cad>
          </ns3:TrackPointExtension>
        </extensions>
      </trkpt>
      <trkpt lat="47.25182938389480113983154296875" lon="7.02897808514535427093505859375">
        <ele>1046.4000244140625</ele>
        <time>2021-12-05T15:18:49.000Z</time>
        <extensions>
          <ns3:TrackPointExtension>
            <ns3:atemp>21.0</ns3:atemp>
            <ns3:hr>96</ns3:hr>
            <ns3:cad>51</ns3:cad>
          </ns3:TrackPointExtension>
        </extensions>
      </trkpt>
      <trkpt lat="47.2518230974674224853515625" lon="7.0289806835353374481201171875">
        <ele>1046.4000244140625</ele>
        <time>2021-12-05T15:18:50.000Z</time>
        <extensions>
          <ns3:TrackPointExtension>
            <ns3:atemp>21.0</ns3:atemp>
            <ns3:hr>95</ns3:hr>
            <ns3:cad>51</ns3:cad>
          </ns3:TrackPointExtension>
        </extensions>
      </trkpt>
      <trkpt lat="47.25181546993553638458251953125" lon="7.0289837010204792022705078125">
        <ele>1046.5999755859375</ele>
        <time>2021-12-05T15:18:56.000Z</time>
        <extensions>
          <ns3:TrackPointExtension>
            <ns3:atemp>21.0</ns3:atemp>
            <ns3:hr>95</ns3:hr>
            <ns3:cad>0</ns3:cad>
          </ns3:TrackPointExtension>
        </extensions>
      </trkpt>
      <trkpt lat="47.25181479938328266143798828125" lon="7.028990574181079864501953125">
        <ele>1046.4000244140625</ele>
        <time>2021-12-05T15:18:57.000Z</time>
        <extensions>
          <ns3:TrackPointExtension>
            <ns3:atemp>21.0</ns3:atemp>
            <ns3:hr>96</ns3:hr>
            <ns3:cad>0</ns3:cad>
          </ns3:TrackPointExtension>
        </extensions>
      </trkpt>
      <trkpt lat="47.2517961077392101287841796875" lon="7.029031477868556976318359375">
        <ele>1046</ele>
        <time>2021-12-05T15:19:03.000Z</time>
        <extensions>
          <ns3:TrackPointExtension>
            <ns3:atemp>21.0</ns3:atemp>
            <ns3:hr>95</ns3:hr>
            <ns3:cad>0</ns3:cad>
          </ns3:TrackPointExtension>
        </extensions>
      </trkpt>
      <trkpt lat="47.25176207721233367919921875" lon="7.02907648868858814239501953125">
        <ele>1047</ele>
        <time>2021-12-05T15:19:09.000Z</time>
        <extensions>
          <ns3:TrackPointExtension>
            <ns3:atemp>21.0</ns3:atemp>
            <ns3:hr>95</ns3:hr>
            <ns3:cad>48</ns3:cad>
          </ns3:TrackPointExtension>
        </extensions>
      </trkpt>
      <trkpt lat="47.2516951896250247955322265625" lon="7.0291580446064472198486328125">
        <ele>1047.199951171875</ele>
        <time>2021-12-05T15:19:17.000Z</time>
        <extensions>
          <ns3:TrackPointExtension>
            <ns3:atemp>21.0</ns3:atemp>
            <ns3:hr>95</ns3:hr>
            <ns3:cad>62</ns3:cad>
          </ns3:TrackPointExtension>
        </extensions>
      </trkpt>
      <trkpt lat="47.25165839307010173797607421875" lon="7.02917673625051975250244140625">
        <ele>1047.199951171875</ele>
        <time>2021-12-05T15:19:21.000Z</time>
        <extensions>
          <ns3:TrackPointExtension>
            <ns3:atemp>21.0</ns3:atemp>
            <ns3:hr>96</ns3:hr>
            <ns3:cad>52</ns3:cad>
          </ns3:TrackPointExtension>
        </extensions>
      </trkpt>
      <trkpt lat="47.251639701426029205322265625" lon="7.02918612398207187652587890625">
        <ele>1047.199951171875</ele>
        <time>2021-12-05T15:19:24.000Z</time>
        <extensions>
          <ns3:TrackPointExtension>
            <ns3:atemp>21.0</ns3:atemp>
            <ns3:hr>96</ns3:hr>
            <ns3:cad>48</ns3:cad>
          </ns3:TrackPointExtension>
        </extensions>
      </trkpt>
      <trkpt lat="47.25161346606910228729248046875" lon="7.02919073402881622314453125">
        <ele>1047.199951171875</ele>
        <time>2021-12-05T15:19:26.000Z</time>
        <extensions>
          <ns3:TrackPointExtension>
            <ns3:atemp>21.0</ns3:atemp>
            <ns3:hr>96</ns3:hr>
            <ns3:cad>50</ns3:cad>
          </ns3:TrackPointExtension>
        </extensions>
      </trkpt>
      <trkpt lat="47.25156652741134166717529296875" lon="7.02916701324284076690673828125">
        <ele>1047</ele>
        <time>2021-12-05T15:19:32.000Z</time>
        <extensions>
          <ns3:TrackPointExtension>
            <ns3:atemp>21.0</ns3:atemp>
            <ns3:hr>94</ns3:hr>
            <ns3:cad>48</ns3:cad>
          </ns3:TrackPointExtension>
        </extensions>
      </trkpt>
      <trkpt lat="47.25149813108146190643310546875" lon="7.029156200587749481201171875">
        <ele>1047</ele>
        <time>2021-12-05T15:19:38.000Z</time>
        <extensions>
          <ns3:TrackPointExtension>
            <ns3:atemp>21.0</ns3:atemp>
            <ns3:hr>90</ns3:hr>
            <ns3:cad>48</ns3:cad>
          </ns3:TrackPointExtension>
        </extensions>
      </trkpt>
      <trkpt lat="47.2514826245605945587158203125" lon="7.02914237044751644134521484375">
        <ele>1047</ele>
        <time>2021-12-05T15:19:40.000Z</time>
        <extensions>
          <ns3:TrackPointExtension>
            <ns3:atemp>21.0</ns3:atemp>
            <ns3:hr>91</ns3:hr>
            <ns3:cad>47</ns3:cad>
          </ns3:TrackPointExtension>
        </extensions>
      </trkpt>
      <trkpt lat="47.25147306919097900390625" lon="7.0291350781917572021484375">
        <ele>1047</ele>
        <time>2021-12-05T15:19:41.000Z</time>
        <extensions>
          <ns3:TrackPointExtension>
            <ns3:atemp>21.0</ns3:atemp>
            <ns3:hr>91</ns3:hr>
            <ns3:cad>47</ns3:cad>
          </ns3:TrackPointExtension>
        </extensions>
      </trkpt>
      <trkpt lat="47.25145655684173107147216796875" lon="7.0290987007319927215576171875">
        <ele>1047.4000244140625</ele>
        <time>2021-12-05T15:19:44.000Z</time>
        <extensions>
          <ns3:TrackPointExtension>
            <ns3:atemp>21.0</ns3:atemp>
            <ns3:hr>92</ns3:hr>
            <ns3:cad>44</ns3:cad>
          </ns3:TrackPointExtension>
        </extensions>
      </trkpt>
      <trkpt lat="47.2514487616717815399169921875" lon="7.02908755280077457427978515625">
        <ele>1047.4000244140625</ele>
        <time>2021-12-05T15:19:45.000Z</time>
        <extensions>
          <ns3:TrackPointExtension>
            <ns3:atemp>21.0</ns3:atemp>
            <ns3:hr>91</ns3:hr>
            <ns3:cad>44</ns3:cad>
          </ns3:TrackPointExtension>
        </extensions>
      </trkpt>
      <trkpt lat="47.25144046358764171600341796875" lon="7.0290785841643810272216796875">
        <ele>1047.5999755859375</ele>
        <time>2021-12-05T15:19:46.000Z</time>
        <extensions>
          <ns3:TrackPointExtension>
            <ns3:atemp>21.0</ns3:atemp>
            <ns3:hr>91</ns3:hr>
            <ns3:cad>44</ns3:cad>
          </ns3:TrackPointExtension>
        </extensions>
      </trkpt>
      <trkpt lat="47.25142185576260089874267578125" lon="7.0290572941303253173828125">
        <ele>1047.4000244140625</ele>
        <time>2021-12-05T15:19:48.000Z</time>
        <extensions>
          <ns3:TrackPointExtension>
            <ns3:atemp>21.0</ns3:atemp>
            <ns3:hr>91</ns3:hr>
            <ns3:cad>48</ns3:cad>
          </ns3:TrackPointExtension>
        </extensions>
      </trkpt>
      <trkpt lat="47.2514085285365581512451171875" lon="7.02903726138174533843994140625">
        <ele>1047.4000244140625</ele>
        <time>2021-12-05T15:19:50.000Z</time>
        <extensions>
          <ns3:TrackPointExtension>
            <ns3:atemp>21.0</ns3:atemp>
            <ns3:hr>91</ns3:hr>
            <ns3:cad>50</ns3:cad>
          </ns3:TrackPointExtension>
        </extensions>
      </trkpt>
      <trkpt lat="47.25138614885509014129638671875" lon="7.028988562524318695068359375">
        <ele>1046.4000244140625</ele>
        <time>2021-12-05T15:19:54.000Z</time>
        <extensions>
          <ns3:TrackPointExtension>
            <ns3:atemp>21.0</ns3:atemp>
            <ns3:hr>92</ns3:hr>
            <ns3:cad>51</ns3:cad>
          </ns3:TrackPointExtension>
        </extensions>
      </trkpt>
      <trkpt lat="47.251360416412353515625" lon="7.02894958667457103729248046875">
        <ele>1046.199951171875</ele>
        <time>2021-12-05T15:19:58.000Z</time>
        <extensions>
          <ns3:TrackPointExtension>
            <ns3:atemp>21.0</ns3:atemp>
            <ns3:hr>94</ns3:hr>
            <ns3:cad>53</ns3:cad>
          </ns3:TrackPointExtension>
        </extensions>
      </trkpt>
      <trkpt lat="47.25134792737662792205810546875" lon="7.0289313979446887969970703125">
        <ele>1046.4000244140625</ele>
        <time>2021-12-05T15:20:00.000Z</time>
        <extensions>
          <ns3:TrackPointExtension>
            <ns3:atemp>21.0</ns3:atemp>
            <ns3:hr>93</ns3:hr>
            <ns3:cad>48</ns3:cad>
          </ns3:TrackPointExtension>
        </extensions>
      </trkpt>
      <trkpt lat="47.25133535452187061309814453125" lon="7.02891723252832889556884765625">
        <ele>1047.199951171875</ele>
        <time>2021-12-05T15:20:02.000Z</time>
        <extensions>
          <ns3:TrackPointExtension>
            <ns3:atemp>21.0</ns3:atemp>
            <ns3:hr>92</ns3:hr>
            <ns3:cad>44</ns3:cad>
          </ns3:TrackPointExtension>
        </extensions>
      </trkpt>
      <trkpt lat="47.2513180039823055267333984375" lon="7.02890818007290363311767578125">
        <ele>1047.199951171875</ele>
        <time>2021-12-05T15:20:04.000Z</time>
        <extensions>
          <ns3:TrackPointExtension>
            <ns3:atemp>21.0</ns3:atemp>
            <ns3:hr>95</ns3:hr>
            <ns3:cad>47</ns3:cad>
          </ns3:TrackPointExtension>
        </extensions>
      </trkpt>
      <trkpt lat="47.25130735896527767181396484375" lon="7.02890415675938129425048828125">
        <ele>1047.4000244140625</ele>
        <time>2021-12-05T15:20:05.000Z</time>
        <extensions>
          <ns3:TrackPointExtension>
            <ns3:atemp>21.0</ns3:atemp>
            <ns3:hr>91</ns3:hr>
            <ns3:cad>48</ns3:cad>
          </ns3:TrackPointExtension>
        </extensions>
      </trkpt>
      <trkpt lat="47.251289002597332000732421875" lon="7.028881274163722991943359375">
        <ele>1047.199951171875</ele>
        <time>2021-12-05T15:20:08.000Z</time>
        <extensions>
          <ns3:TrackPointExtension>
            <ns3:atemp>21.0</ns3:atemp>
            <ns3:hr>90</ns3:hr>
            <ns3:cad>49</ns3:cad>
          </ns3:TrackPointExtension>
        </extensions>
      </trkpt>
      <trkpt lat="47.25128238089382648468017578125" lon="7.02887783758342266082763671875">
        <ele>1046.4000244140625</ele>
        <time>2021-12-05T15:20:09.000Z</time>
        <extensions>
          <ns3:TrackPointExtension>
            <ns3:atemp>21.0</ns3:atemp>
            <ns3:hr>91</ns3:hr>
            <ns3:cad>48</ns3:cad>
          </ns3:TrackPointExtension>
        </extensions>
      </trkpt>
      <trkpt lat="47.25127601064741611480712890625" lon="7.02887021005153656005859375">
        <ele>1045.800048828125</ele>
        <time>2021-12-05T15:20:10.000Z</time>
        <extensions>
          <ns3:TrackPointExtension>
            <ns3:atemp>21.0</ns3:atemp>
            <ns3:hr>91</ns3:hr>
            <ns3:cad>46</ns3:cad>
          </ns3:TrackPointExtension>
        </extensions>
      </trkpt>
      <trkpt lat="47.25125120021402835845947265625" lon="7.028859816491603851318359375">
        <ele>1046.199951171875</ele>
        <time>2021-12-05T15:20:12.000Z</time>
        <extensions>
          <ns3:TrackPointExtension>
            <ns3:atemp>21.0</ns3:atemp>
            <ns3:hr>91</ns3:hr>
            <ns3:cad>48</ns3:cad>
          </ns3:TrackPointExtension>
        </extensions>
      </trkpt>
      <trkpt lat="47.25121851079165935516357421875" lon="7.02884900383651256561279296875">
        <ele>1046.199951171875</ele>
        <time>2021-12-05T15:20:15.000Z</time>
        <extensions>
          <ns3:TrackPointExtension>
            <ns3:atemp>21.0</ns3:atemp>
            <ns3:hr>92</ns3:hr>
            <ns3:cad>48</ns3:cad>
          </ns3:TrackPointExtension>
        </extensions>
      </trkpt>
      <trkpt lat="47.25118649192154407501220703125" lon="7.028850428760051727294921875">
        <ele>1046.199951171875</ele>
        <time>2021-12-05T15:20:18.000Z</time>
        <extensions>
          <ns3:TrackPointExtension>
            <ns3:atemp>21.0</ns3:atemp>
            <ns3:hr>95</ns3:hr>
            <ns3:cad>49</ns3:cad>
          </ns3:TrackPointExtension>
        </extensions>
      </trkpt>
      <trkpt lat="47.25115992128849029541015625" lon="7.02885252423584461212158203125">
        <ele>1047</ele>
        <time>2021-12-05T15:20:21.000Z</time>
        <extensions>
          <ns3:TrackPointExtension>
            <ns3:atemp>21.0</ns3:atemp>
            <ns3:hr>96</ns3:hr>
            <ns3:cad>48</ns3:cad>
          </ns3:TrackPointExtension>
        </extensions>
      </trkpt>
      <trkpt lat="47.2511523775756359100341796875" lon="7.028849087655544281005859375">
        <ele>1047.199951171875</ele>
        <time>2021-12-05T15:20:22.000Z</time>
        <extensions>
          <ns3:TrackPointExtension>
            <ns3:atemp>21.0</ns3:atemp>
            <ns3:hr>96</ns3:hr>
            <ns3:cad>47</ns3:cad>
          </ns3:TrackPointExtension>
        </extensions>
      </trkpt>
      <trkpt lat="47.25108657963573932647705078125" lon="7.0288400352001190185546875">
        <ele>1046.5999755859375</ele>
        <time>2021-12-05T15:20:29.000Z</time>
        <extensions>
          <ns3:TrackPointExtension>
            <ns3:atemp>21.0</ns3:atemp>
            <ns3:hr>96</ns3:hr>
            <ns3:cad>53</ns3:cad>
          </ns3:TrackPointExtension>
        </extensions>
      </trkpt>
      <trkpt lat="47.2510776109993457794189453125" lon="7.0288400352001190185546875">
        <ele>1046.5999755859375</ele>
        <time>2021-12-05T15:20:30.000Z</time>
        <extensions>
          <ns3:TrackPointExtension>
            <ns3:atemp>21.0</ns3:atemp>
            <ns3:hr>95</ns3:hr>
            <ns3:cad>53</ns3:cad>
          </ns3:TrackPointExtension>
        </extensions>
      </trkpt>
      <trkpt lat="47.25104735232889652252197265625" lon="7.0288277976214885711669921875">
        <ele>1046.4000244140625</ele>
        <time>2021-12-05T15:20:33.000Z</time>
        <extensions>
          <ns3:TrackPointExtension>
            <ns3:atemp>20.0</ns3:atemp>
            <ns3:hr>95</ns3:hr>
            <ns3:cad>54</ns3:cad>
          </ns3:TrackPointExtension>
        </extensions>
      </trkpt>
      <trkpt lat="47.2510293312370777130126953125" lon="7.02881547622382640838623046875">
        <ele>1046</ele>
        <time>2021-12-05T15:20:35.000Z</time>
        <extensions>
          <ns3:TrackPointExtension>
            <ns3:atemp>20.0</ns3:atemp>
            <ns3:hr>96</ns3:hr>
            <ns3:cad>53</ns3:cad>
          </ns3:TrackPointExtension>
        </extensions>
      </trkpt>
      <trkpt lat="47.25102421827614307403564453125" lon="7.02881061471998691558837890625">
        <ele>1046</ele>
        <time>2021-12-05T15:20:36.000Z</time>
        <extensions>
          <ns3:TrackPointExtension>
            <ns3:atemp>20.0</ns3:atemp>
            <ns3:hr>96</ns3:hr>
            <ns3:cad>53</ns3:cad>
          </ns3:TrackPointExtension>
        </extensions>
      </trkpt>
      <trkpt lat="47.2510058619081974029541015625" lon="7.02880608849227428436279296875">
        <ele>1046</ele>
        <time>2021-12-05T15:20:38.000Z</time>
        <extensions>
          <ns3:TrackPointExtension>
            <ns3:atemp>20.0</ns3:atemp>
            <ns3:hr>97</ns3:hr>
            <ns3:cad>51</ns3:cad>
          </ns3:TrackPointExtension>
        </extensions>
      </trkpt>
      <trkpt lat="47.2509740106761455535888671875" lon="7.028800137341022491455078125">
        <ele>1047</ele>
        <time>2021-12-05T15:20:41.000Z</time>
        <extensions>
          <ns3:TrackPointExtension>
            <ns3:atemp>20.0</ns3:atemp>
            <ns3:hr>95</ns3:hr>
            <ns3:cad>50</ns3:cad>
          </ns3:TrackPointExtension>
        </extensions>
      </trkpt>
      <trkpt lat="47.25095163099467754364013671875" lon="7.02880541794002056121826171875">
        <ele>1046.5999755859375</ele>
        <time>2021-12-05T15:20:43.000Z</time>
        <extensions>
          <ns3:TrackPointExtension>
            <ns3:atemp>20.0</ns3:atemp>
            <ns3:hr>96</ns3:hr>
            <ns3:cad>51</ns3:cad>
          </ns3:TrackPointExtension>
        </extensions>
      </trkpt>
      <trkpt lat="47.25094408728182315826416015625" lon="7.028804831206798553466796875">
        <ele>1046.4000244140625</ele>
        <time>2021-12-05T15:20:44.000Z</time>
        <extensions>
          <ns3:TrackPointExtension>
            <ns3:atemp>20.0</ns3:atemp>
            <ns3:hr>95</ns3:hr>
            <ns3:cad>51</ns3:cad>
          </ns3:TrackPointExtension>
        </extensions>
      </trkpt>
      <trkpt lat="47.25092464126646518707275390625" lon="7.028804831206798553466796875">
        <ele>1046.4000244140625</ele>
        <time>2021-12-05T15:20:46.000Z</time>
        <extensions>
          <ns3:TrackPointExtension>
            <ns3:atemp>20.0</ns3:atemp>
            <ns3:hr>93</ns3:hr>
            <ns3:cad>54</ns3:cad>
          </ns3:TrackPointExtension>
        </extensions>
      </trkpt>
      <trkpt lat="47.25090485997498035430908203125" lon="7.02881664969027042388916015625">
        <ele>1046.4000244140625</ele>
        <time>2021-12-05T15:20:49.000Z</time>
        <extensions>
          <ns3:TrackPointExtension>
            <ns3:atemp>20.0</ns3:atemp>
            <ns3:hr>94</ns3:hr>
            <ns3:cad>53</ns3:cad>
          </ns3:TrackPointExtension>
        </extensions>
      </trkpt>
      <trkpt lat="47.250892706215381622314453125" lon="7.02882301993668079376220703125">
        <ele>1046.5999755859375</ele>
        <time>2021-12-05T15:20:50.000Z</time>
        <extensions>
          <ns3:TrackPointExtension>
            <ns3:atemp>20.0</ns3:atemp>
            <ns3:hr>93</ns3:hr>
            <ns3:cad>53</ns3:cad>
          </ns3:TrackPointExtension>
        </extensions>
      </trkpt>
      <trkpt lat="47.25088474340736865997314453125" lon="7.02882997691631317138671875">
        <ele>1046.5999755859375</ele>
        <time>2021-12-05T15:20:51.000Z</time>
        <extensions>
          <ns3:TrackPointExtension>
            <ns3:atemp>20.0</ns3:atemp>
            <ns3:hr>97</ns3:hr>
            <ns3:cad>53</ns3:cad>
          </ns3:TrackPointExtension>
        </extensions>
      </trkpt>
      <trkpt lat="47.2508767805993556976318359375" lon="7.028836347162723541259765625">
        <ele>1046.4000244140625</ele>
        <time>2021-12-05T15:20:52.000Z</time>
        <extensions>
          <ns3:TrackPointExtension>
            <ns3:atemp>20.0</ns3:atemp>
            <ns3:hr>94</ns3:hr>
            <ns3:cad>53</ns3:cad>
          </ns3:TrackPointExtension>
        </extensions>
      </trkpt>
      <trkpt lat="47.25085004232823848724365234375" lon="7.02885545790195465087890625">
        <ele>1047</ele>
        <time>2021-12-05T15:20:56.000Z</time>
        <extensions>
          <ns3:TrackPointExtension>
            <ns3:atemp>20.0</ns3:atemp>
            <ns3:hr>94</ns3:hr>
            <ns3:cad>44</ns3:cad>
          </ns3:TrackPointExtension>
        </extensions>
      </trkpt>
      <trkpt lat="47.25084249861538410186767578125" lon="7.0288586430251598358154296875">
        <ele>1046.800048828125</ele>
        <time>2021-12-05T15:20:57.000Z</time>
        <extensions>
          <ns3:TrackPointExtension>
            <ns3:atemp>20.0</ns3:atemp>
            <ns3:hr>97</ns3:hr>
            <ns3:cad>45</ns3:cad>
          </ns3:TrackPointExtension>
        </extensions>
      </trkpt>
      <trkpt lat="47.250834368169307708740234375" lon="7.0288552902638912200927734375">
        <ele>1047</ele>
        <time>2021-12-05T15:20:58.000Z</time>
        <extensions>
          <ns3:TrackPointExtension>
            <ns3:atemp>20.0</ns3:atemp>
            <ns3:hr>95</ns3:hr>
            <ns3:cad>45</ns3:cad>
          </ns3:TrackPointExtension>
        </extensions>
      </trkpt>
      <trkpt lat="47.25081131793558597564697265625" lon="7.0288355089724063873291015625">
        <ele>1047.800048828125</ele>
        <time>2021-12-05T15:21:01.000Z</time>
        <extensions>
          <ns3:TrackPointExtension>
            <ns3:atemp>20.0</ns3:atemp>
            <ns3:hr>98</ns3:hr>
            <ns3:cad>47</ns3:cad>
          </ns3:TrackPointExtension>
        </extensions>
      </trkpt>
      <trkpt lat="47.2507996670901775360107421875" lon="7.0288284681737422943115234375">
        <ele>1047.199951171875</ele>
        <time>2021-12-05T15:21:03.000Z</time>
        <extensions>
          <ns3:TrackPointExtension>
            <ns3:atemp>20.0</ns3:atemp>
            <ns3:hr>98</ns3:hr>
            <ns3:cad>0</ns3:cad>
          </ns3:TrackPointExtension>
        </extensions>
      </trkpt>
      <trkpt lat="47.25074811838567256927490234375" lon="7.02886509709060192108154296875">
        <ele>1046.800048828125</ele>
        <time>2021-12-05T15:21:10.000Z</time>
        <extensions>
          <ns3:TrackPointExtension>
            <ns3:atemp>20.0</ns3:atemp>
            <ns3:hr>101</ns3:hr>
            <ns3:cad>43</ns3:cad>
          </ns3:TrackPointExtension>
        </extensions>
      </trkpt>
      <trkpt lat="47.25072196684777736663818359375" lon="7.02887146733701229095458984375">
        <ele>1046.800048828125</ele>
        <time>2021-12-05T15:21:13.000Z</time>
        <extensions>
          <ns3:TrackPointExtension>
            <ns3:atemp>20.0</ns3:atemp>
            <ns3:hr>102</ns3:hr>
            <ns3:cad>43</ns3:cad>
          </ns3:TrackPointExtension>
        </extensions>
      </trkpt>
      <trkpt lat="47.25070268847048282623291015625" lon="7.02887062914669513702392578125">
        <ele>1047</ele>
        <time>2021-12-05T15:21:16.000Z</time>
        <extensions>
          <ns3:TrackPointExtension>
            <ns3:atemp>20.0</ns3:atemp>
            <ns3:hr>99</ns3:hr>
            <ns3:cad>51</ns3:cad>
          </ns3:TrackPointExtension>
        </extensions>
      </trkpt>
      <trkpt lat="47.25069589912891387939453125" lon="7.028869874775409698486328125">
        <ele>1047.199951171875</ele>
        <time>2021-12-05T15:21:17.000Z</time>
        <extensions>
          <ns3:TrackPointExtension>
            <ns3:atemp>20.0</ns3:atemp>
            <ns3:hr>99</ns3:hr>
            <ns3:cad>53</ns3:cad>
          </ns3:TrackPointExtension>
        </extensions>
      </trkpt>
      <trkpt lat="47.2506742738187313079833984375" lon="7.0288723893463611602783203125">
        <ele>1047.5999755859375</ele>
        <time>2021-12-05T15:21:19.000Z</time>
        <extensions>
          <ns3:TrackPointExtension>
            <ns3:atemp>20.0</ns3:atemp>
            <ns3:hr>99</ns3:hr>
            <ns3:cad>53</ns3:cad>
          </ns3:TrackPointExtension>
        </extensions>
      </trkpt>
      <trkpt lat="47.25065390579402446746826171875" lon="7.02888085506856441497802734375">
        <ele>1047.800048828125</ele>
        <time>2021-12-05T15:21:20.000Z</time>
        <extensions>
          <ns3:TrackPointExtension>
            <ns3:atemp>20.0</ns3:atemp>
            <ns3:hr>98</ns3:hr>
            <ns3:cad>53</ns3:cad>
          </ns3:TrackPointExtension>
        </extensions>
      </trkpt>
      <trkpt lat="47.2506182827055454254150390625" lon="7.02889611013233661651611328125">
        <ele>1048</ele>
        <time>2021-12-05T15:21:24.000Z</time>
        <extensions>
          <ns3:TrackPointExtension>
            <ns3:atemp>20.0</ns3:atemp>
            <ns3:hr>100</ns3:hr>
            <ns3:cad>58</ns3:cad>
          </ns3:TrackPointExtension>
        </extensions>
      </trkpt>
      <trkpt lat="47.2506132535636425018310546875" lon="7.028905414044857025146484375">
        <ele>1048</ele>
        <time>2021-12-05T15:21:25.000Z</time>
        <extensions>
          <ns3:TrackPointExtension>
            <ns3:atemp>20.0</ns3:atemp>
            <ns3:hr>98</ns3:hr>
            <ns3:cad>58</ns3:cad>
          </ns3:TrackPointExtension>
        </extensions>
      </trkpt>
      <trkpt lat="47.25060646422207355499267578125" lon="7.02891253866255283355712890625">
        <ele>1048.4000244140625</ele>
        <time>2021-12-05T15:21:26.000Z</time>
        <extensions>
          <ns3:TrackPointExtension>
            <ns3:atemp>20.0</ns3:atemp>
            <ns3:hr>98</ns3:hr>
            <ns3:cad>54</ns3:cad>
          </ns3:TrackPointExtension>
        </extensions>
      </trkpt>
      <trkpt lat="47.250592298805713653564453125" lon="7.028916142880916595458984375">
        <ele>1048.5999755859375</ele>
        <time>2021-12-05T15:21:28.000Z</time>
        <extensions>
          <ns3:TrackPointExtension>
            <ns3:atemp>20.0</ns3:atemp>
            <ns3:hr>99</ns3:hr>
            <ns3:cad>54</ns3:cad>
          </ns3:TrackPointExtension>
        </extensions>
      </trkpt>
      <trkpt lat="47.25056908093392848968505859375" lon="7.0289246924221515655517578125">
        <ele>1048.5999755859375</ele>
        <time>2021-12-05T15:21:32.000Z</time>
        <extensions>
          <ns3:TrackPointExtension>
            <ns3:atemp>20.0</ns3:atemp>
            <ns3:hr>98</ns3:hr>
            <ns3:cad>51</ns3:cad>
          </ns3:TrackPointExtension>
        </extensions>
      </trkpt>
      <trkpt lat="47.2505624592304229736328125" lon="7.028915472328662872314453125">
        <ele>1048.199951171875</ele>
        <time>2021-12-05T15:21:34.000Z</time>
        <extensions>
          <ns3:TrackPointExtension>
            <ns3:atemp>20.0</ns3:atemp>
            <ns3:hr>95</ns3:hr>
            <ns3:cad>53</ns3:cad>
          </ns3:TrackPointExtension>
        </extensions>
      </trkpt>
      <trkpt lat="47.25055919028818607330322265625" lon="7.0289045758545398712158203125">
        <ele>1048.199951171875</ele>
        <time>2021-12-05T15:21:35.000Z</time>
        <extensions>
          <ns3:TrackPointExtension>
            <ns3:atemp>20.0</ns3:atemp>
            <ns3:hr>97</ns3:hr>
            <ns3:cad>53</ns3:cad>
          </ns3:TrackPointExtension>
        </extensions>
      </trkpt>
      <trkpt lat="47.2505415044724941253662109375" lon="7.02889108099043369293212890625">
        <ele>1048.199951171875</ele>
        <time>2021-12-05T15:21:37.000Z</time>
        <extensions>
          <ns3:TrackPointExtension>
            <ns3:atemp>20.0</ns3:atemp>
            <ns3:hr>100</ns3:hr>
            <ns3:cad>52</ns3:cad>
          </ns3:TrackPointExtension>
        </extensions>
      </trkpt>
      <trkpt lat="47.25053228437900543212890625" lon="7.0288874767720699310302734375">
        <ele>1048.5999755859375</ele>
        <time>2021-12-05T15:21:38.000Z</time>
        <extensions>
          <ns3:TrackPointExtension>
            <ns3:atemp>20.0</ns3:atemp>
            <ns3:hr>103</ns3:hr>
            <ns3:cad>52</ns3:cad>
          </ns3:TrackPointExtension>
        </extensions>
      </trkpt>
      <trkpt lat="47.25052599795162677764892578125" lon="7.0288854651153087615966796875">
        <ele>1048.800048828125</ele>
        <time>2021-12-05T15:21:39.000Z</time>
        <extensions>
          <ns3:TrackPointExtension>
            <ns3:atemp>20.0</ns3:atemp>
            <ns3:hr>108</ns3:hr>
            <ns3:cad>57</ns3:cad>
          </ns3:TrackPointExtension>
        </extensions>
      </trkpt>
      <trkpt lat="47.2505061328411102294921875" lon="7.0288874767720699310302734375">
        <ele>1048.800048828125</ele>
        <time>2021-12-05T15:21:41.000Z</time>
        <extensions>
          <ns3:TrackPointExtension>
            <ns3:atemp>20.0</ns3:atemp>
            <ns3:hr>114</ns3:hr>
            <ns3:cad>57</ns3:cad>
          </ns3:TrackPointExtension>
        </extensions>
      </trkpt>
      <trkpt lat="47.25049674510955810546875" lon="7.028888650238513946533203125">
        <ele>1048.800048828125</ele>
        <time>2021-12-05T15:21:42.000Z</time>
        <extensions>
          <ns3:TrackPointExtension>
            <ns3:atemp>20.0</ns3:atemp>
            <ns3:hr>117</ns3:hr>
            <ns3:cad>57</ns3:cad>
          </ns3:TrackPointExtension>
        </extensions>
      </trkpt>
      <trkpt lat="47.250488363206386566162109375" lon="7.02888940460979938507080078125">
        <ele>1048.5999755859375</ele>
        <time>2021-12-05T15:21:43.000Z</time>
        <extensions>
          <ns3:TrackPointExtension>
            <ns3:atemp>20.0</ns3:atemp>
            <ns3:hr>120</ns3:hr>
            <ns3:cad>59</ns3:cad>
          </ns3:TrackPointExtension>
        </extensions>
      </trkpt>
      <trkpt lat="47.25047905929386615753173828125" lon="7.0288898237049579620361328125">
        <ele>1048</ele>
        <time>2021-12-05T15:21:44.000Z</time>
        <extensions>
          <ns3:TrackPointExtension>
            <ns3:atemp>20.0</ns3:atemp>
            <ns3:hr>123</ns3:hr>
            <ns3:cad>59</ns3:cad>
          </ns3:TrackPointExtension>
        </extensions>
      </trkpt>
      <trkpt lat="47.25046833045780658721923828125" lon="7.02889393083751201629638671875">
        <ele>1047.800048828125</ele>
        <time>2021-12-05T15:21:45.000Z</time>
        <extensions>
          <ns3:TrackPointExtension>
            <ns3:atemp>20.0</ns3:atemp>
            <ns3:hr>124</ns3:hr>
            <ns3:cad>59</ns3:cad>
          </ns3:TrackPointExtension>
        </extensions>
      </trkpt>
      <trkpt lat="47.25046346895396709442138671875" lon="7.02890164218842983245849609375">
        <ele>1047.800048828125</ele>
        <time>2021-12-05T15:21:46.000Z</time>
        <extensions>
          <ns3:TrackPointExtension>
            <ns3:atemp>20.0</ns3:atemp>
            <ns3:hr>125</ns3:hr>
            <ns3:cad>59</ns3:cad>
          </ns3:TrackPointExtension>
        </extensions>
      </trkpt>
      <trkpt lat="47.250433377921581268310546875" lon="7.02894128859043121337890625">
        <ele>1047.5999755859375</ele>
        <time>2021-12-05T15:21:49.000Z</time>
        <extensions>
          <ns3:TrackPointExtension>
            <ns3:atemp>20.0</ns3:atemp>
            <ns3:hr>128</ns3:hr>
            <ns3:cad>52</ns3:cad>
          </ns3:TrackPointExtension>
        </extensions>
      </trkpt>
      <trkpt lat="47.2504151053726673126220703125" lon="7.0289488323032855987548828125">
        <ele>1047.4000244140625</ele>
        <time>2021-12-05T15:21:52.000Z</time>
        <extensions>
          <ns3:TrackPointExtension>
            <ns3:atemp>20.0</ns3:atemp>
            <ns3:hr>127</ns3:hr>
            <ns3:cad>47</ns3:cad>
          </ns3:TrackPointExtension>
        </extensions>
      </trkpt>
      <trkpt lat="47.25040982477366924285888671875" lon="7.028945647180080413818359375">
        <ele>1047.4000244140625</ele>
        <time>2021-12-05T15:21:53.000Z</time>
        <extensions>
          <ns3:TrackPointExtension>
            <ns3:atemp>20.0</ns3:atemp>
            <ns3:hr>127</ns3:hr>
            <ns3:cad>47</ns3:cad>
          </ns3:TrackPointExtension>
        </extensions>
      </trkpt>
      <trkpt lat="47.25040487945079803466796875" lon="7.02895159833133220672607421875">
        <ele>1047.199951171875</ele>
        <time>2021-12-05T15:21:54.000Z</time>
        <extensions>
          <ns3:TrackPointExtension>
            <ns3:atemp>20.0</ns3:atemp>
            <ns3:hr>126</ns3:hr>
            <ns3:cad>50</ns3:cad>
          </ns3:TrackPointExtension>
        </extensions>
      </trkpt>
      <trkpt lat="47.2503879480063915252685546875" lon="7.028989903628826141357421875">
        <ele>1046.199951171875</ele>
        <time>2021-12-05T15:21:57.000Z</time>
        <extensions>
          <ns3:TrackPointExtension>
            <ns3:atemp>20.0</ns3:atemp>
            <ns3:hr>124</ns3:hr>
            <ns3:cad>51</ns3:cad>
          </ns3:TrackPointExtension>
        </extensions>
      </trkpt>
      <trkpt lat="47.25038249976933002471923828125" lon="7.0289977826178073883056640625">
        <ele>1046</ele>
        <time>2021-12-05T15:21:58.000Z</time>
        <extensions>
          <ns3:TrackPointExtension>
            <ns3:atemp>20.0</ns3:atemp>
            <ns3:hr>123</ns3:hr>
            <ns3:cad>54</ns3:cad>
          </ns3:TrackPointExtension>
        </extensions>
      </trkpt>
      <trkpt lat="47.25032215006649494171142578125" lon="7.02907447703182697296142578125">
        <ele>1046</ele>
        <time>2021-12-05T15:22:04.000Z</time>
        <extensions>
          <ns3:TrackPointExtension>
            <ns3:atemp>20.0</ns3:atemp>
            <ns3:hr>122</ns3:hr>
            <ns3:cad>0</ns3:cad>
          </ns3:TrackPointExtension>
        </extensions>
      </trkpt>
      <trkpt lat="47.2503155283629894256591796875" lon="7.02908076345920562744140625">
        <ele>1046.199951171875</ele>
        <time>2021-12-05T15:22:05.000Z</time>
        <extensions>
          <ns3:TrackPointExtension>
            <ns3:atemp>20.0</ns3:atemp>
            <ns3:hr>122</ns3:hr>
            <ns3:cad>0</ns3:cad>
          </ns3:TrackPointExtension>
        </extensions>
      </trkpt>
      <trkpt lat="47.25030438043177127838134765625" lon="7.02908813953399658203125">
        <ele>1046.4000244140625</ele>
        <time>2021-12-05T15:22:07.000Z</time>
        <extensions>
          <ns3:TrackPointExtension>
            <ns3:atemp>20.0</ns3:atemp>
            <ns3:hr>120</ns3:hr>
            <ns3:cad>0</ns3:cad>
          </ns3:TrackPointExtension>
        </extensions>
      </trkpt>
      <trkpt lat="47.25029985420405864715576171875" lon="7.0291201584041118621826171875">
        <ele>1046.800048828125</ele>
        <time>2021-12-05T15:22:10.000Z</time>
        <extensions>
          <ns3:TrackPointExtension>
            <ns3:atemp>20.0</ns3:atemp>
            <ns3:hr>119</ns3:hr>
            <ns3:cad>47</ns3:cad>
          </ns3:TrackPointExtension>
        </extensions>
      </trkpt>
      <trkpt lat="47.25028820335865020751953125" lon="7.0291422866284847259521484375">
        <ele>1047</ele>
        <time>2021-12-05T15:22:12.000Z</time>
        <extensions>
          <ns3:TrackPointExtension>
            <ns3:atemp>20.0</ns3:atemp>
            <ns3:hr>119</ns3:hr>
            <ns3:cad>47</ns3:cad>
          </ns3:TrackPointExtension>
        </extensions>
      </trkpt>
      <trkpt lat="47.250289209187030792236328125" lon="7.029170952737331390380859375">
        <ele>1047</ele>
        <time>2021-12-05T15:22:14.000Z</time>
        <extensions>
          <ns3:TrackPointExtension>
            <ns3:atemp>20.0</ns3:atemp>
            <ns3:hr>118</ns3:hr>
            <ns3:cad>0</ns3:cad>
          </ns3:TrackPointExtension>
        </extensions>
      </trkpt>
      <trkpt lat="47.25028476677834987640380859375" lon="7.0291788317263126373291015625">
        <ele>1047.199951171875</ele>
        <time>2021-12-05T15:22:15.000Z</time>
        <extensions>
          <ns3:TrackPointExtension>
            <ns3:atemp>20.0</ns3:atemp>
            <ns3:hr>118</ns3:hr>
            <ns3:cad>0</ns3:cad>
          </ns3:TrackPointExtension>
        </extensions>
      </trkpt>
      <trkpt lat="47.250278480350971221923828125" lon="7.029185034334659576416015625">
        <ele>1047.199951171875</ele>
        <time>2021-12-05T15:22:16.000Z</time>
        <extensions>
          <ns3:TrackPointExtension>
            <ns3:atemp>20.0</ns3:atemp>
            <ns3:hr>119</ns3:hr>
            <ns3:cad>47</ns3:cad>
          </ns3:TrackPointExtension>
        </extensions>
      </trkpt>
      <trkpt lat="47.25026297383010387420654296875" lon="7.0291959308087825775146484375">
        <ele>1047</ele>
        <time>2021-12-05T15:22:17.000Z</time>
        <extensions>
          <ns3:TrackPointExtension>
            <ns3:atemp>20.0</ns3:atemp>
            <ns3:hr>116</ns3:hr>
            <ns3:cad>47</ns3:cad>
          </ns3:TrackPointExtension>
        </extensions>
      </trkpt>
      <trkpt lat="47.25025467574596405029296875" lon="7.029214203357696533203125">
        <ele>1047.5999755859375</ele>
        <time>2021-12-05T15:22:18.000Z</time>
        <extensions>
          <ns3:TrackPointExtension>
            <ns3:atemp>20.0</ns3:atemp>
            <ns3:hr>117</ns3:hr>
            <ns3:cad>47</ns3:cad>
          </ns3:TrackPointExtension>
        </extensions>
      </trkpt>
      <trkpt lat="47.250246293842792510986328125" lon="7.02922803349792957305908203125">
        <ele>1047.800048828125</ele>
        <time>2021-12-05T15:22:19.000Z</time>
        <extensions>
          <ns3:TrackPointExtension>
            <ns3:atemp>20.0</ns3:atemp>
            <ns3:hr>117</ns3:hr>
            <ns3:cad>46</ns3:cad>
          </ns3:TrackPointExtension>
        </extensions>
      </trkpt>
      <trkpt lat="47.250242941081523895263671875" lon="7.02924027107656002044677734375">
        <ele>1047.800048828125</ele>
        <time>2021-12-05T15:22:20.000Z</time>
        <extensions>
          <ns3:TrackPointExtension>
            <ns3:atemp>20.0</ns3:atemp>
            <ns3:hr>116</ns3:hr>
            <ns3:cad>45</ns3:cad>
          </ns3:TrackPointExtension>
        </extensions>
      </trkpt>
      <trkpt lat="47.2502263449132442474365234375" lon="7.02926457859575748443603515625">
        <ele>1047.5999755859375</ele>
        <time>2021-12-05T15:22:23.000Z</time>
        <extensions>
          <ns3:TrackPointExtension>
            <ns3:atemp>20.0</ns3:atemp>
            <ns3:hr>116</ns3:hr>
            <ns3:cad>45</ns3:cad>
          </ns3:TrackPointExtension>
        </extensions>
      </trkpt>
      <trkpt lat="47.25021285004913806915283203125" lon="7.029272206127643585205078125">
        <ele>1047.199951171875</ele>
        <time>2021-12-05T15:22:25.000Z</time>
        <extensions>
          <ns3:TrackPointExtension>
            <ns3:atemp>20.0</ns3:atemp>
            <ns3:hr>115</ns3:hr>
            <ns3:cad>48</ns3:cad>
          </ns3:TrackPointExtension>
        </extensions>
      </trkpt>
      <trkpt lat="47.25020698271691799163818359375" lon="7.02928058803081512451171875">
        <ele>1047.199951171875</ele>
        <time>2021-12-05T15:22:27.000Z</time>
        <extensions>
          <ns3:TrackPointExtension>
            <ns3:atemp>20.0</ns3:atemp>
            <ns3:hr>112</ns3:hr>
            <ns3:cad>45</ns3:cad>
          </ns3:TrackPointExtension>
        </extensions>
      </trkpt>
      <trkpt lat="47.250202037394046783447265625" lon="7.0292820967733860015869140625">
        <ele>1047.199951171875</ele>
        <time>2021-12-05T15:22:28.000Z</time>
        <extensions>
          <ns3:TrackPointExtension>
            <ns3:atemp>20.0</ns3:atemp>
            <ns3:hr>114</ns3:hr>
            <ns3:cad>45</ns3:cad>
          </ns3:TrackPointExtension>
        </extensions>
      </trkpt>
      <trkpt lat="47.25019977428019046783447265625" lon="7.02928125858306884765625">
        <ele>1047.4000244140625</ele>
        <time>2021-12-05T15:22:29.000Z</time>
        <extensions>
          <ns3:TrackPointExtension>
            <ns3:atemp>20.0</ns3:atemp>
            <ns3:hr>111</ns3:hr>
            <ns3:cad>47</ns3:cad>
          </ns3:TrackPointExtension>
        </extensions>
      </trkpt>
      <trkpt lat="47.25017018616199493408203125" lon="7.02927790582180023193359375">
        <ele>1047.5999755859375</ele>
        <time>2021-12-05T15:22:32.000Z</time>
        <extensions>
          <ns3:TrackPointExtension>
            <ns3:atemp>20.0</ns3:atemp>
            <ns3:hr>109</ns3:hr>
            <ns3:cad>51</ns3:cad>
          </ns3:TrackPointExtension>
        </extensions>
      </trkpt>
      <trkpt lat="47.250115536153316497802734375" lon="7.02928234823048114776611328125">
        <ele>1048.199951171875</ele>
        <time>2021-12-05T15:22:37.000Z</time>
        <extensions>
          <ns3:TrackPointExtension>
            <ns3:atemp>20.0</ns3:atemp>
            <ns3:hr>109</ns3:hr>
            <ns3:cad>50</ns3:cad>
          </ns3:TrackPointExtension>
        </extensions>
      </trkpt>
      <trkpt lat="47.2501076571643352508544921875" lon="7.029284946620464324951171875">
        <ele>1048.4000244140625</ele>
        <time>2021-12-05T15:22:38.000Z</time>
        <extensions>
          <ns3:TrackPointExtension>
            <ns3:atemp>20.0</ns3:atemp>
            <ns3:hr>109</ns3:hr>
            <ns3:cad>50</ns3:cad>
          </ns3:TrackPointExtension>
        </extensions>
      </trkpt>
      <trkpt lat="47.25008695386350154876708984375" lon="7.02927882783114910125732421875">
        <ele>1048.4000244140625</ele>
        <time>2021-12-05T15:22:39.000Z</time>
        <extensions>
          <ns3:TrackPointExtension>
            <ns3:atemp>20.0</ns3:atemp>
            <ns3:hr>108</ns3:hr>
            <ns3:cad>50</ns3:cad>
          </ns3:TrackPointExtension>
        </extensions>
      </trkpt>
      <trkpt lat="47.25006834603846073150634765625" lon="7.02927798964083194732666015625">
        <ele>1048.4000244140625</ele>
        <time>2021-12-05T15:22:41.000Z</time>
        <extensions>
          <ns3:TrackPointExtension>
            <ns3:atemp>20.0</ns3:atemp>
            <ns3:hr>107</ns3:hr>
            <ns3:cad>47</ns3:cad>
          </ns3:TrackPointExtension>
        </extensions>
      </trkpt>
      <trkpt lat="47.2500483132898807525634765625" lon="7.02926591970026493072509765625">
        <ele>1047.800048828125</ele>
        <time>2021-12-05T15:22:44.000Z</time>
        <extensions>
          <ns3:TrackPointExtension>
            <ns3:atemp>20.0</ns3:atemp>
            <ns3:hr>106</ns3:hr>
            <ns3:cad>47</ns3:cad>
          </ns3:TrackPointExtension>
        </extensions>
      </trkpt>
      <trkpt lat="47.2500432841479778289794921875" lon="7.0292495749890804290771484375">
        <ele>1047.199951171875</ele>
        <time>2021-12-05T15:22:45.000Z</time>
        <extensions>
          <ns3:TrackPointExtension>
            <ns3:atemp>20.0</ns3:atemp>
            <ns3:hr>107</ns3:hr>
            <ns3:cad>47</ns3:cad>
          </ns3:TrackPointExtension>
        </extensions>
      </trkpt>
      <trkpt lat="47.2500349022448062896728515625" lon="7.0292331464588642120361328125">
        <ele>1046.800048828125</ele>
        <time>2021-12-05T15:22:47.000Z</time>
        <extensions>
          <ns3:TrackPointExtension>
            <ns3:atemp>20.0</ns3:atemp>
            <ns3:hr>104</ns3:hr>
            <ns3:cad>0</ns3:cad>
          </ns3:TrackPointExtension>
        </extensions>
      </trkpt>
      <trkpt lat="47.25002911873161792755126953125" lon="7.02922426164150238037109375">
        <ele>1046.800048828125</ele>
        <time>2021-12-05T15:22:49.000Z</time>
        <extensions>
          <ns3:TrackPointExtension>
            <ns3:atemp>20.0</ns3:atemp>
            <ns3:hr>106</ns3:hr>
            <ns3:cad>0</ns3:cad>
          </ns3:TrackPointExtension>
        </extensions>
      </trkpt>
      <trkpt lat="47.2500224970281124114990234375" lon="7.02921353280544281005859375">
        <ele>1046.5999755859375</ele>
        <time>2021-12-05T15:22:51.000Z</time>
        <extensions>
          <ns3:TrackPointExtension>
            <ns3:atemp>20.0</ns3:atemp>
            <ns3:hr>105</ns3:hr>
            <ns3:cad>0</ns3:cad>
          </ns3:TrackPointExtension>
        </extensions>
      </trkpt>
      <trkpt lat="47.25000120699405670166015625" lon="7.02919601462781429290771484375">
        <ele>1046.5999755859375</ele>
        <time>2021-12-05T15:22:54.000Z</time>
        <extensions>
          <ns3:TrackPointExtension>
            <ns3:atemp>20.0</ns3:atemp>
            <ns3:hr>108</ns3:hr>
            <ns3:cad>0</ns3:cad>
          </ns3:TrackPointExtension>
        </extensions>
      </trkpt>
      <trkpt lat="47.24999609403312206268310546875" lon="7.0291939191520214080810546875">
        <ele>1046.800048828125</ele>
        <time>2021-12-05T15:22:55.000Z</time>
        <extensions>
          <ns3:TrackPointExtension>
            <ns3:atemp>20.0</ns3:atemp>
            <ns3:hr>105</ns3:hr>
            <ns3:cad>0</ns3:cad>
          </ns3:TrackPointExtension>
        </extensions>
      </trkpt>
      <trkpt lat="47.24999425001442432403564453125" lon="7.02919517643749713897705078125">
        <ele>1047</ele>
        <time>2021-12-05T15:22:56.000Z</time>
        <extensions>
          <ns3:TrackPointExtension>
            <ns3:atemp>20.0</ns3:atemp>
            <ns3:hr>104</ns3:hr>
            <ns3:cad>0</ns3:cad>
          </ns3:TrackPointExtension>
        </extensions>
      </trkpt>
      <trkpt lat="47.24999852478504180908203125" lon="7.02914019115269184112548828125">
        <ele>1046.800048828125</ele>
        <time>2021-12-05T15:23:02.000Z</time>
        <extensions>
          <ns3:TrackPointExtension>
            <ns3:atemp>20.0</ns3:atemp>
            <ns3:hr>106</ns3:hr>
            <ns3:cad>48</ns3:cad>
          </ns3:TrackPointExtension>
        </extensions>
      </trkpt>
      <trkpt lat="47.2500043921172618865966796875" lon="7.0291117765009403228759765625">
        <ele>1047.199951171875</ele>
        <time>2021-12-05T15:23:05.000Z</time>
        <extensions>
          <ns3:TrackPointExtension>
            <ns3:atemp>20.0</ns3:atemp>
            <ns3:hr>106</ns3:hr>
            <ns3:cad>0</ns3:cad>
          </ns3:TrackPointExtension>
        </extensions>
      </trkpt>
      <trkpt lat="47.250006906688213348388671875" lon="7.02908252365887165069580078125">
        <ele>1047.4000244140625</ele>
        <time>2021-12-05T15:23:08.000Z</time>
        <extensions>
          <ns3:TrackPointExtension>
            <ns3:atemp>20.0</ns3:atemp>
            <ns3:hr>104</ns3:hr>
            <ns3:cad>0</ns3:cad>
          </ns3:TrackPointExtension>
        </extensions>
      </trkpt>
      <trkpt lat="47.25002526305615901947021484375" lon="7.02903424389660358428955078125">
        <ele>1047.800048828125</ele>
        <time>2021-12-05T15:23:14.000Z</time>
        <extensions>
          <ns3:TrackPointExtension>
            <ns3:atemp>20.0</ns3:atemp>
            <ns3:hr>106</ns3:hr>
            <ns3:cad>0</ns3:cad>
          </ns3:TrackPointExtension>
        </extensions>
      </trkpt>
      <trkpt lat="47.25002861581742763519287109375" lon="7.0290225930511951446533203125">
        <ele>1047.5999755859375</ele>
        <time>2021-12-05T15:23:15.000Z</time>
        <extensions>
          <ns3:TrackPointExtension>
            <ns3:atemp>20.0</ns3:atemp>
            <ns3:hr>103</ns3:hr>
            <ns3:cad>0</ns3:cad>
          </ns3:TrackPointExtension>
        </extensions>
      </trkpt>
      <trkpt lat="47.25003314204514026641845703125" lon="7.02895763330161571502685546875">
        <ele>1046.199951171875</ele>
        <time>2021-12-05T15:23:20.000Z</time>
        <extensions>
          <ns3:TrackPointExtension>
            <ns3:atemp>20.0</ns3:atemp>
            <ns3:hr>103</ns3:hr>
            <ns3:cad>50</ns3:cad>
          </ns3:TrackPointExtension>
        </extensions>
      </trkpt>
      <trkpt lat="47.25003716535866260528564453125" lon="7.0288801006972789764404296875">
        <ele>1047.5999755859375</ele>
        <time>2021-12-05T15:23:27.000Z</time>
        <extensions>
          <ns3:TrackPointExtension>
            <ns3:atemp>20.0</ns3:atemp>
            <ns3:hr>102</ns3:hr>
            <ns3:cad>45</ns3:cad>
          </ns3:TrackPointExtension>
        </extensions>
      </trkpt>
      <trkpt lat="47.24998385645449161529541015625" lon="7.0288003049790859222412109375">
        <ele>1047</ele>
        <time>2021-12-05T15:23:34.000Z</time>
        <extensions>
          <ns3:TrackPointExtension>
            <ns3:atemp>20.0</ns3:atemp>
            <ns3:hr>102</ns3:hr>
            <ns3:cad>0</ns3:cad>
          </ns3:TrackPointExtension>
        </extensions>
      </trkpt>
      <trkpt lat="47.24996239878237247467041015625" lon="7.02874037437140941619873046875">
        <ele>1047</ele>
        <time>2021-12-05T15:23:39.000Z</time>
        <extensions>
          <ns3:TrackPointExtension>
            <ns3:atemp>20.0</ns3:atemp>
            <ns3:hr>101</ns3:hr>
            <ns3:cad>45</ns3:cad>
          </ns3:TrackPointExtension>
        </extensions>
      </trkpt>
      <trkpt lat="47.24995887838304042816162109375" lon="7.02873568050563335418701171875">
        <ele>1047.199951171875</ele>
        <time>2021-12-05T15:23:40.000Z</time>
        <extensions>
          <ns3:TrackPointExtension>
            <ns3:atemp>20.0</ns3:atemp>
            <ns3:hr>102</ns3:hr>
            <ns3:cad>52</ns3:cad>
          </ns3:TrackPointExtension>
        </extensions>
      </trkpt>
      <trkpt lat="47.2499334812164306640625" lon="7.0286940224468708038330078125">
        <ele>1047.5999755859375</ele>
        <time>2021-12-05T15:23:44.000Z</time>
        <extensions>
          <ns3:TrackPointExtension>
            <ns3:atemp>20.0</ns3:atemp>
            <ns3:hr>103</ns3:hr>
            <ns3:cad>50</ns3:cad>
          </ns3:TrackPointExtension>
        </extensions>
      </trkpt>
      <trkpt lat="47.24992317147552967071533203125" lon="7.02868371270596981048583984375">
        <ele>1047.199951171875</ele>
        <time>2021-12-05T15:23:46.000Z</time>
        <extensions>
          <ns3:TrackPointExtension>
            <ns3:atemp>20.0</ns3:atemp>
            <ns3:hr>103</ns3:hr>
            <ns3:cad>48</ns3:cad>
          </ns3:TrackPointExtension>
        </extensions>
      </trkpt>
      <trkpt lat="47.24990674294531345367431640625" lon="7.02869310043752193450927734375">
        <ele>1047</ele>
        <time>2021-12-05T15:23:47.000Z</time>
        <extensions>
          <ns3:TrackPointExtension>
            <ns3:atemp>20.0</ns3:atemp>
            <ns3:hr>103</ns3:hr>
            <ns3:cad>48</ns3:cad>
          </ns3:TrackPointExtension>
        </extensions>
      </trkpt>
      <trkpt lat="47.24989391863346099853515625" lon="7.02870416454970836639404296875">
        <ele>1047.199951171875</ele>
        <time>2021-12-05T15:23:49.000Z</time>
        <extensions>
          <ns3:TrackPointExtension>
            <ns3:atemp>20.0</ns3:atemp>
            <ns3:hr>101</ns3:hr>
            <ns3:cad>50</ns3:cad>
          </ns3:TrackPointExtension>
        </extensions>
      </trkpt>
      <trkpt lat="47.24988763220608234405517578125" lon="7.0287112891674041748046875">
        <ele>1046.800048828125</ele>
        <time>2021-12-05T15:23:51.000Z</time>
        <extensions>
          <ns3:TrackPointExtension>
            <ns3:atemp>20.0</ns3:atemp>
            <ns3:hr>102</ns3:hr>
            <ns3:cad>50</ns3:cad>
          </ns3:TrackPointExtension>
        </extensions>
      </trkpt>
      <trkpt lat="47.249870114028453826904296875" lon="7.02871019951999187469482421875">
        <ele>1046.800048828125</ele>
        <time>2021-12-05T15:23:53.000Z</time>
        <extensions>
          <ns3:TrackPointExtension>
            <ns3:atemp>20.0</ns3:atemp>
            <ns3:hr>101</ns3:hr>
            <ns3:cad>50</ns3:cad>
          </ns3:TrackPointExtension>
        </extensions>
      </trkpt>
      <trkpt lat="47.24985293112695217132568359375" lon="7.02870902605354785919189453125">
        <ele>1046.800048828125</ele>
        <time>2021-12-05T15:23:55.000Z</time>
        <extensions>
          <ns3:TrackPointExtension>
            <ns3:atemp>20.0</ns3:atemp>
            <ns3:hr>100</ns3:hr>
            <ns3:cad>50</ns3:cad>
          </ns3:TrackPointExtension>
        </extensions>
      </trkpt>
      <trkpt lat="47.24983088672161102294921875" lon="7.02869611792266368865966796875">
        <ele>1046.800048828125</ele>
        <time>2021-12-05T15:23:57.000Z</time>
        <extensions>
          <ns3:TrackPointExtension>
            <ns3:atemp>20.0</ns3:atemp>
            <ns3:hr>102</ns3:hr>
            <ns3:cad>48</ns3:cad>
          </ns3:TrackPointExtension>
        </extensions>
      </trkpt>
      <trkpt lat="47.24980213679373264312744140625" lon="7.02867080457508563995361328125">
        <ele>1047</ele>
        <time>2021-12-05T15:24:00.000Z</time>
        <extensions>
          <ns3:TrackPointExtension>
            <ns3:atemp>20.0</ns3:atemp>
            <ns3:hr>105</ns3:hr>
            <ns3:cad>48</ns3:cad>
          </ns3:TrackPointExtension>
        </extensions>
      </trkpt>
      <trkpt lat="47.24978637881577014923095703125" lon="7.02865739353001117706298828125">
        <ele>1047</ele>
        <time>2021-12-05T15:24:03.000Z</time>
        <extensions>
          <ns3:TrackPointExtension>
            <ns3:atemp>20.0</ns3:atemp>
            <ns3:hr>105</ns3:hr>
            <ns3:cad>48</ns3:cad>
          </ns3:TrackPointExtension>
        </extensions>
      </trkpt>
      <trkpt lat="47.2497760690748691558837890625" lon="7.02863954007625579833984375">
        <ele>1047</ele>
        <time>2021-12-05T15:24:04.000Z</time>
        <extensions>
          <ns3:TrackPointExtension>
            <ns3:atemp>20.0</ns3:atemp>
            <ns3:hr>106</ns3:hr>
            <ns3:cad>49</ns3:cad>
          </ns3:TrackPointExtension>
        </extensions>
      </trkpt>
      <trkpt lat="47.24975486285984516143798828125" lon="7.02863216400146484375">
        <ele>1046.4000244140625</ele>
        <time>2021-12-05T15:24:06.000Z</time>
        <extensions>
          <ns3:TrackPointExtension>
            <ns3:atemp>20.0</ns3:atemp>
            <ns3:hr>105</ns3:hr>
            <ns3:cad>48</ns3:cad>
          </ns3:TrackPointExtension>
        </extensions>
      </trkpt>
      <trkpt lat="47.24975067190825939178466796875" lon="7.0286232791841030120849609375">
        <ele>1046</ele>
        <time>2021-12-05T15:24:08.000Z</time>
        <extensions>
          <ns3:TrackPointExtension>
            <ns3:atemp>20.0</ns3:atemp>
            <ns3:hr>105</ns3:hr>
            <ns3:cad>47</ns3:cad>
          </ns3:TrackPointExtension>
        </extensions>
      </trkpt>
      <trkpt lat="47.24973944015800952911376953125" lon="7.028619758784770965576171875">
        <ele>1046</ele>
        <time>2021-12-05T15:24:09.000Z</time>
        <extensions>
          <ns3:TrackPointExtension>
            <ns3:atemp>20.0</ns3:atemp>
            <ns3:hr>105</ns3:hr>
            <ns3:cad>50</ns3:cad>
          </ns3:TrackPointExtension>
        </extensions>
      </trkpt>
      <trkpt lat="47.24973156116902828216552734375" lon="7.02860525809228420257568359375">
        <ele>1045.800048828125</ele>
        <time>2021-12-05T15:24:10.000Z</time>
        <extensions>
          <ns3:TrackPointExtension>
            <ns3:atemp>20.0</ns3:atemp>
            <ns3:hr>105</ns3:hr>
            <ns3:cad>52</ns3:cad>
          </ns3:TrackPointExtension>
        </extensions>
      </trkpt>
      <trkpt lat="47.249705493450164794921875" lon="7.02856301330029964447021484375">
        <ele>1045.5999755859375</ele>
        <time>2021-12-05T15:24:14.000Z</time>
        <extensions>
          <ns3:TrackPointExtension>
            <ns3:atemp>20.0</ns3:atemp>
            <ns3:hr>103</ns3:hr>
            <ns3:cad>50</ns3:cad>
          </ns3:TrackPointExtension>
        </extensions>
      </trkpt>
      <trkpt lat="47.24968546070158481597900390625" lon="7.028555385768413543701171875">
        <ele>1045.800048828125</ele>
        <time>2021-12-05T15:24:16.000Z</time>
        <extensions>
          <ns3:TrackPointExtension>
            <ns3:atemp>20.0</ns3:atemp>
            <ns3:hr>104</ns3:hr>
            <ns3:cad>48</ns3:cad>
          </ns3:TrackPointExtension>
        </extensions>
      </trkpt>
      <trkpt lat="47.24967255257070064544677734375" lon="7.02854105271399021148681640625">
        <ele>1047.4000244140625</ele>
        <time>2021-12-05T15:24:18.000Z</time>
        <extensions>
          <ns3:TrackPointExtension>
            <ns3:atemp>20.0</ns3:atemp>
            <ns3:hr>103</ns3:hr>
            <ns3:cad>47</ns3:cad>
          </ns3:TrackPointExtension>
        </extensions>
      </trkpt>
      <trkpt lat="47.24966031499207019805908203125" lon="7.028536610305309295654296875">
        <ele>1048.4000244140625</ele>
        <time>2021-12-05T15:24:20.000Z</time>
        <extensions>
          <ns3:TrackPointExtension>
            <ns3:atemp>20.0</ns3:atemp>
            <ns3:hr>102</ns3:hr>
            <ns3:cad>47</ns3:cad>
          </ns3:TrackPointExtension>
        </extensions>
      </trkpt>
      <trkpt lat="47.2496543638408184051513671875" lon="7.0285280607640743255615234375">
        <ele>1047.4000244140625</ele>
        <time>2021-12-05T15:24:21.000Z</time>
        <extensions>
          <ns3:TrackPointExtension>
            <ns3:atemp>20.0</ns3:atemp>
            <ns3:hr>102</ns3:hr>
            <ns3:cad>44</ns3:cad>
          </ns3:TrackPointExtension>
        </extensions>
      </trkpt>
      <trkpt lat="47.2496412880718708038330078125" lon="7.02852294780313968658447265625">
        <ele>1046.800048828125</ele>
        <time>2021-12-05T15:24:22.000Z</time>
        <extensions>
          <ns3:TrackPointExtension>
            <ns3:atemp>20.0</ns3:atemp>
            <ns3:hr>105</ns3:hr>
            <ns3:cad>44</ns3:cad>
          </ns3:TrackPointExtension>
        </extensions>
      </trkpt>
      <trkpt lat="47.24962033331394195556640625" lon="7.02852311544120311737060546875">
        <ele>1046.4000244140625</ele>
        <time>2021-12-05T15:24:24.000Z</time>
        <extensions>
          <ns3:TrackPointExtension>
            <ns3:atemp>20.0</ns3:atemp>
            <ns3:hr>105</ns3:hr>
            <ns3:cad>46</ns3:cad>
          </ns3:TrackPointExtension>
        </extensions>
      </trkpt>
      <trkpt lat="47.24961505271494388580322265625" lon="7.02852160669863224029541015625">
        <ele>1046.199951171875</ele>
        <time>2021-12-05T15:24:25.000Z</time>
        <extensions>
          <ns3:TrackPointExtension>
            <ns3:atemp>20.0</ns3:atemp>
            <ns3:hr>103</ns3:hr>
            <ns3:cad>46</ns3:cad>
          </ns3:TrackPointExtension>
        </extensions>
      </trkpt>
      <trkpt lat="47.24959644488990306854248046875" lon="7.0285243727266788482666015625">
        <ele>1046.199951171875</ele>
        <time>2021-12-05T15:24:27.000Z</time>
        <extensions>
          <ns3:TrackPointExtension>
            <ns3:atemp>20.0</ns3:atemp>
            <ns3:hr>105</ns3:hr>
            <ns3:cad>48</ns3:cad>
          </ns3:TrackPointExtension>
        </extensions>
      </trkpt>
      <trkpt lat="47.2495738975703716278076171875" lon="7.0285223610699176788330078125">
        <ele>1046</ele>
        <time>2021-12-05T15:24:29.000Z</time>
        <extensions>
          <ns3:TrackPointExtension>
            <ns3:atemp>20.0</ns3:atemp>
            <ns3:hr>102</ns3:hr>
            <ns3:cad>48</ns3:cad>
          </ns3:TrackPointExtension>
        </extensions>
      </trkpt>
      <trkpt lat="47.24956844933331012725830078125" lon="7.02851909212768077850341796875">
        <ele>1046</ele>
        <time>2021-12-05T15:24:30.000Z</time>
        <extensions>
          <ns3:TrackPointExtension>
            <ns3:atemp>20.0</ns3:atemp>
            <ns3:hr>104</ns3:hr>
            <ns3:cad>48</ns3:cad>
          </ns3:TrackPointExtension>
        </extensions>
      </trkpt>
      <trkpt lat="47.2495598159730434417724609375" lon="7.02852294780313968658447265625">
        <ele>1046</ele>
        <time>2021-12-05T15:24:31.000Z</time>
        <extensions>
          <ns3:TrackPointExtension>
            <ns3:atemp>20.0</ns3:atemp>
            <ns3:hr>99</ns3:hr>
            <ns3:cad>48</ns3:cad>
          </ns3:TrackPointExtension>
        </extensions>
      </trkpt>
      <trkpt lat="47.24955185316503047943115234375" lon="7.0285283960402011871337890625">
        <ele>1046.199951171875</ele>
        <time>2021-12-05T15:24:32.000Z</time>
        <extensions>
          <ns3:TrackPointExtension>
            <ns3:atemp>20.0</ns3:atemp>
            <ns3:hr>99</ns3:hr>
            <ns3:cad>48</ns3:cad>
          </ns3:TrackPointExtension>
        </extensions>
      </trkpt>
      <trkpt lat="47.24955051206052303314208984375" lon="7.0285337604582309722900390625">
        <ele>1046.4000244140625</ele>
        <time>2021-12-05T15:24:33.000Z</time>
        <extensions>
          <ns3:TrackPointExtension>
            <ns3:atemp>20.0</ns3:atemp>
            <ns3:hr>99</ns3:hr>
            <ns3:cad>48</ns3:cad>
          </ns3:TrackPointExtension>
        </extensions>
      </trkpt>
      <trkpt lat="47.24951329641044139862060546875" lon="7.02854222618043422698974609375">
        <ele>1046.5999755859375</ele>
        <time>2021-12-05T15:24:39.000Z</time>
        <extensions>
          <ns3:TrackPointExtension>
            <ns3:atemp>20.0</ns3:atemp>
            <ns3:hr>100</ns3:hr>
            <ns3:cad>0</ns3:cad>
          </ns3:TrackPointExtension>
        </extensions>
      </trkpt>
      <trkpt lat="47.24942679516971111297607421875" lon="7.02857575379312038421630859375">
        <ele>1045.5999755859375</ele>
        <time>2021-12-05T15:24:47.000Z</time>
        <extensions>
          <ns3:TrackPointExtension>
            <ns3:atemp>20.0</ns3:atemp>
            <ns3:hr>100</ns3:hr>
            <ns3:cad>52</ns3:cad>
          </ns3:TrackPointExtension>
        </extensions>
      </trkpt>
      <trkpt lat="47.24941891618072986602783203125" lon="7.02858212403953075408935546875">
        <ele>1045.800048828125</ele>
        <time>2021-12-05T15:24:48.000Z</time>
        <extensions>
          <ns3:TrackPointExtension>
            <ns3:atemp>20.0</ns3:atemp>
            <ns3:hr>98</ns3:hr>
            <ns3:cad>52</ns3:cad>
          </ns3:TrackPointExtension>
        </extensions>
      </trkpt>
      <trkpt lat="47.24939594976603984832763671875" lon="7.02859620563685894012451171875">
        <ele>1046.4000244140625</ele>
        <time>2021-12-05T15:24:51.000Z</time>
        <extensions>
          <ns3:TrackPointExtension>
            <ns3:atemp>20.0</ns3:atemp>
            <ns3:hr>99</ns3:hr>
            <ns3:cad>0</ns3:cad>
          </ns3:TrackPointExtension>
        </extensions>
      </trkpt>
      <trkpt lat="47.24938564002513885498046875" lon="7.02860525809228420257568359375">
        <ele>1046.4000244140625</ele>
        <time>2021-12-05T15:24:53.000Z</time>
        <extensions>
          <ns3:TrackPointExtension>
            <ns3:atemp>20.0</ns3:atemp>
            <ns3:hr>99</ns3:hr>
            <ns3:cad>0</ns3:cad>
          </ns3:TrackPointExtension>
        </extensions>
      </trkpt>
      <trkpt lat="47.24938035942614078521728515625" lon="7.0286075212061405181884765625">
        <ele>1046.4000244140625</ele>
        <time>2021-12-05T15:24:54.000Z</time>
        <extensions>
          <ns3:TrackPointExtension>
            <ns3:atemp>20.0</ns3:atemp>
            <ns3:hr>98</ns3:hr>
            <ns3:cad>0</ns3:cad>
          </ns3:TrackPointExtension>
        </extensions>
      </trkpt>
      <trkpt lat="47.24935554899275302886962890625" lon="7.0286199264228343963623046875">
        <ele>1046.199951171875</ele>
        <time>2021-12-05T15:24:57.000Z</time>
        <extensions>
          <ns3:TrackPointExtension>
            <ns3:atemp>20.0</ns3:atemp>
            <ns3:hr>97</ns3:hr>
            <ns3:cad>46</ns3:cad>
          </ns3:TrackPointExtension>
        </extensions>
      </trkpt>
      <trkpt lat="47.2493331693112850189208984375" lon="7.02862923033535480499267578125">
        <ele>1045.800048828125</ele>
        <time>2021-12-05T15:25:00.000Z</time>
        <extensions>
          <ns3:TrackPointExtension>
            <ns3:atemp>20.0</ns3:atemp>
            <ns3:hr>98</ns3:hr>
            <ns3:cad>46</ns3:cad>
          </ns3:TrackPointExtension>
        </extensions>
      </trkpt>
      <trkpt lat="47.24932436831295490264892578125" lon="7.02863124199211597442626953125">
        <ele>1046.199951171875</ele>
        <time>2021-12-05T15:25:02.000Z</time>
        <extensions>
          <ns3:TrackPointExtension>
            <ns3:atemp>20.0</ns3:atemp>
            <ns3:hr>96</ns3:hr>
            <ns3:cad>47</ns3:cad>
          </ns3:TrackPointExtension>
        </extensions>
      </trkpt>
      <trkpt lat="47.24931858479976654052734375" lon="7.02862805686891078948974609375">
        <ele>1046.199951171875</ele>
        <time>2021-12-05T15:25:03.000Z</time>
        <extensions>
          <ns3:TrackPointExtension>
            <ns3:atemp>20.0</ns3:atemp>
            <ns3:hr>96</ns3:hr>
            <ns3:cad>47</ns3:cad>
          </ns3:TrackPointExtension>
        </extensions>
      </trkpt>
      <trkpt lat="47.24930592812597751617431640625" lon="7.02863861806690692901611328125">
        <ele>1045.5999755859375</ele>
        <time>2021-12-05T15:25:07.000Z</time>
        <extensions>
          <ns3:TrackPointExtension>
            <ns3:atemp>20.0</ns3:atemp>
            <ns3:hr>99</ns3:hr>
            <ns3:cad>48</ns3:cad>
          </ns3:TrackPointExtension>
        </extensions>
      </trkpt>
      <trkpt lat="47.249294109642505645751953125" lon="7.02864146791398525238037109375">
        <ele>1045.199951171875</ele>
        <time>2021-12-05T15:25:09.000Z</time>
        <extensions>
          <ns3:TrackPointExtension>
            <ns3:atemp>20.0</ns3:atemp>
            <ns3:hr>99</ns3:hr>
            <ns3:cad>48</ns3:cad>
          </ns3:TrackPointExtension>
        </extensions>
      </trkpt>
      <trkpt lat="47.2492788545787334442138671875" lon="7.028661668300628662109375">
        <ele>1044.800048828125</ele>
        <time>2021-12-05T15:25:11.000Z</time>
        <extensions>
          <ns3:TrackPointExtension>
            <ns3:atemp>20.0</ns3:atemp>
            <ns3:hr>97</ns3:hr>
            <ns3:cad>48</ns3:cad>
          </ns3:TrackPointExtension>
        </extensions>
      </trkpt>
      <trkpt lat="47.24921775050461292266845703125" lon="7.0286953635513782501220703125">
        <ele>1044.800048828125</ele>
        <time>2021-12-05T15:25:18.000Z</time>
        <extensions>
          <ns3:TrackPointExtension>
            <ns3:atemp>20.0</ns3:atemp>
            <ns3:hr>100</ns3:hr>
            <ns3:cad>44</ns3:cad>
          </ns3:TrackPointExtension>
        </extensions>
      </trkpt>
      <trkpt lat="47.2492074407637119293212890625" lon="7.02869930304586887359619140625">
        <ele>1045</ele>
        <time>2021-12-05T15:25:19.000Z</time>
        <extensions>
          <ns3:TrackPointExtension>
            <ns3:atemp>20.0</ns3:atemp>
            <ns3:hr>99</ns3:hr>
            <ns3:cad>44</ns3:cad>
          </ns3:TrackPointExtension>
        </extensions>
      </trkpt>
      <trkpt lat="47.24919654428958892822265625" lon="7.02872335910797119140625">
        <ele>1045.800048828125</ele>
        <time>2021-12-05T15:25:22.000Z</time>
        <extensions>
          <ns3:TrackPointExtension>
            <ns3:atemp>20.0</ns3:atemp>
            <ns3:hr>101</ns3:hr>
            <ns3:cad>50</ns3:cad>
          </ns3:TrackPointExtension>
        </extensions>
      </trkpt>
      <trkpt lat="47.24918673746287822723388671875" lon="7.02873551286756992340087890625">
        <ele>1046</ele>
        <time>2021-12-05T15:25:24.000Z</time>
        <extensions>
          <ns3:TrackPointExtension>
            <ns3:atemp>20.0</ns3:atemp>
            <ns3:hr>98</ns3:hr>
            <ns3:cad>50</ns3:cad>
          </ns3:TrackPointExtension>
        </extensions>
      </trkpt>
      <trkpt lat="47.2491655312478542327880859375" lon="7.0287647657096385955810546875">
        <ele>1046</ele>
        <time>2021-12-05T15:25:26.000Z</time>
        <extensions>
          <ns3:TrackPointExtension>
            <ns3:atemp>20.0</ns3:atemp>
            <ns3:hr>97</ns3:hr>
            <ns3:cad>0</ns3:cad>
          </ns3:TrackPointExtension>
        </extensions>
      </trkpt>
      <trkpt lat="47.2491588257253170013427734375" lon="7.0287791825830936431884765625">
        <ele>1045.800048828125</ele>
        <time>2021-12-05T15:25:27.000Z</time>
        <extensions>
          <ns3:TrackPointExtension>
            <ns3:atemp>20.0</ns3:atemp>
            <ns3:hr>100</ns3:hr>
            <ns3:cad>0</ns3:cad>
          </ns3:TrackPointExtension>
        </extensions>
      </trkpt>
      <trkpt lat="47.24917734973132610321044921875" lon="7.0288217626512050628662109375">
        <ele>1045.5999755859375</ele>
        <time>2021-12-05T15:25:34.000Z</time>
        <extensions>
          <ns3:TrackPointExtension>
            <ns3:atemp>20.0</ns3:atemp>
            <ns3:hr>101</ns3:hr>
            <ns3:cad>0</ns3:cad>
          </ns3:TrackPointExtension>
        </extensions>
      </trkpt>
      <trkpt lat="47.24917030893266201019287109375" lon="7.02884162776172161102294921875">
        <ele>1046.4000244140625</ele>
        <time>2021-12-05T15:25:37.000Z</time>
        <extensions>
          <ns3:TrackPointExtension>
            <ns3:atemp>20.0</ns3:atemp>
            <ns3:hr>101</ns3:hr>
            <ns3:cad>75</ns3:cad>
          </ns3:TrackPointExtension>
        </extensions>
      </trkpt>
      <trkpt lat="47.24914851598441600799560546875" lon="7.0288827829062938690185546875">
        <ele>1047.4000244140625</ele>
        <time>2021-12-05T15:25:39.000Z</time>
        <extensions>
          <ns3:TrackPointExtension>
            <ns3:atemp>20.0</ns3:atemp>
            <ns3:hr>100</ns3:hr>
            <ns3:cad>41</ns3:cad>
          </ns3:TrackPointExtension>
        </extensions>
      </trkpt>
      <trkpt lat="47.2491397149860858917236328125" lon="7.02891773544251918792724609375">
        <ele>1047.800048828125</ele>
        <time>2021-12-05T15:25:41.000Z</time>
        <extensions>
          <ns3:TrackPointExtension>
            <ns3:atemp>20.0</ns3:atemp>
            <ns3:hr>103</ns3:hr>
            <ns3:cad>41</ns3:cad>
          </ns3:TrackPointExtension>
        </extensions>
      </trkpt>
      <trkpt lat="47.2491356916725635528564453125" lon="7.028928883373737335205078125">
        <ele>1047.5999755859375</ele>
        <time>2021-12-05T15:25:42.000Z</time>
        <extensions>
          <ns3:TrackPointExtension>
            <ns3:atemp>20.0</ns3:atemp>
            <ns3:hr>102</ns3:hr>
            <ns3:cad>43</ns3:cad>
          </ns3:TrackPointExtension>
        </extensions>
      </trkpt>
      <trkpt lat="47.24911213852465152740478515625" lon="7.02898512594401836395263671875">
        <ele>1047</ele>
        <time>2021-12-05T15:25:46.000Z</time>
        <extensions>
          <ns3:TrackPointExtension>
            <ns3:atemp>20.0</ns3:atemp>
            <ns3:hr>102</ns3:hr>
            <ns3:cad>43</ns3:cad>
          </ns3:TrackPointExtension>
        </extensions>
      </trkpt>
      <trkpt lat="47.24910392425954341888427734375" lon="7.02901882119476795196533203125">
        <ele>1046.5999755859375</ele>
        <time>2021-12-05T15:25:48.000Z</time>
        <extensions>
          <ns3:TrackPointExtension>
            <ns3:atemp>20.0</ns3:atemp>
            <ns3:hr>105</ns3:hr>
            <ns3:cad>44</ns3:cad>
          </ns3:TrackPointExtension>
        </extensions>
      </trkpt>
      <trkpt lat="47.24910526536405086517333984375" lon="7.0290319807827472686767578125">
        <ele>1046.5999755859375</ele>
        <time>2021-12-05T15:25:49.000Z</time>
        <extensions>
          <ns3:TrackPointExtension>
            <ns3:atemp>20.0</ns3:atemp>
            <ns3:hr>104</ns3:hr>
            <ns3:cad>44</ns3:cad>
          </ns3:TrackPointExtension>
        </extensions>
      </trkpt>
      <trkpt lat="47.249108366668224334716796875" lon="7.0290547795593738555908203125">
        <ele>1046.5999755859375</ele>
        <time>2021-12-05T15:25:50.000Z</time>
        <extensions>
          <ns3:TrackPointExtension>
            <ns3:atemp>20.0</ns3:atemp>
            <ns3:hr>105</ns3:hr>
            <ns3:cad>44</ns3:cad>
          </ns3:TrackPointExtension>
        </extensions>
      </trkpt>
      <trkpt lat="47.249103002250194549560546875" lon="7.02906911261379718780517578125">
        <ele>1047</ele>
        <time>2021-12-05T15:25:52.000Z</time>
        <extensions>
          <ns3:TrackPointExtension>
            <ns3:atemp>20.0</ns3:atemp>
            <ns3:hr>102</ns3:hr>
            <ns3:cad>45</ns3:cad>
          </ns3:TrackPointExtension>
        </extensions>
      </trkpt>
      <trkpt lat="47.249109037220478057861328125" lon="7.0290809310972690582275390625">
        <ele>1046.800048828125</ele>
        <time>2021-12-05T15:25:55.000Z</time>
        <extensions>
          <ns3:TrackPointExtension>
            <ns3:atemp>20.0</ns3:atemp>
            <ns3:hr>100</ns3:hr>
            <ns3:cad>43</ns3:cad>
          </ns3:TrackPointExtension>
        </extensions>
      </trkpt>
      <trkpt lat="47.24910945631563663482666015625" lon="7.0291590504348278045654296875">
        <ele>1047.199951171875</ele>
        <time>2021-12-05T15:26:04.000Z</time>
        <extensions>
          <ns3:TrackPointExtension>
            <ns3:atemp>20.0</ns3:atemp>
            <ns3:hr>101</ns3:hr>
            <ns3:cad>40</ns3:cad>
          </ns3:TrackPointExtension>
        </extensions>
      </trkpt>
      <trkpt lat="47.24912169389426708221435546875" lon="7.02926139347255229949951171875">
        <ele>1048.4000244140625</ele>
        <time>2021-12-05T15:26:11.000Z</time>
        <extensions>
          <ns3:TrackPointExtension>
            <ns3:atemp>20.0</ns3:atemp>
            <ns3:hr>97</ns3:hr>
            <ns3:cad>40</ns3:cad>
          </ns3:TrackPointExtension>
        </extensions>
      </trkpt>
      <trkpt lat="47.24911649711430072784423828125" lon="7.0292780734598636627197265625">
        <ele>1048.5999755859375</ele>
        <time>2021-12-05T15:26:12.000Z</time>
        <extensions>
          <ns3:TrackPointExtension>
            <ns3:atemp>20.0</ns3:atemp>
            <ns3:hr>99</ns3:hr>
            <ns3:cad>40</ns3:cad>
          </ns3:TrackPointExtension>
        </extensions>
      </trkpt>
      <trkpt lat="47.24909336306154727935791015625" lon="7.0293263532221317291259765625">
        <ele>1048.199951171875</ele>
        <time>2021-12-05T15:26:16.000Z</time>
        <extensions>
          <ns3:TrackPointExtension>
            <ns3:atemp>20.0</ns3:atemp>
            <ns3:hr>102</ns3:hr>
            <ns3:cad>40</ns3:cad>
          </ns3:TrackPointExtension>
        </extensions>
      </trkpt>
      <trkpt lat="47.2490899264812469482421875" lon="7.02933833934366703033447265625">
        <ele>1047.5999755859375</ele>
        <time>2021-12-05T15:26:17.000Z</time>
        <extensions>
          <ns3:TrackPointExtension>
            <ns3:atemp>20.0</ns3:atemp>
            <ns3:hr>101</ns3:hr>
            <ns3:cad>40</ns3:cad>
          </ns3:TrackPointExtension>
        </extensions>
      </trkpt>
      <trkpt lat="47.24907861091196537017822265625" lon="7.0293509960174560546875">
        <ele>1047.199951171875</ele>
        <time>2021-12-05T15:26:18.000Z</time>
        <extensions>
          <ns3:TrackPointExtension>
            <ns3:atemp>20.0</ns3:atemp>
            <ns3:hr>99</ns3:hr>
            <ns3:cad>40</ns3:cad>
          </ns3:TrackPointExtension>
        </extensions>
      </trkpt>
      <trkpt lat="47.24907978437840938568115234375" lon="7.02937538735568523406982421875">
        <ele>1047</ele>
        <time>2021-12-05T15:26:21.000Z</time>
        <extensions>
          <ns3:TrackPointExtension>
            <ns3:atemp>20.0</ns3:atemp>
            <ns3:hr>96</ns3:hr>
            <ns3:cad>0</ns3:cad>
          </ns3:TrackPointExtension>
        </extensions>
      </trkpt>
      <trkpt lat="47.24908229894936084747314453125" lon="7.02937521971762180328369140625">
        <ele>1047.199951171875</ele>
        <time>2021-12-05T15:26:22.000Z</time>
        <extensions>
          <ns3:TrackPointExtension>
            <ns3:atemp>20.0</ns3:atemp>
            <ns3:hr>97</ns3:hr>
            <ns3:cad>0</ns3:cad>
          </ns3:TrackPointExtension>
        </extensions>
      </trkpt>
      <trkpt lat="47.2490662895143032073974609375" lon="7.02935493551194667816162109375">
        <ele>1047</ele>
        <time>2021-12-05T15:26:27.000Z</time>
        <extensions>
          <ns3:TrackPointExtension>
            <ns3:atemp>20.0</ns3:atemp>
            <ns3:hr>94</ns3:hr>
            <ns3:cad>0</ns3:cad>
          </ns3:TrackPointExtension>
        </extensions>
      </trkpt>
      <trkpt lat="47.24906084127724170684814453125" lon="7.02934957109391689300537109375">
        <ele>1045.199951171875</ele>
        <time>2021-12-05T15:26:28.000Z</time>
        <extensions>
          <ns3:TrackPointExtension>
            <ns3:atemp>20.0</ns3:atemp>
            <ns3:hr>92</ns3:hr>
            <ns3:cad>0</ns3:cad>
          </ns3:TrackPointExtension>
        </extensions>
      </trkpt>
      <trkpt lat="47.24905648268759250640869140625" lon="7.02934990637004375457763671875">
        <ele>1045.199951171875</ele>
        <time>2021-12-05T15:26:29.000Z</time>
        <extensions>
          <ns3:TrackPointExtension>
            <ns3:atemp>20.0</ns3:atemp>
            <ns3:hr>94</ns3:hr>
            <ns3:cad>0</ns3:cad>
          </ns3:TrackPointExtension>
        </extensions>
      </trkpt>
      <trkpt lat="47.24905908107757568359375" lon="7.02937404625117778778076171875">
        <ele>1045.199951171875</ele>
        <time>2021-12-05T15:26:33.000Z</time>
        <extensions>
          <ns3:TrackPointExtension>
            <ns3:atemp>20.0</ns3:atemp>
            <ns3:hr>97</ns3:hr>
            <ns3:cad>0</ns3:cad>
          </ns3:TrackPointExtension>
        </extensions>
      </trkpt>
      <trkpt lat="47.2490652836859226226806640625" lon="7.02938997186720371246337890625">
        <ele>1045.199951171875</ele>
        <time>2021-12-05T15:26:35.000Z</time>
        <extensions>
          <ns3:TrackPointExtension>
            <ns3:atemp>20.0</ns3:atemp>
            <ns3:hr>94</ns3:hr>
            <ns3:cad>0</ns3:cad>
          </ns3:TrackPointExtension>
        </extensions>
      </trkpt>
      <trkpt lat="47.2490609250962734222412109375" lon="7.0294249244034290313720703125">
        <ele>1045.199951171875</ele>
        <time>2021-12-05T15:26:41.000Z</time>
        <extensions>
          <ns3:TrackPointExtension>
            <ns3:atemp>20.0</ns3:atemp>
            <ns3:hr>96</ns3:hr>
            <ns3:cad>0</ns3:cad>
          </ns3:TrackPointExtension>
        </extensions>
      </trkpt>
      <trkpt lat="47.2490389645099639892578125" lon="7.02945199795067310333251953125">
        <ele>1045.199951171875</ele>
        <time>2021-12-05T15:26:46.000Z</time>
        <extensions>
          <ns3:TrackPointExtension>
            <ns3:atemp>20.0</ns3:atemp>
            <ns3:hr>94</ns3:hr>
            <ns3:cad>0</ns3:cad>
          </ns3:TrackPointExtension>
        </extensions>
      </trkpt>
      <trkpt lat="47.2490049339830875396728515625" lon="7.0294802449643611907958984375">
        <ele>1045.199951171875</ele>
        <time>2021-12-05T15:26:53.000Z</time>
        <extensions>
          <ns3:TrackPointExtension>
            <ns3:atemp>20.0</ns3:atemp>
            <ns3:hr>93</ns3:hr>
            <ns3:cad>69</ns3:cad>
          </ns3:TrackPointExtension>
        </extensions>
      </trkpt>
      <trkpt lat="47.24901951849460601806640625" lon="7.0294624753296375274658203125">
        <ele>1045.199951171875</ele>
        <time>2021-12-05T15:27:00.000Z</time>
        <extensions>
          <ns3:TrackPointExtension>
            <ns3:atemp>21.0</ns3:atemp>
            <ns3:hr>93</ns3:hr>
            <ns3:cad>0</ns3:cad>
          </ns3:TrackPointExtension>
        </extensions>
      </trkpt>
      <trkpt lat="47.24904541857540607452392578125" lon="7.0294048078358173370361328125">
        <ele>1045.199951171875</ele>
        <time>2021-12-05T15:27:05.000Z</time>
        <extensions>
          <ns3:TrackPointExtension>
            <ns3:atemp>21.0</ns3:atemp>
            <ns3:hr>93</ns3:hr>
            <ns3:cad>0</ns3:cad>
          </ns3:TrackPointExtension>
        </extensions>
      </trkpt>
      <trkpt lat="47.2490823827683925628662109375" lon="7.02935342676937580108642578125">
        <ele>1045.199951171875</ele>
        <time>2021-12-05T15:27:12.000Z</time>
        <extensions>
          <ns3:TrackPointExtension>
            <ns3:atemp>21.0</ns3:atemp>
            <ns3:hr>95</ns3:hr>
            <ns3:cad>0</ns3:cad>
          </ns3:TrackPointExtension>
        </extensions>
      </trkpt>
      <trkpt lat="47.24910132586956024169921875" lon="7.0293343998491764068603515625">
        <ele>1045.199951171875</ele>
        <time>2021-12-05T15:27:16.000Z</time>
        <extensions>
          <ns3:TrackPointExtension>
            <ns3:atemp>21.0</ns3:atemp>
            <ns3:hr>92</ns3:hr>
            <ns3:cad>0</ns3:cad>
          </ns3:TrackPointExtension>
        </extensions>
      </trkpt>
      <trkpt lat="47.24910266697406768798828125" lon="7.029332555830478668212890625">
        <ele>1045.199951171875</ele>
        <time>2021-12-05T15:27:17.000Z</time>
        <extensions>
          <ns3:TrackPointExtension>
            <ns3:atemp>21.0</ns3:atemp>
            <ns3:hr>93</ns3:hr>
            <ns3:cad>0</ns3:cad>
          </ns3:TrackPointExtension>
        </extensions>
      </trkpt>
      <trkpt lat="47.2491048462688922882080078125" lon="7.0293162949383258819580078125">
        <ele>1045.199951171875</ele>
        <time>2021-12-05T15:27:19.000Z</time>
        <extensions>
          <ns3:TrackPointExtension>
            <ns3:atemp>21.0</ns3:atemp>
            <ns3:hr>92</ns3:hr>
            <ns3:cad>0</ns3:cad>
          </ns3:TrackPointExtension>
        </extensions>
      </trkpt>
      <trkpt lat="47.24909537471830844879150390625" lon="7.02931813895702362060546875">
        <ele>1045</ele>
        <time>2021-12-05T15:27:22.000Z</time>
        <extensions>
          <ns3:TrackPointExtension>
            <ns3:atemp>21.0</ns3:atemp>
            <ns3:hr>95</ns3:hr>
            <ns3:cad>57</ns3:cad>
          </ns3:TrackPointExtension>
        </extensions>
      </trkpt>
      <trkpt lat="47.2490837238729000091552734375" lon="7.0293354056775569915771484375">
        <ele>1045</ele>
        <time>2021-12-05T15:27:26.000Z</time>
        <extensions>
          <ns3:TrackPointExtension>
            <ns3:atemp>21.0</ns3:atemp>
            <ns3:hr>95</ns3:hr>
            <ns3:cad>0</ns3:cad>
          </ns3:TrackPointExtension>
        </extensions>
      </trkpt>
      <trkpt lat="47.24911314435303211212158203125" lon="7.02930095605552196502685546875">
        <ele>1044.5999755859375</ele>
        <time>2021-12-05T15:27:32.000Z</time>
        <extensions>
          <ns3:TrackPointExtension>
            <ns3:atemp>21.0</ns3:atemp>
            <ns3:hr>95</ns3:hr>
            <ns3:cad>0</ns3:cad>
          </ns3:TrackPointExtension>
        </extensions>
      </trkpt>
      <trkpt lat="47.249131500720977783203125" lon="7.02925234101712703704833984375">
        <ele>1044.800048828125</ele>
        <time>2021-12-05T15:27:38.000Z</time>
        <extensions>
          <ns3:TrackPointExtension>
            <ns3:atemp>21.0</ns3:atemp>
            <ns3:hr>93</ns3:hr>
            <ns3:cad>57</ns3:cad>
          </ns3:TrackPointExtension>
        </extensions>
      </trkpt>
      <trkpt lat="47.2491194307804107666015625" lon="7.02918461523950099945068359375">
        <ele>1044</ele>
        <time>2021-12-05T15:27:45.000Z</time>
        <extensions>
          <ns3:TrackPointExtension>
            <ns3:atemp>21.0</ns3:atemp>
            <ns3:hr>93</ns3:hr>
            <ns3:cad>0</ns3:cad>
          </ns3:TrackPointExtension>
        </extensions>
      </trkpt>
      <trkpt lat="47.24911741912364959716796875" lon="7.02917204238474369049072265625">
        <ele>1043.800048828125</ele>
        <time>2021-12-05T15:27:46.000Z</time>
        <extensions>
          <ns3:TrackPointExtension>
            <ns3:atemp>21.0</ns3:atemp>
            <ns3:hr>93</ns3:hr>
            <ns3:cad>0</ns3:cad>
          </ns3:TrackPointExtension>
        </extensions>
      </trkpt>
      <trkpt lat="47.2490833885967731475830078125" lon="7.029125690460205078125">
        <ele>1044.4000244140625</ele>
        <time>2021-12-05T15:27:50.000Z</time>
        <extensions>
          <ns3:TrackPointExtension>
            <ns3:atemp>21.0</ns3:atemp>
            <ns3:hr>96</ns3:hr>
            <ns3:cad>0</ns3:cad>
          </ns3:TrackPointExtension>
        </extensions>
      </trkpt>
      <trkpt lat="47.24908380769193172454833984375" lon="7.02910213731229305267333984375">
        <ele>1044.5999755859375</ele>
        <time>2021-12-05T15:27:52.000Z</time>
        <extensions>
          <ns3:TrackPointExtension>
            <ns3:atemp>21.0</ns3:atemp>
            <ns3:hr>93</ns3:hr>
            <ns3:cad>47</ns3:cad>
          </ns3:TrackPointExtension>
        </extensions>
      </trkpt>
      <trkpt lat="47.2490820474922657012939453125" lon="7.02908889390528202056884765625">
        <ele>1044.5999755859375</ele>
        <time>2021-12-05T15:27:53.000Z</time>
        <extensions>
          <ns3:TrackPointExtension>
            <ns3:atemp>21.0</ns3:atemp>
            <ns3:hr>94</ns3:hr>
            <ns3:cad>47</ns3:cad>
          </ns3:TrackPointExtension>
        </extensions>
      </trkpt>
      <trkpt lat="47.2490672953426837921142578125" lon="7.02907137572765350341796875">
        <ele>1044.4000244140625</ele>
        <time>2021-12-05T15:27:56.000Z</time>
        <extensions>
          <ns3:TrackPointExtension>
            <ns3:atemp>21.0</ns3:atemp>
            <ns3:hr>93</ns3:hr>
            <ns3:cad>45</ns3:cad>
          </ns3:TrackPointExtension>
        </extensions>
      </trkpt>
      <trkpt lat="47.24905681796371936798095703125" lon="7.029050923883914947509765625">
        <ele>1044.4000244140625</ele>
        <time>2021-12-05T15:27:59.000Z</time>
        <extensions>
          <ns3:TrackPointExtension>
            <ns3:atemp>21.0</ns3:atemp>
            <ns3:hr>93</ns3:hr>
            <ns3:cad>50</ns3:cad>
          </ns3:TrackPointExtension>
        </extensions>
      </trkpt>
      <trkpt lat="47.2490592487156391143798828125" lon="7.02904530800879001617431640625">
        <ele>1044.4000244140625</ele>
        <time>2021-12-05T15:28:00.000Z</time>
        <extensions>
          <ns3:TrackPointExtension>
            <ns3:atemp>21.0</ns3:atemp>
            <ns3:hr>94</ns3:hr>
            <ns3:cad>50</ns3:cad>
          </ns3:TrackPointExtension>
        </extensions>
      </trkpt>
      <trkpt lat="47.2490716539323329925537109375" lon="7.02899585478007793426513671875">
        <ele>1044.4000244140625</ele>
        <time>2021-12-05T15:28:04.000Z</time>
        <extensions>
          <ns3:TrackPointExtension>
            <ns3:atemp>21.0</ns3:atemp>
            <ns3:hr>97</ns3:hr>
            <ns3:cad>51</ns3:cad>
          </ns3:TrackPointExtension>
        </extensions>
      </trkpt>
      <trkpt lat="47.2490917704999446868896484375" lon="7.02895930968225002288818359375">
        <ele>1044.5999755859375</ele>
        <time>2021-12-05T15:28:08.000Z</time>
        <extensions>
          <ns3:TrackPointExtension>
            <ns3:atemp>21.0</ns3:atemp>
            <ns3:hr>96</ns3:hr>
            <ns3:cad>0</ns3:cad>
          </ns3:TrackPointExtension>
        </extensions>
      </trkpt>
      <trkpt lat="47.2491021640598773956298828125" lon="7.02887129969894886016845703125">
        <ele>1044.199951171875</ele>
        <time>2021-12-05T15:28:15.000Z</time>
        <extensions>
          <ns3:TrackPointExtension>
            <ns3:atemp>21.0</ns3:atemp>
            <ns3:hr>100</ns3:hr>
            <ns3:cad>52</ns3:cad>
          </ns3:TrackPointExtension>
        </extensions>
      </trkpt>
      <trkpt lat="47.24912135861814022064208984375" lon="7.0288016460835933685302734375">
        <ele>1043.800048828125</ele>
        <time>2021-12-05T15:28:21.000Z</time>
        <extensions>
          <ns3:TrackPointExtension>
            <ns3:atemp>21.0</ns3:atemp>
            <ns3:hr>101</ns3:hr>
            <ns3:cad>0</ns3:cad>
          </ns3:TrackPointExtension>
        </extensions>
      </trkpt>
      <trkpt lat="47.2491286508738994598388671875" lon="7.0287902466952800750732421875">
        <ele>1043.800048828125</ele>
        <time>2021-12-05T15:28:22.000Z</time>
        <extensions>
          <ns3:TrackPointExtension>
            <ns3:atemp>21.0</ns3:atemp>
            <ns3:hr>97</ns3:hr>
            <ns3:cad>0</ns3:cad>
          </ns3:TrackPointExtension>
        </extensions>
      </trkpt>
      <trkpt lat="47.24913778714835643768310546875" lon="7.02876937575638294219970703125">
        <ele>1043.800048828125</ele>
        <time>2021-12-05T15:28:24.000Z</time>
        <extensions>
          <ns3:TrackPointExtension>
            <ns3:atemp>21.0</ns3:atemp>
            <ns3:hr>99</ns3:hr>
            <ns3:cad>50</ns3:cad>
          </ns3:TrackPointExtension>
        </extensions>
      </trkpt>
      <trkpt lat="47.24915237165987491607666015625" lon="7.02875378541648387908935546875">
        <ele>1043.800048828125</ele>
        <time>2021-12-05T15:28:26.000Z</time>
        <extensions>
          <ns3:TrackPointExtension>
            <ns3:atemp>21.0</ns3:atemp>
            <ns3:hr>99</ns3:hr>
            <ns3:cad>0</ns3:cad>
          </ns3:TrackPointExtension>
        </extensions>
      </trkpt>
      <trkpt lat="47.24915689788758754730224609375" lon="7.02874540351331233978271484375">
        <ele>1043.800048828125</ele>
        <time>2021-12-05T15:28:27.000Z</time>
        <extensions>
          <ns3:TrackPointExtension>
            <ns3:atemp>21.0</ns3:atemp>
            <ns3:hr>100</ns3:hr>
            <ns3:cad>0</ns3:cad>
          </ns3:TrackPointExtension>
        </extensions>
      </trkpt>
      <trkpt lat="47.24916812963783740997314453125" lon="7.02872545458376407623291015625">
        <ele>1043.199951171875</ele>
        <time>2021-12-05T15:28:29.000Z</time>
        <extensions>
          <ns3:TrackPointExtension>
            <ns3:atemp>21.0</ns3:atemp>
            <ns3:hr>101</ns3:hr>
            <ns3:cad>0</ns3:cad>
          </ns3:TrackPointExtension>
        </extensions>
      </trkpt>
      <trkpt lat="47.24917835555970668792724609375" lon="7.0287174917757511138916015625">
        <ele>1043</ele>
        <time>2021-12-05T15:28:30.000Z</time>
        <extensions>
          <ns3:TrackPointExtension>
            <ns3:atemp>21.0</ns3:atemp>
            <ns3:hr>95</ns3:hr>
            <ns3:cad>0</ns3:cad>
          </ns3:TrackPointExtension>
        </extensions>
      </trkpt>
      <trkpt lat="47.24918656982481479644775390625" lon="7.02870701439678668975830078125">
        <ele>1043</ele>
        <time>2021-12-05T15:28:31.000Z</time>
        <extensions>
          <ns3:TrackPointExtension>
            <ns3:atemp>21.0</ns3:atemp>
            <ns3:hr>96</ns3:hr>
            <ns3:cad>0</ns3:cad>
          </ns3:TrackPointExtension>
        </extensions>
      </trkpt>
      <trkpt lat="47.24919863976538181304931640625" lon="7.02869880013167858123779296875">
        <ele>1043</ele>
        <time>2021-12-05T15:28:32.000Z</time>
        <extensions>
          <ns3:TrackPointExtension>
            <ns3:atemp>21.0</ns3:atemp>
            <ns3:hr>97</ns3:hr>
            <ns3:cad>0</ns3:cad>
          </ns3:TrackPointExtension>
        </extensions>
      </trkpt>
      <trkpt lat="47.2492094524204730987548828125" lon="7.02869142405688762664794921875">
        <ele>1042.800048828125</ele>
        <time>2021-12-05T15:28:33.000Z</time>
        <extensions>
          <ns3:TrackPointExtension>
            <ns3:atemp>21.0</ns3:atemp>
            <ns3:hr>97</ns3:hr>
            <ns3:cad>0</ns3:cad>
          </ns3:TrackPointExtension>
        </extensions>
      </trkpt>
      <trkpt lat="47.24922713823616504669189453125" lon="7.02868958003818988800048828125">
        <ele>1042.5999755859375</ele>
        <time>2021-12-05T15:28:34.000Z</time>
        <extensions>
          <ns3:TrackPointExtension>
            <ns3:atemp>21.0</ns3:atemp>
            <ns3:hr>97</ns3:hr>
            <ns3:cad>0</ns3:cad>
          </ns3:TrackPointExtension>
        </extensions>
      </trkpt>
      <trkpt lat="47.24924440495669841766357421875" lon="7.02867818064987659454345703125">
        <ele>1042.5999755859375</ele>
        <time>2021-12-05T15:28:36.000Z</time>
        <extensions>
          <ns3:TrackPointExtension>
            <ns3:atemp>21.0</ns3:atemp>
            <ns3:hr>96</ns3:hr>
            <ns3:cad>0</ns3:cad>
          </ns3:TrackPointExtension>
        </extensions>
      </trkpt>
      <trkpt lat="47.2492594085633754730224609375" lon="7.028657309710979461669921875">
        <ele>1042.5999755859375</ele>
        <time>2021-12-05T15:28:38.000Z</time>
        <extensions>
          <ns3:TrackPointExtension>
            <ns3:atemp>21.0</ns3:atemp>
            <ns3:hr>95</ns3:hr>
            <ns3:cad>51</ns3:cad>
          </ns3:TrackPointExtension>
        </extensions>
      </trkpt>
      <trkpt lat="47.24926888011395931243896484375" lon="7.02865169383585453033447265625">
        <ele>1042.800048828125</ele>
        <time>2021-12-05T15:28:39.000Z</time>
        <extensions>
          <ns3:TrackPointExtension>
            <ns3:atemp>21.0</ns3:atemp>
            <ns3:hr>95</ns3:hr>
            <ns3:cad>51</ns3:cad>
          </ns3:TrackPointExtension>
        </extensions>
      </trkpt>
      <trkpt lat="47.24931699223816394805908203125" lon="7.02862554229795932769775390625">
        <ele>1043.199951171875</ele>
        <time>2021-12-05T15:28:44.000Z</time>
        <extensions>
          <ns3:TrackPointExtension>
            <ns3:atemp>21.0</ns3:atemp>
            <ns3:hr>98</ns3:hr>
            <ns3:cad>51</ns3:cad>
          </ns3:TrackPointExtension>
        </extensions>
      </trkpt>
      <trkpt lat="47.24932470358908176422119140625" lon="7.02861749567091464996337890625">
        <ele>1043.199951171875</ele>
        <time>2021-12-05T15:28:45.000Z</time>
        <extensions>
          <ns3:TrackPointExtension>
            <ns3:atemp>21.0</ns3:atemp>
            <ns3:hr>96</ns3:hr>
            <ns3:cad>51</ns3:cad>
          </ns3:TrackPointExtension>
        </extensions>
      </trkpt>
      <trkpt lat="47.24933342076838016510009765625" lon="7.028611712157726287841796875">
        <ele>1043</ele>
        <time>2021-12-05T15:28:46.000Z</time>
        <extensions>
          <ns3:TrackPointExtension>
            <ns3:atemp>21.0</ns3:atemp>
            <ns3:hr>98</ns3:hr>
            <ns3:cad>51</ns3:cad>
          </ns3:TrackPointExtension>
        </extensions>
      </trkpt>
      <trkpt lat="47.249343059957027435302734375" lon="7.0286071859300136566162109375">
        <ele>1042.800048828125</ele>
        <time>2021-12-05T15:28:47.000Z</time>
        <extensions>
          <ns3:TrackPointExtension>
            <ns3:atemp>21.0</ns3:atemp>
            <ns3:hr>99</ns3:hr>
            <ns3:cad>48</ns3:cad>
          </ns3:TrackPointExtension>
        </extensions>
      </trkpt>
      <trkpt lat="47.24935538135468959808349609375" lon="7.028607018291950225830078125">
        <ele>1042.800048828125</ele>
        <time>2021-12-05T15:28:48.000Z</time>
        <extensions>
          <ns3:TrackPointExtension>
            <ns3:atemp>21.0</ns3:atemp>
            <ns3:hr>96</ns3:hr>
            <ns3:cad>48</ns3:cad>
          </ns3:TrackPointExtension>
        </extensions>
      </trkpt>
      <trkpt lat="47.24936954677104949951171875" lon="7.02859352342784404754638671875">
        <ele>1042.5999755859375</ele>
        <time>2021-12-05T15:28:50.000Z</time>
        <extensions>
          <ns3:TrackPointExtension>
            <ns3:atemp>21.0</ns3:atemp>
            <ns3:hr>96</ns3:hr>
            <ns3:cad>48</ns3:cad>
          </ns3:TrackPointExtension>
        </extensions>
      </trkpt>
      <trkpt lat="47.24940039217472076416015625" lon="7.02858564443886280059814453125">
        <ele>1042.800048828125</ele>
        <time>2021-12-05T15:28:53.000Z</time>
        <extensions>
          <ns3:TrackPointExtension>
            <ns3:atemp>21.0</ns3:atemp>
            <ns3:hr>95</ns3:hr>
            <ns3:cad>52</ns3:cad>
          </ns3:TrackPointExtension>
        </extensions>
      </trkpt>
      <trkpt lat="47.2494417987763881683349609375" lon="7.028586566448211669921875">
        <ele>1042.800048828125</ele>
        <time>2021-12-05T15:28:57.000Z</time>
        <extensions>
          <ns3:TrackPointExtension>
            <ns3:atemp>21.0</ns3:atemp>
            <ns3:hr>99</ns3:hr>
            <ns3:cad>54</ns3:cad>
          </ns3:TrackPointExtension>
        </extensions>
      </trkpt>
      <trkpt lat="47.24947188980877399444580078125" lon="7.02857248485088348388671875">
        <ele>1042.800048828125</ele>
        <time>2021-12-05T15:29:00.000Z</time>
        <extensions>
          <ns3:TrackPointExtension>
            <ns3:atemp>21.0</ns3:atemp>
            <ns3:hr>97</ns3:hr>
            <ns3:cad>53</ns3:cad>
          </ns3:TrackPointExtension>
        </extensions>
      </trkpt>
      <trkpt lat="47.2494790144264698028564453125" lon="7.028566114604473114013671875">
        <ele>1042.800048828125</ele>
        <time>2021-12-05T15:29:01.000Z</time>
        <extensions>
          <ns3:TrackPointExtension>
            <ns3:atemp>21.0</ns3:atemp>
            <ns3:hr>97</ns3:hr>
            <ns3:cad>53</ns3:cad>
          </ns3:TrackPointExtension>
        </extensions>
      </trkpt>
      <trkpt lat="47.24949167110025882720947265625" lon="7.028544656932353973388671875">
        <ele>1042.5999755859375</ele>
        <time>2021-12-05T15:29:03.000Z</time>
        <extensions>
          <ns3:TrackPointExtension>
            <ns3:atemp>21.0</ns3:atemp>
            <ns3:hr>96</ns3:hr>
            <ns3:cad>53</ns3:cad>
          </ns3:TrackPointExtension>
        </extensions>
      </trkpt>
      <trkpt lat="47.249510027468204498291015625" lon="7.02853384427726268768310546875">
        <ele>1042.4000244140625</ele>
        <time>2021-12-05T15:29:05.000Z</time>
        <extensions>
          <ns3:TrackPointExtension>
            <ns3:atemp>21.0</ns3:atemp>
            <ns3:hr>97</ns3:hr>
            <ns3:cad>55</ns3:cad>
          </ns3:TrackPointExtension>
        </extensions>
      </trkpt>
      <trkpt lat="47.24951840937137603759765625" lon="7.02852646820247173309326171875">
        <ele>1042.4000244140625</ele>
        <time>2021-12-05T15:29:07.000Z</time>
        <extensions>
          <ns3:TrackPointExtension>
            <ns3:atemp>21.0</ns3:atemp>
            <ns3:hr>98</ns3:hr>
            <ns3:cad>54</ns3:cad>
          </ns3:TrackPointExtension>
        </extensions>
      </trkpt>
      <trkpt lat="47.24952922202646732330322265625" lon="7.02852395363152027130126953125">
        <ele>1042.199951171875</ele>
        <time>2021-12-05T15:29:09.000Z</time>
        <extensions>
          <ns3:TrackPointExtension>
            <ns3:atemp>21.0</ns3:atemp>
            <ns3:hr>95</ns3:hr>
            <ns3:cad>49</ns3:cad>
          </ns3:TrackPointExtension>
        </extensions>
      </trkpt>
      <trkpt lat="47.24953718483448028564453125" lon="7.0285235345363616943359375">
        <ele>1042.199951171875</ele>
        <time>2021-12-05T15:29:10.000Z</time>
        <extensions>
          <ns3:TrackPointExtension>
            <ns3:atemp>21.0</ns3:atemp>
            <ns3:hr>94</ns3:hr>
            <ns3:cad>49</ns3:cad>
          </ns3:TrackPointExtension>
        </extensions>
      </trkpt>
      <trkpt lat="47.24955554120242595672607421875" lon="7.028529234230518341064453125">
        <ele>1042.4000244140625</ele>
        <time>2021-12-05T15:29:12.000Z</time>
        <extensions>
          <ns3:TrackPointExtension>
            <ns3:atemp>21.0</ns3:atemp>
            <ns3:hr>93</ns3:hr>
            <ns3:cad>49</ns3:cad>
          </ns3:TrackPointExtension>
        </extensions>
      </trkpt>
      <trkpt lat="47.24957733415067195892333984375" lon="7.028536610305309295654296875">
        <ele>1042.4000244140625</ele>
        <time>2021-12-05T15:29:14.000Z</time>
        <extensions>
          <ns3:TrackPointExtension>
            <ns3:atemp>21.0</ns3:atemp>
            <ns3:hr>92</ns3:hr>
            <ns3:cad>47</ns3:cad>
          </ns3:TrackPointExtension>
        </extensions>
      </trkpt>
      <trkpt lat="47.24960817955434322357177734375" lon="7.02853870578110218048095703125">
        <ele>1042.4000244140625</ele>
        <time>2021-12-05T15:29:17.000Z</time>
        <extensions>
          <ns3:TrackPointExtension>
            <ns3:atemp>21.0</ns3:atemp>
            <ns3:hr>94</ns3:hr>
            <ns3:cad>45</ns3:cad>
          </ns3:TrackPointExtension>
        </extensions>
      </trkpt>
      <trkpt lat="47.24962796084582805633544921875" lon="7.0285458303987979888916015625">
        <ele>1042.5999755859375</ele>
        <time>2021-12-05T15:29:20.000Z</time>
        <extensions>
          <ns3:TrackPointExtension>
            <ns3:atemp>21.0</ns3:atemp>
            <ns3:hr>95</ns3:hr>
            <ns3:cad>51</ns3:cad>
          </ns3:TrackPointExtension>
        </extensions>
      </trkpt>
      <trkpt lat="47.24962930195033550262451171875" lon="7.02855370938777923583984375">
        <ele>1042.800048828125</ele>
        <time>2021-12-05T15:29:22.000Z</time>
        <extensions>
          <ns3:TrackPointExtension>
            <ns3:atemp>21.0</ns3:atemp>
            <ns3:hr>95</ns3:hr>
            <ns3:cad>51</ns3:cad>
          </ns3:TrackPointExtension>
        </extensions>
      </trkpt>
      <trkpt lat="47.2496282123029232025146484375" lon="7.0285863988101482391357421875">
        <ele>1042.5999755859375</ele>
        <time>2021-12-05T15:29:26.000Z</time>
        <extensions>
          <ns3:TrackPointExtension>
            <ns3:atemp>21.0</ns3:atemp>
            <ns3:hr>97</ns3:hr>
            <ns3:cad>50</ns3:cad>
          </ns3:TrackPointExtension>
        </extensions>
      </trkpt>
      <trkpt lat="47.24962896667420864105224609375" lon="7.028596289455890655517578125">
        <ele>1042.5999755859375</ele>
        <time>2021-12-05T15:29:27.000Z</time>
        <extensions>
          <ns3:TrackPointExtension>
            <ns3:atemp>21.0</ns3:atemp>
            <ns3:hr>95</ns3:hr>
            <ns3:cad>50</ns3:cad>
          </ns3:TrackPointExtension>
        </extensions>
      </trkpt>
      <trkpt lat="47.24965796805918216705322265625" lon="7.028641216456890106201171875">
        <ele>1042.5999755859375</ele>
        <time>2021-12-05T15:29:30.000Z</time>
        <extensions>
          <ns3:TrackPointExtension>
            <ns3:atemp>21.0</ns3:atemp>
            <ns3:hr>98</ns3:hr>
            <ns3:cad>49</ns3:cad>
          </ns3:TrackPointExtension>
        </extensions>
      </trkpt>
      <trkpt lat="47.2496644221246242523193359375" lon="7.02866527251899242401123046875">
        <ele>1042.800048828125</ele>
        <time>2021-12-05T15:29:32.000Z</time>
        <extensions>
          <ns3:TrackPointExtension>
            <ns3:atemp>21.0</ns3:atemp>
            <ns3:hr>98</ns3:hr>
            <ns3:cad>49</ns3:cad>
          </ns3:TrackPointExtension>
        </extensions>
      </trkpt>
      <trkpt lat="47.2496798448264598846435546875" lon="7.02868287451565265655517578125">
        <ele>1043.199951171875</ele>
        <time>2021-12-05T15:29:34.000Z</time>
        <extensions>
          <ns3:TrackPointExtension>
            <ns3:atemp>21.0</ns3:atemp>
            <ns3:hr>100</ns3:hr>
            <ns3:cad>49</ns3:cad>
          </ns3:TrackPointExtension>
        </extensions>
      </trkpt>
      <trkpt lat="47.2497026436030864715576171875" lon="7.0286863110959529876708984375">
        <ele>1043.199951171875</ele>
        <time>2021-12-05T15:29:37.000Z</time>
        <extensions>
          <ns3:TrackPointExtension>
            <ns3:atemp>21.0</ns3:atemp>
            <ns3:hr>98</ns3:hr>
            <ns3:cad>0</ns3:cad>
          </ns3:TrackPointExtension>
        </extensions>
      </trkpt>
      <trkpt lat="47.2497465647757053375244140625" lon="7.0286755822598934173583984375">
        <ele>1043.199951171875</ele>
        <time>2021-12-05T15:29:40.000Z</time>
        <extensions>
          <ns3:TrackPointExtension>
            <ns3:atemp>21.0</ns3:atemp>
            <ns3:hr>97</ns3:hr>
            <ns3:cad>53</ns3:cad>
          </ns3:TrackPointExtension>
        </extensions>
      </trkpt>
      <trkpt lat="47.249762825667858123779296875" lon="7.02866946347057819366455078125">
        <ele>1043.5999755859375</ele>
        <time>2021-12-05T15:29:42.000Z</time>
        <extensions>
          <ns3:TrackPointExtension>
            <ns3:atemp>21.0</ns3:atemp>
            <ns3:hr>96</ns3:hr>
            <ns3:cad>50</ns3:cad>
          </ns3:TrackPointExtension>
        </extensions>
      </trkpt>
      <trkpt lat="47.24983113817870616912841796875" lon="7.02865940518677234649658203125">
        <ele>1043.800048828125</ele>
        <time>2021-12-05T15:29:47.000Z</time>
        <extensions>
          <ns3:TrackPointExtension>
            <ns3:atemp>21.0</ns3:atemp>
            <ns3:hr>99</ns3:hr>
            <ns3:cad>50</ns3:cad>
          </ns3:TrackPointExtension>
        </extensions>
      </trkpt>
      <trkpt lat="47.24983625113964080810546875" lon="7.0286588184535503387451171875">
        <ele>1043.800048828125</ele>
        <time>2021-12-05T15:29:48.000Z</time>
        <extensions>
          <ns3:TrackPointExtension>
            <ns3:atemp>21.0</ns3:atemp>
            <ns3:hr>98</ns3:hr>
            <ns3:cad>50</ns3:cad>
          </ns3:TrackPointExtension>
        </extensions>
      </trkpt>
      <trkpt lat="47.24985980428755283355712890625" lon="7.02867038547992706298828125">
        <ele>1043.800048828125</ele>
        <time>2021-12-05T15:29:51.000Z</time>
        <extensions>
          <ns3:TrackPointExtension>
            <ns3:atemp>21.0</ns3:atemp>
            <ns3:hr>94</ns3:hr>
            <ns3:cad>47</ns3:cad>
          </ns3:TrackPointExtension>
        </extensions>
      </trkpt>
      <trkpt lat="47.249866425991058349609375" lon="7.02867574989795684814453125">
        <ele>1043.5999755859375</ele>
        <time>2021-12-05T15:29:53.000Z</time>
        <extensions>
          <ns3:TrackPointExtension>
            <ns3:atemp>21.0</ns3:atemp>
            <ns3:hr>94</ns3:hr>
            <ns3:cad>45</ns3:cad>
          </ns3:TrackPointExtension>
        </extensions>
      </trkpt>
      <trkpt lat="47.24987623281776905059814453125" lon="7.0286916755139827728271484375">
        <ele>1043.5999755859375</ele>
        <time>2021-12-05T15:29:55.000Z</time>
        <extensions>
          <ns3:TrackPointExtension>
            <ns3:atemp>21.0</ns3:atemp>
            <ns3:hr>94</ns3:hr>
            <ns3:cad>45</ns3:cad>
          </ns3:TrackPointExtension>
        </extensions>
      </trkpt>
      <trkpt lat="47.2498919069766998291015625" lon="7.0287238620221614837646484375">
        <ele>1043.4000244140625</ele>
        <time>2021-12-05T15:30:00.000Z</time>
        <extensions>
          <ns3:TrackPointExtension>
            <ns3:atemp>21.0</ns3:atemp>
            <ns3:hr>94</ns3:hr>
            <ns3:cad>0</ns3:cad>
          </ns3:TrackPointExtension>
        </extensions>
      </trkpt>
      <trkpt lat="47.249932475388050079345703125" lon="7.0287661068141460418701171875">
        <ele>1043.4000244140625</ele>
        <time>2021-12-05T15:30:07.000Z</time>
        <extensions>
          <ns3:TrackPointExtension>
            <ns3:atemp>21.0</ns3:atemp>
            <ns3:hr>94</ns3:hr>
            <ns3:cad>57</ns3:cad>
          </ns3:TrackPointExtension>
        </extensions>
      </trkpt>
      <trkpt lat="47.249934487044811248779296875" lon="7.0287932641804218292236328125">
        <ele>1043.5999755859375</ele>
        <time>2021-12-05T15:30:10.000Z</time>
        <extensions>
          <ns3:TrackPointExtension>
            <ns3:atemp>21.0</ns3:atemp>
            <ns3:hr>91</ns3:hr>
            <ns3:cad>0</ns3:cad>
          </ns3:TrackPointExtension>
        </extensions>
      </trkpt>
      <trkpt lat="47.2499406896531581878662109375" lon="7.02879670076072216033935546875">
        <ele>1043.800048828125</ele>
        <time>2021-12-05T15:30:11.000Z</time>
        <extensions>
          <ns3:TrackPointExtension>
            <ns3:atemp>21.0</ns3:atemp>
            <ns3:hr>94</ns3:hr>
            <ns3:cad>0</ns3:cad>
          </ns3:TrackPointExtension>
        </extensions>
      </trkpt>
      <trkpt lat="47.24997195415198802947998046875" lon="7.028829641640186309814453125">
        <ele>1044</ele>
        <time>2021-12-05T15:30:14.000Z</time>
        <extensions>
          <ns3:TrackPointExtension>
            <ns3:atemp>21.0</ns3:atemp>
            <ns3:hr>96</ns3:hr>
            <ns3:cad>0</ns3:cad>
          </ns3:TrackPointExtension>
        </extensions>
      </trkpt>
      <trkpt lat="47.24997078068554401397705078125" lon="7.02884204685688018798828125">
        <ele>1044</ele>
        <time>2021-12-05T15:30:15.000Z</time>
        <extensions>
          <ns3:TrackPointExtension>
            <ns3:atemp>21.0</ns3:atemp>
            <ns3:hr>96</ns3:hr>
            <ns3:cad>0</ns3:cad>
          </ns3:TrackPointExtension>
        </extensions>
      </trkpt>
      <trkpt lat="47.24998268298804759979248046875" lon="7.02887582592666149139404296875">
        <ele>1044</ele>
        <time>2021-12-05T15:30:17.000Z</time>
        <extensions>
          <ns3:TrackPointExtension>
            <ns3:atemp>21.0</ns3:atemp>
            <ns3:hr>98</ns3:hr>
            <ns3:cad>0</ns3:cad>
          </ns3:TrackPointExtension>
        </extensions>
      </trkpt>
      <trkpt lat="47.2499953396618366241455078125" lon="7.02890105545520782470703125">
        <ele>1044</ele>
        <time>2021-12-05T15:30:19.000Z</time>
        <extensions>
          <ns3:TrackPointExtension>
            <ns3:atemp>21.0</ns3:atemp>
            <ns3:hr>98</ns3:hr>
            <ns3:cad>49</ns3:cad>
          </ns3:TrackPointExtension>
        </extensions>
      </trkpt>
      <trkpt lat="47.24999693222343921661376953125" lon="7.0289205014705657958984375">
        <ele>1044</ele>
        <time>2021-12-05T15:30:21.000Z</time>
        <extensions>
          <ns3:TrackPointExtension>
            <ns3:atemp>21.0</ns3:atemp>
            <ns3:hr>95</ns3:hr>
            <ns3:cad>49</ns3:cad>
          </ns3:TrackPointExtension>
        </extensions>
      </trkpt>
      <trkpt lat="47.25000548176467418670654296875" lon="7.02895310707390308380126953125">
        <ele>1044.199951171875</ele>
        <time>2021-12-05T15:30:24.000Z</time>
        <extensions>
          <ns3:TrackPointExtension>
            <ns3:atemp>21.0</ns3:atemp>
            <ns3:hr>92</ns3:hr>
            <ns3:cad>0</ns3:cad>
          </ns3:TrackPointExtension>
        </extensions>
      </trkpt>
      <trkpt lat="47.250005900859832763671875" lon="7.02897079288959503173828125">
        <ele>1044</ele>
        <time>2021-12-05T15:30:26.000Z</time>
        <extensions>
          <ns3:TrackPointExtension>
            <ns3:atemp>21.0</ns3:atemp>
            <ns3:hr>94</ns3:hr>
            <ns3:cad>44</ns3:cad>
          </ns3:TrackPointExtension>
        </extensions>
      </trkpt>
      <trkpt lat="47.25002861581742763519287109375" lon="7.02898814342916011810302734375">
        <ele>1043.800048828125</ele>
        <time>2021-12-05T15:30:28.000Z</time>
        <extensions>
          <ns3:TrackPointExtension>
            <ns3:atemp>21.0</ns3:atemp>
            <ns3:hr>95</ns3:hr>
            <ns3:cad>44</ns3:cad>
          </ns3:TrackPointExtension>
        </extensions>
      </trkpt>
      <trkpt lat="47.2500040568411350250244140625" lon="7.029071040451526641845703125">
        <ele>1044.4000244140625</ele>
        <time>2021-12-05T15:30:34.000Z</time>
        <extensions>
          <ns3:TrackPointExtension>
            <ns3:atemp>21.0</ns3:atemp>
            <ns3:hr>94</ns3:hr>
            <ns3:cad>49</ns3:cad>
          </ns3:TrackPointExtension>
        </extensions>
      </trkpt>
      <trkpt lat="47.2500007040798664093017578125" lon="7.02914513647556304931640625">
        <ele>1044.4000244140625</ele>
        <time>2021-12-05T15:30:39.000Z</time>
        <extensions>
          <ns3:TrackPointExtension>
            <ns3:atemp>21.0</ns3:atemp>
            <ns3:hr>94</ns3:hr>
            <ns3:cad>0</ns3:cad>
          </ns3:TrackPointExtension>
        </extensions>
      </trkpt>
      <trkpt lat="47.25000062026083469390869140625" lon="7.02915611676871776580810546875">
        <ele>1044.4000244140625</ele>
        <time>2021-12-05T15:30:40.000Z</time>
        <extensions>
          <ns3:TrackPointExtension>
            <ns3:atemp>21.0</ns3:atemp>
            <ns3:hr>96</ns3:hr>
            <ns3:cad>0</ns3:cad>
          </ns3:TrackPointExtension>
        </extensions>
      </trkpt>
      <trkpt lat="47.25000313483178615570068359375" lon="7.0291624031960964202880859375">
        <ele>1044.4000244140625</ele>
        <time>2021-12-05T15:30:41.000Z</time>
        <extensions>
          <ns3:TrackPointExtension>
            <ns3:atemp>21.0</ns3:atemp>
            <ns3:hr>95</ns3:hr>
            <ns3:cad>0</ns3:cad>
          </ns3:TrackPointExtension>
        </extensions>
      </trkpt>
      <trkpt lat="47.2500375844538211822509765625" lon="7.02921998687088489532470703125">
        <ele>1046.800048828125</ele>
        <time>2021-12-05T15:30:47.000Z</time>
        <extensions>
          <ns3:TrackPointExtension>
            <ns3:atemp>21.0</ns3:atemp>
            <ns3:hr>93</ns3:hr>
            <ns3:cad>47</ns3:cad>
          </ns3:TrackPointExtension>
        </extensions>
      </trkpt>
      <trkpt lat="47.25004638545215129852294921875" lon="7.0292505808174610137939453125">
        <ele>1046.800048828125</ele>
        <time>2021-12-05T15:30:49.000Z</time>
        <extensions>
          <ns3:TrackPointExtension>
            <ns3:atemp>21.0</ns3:atemp>
            <ns3:hr>94</ns3:hr>
            <ns3:cad>0</ns3:cad>
          </ns3:TrackPointExtension>
        </extensions>
      </trkpt>
      <trkpt lat="47.25006415508687496185302734375" lon="7.02926315367221832275390625">
        <ele>1045.199951171875</ele>
        <time>2021-12-05T15:30:51.000Z</time>
        <extensions>
          <ns3:TrackPointExtension>
            <ns3:atemp>21.0</ns3:atemp>
            <ns3:hr>94</ns3:hr>
            <ns3:cad>0</ns3:cad>
          </ns3:TrackPointExtension>
        </extensions>
      </trkpt>
      <trkpt lat="47.25006558001041412353515625" lon="7.02926994301378726959228515625">
        <ele>1044.199951171875</ele>
        <time>2021-12-05T15:30:52.000Z</time>
        <extensions>
          <ns3:TrackPointExtension>
            <ns3:atemp>21.0</ns3:atemp>
            <ns3:hr>94</ns3:hr>
            <ns3:cad>0</ns3:cad>
          </ns3:TrackPointExtension>
        </extensions>
      </trkpt>
      <trkpt lat="47.2500764764845371246337890625" lon="7.02927388250827789306640625">
        <ele>1043.800048828125</ele>
        <time>2021-12-05T15:30:53.000Z</time>
        <extensions>
          <ns3:TrackPointExtension>
            <ns3:atemp>21.0</ns3:atemp>
            <ns3:hr>93</ns3:hr>
            <ns3:cad>75</ns3:cad>
          </ns3:TrackPointExtension>
        </extensions>
      </trkpt>
      <trkpt lat="47.250086367130279541015625" lon="7.0292770676314830780029296875">
        <ele>1043.5999755859375</ele>
        <time>2021-12-05T15:30:54.000Z</time>
        <extensions>
          <ns3:TrackPointExtension>
            <ns3:atemp>21.0</ns3:atemp>
            <ns3:hr>94</ns3:hr>
            <ns3:cad>75</ns3:cad>
          </ns3:TrackPointExtension>
        </extensions>
      </trkpt>
      <trkpt lat="47.250097095966339111328125" lon="7.0292797498404979705810546875">
        <ele>1043.5999755859375</ele>
        <time>2021-12-05T15:30:55.000Z</time>
        <extensions>
          <ns3:TrackPointExtension>
            <ns3:atemp>21.0</ns3:atemp>
            <ns3:hr>91</ns3:hr>
            <ns3:cad>55</ns3:cad>
          </ns3:TrackPointExtension>
        </extensions>
      </trkpt>
      <trkpt lat="47.250122912228107452392578125" lon="7.02928704209625720977783203125">
        <ele>1043.800048828125</ele>
        <time>2021-12-05T15:30:57.000Z</time>
        <extensions>
          <ns3:TrackPointExtension>
            <ns3:atemp>21.0</ns3:atemp>
            <ns3:hr>90</ns3:hr>
            <ns3:cad>55</ns3:cad>
          </ns3:TrackPointExtension>
        </extensions>
      </trkpt>
      <trkpt lat="47.25014311261475086212158203125" lon="7.0292827673256397247314453125">
        <ele>1044</ele>
        <time>2021-12-05T15:30:59.000Z</time>
        <extensions>
          <ns3:TrackPointExtension>
            <ns3:atemp>21.0</ns3:atemp>
            <ns3:hr>92</ns3:hr>
            <ns3:cad>53</ns3:cad>
          </ns3:TrackPointExtension>
        </extensions>
      </trkpt>
      <trkpt lat="47.2501693479716777801513671875" lon="7.02926717698574066162109375">
        <ele>1043.5999755859375</ele>
        <time>2021-12-05T15:31:02.000Z</time>
        <extensions>
          <ns3:TrackPointExtension>
            <ns3:atemp>21.0</ns3:atemp>
            <ns3:hr>91</ns3:hr>
            <ns3:cad>53</ns3:cad>
          </ns3:TrackPointExtension>
        </extensions>
      </trkpt>
      <trkpt lat="47.250181250274181365966796875" lon="7.02924446202814579010009765625">
        <ele>1043.800048828125</ele>
        <time>2021-12-05T15:31:05.000Z</time>
        <extensions>
          <ns3:TrackPointExtension>
            <ns3:atemp>21.0</ns3:atemp>
            <ns3:hr>91</ns3:hr>
            <ns3:cad>52</ns3:cad>
          </ns3:TrackPointExtension>
        </extensions>
      </trkpt>
      <trkpt lat="47.2501968406140804290771484375" lon="7.02922937460243701934814453125">
        <ele>1043.800048828125</ele>
        <time>2021-12-05T15:31:08.000Z</time>
        <extensions>
          <ns3:TrackPointExtension>
            <ns3:atemp>21.0</ns3:atemp>
            <ns3:hr>92</ns3:hr>
            <ns3:cad>54</ns3:cad>
          </ns3:TrackPointExtension>
        </extensions>
      </trkpt>
      <trkpt lat="47.25021435879170894622802734375" lon="7.02922618947923183441162109375">
        <ele>1043.800048828125</ele>
        <time>2021-12-05T15:31:10.000Z</time>
        <extensions>
          <ns3:TrackPointExtension>
            <ns3:atemp>21.0</ns3:atemp>
            <ns3:hr>91</ns3:hr>
            <ns3:cad>54</ns3:cad>
          </ns3:TrackPointExtension>
        </extensions>
      </trkpt>
      <trkpt lat="47.2502504847943782806396484375" lon="7.02921445481479167938232421875">
        <ele>1043.800048828125</ele>
        <time>2021-12-05T15:31:13.000Z</time>
        <extensions>
          <ns3:TrackPointExtension>
            <ns3:atemp>21.0</ns3:atemp>
            <ns3:hr>94</ns3:hr>
            <ns3:cad>58</ns3:cad>
          </ns3:TrackPointExtension>
        </extensions>
      </trkpt>
      <trkpt lat="47.2502585314214229583740234375" lon="7.0292116887867450714111328125">
        <ele>1044</ele>
        <time>2021-12-05T15:31:14.000Z</time>
        <extensions>
          <ns3:TrackPointExtension>
            <ns3:atemp>21.0</ns3:atemp>
            <ns3:hr>92</ns3:hr>
            <ns3:cad>58</ns3:cad>
          </ns3:TrackPointExtension>
        </extensions>
      </trkpt>
      <trkpt lat="47.25027521140873432159423828125" lon="7.02918997965753078460693359375">
        <ele>1043.5999755859375</ele>
        <time>2021-12-05T15:31:16.000Z</time>
        <extensions>
          <ns3:TrackPointExtension>
            <ns3:atemp>21.0</ns3:atemp>
            <ns3:hr>91</ns3:hr>
            <ns3:cad>58</ns3:cad>
          </ns3:TrackPointExtension>
        </extensions>
      </trkpt>
      <trkpt lat="47.250297926366329193115234375" lon="7.02914622612297534942626953125">
        <ele>1043.800048828125</ele>
        <time>2021-12-05T15:31:19.000Z</time>
        <extensions>
          <ns3:TrackPointExtension>
            <ns3:atemp>21.0</ns3:atemp>
            <ns3:hr>91</ns3:hr>
            <ns3:cad>50</ns3:cad>
          </ns3:TrackPointExtension>
        </extensions>
      </trkpt>
      <trkpt lat="47.25030823610723018646240234375" lon="7.029101885855197906494140625">
        <ele>1043.4000244140625</ele>
        <time>2021-12-05T15:31:22.000Z</time>
        <extensions>
          <ns3:TrackPointExtension>
            <ns3:atemp>21.0</ns3:atemp>
            <ns3:hr>94</ns3:hr>
            <ns3:cad>53</ns3:cad>
          </ns3:TrackPointExtension>
        </extensions>
      </trkpt>
      <trkpt lat="47.25032784976065158843994140625" lon="7.029070369899272918701171875">
        <ele>1043.800048828125</ele>
        <time>2021-12-05T15:31:24.000Z</time>
        <extensions>
          <ns3:TrackPointExtension>
            <ns3:atemp>21.0</ns3:atemp>
            <ns3:hr>98</ns3:hr>
            <ns3:cad>54</ns3:cad>
          </ns3:TrackPointExtension>
        </extensions>
      </trkpt>
      <trkpt lat="47.250334136188030242919921875" lon="7.02905285172164440155029296875">
        <ele>1043.800048828125</ele>
        <time>2021-12-05T15:31:25.000Z</time>
        <extensions>
          <ns3:TrackPointExtension>
            <ns3:atemp>21.0</ns3:atemp>
            <ns3:hr>100</ns3:hr>
            <ns3:cad>54</ns3:cad>
          </ns3:TrackPointExtension>
        </extensions>
      </trkpt>
      <trkpt lat="47.250338159501552581787109375" lon="7.02904589474201202392578125">
        <ele>1043.5999755859375</ele>
        <time>2021-12-05T15:31:26.000Z</time>
        <extensions>
          <ns3:TrackPointExtension>
            <ns3:atemp>21.0</ns3:atemp>
            <ns3:hr>100</ns3:hr>
            <ns3:cad>54</ns3:cad>
          </ns3:TrackPointExtension>
        </extensions>
      </trkpt>
      <trkpt lat="47.25036799907684326171875" lon="7.0290251076221466064453125">
        <ele>1044</ele>
        <time>2021-12-05T15:31:29.000Z</time>
        <extensions>
          <ns3:TrackPointExtension>
            <ns3:atemp>21.0</ns3:atemp>
            <ns3:hr>100</ns3:hr>
            <ns3:cad>54</ns3:cad>
          </ns3:TrackPointExtension>
        </extensions>
      </trkpt>
      <trkpt lat="47.25037545897066593170166015625" lon="7.02900700271129608154296875">
        <ele>1043.800048828125</ele>
        <time>2021-12-05T15:31:30.000Z</time>
        <extensions>
          <ns3:TrackPointExtension>
            <ns3:atemp>21.0</ns3:atemp>
            <ns3:hr>99</ns3:hr>
            <ns3:cad>54</ns3:cad>
          </ns3:TrackPointExtension>
        </extensions>
      </trkpt>
      <trkpt lat="47.2503785602748394012451171875" lon="7.02894891612231731414794921875">
        <ele>1043.199951171875</ele>
        <time>2021-12-05T15:31:35.000Z</time>
        <extensions>
          <ns3:TrackPointExtension>
            <ns3:atemp>21.0</ns3:atemp>
            <ns3:hr>98</ns3:hr>
            <ns3:cad>0</ns3:cad>
          </ns3:TrackPointExtension>
        </extensions>
      </trkpt>
      <trkpt lat="47.2503881156444549560546875" lon="7.02894388698041439056396484375">
        <ele>1043.199951171875</ele>
        <time>2021-12-05T15:31:38.000Z</time>
        <extensions>
          <ns3:TrackPointExtension>
            <ns3:atemp>21.0</ns3:atemp>
            <ns3:hr>99</ns3:hr>
            <ns3:cad>0</ns3:cad>
          </ns3:TrackPointExtension>
        </extensions>
      </trkpt>
      <trkpt lat="47.25039071403443813323974609375" lon="7.02893986366689205169677734375">
        <ele>1043.199951171875</ele>
        <time>2021-12-05T15:31:39.000Z</time>
        <extensions>
          <ns3:TrackPointExtension>
            <ns3:atemp>21.0</ns3:atemp>
            <ns3:hr>96</ns3:hr>
            <ns3:cad>58</ns3:cad>
          </ns3:TrackPointExtension>
        </extensions>
      </trkpt>
      <trkpt lat="47.2504023648798465728759765625" lon="7.02893634326756000518798828125">
        <ele>1043.800048828125</ele>
        <time>2021-12-05T15:31:41.000Z</time>
        <extensions>
          <ns3:TrackPointExtension>
            <ns3:atemp>21.0</ns3:atemp>
            <ns3:hr>98</ns3:hr>
            <ns3:cad>58</ns3:cad>
          </ns3:TrackPointExtension>
        </extensions>
      </trkpt>
      <trkpt lat="47.25040965713560581207275390625" lon="7.02892025001347064971923828125">
        <ele>1043.800048828125</ele>
        <time>2021-12-05T15:31:42.000Z</time>
        <extensions>
          <ns3:TrackPointExtension>
            <ns3:atemp>21.0</ns3:atemp>
            <ns3:hr>99</ns3:hr>
            <ns3:cad>56</ns3:cad>
          </ns3:TrackPointExtension>
        </extensions>
      </trkpt>
      <trkpt lat="47.250457517802715301513671875" lon="7.02891178429126739501953125">
        <ele>1044.199951171875</ele>
        <time>2021-12-05T15:31:48.000Z</time>
        <extensions>
          <ns3:TrackPointExtension>
            <ns3:atemp>21.0</ns3:atemp>
            <ns3:hr>98</ns3:hr>
            <ns3:cad>55</ns3:cad>
          </ns3:TrackPointExtension>
        </extensions>
      </trkpt>
      <trkpt lat="47.2505249083042144775390625" lon="7.02890885062515735626220703125">
        <ele>1043.5999755859375</ele>
        <time>2021-12-05T15:31:53.000Z</time>
        <extensions>
          <ns3:TrackPointExtension>
            <ns3:atemp>21.0</ns3:atemp>
            <ns3:hr>96</ns3:hr>
            <ns3:cad>50</ns3:cad>
          </ns3:TrackPointExtension>
        </extensions>
      </trkpt>
      <trkpt lat="47.2505361400544643402099609375" lon="7.028905414044857025146484375">
        <ele>1043.800048828125</ele>
        <time>2021-12-05T15:31:54.000Z</time>
        <extensions>
          <ns3:TrackPointExtension>
            <ns3:atemp>21.0</ns3:atemp>
            <ns3:hr>98</ns3:hr>
            <ns3:cad>50</ns3:cad>
          </ns3:TrackPointExtension>
        </extensions>
      </trkpt>
      <trkpt lat="47.2505549155175685882568359375" lon="7.02890583314001560211181640625">
        <ele>1043.800048828125</ele>
        <time>2021-12-05T15:31:56.000Z</time>
        <extensions>
          <ns3:TrackPointExtension>
            <ns3:atemp>21.0</ns3:atemp>
            <ns3:hr>99</ns3:hr>
            <ns3:cad>56</ns3:cad>
          </ns3:TrackPointExtension>
        </extensions>
      </trkpt>
      <trkpt lat="47.25057897157967090606689453125" lon="7.0288963615894317626953125">
        <ele>1044.199951171875</ele>
        <time>2021-12-05T15:31:58.000Z</time>
        <extensions>
          <ns3:TrackPointExtension>
            <ns3:atemp>21.0</ns3:atemp>
            <ns3:hr>100</ns3:hr>
            <ns3:cad>56</ns3:cad>
          </ns3:TrackPointExtension>
        </extensions>
      </trkpt>
      <trkpt lat="47.2505931369960308074951171875" lon="7.02889041043817996978759765625">
        <ele>1044.199951171875</ele>
        <time>2021-12-05T15:31:59.000Z</time>
        <extensions>
          <ns3:TrackPointExtension>
            <ns3:atemp>21.0</ns3:atemp>
            <ns3:hr>98</ns3:hr>
            <ns3:cad>56</ns3:cad>
          </ns3:TrackPointExtension>
        </extensions>
      </trkpt>
      <trkpt lat="47.250619120895862579345703125" lon="7.02888051979243755340576171875">
        <ele>1043.800048828125</ele>
        <time>2021-12-05T15:32:01.000Z</time>
        <extensions>
          <ns3:TrackPointExtension>
            <ns3:atemp>21.0</ns3:atemp>
            <ns3:hr>95</ns3:hr>
            <ns3:cad>53</ns3:cad>
          </ns3:TrackPointExtension>
        </extensions>
      </trkpt>
      <trkpt lat="47.25066681392490863800048828125" lon="7.02886744402348995208740234375">
        <ele>1043.800048828125</ele>
        <time>2021-12-05T15:32:06.000Z</time>
        <extensions>
          <ns3:TrackPointExtension>
            <ns3:atemp>21.0</ns3:atemp>
            <ns3:hr>92</ns3:hr>
            <ns3:cad>55</ns3:cad>
          </ns3:TrackPointExtension>
        </extensions>
      </trkpt>
      <trkpt lat="47.25068173371255397796630859375" lon="7.028865516185760498046875">
        <ele>1043.800048828125</ele>
        <time>2021-12-05T15:32:07.000Z</time>
        <extensions>
          <ns3:TrackPointExtension>
            <ns3:atemp>21.0</ns3:atemp>
            <ns3:hr>92</ns3:hr>
            <ns3:cad>55</ns3:cad>
          </ns3:TrackPointExtension>
        </extensions>
      </trkpt>
      <trkpt lat="47.2506910376250743865966796875" lon="7.0288619957864284515380859375">
        <ele>1043.5999755859375</ele>
        <time>2021-12-05T15:32:08.000Z</time>
        <extensions>
          <ns3:TrackPointExtension>
            <ns3:atemp>21.0</ns3:atemp>
            <ns3:hr>93</ns3:hr>
            <ns3:cad>55</ns3:cad>
          </ns3:TrackPointExtension>
        </extensions>
      </trkpt>
      <trkpt lat="47.2507151775062084197998046875" lon="7.0288308151066303253173828125">
        <ele>1043.5999755859375</ele>
        <time>2021-12-05T15:32:11.000Z</time>
        <extensions>
          <ns3:TrackPointExtension>
            <ns3:atemp>21.0</ns3:atemp>
            <ns3:hr>95</ns3:hr>
            <ns3:cad>55</ns3:cad>
          </ns3:TrackPointExtension>
        </extensions>
      </trkpt>
      <trkpt lat="47.25072632543742656707763671875" lon="7.0288284681737422943115234375">
        <ele>1043.5999755859375</ele>
        <time>2021-12-05T15:32:12.000Z</time>
        <extensions>
          <ns3:TrackPointExtension>
            <ns3:atemp>21.0</ns3:atemp>
            <ns3:hr>98</ns3:hr>
            <ns3:cad>55</ns3:cad>
          </ns3:TrackPointExtension>
        </extensions>
      </trkpt>
      <trkpt lat="47.25073722191154956817626953125" lon="7.0288311503827571868896484375">
        <ele>1043.5999755859375</ele>
        <time>2021-12-05T15:32:13.000Z</time>
        <extensions>
          <ns3:TrackPointExtension>
            <ns3:atemp>21.0</ns3:atemp>
            <ns3:hr>95</ns3:hr>
            <ns3:cad>55</ns3:cad>
          </ns3:TrackPointExtension>
        </extensions>
      </trkpt>
      <trkpt lat="47.2507510520517826080322265625" lon="7.02884179539978504180908203125">
        <ele>1043.800048828125</ele>
        <time>2021-12-05T15:32:15.000Z</time>
        <extensions>
          <ns3:TrackPointExtension>
            <ns3:atemp>21.0</ns3:atemp>
            <ns3:hr>98</ns3:hr>
            <ns3:cad>61</ns3:cad>
          </ns3:TrackPointExtension>
        </extensions>
      </trkpt>
      <trkpt lat="47.25077946670353412628173828125" lon="7.02886082231998443603515625">
        <ele>1043.800048828125</ele>
        <time>2021-12-05T15:32:18.000Z</time>
        <extensions>
          <ns3:TrackPointExtension>
            <ns3:atemp>21.0</ns3:atemp>
            <ns3:hr>98</ns3:hr>
            <ns3:cad>61</ns3:cad>
          </ns3:TrackPointExtension>
        </extensions>
      </trkpt>
      <trkpt lat="47.2507909499108791351318359375" lon="7.028861828148365020751953125">
        <ele>1043.800048828125</ele>
        <time>2021-12-05T15:32:19.000Z</time>
        <extensions>
          <ns3:TrackPointExtension>
            <ns3:atemp>21.0</ns3:atemp>
            <ns3:hr>97</ns3:hr>
            <ns3:cad>61</ns3:cad>
          </ns3:TrackPointExtension>
        </extensions>
      </trkpt>
      <trkpt lat="47.25082120858132839202880859375" lon="7.02884866856038570404052734375">
        <ele>1043.5999755859375</ele>
        <time>2021-12-05T15:32:22.000Z</time>
        <extensions>
          <ns3:TrackPointExtension>
            <ns3:atemp>21.0</ns3:atemp>
            <ns3:hr>98</ns3:hr>
            <ns3:cad>0</ns3:cad>
          </ns3:TrackPointExtension>
        </extensions>
      </trkpt>
      <trkpt lat="47.2508315183222293853759765625" lon="7.02884112484753131866455078125">
        <ele>1043.5999755859375</ele>
        <time>2021-12-05T15:32:23.000Z</time>
        <extensions>
          <ns3:TrackPointExtension>
            <ns3:atemp>21.0</ns3:atemp>
            <ns3:hr>99</ns3:hr>
            <ns3:cad>0</ns3:cad>
          </ns3:TrackPointExtension>
        </extensions>
      </trkpt>
      <trkpt lat="47.25089346058666706085205078125" lon="7.02881656587123870849609375">
        <ele>1043.199951171875</ele>
        <time>2021-12-05T15:32:30.000Z</time>
        <extensions>
          <ns3:TrackPointExtension>
            <ns3:atemp>21.0</ns3:atemp>
            <ns3:hr>98</ns3:hr>
            <ns3:cad>59</ns3:cad>
          </ns3:TrackPointExtension>
        </extensions>
      </trkpt>
      <trkpt lat="47.2509213723242282867431640625" lon="7.028822600841522216796875">
        <ele>1042.800048828125</ele>
        <time>2021-12-05T15:32:32.000Z</time>
        <extensions>
          <ns3:TrackPointExtension>
            <ns3:atemp>21.0</ns3:atemp>
            <ns3:hr>95</ns3:hr>
            <ns3:cad>55</ns3:cad>
          </ns3:TrackPointExtension>
        </extensions>
      </trkpt>
      <trkpt lat="47.2509419918060302734375" lon="7.02883257530629634857177734375">
        <ele>1042.800048828125</ele>
        <time>2021-12-05T15:32:34.000Z</time>
        <extensions>
          <ns3:TrackPointExtension>
            <ns3:atemp>21.0</ns3:atemp>
            <ns3:hr>98</ns3:hr>
            <ns3:cad>55</ns3:cad>
          </ns3:TrackPointExtension>
        </extensions>
      </trkpt>
      <trkpt lat="47.25094995461404323577880859375" lon="7.02883441932499408721923828125">
        <ele>1042.800048828125</ele>
        <time>2021-12-05T15:32:35.000Z</time>
        <extensions>
          <ns3:TrackPointExtension>
            <ns3:atemp>21.0</ns3:atemp>
            <ns3:hr>101</ns3:hr>
            <ns3:cad>53</ns3:cad>
          </ns3:TrackPointExtension>
        </extensions>
      </trkpt>
      <trkpt lat="47.25095984525978565216064453125" lon="7.028839699923992156982421875">
        <ele>1042.800048828125</ele>
        <time>2021-12-05T15:32:36.000Z</time>
        <extensions>
          <ns3:TrackPointExtension>
            <ns3:atemp>21.0</ns3:atemp>
            <ns3:hr>99</ns3:hr>
            <ns3:cad>51</ns3:cad>
          </ns3:TrackPointExtension>
        </extensions>
      </trkpt>
      <trkpt lat="47.250965796411037445068359375" lon="7.02883936464786529541015625">
        <ele>1042.800048828125</ele>
        <time>2021-12-05T15:32:37.000Z</time>
        <extensions>
          <ns3:TrackPointExtension>
            <ns3:atemp>21.0</ns3:atemp>
            <ns3:hr>99</ns3:hr>
            <ns3:cad>50</ns3:cad>
          </ns3:TrackPointExtension>
        </extensions>
      </trkpt>
      <trkpt lat="47.25098381750285625457763671875" lon="7.02884967438876628875732421875">
        <ele>1042.800048828125</ele>
        <time>2021-12-05T15:32:40.000Z</time>
        <extensions>
          <ns3:TrackPointExtension>
            <ns3:atemp>21.0</ns3:atemp>
            <ns3:hr>99</ns3:hr>
            <ns3:cad>53</ns3:cad>
          </ns3:TrackPointExtension>
        </extensions>
      </trkpt>
      <trkpt lat="47.25099991075694561004638671875" lon="7.028853781521320343017578125">
        <ele>1042.5999755859375</ele>
        <time>2021-12-05T15:32:42.000Z</time>
        <extensions>
          <ns3:TrackPointExtension>
            <ns3:atemp>21.0</ns3:atemp>
            <ns3:hr>99</ns3:hr>
            <ns3:cad>53</ns3:cad>
          </ns3:TrackPointExtension>
        </extensions>
      </trkpt>
      <trkpt lat="47.251018099486827850341796875" lon="7.028855793178081512451171875">
        <ele>1042.5999755859375</ele>
        <time>2021-12-05T15:32:45.000Z</time>
        <extensions>
          <ns3:TrackPointExtension>
            <ns3:atemp>21.0</ns3:atemp>
            <ns3:hr>96</ns3:hr>
            <ns3:cad>54</ns3:cad>
          </ns3:TrackPointExtension>
        </extensions>
      </trkpt>
      <trkpt lat="47.2510246373713016510009765625" lon="7.02885503880679607391357421875">
        <ele>1042.5999755859375</ele>
        <time>2021-12-05T15:32:46.000Z</time>
        <extensions>
          <ns3:TrackPointExtension>
            <ns3:atemp>21.0</ns3:atemp>
            <ns3:hr>97</ns3:hr>
            <ns3:cad>54</ns3:cad>
          </ns3:TrackPointExtension>
        </extensions>
      </trkpt>
      <trkpt lat="47.2510390542447566986083984375" lon="7.02886995859444141387939453125">
        <ele>1042.4000244140625</ele>
        <time>2021-12-05T15:32:49.000Z</time>
        <extensions>
          <ns3:TrackPointExtension>
            <ns3:atemp>21.0</ns3:atemp>
            <ns3:hr>96</ns3:hr>
            <ns3:cad>51</ns3:cad>
          </ns3:TrackPointExtension>
        </extensions>
      </trkpt>
      <trkpt lat="47.25108523853123188018798828125" lon="7.0288744010031223297119140625">
        <ele>1043</ele>
        <time>2021-12-05T15:32:54.000Z</time>
        <extensions>
          <ns3:TrackPointExtension>
            <ns3:atemp>21.0</ns3:atemp>
            <ns3:hr>93</ns3:hr>
            <ns3:cad>48</ns3:cad>
          </ns3:TrackPointExtension>
        </extensions>
      </trkpt>
      <trkpt lat="47.25110049359500408172607421875" lon="7.02887691557407379150390625">
        <ele>1043.199951171875</ele>
        <time>2021-12-05T15:32:56.000Z</time>
        <extensions>
          <ns3:TrackPointExtension>
            <ns3:atemp>21.0</ns3:atemp>
            <ns3:hr>93</ns3:hr>
            <ns3:cad>51</ns3:cad>
          </ns3:TrackPointExtension>
        </extensions>
      </trkpt>
      <trkpt lat="47.25114475004374980926513671875" lon="7.0288834534585475921630859375">
        <ele>1043.199951171875</ele>
        <time>2021-12-05T15:33:02.000Z</time>
        <extensions>
          <ns3:TrackPointExtension>
            <ns3:atemp>21.0</ns3:atemp>
            <ns3:hr>92</ns3:hr>
            <ns3:cad>50</ns3:cad>
          </ns3:TrackPointExtension>
        </extensions>
      </trkpt>
      <trkpt lat="47.25114944390952587127685546875" lon="7.0288918353617191314697265625">
        <ele>1042.5999755859375</ele>
        <time>2021-12-05T15:33:03.000Z</time>
        <extensions>
          <ns3:TrackPointExtension>
            <ns3:atemp>21.0</ns3:atemp>
            <ns3:hr>94</ns3:hr>
            <ns3:cad>50</ns3:cad>
          </ns3:TrackPointExtension>
        </extensions>
      </trkpt>
      <trkpt lat="47.2511587478220462799072265625" lon="7.028907425701618194580078125">
        <ele>1042.199951171875</ele>
        <time>2021-12-05T15:33:05.000Z</time>
        <extensions>
          <ns3:TrackPointExtension>
            <ns3:atemp>21.0</ns3:atemp>
            <ns3:hr>94</ns3:hr>
            <ns3:cad>48</ns3:cad>
          </ns3:TrackPointExtension>
        </extensions>
      </trkpt>
      <trkpt lat="47.251174338161945343017578125" lon="7.0289300568401813507080078125">
        <ele>1042</ele>
        <time>2021-12-05T15:33:08.000Z</time>
        <extensions>
          <ns3:TrackPointExtension>
            <ns3:atemp>21.0</ns3:atemp>
            <ns3:hr>92</ns3:hr>
            <ns3:cad>49</ns3:cad>
          </ns3:TrackPointExtension>
        </extensions>
      </trkpt>
      <trkpt lat="47.25118129514157772064208984375" lon="7.02895109541714191436767578125">
        <ele>1042</ele>
        <time>2021-12-05T15:33:10.000Z</time>
        <extensions>
          <ns3:TrackPointExtension>
            <ns3:atemp>21.0</ns3:atemp>
            <ns3:hr>95</ns3:hr>
            <ns3:cad>50</ns3:cad>
          </ns3:TrackPointExtension>
        </extensions>
      </trkpt>
      <trkpt lat="47.25121767260134220123291015625" lon="7.02898420393466949462890625">
        <ele>1041.800048828125</ele>
        <time>2021-12-05T15:33:14.000Z</time>
        <extensions>
          <ns3:TrackPointExtension>
            <ns3:atemp>21.0</ns3:atemp>
            <ns3:hr>92</ns3:hr>
            <ns3:cad>49</ns3:cad>
          </ns3:TrackPointExtension>
        </extensions>
      </trkpt>
      <trkpt lat="47.25123091600835323333740234375" lon="7.02899836935102939605712890625">
        <ele>1041.5999755859375</ele>
        <time>2021-12-05T15:33:15.000Z</time>
        <extensions>
          <ns3:TrackPointExtension>
            <ns3:atemp>21.0</ns3:atemp>
            <ns3:hr>90</ns3:hr>
            <ns3:cad>50</ns3:cad>
          </ns3:TrackPointExtension>
        </extensions>
      </trkpt>
      <trkpt lat="47.2512418963015079498291015625" lon="7.02900976873934268951416015625">
        <ele>1041.5999755859375</ele>
        <time>2021-12-05T15:33:16.000Z</time>
        <extensions>
          <ns3:TrackPointExtension>
            <ns3:atemp>21.0</ns3:atemp>
            <ns3:hr>90</ns3:hr>
            <ns3:cad>51</ns3:cad>
          </ns3:TrackPointExtension>
        </extensions>
      </trkpt>
      <trkpt lat="47.251255474984645843505859375" lon="7.029021419584751129150390625">
        <ele>1041.5999755859375</ele>
        <time>2021-12-05T15:33:17.000Z</time>
        <extensions>
          <ns3:TrackPointExtension>
            <ns3:atemp>21.0</ns3:atemp>
            <ns3:hr>95</ns3:hr>
            <ns3:cad>51</ns3:cad>
          </ns3:TrackPointExtension>
        </extensions>
      </trkpt>
      <trkpt lat="47.25126746110618114471435546875" lon="7.02902871184051036834716796875">
        <ele>1041.800048828125</ele>
        <time>2021-12-05T15:33:18.000Z</time>
        <extensions>
          <ns3:TrackPointExtension>
            <ns3:atemp>21.0</ns3:atemp>
            <ns3:hr>93</ns3:hr>
            <ns3:cad>51</ns3:cad>
          </ns3:TrackPointExtension>
        </extensions>
      </trkpt>
      <trkpt lat="47.2512811236083507537841796875" lon="7.02905251644551753997802734375">
        <ele>1041.5999755859375</ele>
        <time>2021-12-05T15:33:20.000Z</time>
        <extensions>
          <ns3:TrackPointExtension>
            <ns3:atemp>21.0</ns3:atemp>
            <ns3:hr>95</ns3:hr>
            <ns3:cad>50</ns3:cad>
          </ns3:TrackPointExtension>
        </extensions>
      </trkpt>
      <trkpt lat="47.25131389684975147247314453125" lon="7.02908403240144252777099609375">
        <ele>1041.5999755859375</ele>
        <time>2021-12-05T15:33:23.000Z</time>
        <extensions>
          <ns3:TrackPointExtension>
            <ns3:atemp>21.0</ns3:atemp>
            <ns3:hr>94</ns3:hr>
            <ns3:cad>50</ns3:cad>
          </ns3:TrackPointExtension>
        </extensions>
      </trkpt>
      <trkpt lat="47.25134373642504215240478515625" lon="7.0291359163820743560791015625">
        <ele>1041.800048828125</ele>
        <time>2021-12-05T15:33:29.000Z</time>
        <extensions>
          <ns3:TrackPointExtension>
            <ns3:atemp>21.0</ns3:atemp>
            <ns3:hr>97</ns3:hr>
            <ns3:cad>52</ns3:cad>
          </ns3:TrackPointExtension>
        </extensions>
      </trkpt>
      <trkpt lat="47.2513454966247081756591796875" lon="7.02914924360811710357666015625">
        <ele>1041.800048828125</ele>
        <time>2021-12-05T15:33:30.000Z</time>
        <extensions>
          <ns3:TrackPointExtension>
            <ns3:atemp>21.0</ns3:atemp>
            <ns3:hr>96</ns3:hr>
            <ns3:cad>51</ns3:cad>
          </ns3:TrackPointExtension>
        </extensions>
      </trkpt>
      <trkpt lat="47.2514058463275432586669921875" lon="7.02917866408824920654296875">
        <ele>1042.199951171875</ele>
        <time>2021-12-05T15:33:33.000Z</time>
        <extensions>
          <ns3:TrackPointExtension>
            <ns3:atemp>21.0</ns3:atemp>
            <ns3:hr>96</ns3:hr>
            <ns3:cad>48</ns3:cad>
          </ns3:TrackPointExtension>
        </extensions>
      </trkpt>
      <trkpt lat="47.25142034702003002166748046875" lon="7.029181681573390960693359375">
        <ele>1041.800048828125</ele>
        <time>2021-12-05T15:33:34.000Z</time>
        <extensions>
          <ns3:TrackPointExtension>
            <ns3:atemp>21.0</ns3:atemp>
            <ns3:hr>96</ns3:hr>
            <ns3:cad>53</ns3:cad>
          </ns3:TrackPointExtension>
        </extensions>
      </trkpt>
      <trkpt lat="47.25149963982403278350830078125" lon="7.029217220842838287353515625">
        <ele>1041.800048828125</ele>
        <time>2021-12-05T15:33:41.000Z</time>
        <extensions>
          <ns3:TrackPointExtension>
            <ns3:atemp>21.0</ns3:atemp>
            <ns3:hr>97</ns3:hr>
            <ns3:cad>51</ns3:cad>
          </ns3:TrackPointExtension>
        </extensions>
      </trkpt>
      <trkpt lat="47.25154020823538303375244140625" lon="7.029220573604106903076171875">
        <ele>1042.4000244140625</ele>
        <time>2021-12-05T15:33:44.000Z</time>
        <extensions>
          <ns3:TrackPointExtension>
            <ns3:atemp>21.0</ns3:atemp>
            <ns3:hr>97</ns3:hr>
            <ns3:cad>51</ns3:cad>
          </ns3:TrackPointExtension>
        </extensions>
      </trkpt>
      <trkpt lat="47.2515520267188549041748046875" lon="7.02921814285218715667724609375">
        <ele>1042.5999755859375</ele>
        <time>2021-12-05T15:33:45.000Z</time>
        <extensions>
          <ns3:TrackPointExtension>
            <ns3:atemp>21.0</ns3:atemp>
            <ns3:hr>100</ns3:hr>
            <ns3:cad>52</ns3:cad>
          </ns3:TrackPointExtension>
        </extensions>
      </trkpt>
      <trkpt lat="47.25156350992619991302490234375" lon="7.0292157121002674102783203125">
        <ele>1042.5999755859375</ele>
        <time>2021-12-05T15:33:46.000Z</time>
        <extensions>
          <ns3:TrackPointExtension>
            <ns3:atemp>21.0</ns3:atemp>
            <ns3:hr>97</ns3:hr>
            <ns3:cad>52</ns3:cad>
          </ns3:TrackPointExtension>
        </extensions>
      </trkpt>
      <trkpt lat="47.25157708860933780670166015625" lon="7.0292163826525211334228515625">
        <ele>1042.4000244140625</ele>
        <time>2021-12-05T15:33:47.000Z</time>
        <extensions>
          <ns3:TrackPointExtension>
            <ns3:atemp>21.0</ns3:atemp>
            <ns3:hr>98</ns3:hr>
            <ns3:cad>53</ns3:cad>
          </ns3:TrackPointExtension>
        </extensions>
      </trkpt>
      <trkpt lat="47.2516180761158466339111328125" lon="7.02921160496771335601806640625">
        <ele>1042.4000244140625</ele>
        <time>2021-12-05T15:33:50.000Z</time>
        <extensions>
          <ns3:TrackPointExtension>
            <ns3:atemp>21.0</ns3:atemp>
            <ns3:hr>98</ns3:hr>
            <ns3:cad>53</ns3:cad>
          </ns3:TrackPointExtension>
        </extensions>
      </trkpt>
      <trkpt lat="47.2516348399221897125244140625" lon="7.0292029716074466705322265625">
        <ele>1042</ele>
        <time>2021-12-05T15:33:52.000Z</time>
        <extensions>
          <ns3:TrackPointExtension>
            <ns3:atemp>21.0</ns3:atemp>
            <ns3:hr>97</ns3:hr>
            <ns3:cad>50</ns3:cad>
          </ns3:TrackPointExtension>
        </extensions>
      </trkpt>
      <trkpt lat="47.2516460716724395751953125" lon="7.029196433722972869873046875">
        <ele>1041.800048828125</ele>
        <time>2021-12-05T15:33:53.000Z</time>
        <extensions>
          <ns3:TrackPointExtension>
            <ns3:atemp>21.0</ns3:atemp>
            <ns3:hr>97</ns3:hr>
            <ns3:cad>50</ns3:cad>
          </ns3:TrackPointExtension>
        </extensions>
      </trkpt>
      <trkpt lat="47.25165856070816516876220703125" lon="7.0291952602565288543701171875">
        <ele>1042</ele>
        <time>2021-12-05T15:33:54.000Z</time>
        <extensions>
          <ns3:TrackPointExtension>
            <ns3:atemp>21.0</ns3:atemp>
            <ns3:hr>99</ns3:hr>
            <ns3:cad>50</ns3:cad>
          </ns3:TrackPointExtension>
        </extensions>
      </trkpt>
      <trkpt lat="47.2517146356403827667236328125" lon="7.029168605804443359375">
        <ele>1042.5999755859375</ele>
        <time>2021-12-05T15:33:59.000Z</time>
        <extensions>
          <ns3:TrackPointExtension>
            <ns3:atemp>21.0</ns3:atemp>
            <ns3:hr>97</ns3:hr>
            <ns3:cad>99</ns3:cad>
          </ns3:TrackPointExtension>
        </extensions>
      </trkpt>
      <trkpt lat="47.25172410719096660614013671875" lon="7.02913801185786724090576171875">
        <ele>1042.5999755859375</ele>
        <time>2021-12-05T15:34:02.000Z</time>
        <extensions>
          <ns3:TrackPointExtension>
            <ns3:atemp>21.0</ns3:atemp>
            <ns3:hr>98</ns3:hr>
            <ns3:cad>58</ns3:cad>
          </ns3:TrackPointExtension>
        </extensions>
      </trkpt>
      <trkpt lat="47.2517451457679271697998046875" lon="7.029099874198436737060546875">
        <ele>1042.4000244140625</ele>
        <time>2021-12-05T15:34:06.000Z</time>
        <extensions>
          <ns3:TrackPointExtension>
            <ns3:atemp>21.0</ns3:atemp>
            <ns3:hr>98</ns3:hr>
            <ns3:cad>0</ns3:cad>
          </ns3:TrackPointExtension>
        </extensions>
      </trkpt>
      <trkpt lat="47.25175528787076473236083984375" lon="7.0290846191346645355224609375">
        <ele>1042.4000244140625</ele>
        <time>2021-12-05T15:34:07.000Z</time>
        <extensions>
          <ns3:TrackPointExtension>
            <ns3:atemp>21.0</ns3:atemp>
            <ns3:hr>102</ns3:hr>
            <ns3:cad>53</ns3:cad>
          </ns3:TrackPointExtension>
        </extensions>
      </trkpt>
      <trkpt lat="47.2517632506787776947021484375" lon="7.0290651731193065643310546875">
        <ele>1042.800048828125</ele>
        <time>2021-12-05T15:34:08.000Z</time>
        <extensions>
          <ns3:TrackPointExtension>
            <ns3:atemp>21.0</ns3:atemp>
            <ns3:hr>105</ns3:hr>
            <ns3:cad>55</ns3:cad>
          </ns3:TrackPointExtension>
        </extensions>
      </trkpt>
      <trkpt lat="47.2517669387161731719970703125" lon="7.0290437154471874237060546875">
        <ele>1042.800048828125</ele>
        <time>2021-12-05T15:34:09.000Z</time>
        <extensions>
          <ns3:TrackPointExtension>
            <ns3:atemp>21.0</ns3:atemp>
            <ns3:hr>108</ns3:hr>
            <ns3:cad>55</ns3:cad>
          </ns3:TrackPointExtension>
        </extensions>
      </trkpt>
      <trkpt lat="47.251773141324520111083984375" lon="7.02902267687022686004638671875">
        <ele>1042.800048828125</ele>
        <time>2021-12-05T15:34:10.000Z</time>
        <extensions>
          <ns3:TrackPointExtension>
            <ns3:atemp>21.0</ns3:atemp>
            <ns3:hr>112</ns3:hr>
            <ns3:cad>56</ns3:cad>
          </ns3:TrackPointExtension>
        </extensions>
      </trkpt>
      <trkpt lat="47.2517796792089939117431640625" lon="7.028999961912631988525390625">
        <ele>1042.800048828125</ele>
        <time>2021-12-05T15:34:11.000Z</time>
        <extensions>
          <ns3:TrackPointExtension>
            <ns3:atemp>21.0</ns3:atemp>
            <ns3:hr>116</ns3:hr>
            <ns3:cad>56</ns3:cad>
          </ns3:TrackPointExtension>
        </extensions>
      </trkpt>
      <trkpt lat="47.251786887645721435546875" lon="7.0289816893637180328369140625">
        <ele>1042.800048828125</ele>
        <time>2021-12-05T15:34:12.000Z</time>
        <extensions>
          <ns3:TrackPointExtension>
            <ns3:atemp>21.0</ns3:atemp>
            <ns3:hr>119</ns3:hr>
            <ns3:cad>56</ns3:cad>
          </ns3:TrackPointExtension>
        </extensions>
      </trkpt>
      <trkpt lat="47.25179937668144702911376953125" lon="7.02894941903650760650634765625">
        <ele>1042.5999755859375</ele>
        <time>2021-12-05T15:34:14.000Z</time>
        <extensions>
          <ns3:TrackPointExtension>
            <ns3:atemp>21.0</ns3:atemp>
            <ns3:hr>125</ns3:hr>
            <ns3:cad>56</ns3:cad>
          </ns3:TrackPointExtension>
        </extensions>
      </trkpt>
      <trkpt lat="47.25181161426007747650146484375" lon="7.02890365384519100189208984375">
        <ele>1042.5999755859375</ele>
        <time>2021-12-05T15:34:17.000Z</time>
        <extensions>
          <ns3:TrackPointExtension>
            <ns3:atemp>21.0</ns3:atemp>
            <ns3:hr>129</ns3:hr>
            <ns3:cad>51</ns3:cad>
          </ns3:TrackPointExtension>
        </extensions>
      </trkpt>
      <trkpt lat="47.25182510912418365478515625" lon="7.0288472436368465423583984375">
        <ele>1042.4000244140625</ele>
        <time>2021-12-05T15:34:20.000Z</time>
        <extensions>
          <ns3:TrackPointExtension>
            <ns3:atemp>21.0</ns3:atemp>
            <ns3:hr>132</ns3:hr>
            <ns3:cad>50</ns3:cad>
          </ns3:TrackPointExtension>
        </extensions>
      </trkpt>
      <trkpt lat="47.2518353350460529327392578125" lon="7.0287751592695713043212890625">
        <ele>1043.199951171875</ele>
        <time>2021-12-05T15:34:25.000Z</time>
        <extensions>
          <ns3:TrackPointExtension>
            <ns3:atemp>21.0</ns3:atemp>
            <ns3:hr>135</ns3:hr>
            <ns3:cad>52</ns3:cad>
          </ns3:TrackPointExtension>
        </extensions>
      </trkpt>
      <trkpt lat="47.25184380076825618743896484375" lon="7.0287506841123104095458984375">
        <ele>1043.199951171875</ele>
        <time>2021-12-05T15:34:27.000Z</time>
        <extensions>
          <ns3:TrackPointExtension>
            <ns3:atemp>21.0</ns3:atemp>
            <ns3:hr>136</ns3:hr>
            <ns3:cad>58</ns3:cad>
          </ns3:TrackPointExtension>
        </extensions>
      </trkpt>
      <trkpt lat="47.25186827592551708221435546875" lon="7.028658650815486907958984375">
        <ele>1042.5999755859375</ele>
        <time>2021-12-05T15:34:33.000Z</time>
        <extensions>
          <ns3:TrackPointExtension>
            <ns3:atemp>21.0</ns3:atemp>
            <ns3:hr>136</ns3:hr>
            <ns3:cad>55</ns3:cad>
          </ns3:TrackPointExtension>
        </extensions>
      </trkpt>
      <trkpt lat="47.25187414325773715972900390625" lon="7.02861397527158260345458984375">
        <ele>1042.800048828125</ele>
        <time>2021-12-05T15:34:35.000Z</time>
        <extensions>
          <ns3:TrackPointExtension>
            <ns3:atemp>21.0</ns3:atemp>
            <ns3:hr>140</ns3:hr>
            <ns3:cad>59</ns3:cad>
          </ns3:TrackPointExtension>
        </extensions>
      </trkpt>
      <trkpt lat="47.25189442746341228485107421875" lon="7.0285511948168277740478515625">
        <ele>1042.5999755859375</ele>
        <time>2021-12-05T15:34:39.000Z</time>
        <extensions>
          <ns3:TrackPointExtension>
            <ns3:atemp>21.0</ns3:atemp>
            <ns3:hr>142</ns3:hr>
            <ns3:cad>55</ns3:cad>
          </ns3:TrackPointExtension>
        </extensions>
      </trkpt>
      <trkpt lat="47.25189962424337863922119140625" lon="7.02852328307926654815673828125">
        <ele>1042.800048828125</ele>
        <time>2021-12-05T15:34:41.000Z</time>
        <extensions>
          <ns3:TrackPointExtension>
            <ns3:atemp>21.0</ns3:atemp>
            <ns3:hr>139</ns3:hr>
            <ns3:cad>55</ns3:cad>
          </ns3:TrackPointExtension>
        </extensions>
      </trkpt>
      <trkpt lat="47.25191068835556507110595703125" lon="7.02845589257776737213134765625">
        <ele>1043.800048828125</ele>
        <time>2021-12-05T15:34:45.000Z</time>
        <extensions>
          <ns3:TrackPointExtension>
            <ns3:atemp>21.0</ns3:atemp>
            <ns3:hr>137</ns3:hr>
            <ns3:cad>53</ns3:cad>
          </ns3:TrackPointExtension>
        </extensions>
      </trkpt>
      <trkpt lat="47.25191873498260974884033203125" lon="7.02841096557676792144775390625">
        <ele>1044</ele>
        <time>2021-12-05T15:34:47.000Z</time>
        <extensions>
          <ns3:TrackPointExtension>
            <ns3:atemp>21.0</ns3:atemp>
            <ns3:hr>135</ns3:hr>
            <ns3:cad>54</ns3:cad>
          </ns3:TrackPointExtension>
        </extensions>
      </trkpt>
      <trkpt lat="47.2519701160490512847900390625" lon="7.0283007435500621795654296875">
        <ele>1044</ele>
        <time>2021-12-05T15:34:54.000Z</time>
        <extensions>
          <ns3:TrackPointExtension>
            <ns3:atemp>21.0</ns3:atemp>
            <ns3:hr>133</ns3:hr>
            <ns3:cad>55</ns3:cad>
          </ns3:TrackPointExtension>
        </extensions>
      </trkpt>
      <trkpt lat="47.251981012523174285888671875" lon="7.028278447687625885009765625">
        <ele>1044</ele>
        <time>2021-12-05T15:34:56.000Z</time>
        <extensions>
          <ns3:TrackPointExtension>
            <ns3:atemp>21.0</ns3:atemp>
            <ns3:hr>131</ns3:hr>
            <ns3:cad>52</ns3:cad>
          </ns3:TrackPointExtension>
        </extensions>
      </trkpt>
      <trkpt lat="47.25198076106607913970947265625" lon="7.02826729975640773773193359375">
        <ele>1044</ele>
        <time>2021-12-05T15:34:58.000Z</time>
        <extensions>
          <ns3:TrackPointExtension>
            <ns3:atemp>21.0</ns3:atemp>
            <ns3:hr>127</ns3:hr>
            <ns3:cad>52</ns3:cad>
          </ns3:TrackPointExtension>
        </extensions>
      </trkpt>
      <trkpt lat="47.2519821859896183013916015625" lon="7.02826243825256824493408203125">
        <ele>1044</ele>
        <time>2021-12-05T15:34:59.000Z</time>
        <extensions>
          <ns3:TrackPointExtension>
            <ns3:atemp>21.0</ns3:atemp>
            <ns3:hr>128</ns3:hr>
            <ns3:cad>52</ns3:cad>
          </ns3:TrackPointExtension>
        </extensions>
      </trkpt>
      <trkpt lat="47.2519882209599018096923828125" lon="7.0282306708395481109619140625">
        <ele>1043.800048828125</ele>
        <time>2021-12-05T15:35:03.000Z</time>
        <extensions>
          <ns3:TrackPointExtension>
            <ns3:atemp>21.0</ns3:atemp>
            <ns3:hr>126</ns3:hr>
            <ns3:cad>61</ns3:cad>
          </ns3:TrackPointExtension>
        </extensions>
      </trkpt>
      <trkpt lat="47.2520012967288494110107421875" lon="7.028180547058582305908203125">
        <ele>1043.800048828125</ele>
        <time>2021-12-05T15:35:06.000Z</time>
        <extensions>
          <ns3:TrackPointExtension>
            <ns3:atemp>21.0</ns3:atemp>
            <ns3:hr>127</ns3:hr>
            <ns3:cad>62</ns3:cad>
          </ns3:TrackPointExtension>
        </extensions>
      </trkpt>
      <trkpt lat="47.252006828784942626953125" lon="7.02812111936509609222412109375">
        <ele>1043.5999755859375</ele>
        <time>2021-12-05T15:35:09.000Z</time>
        <extensions>
          <ns3:TrackPointExtension>
            <ns3:atemp>21.0</ns3:atemp>
            <ns3:hr>127</ns3:hr>
            <ns3:cad>56</ns3:cad>
          </ns3:TrackPointExtension>
        </extensions>
      </trkpt>
      <trkpt lat="47.25202493369579315185546875" lon="7.0280251465737819671630859375">
        <ele>1043.800048828125</ele>
        <time>2021-12-05T15:35:13.000Z</time>
        <extensions>
          <ns3:TrackPointExtension>
            <ns3:atemp>21.0</ns3:atemp>
            <ns3:hr>125</ns3:hr>
            <ns3:cad>55</ns3:cad>
          </ns3:TrackPointExtension>
        </extensions>
      </trkpt>
      <trkpt lat="47.2520217485725879669189453125" lon="7.02789581380784511566162109375">
        <ele>1042.800048828125</ele>
        <time>2021-12-05T15:35:19.000Z</time>
        <extensions>
          <ns3:TrackPointExtension>
            <ns3:atemp>21.0</ns3:atemp>
            <ns3:hr>123</ns3:hr>
            <ns3:cad>57</ns3:cad>
          </ns3:TrackPointExtension>
        </extensions>
      </trkpt>
      <trkpt lat="47.25201831199228763580322265625" lon="7.0278464443981647491455078125">
        <ele>1043</ele>
        <time>2021-12-05T15:35:22.000Z</time>
        <extensions>
          <ns3:TrackPointExtension>
            <ns3:atemp>21.0</ns3:atemp>
            <ns3:hr>119</ns3:hr>
            <ns3:cad>57</ns3:cad>
          </ns3:TrackPointExtension>
        </extensions>
      </trkpt>
      <trkpt lat="47.252018563449382781982421875" lon="7.02783294953405857086181640625">
        <ele>1043.199951171875</ele>
        <time>2021-12-05T15:35:23.000Z</time>
        <extensions>
          <ns3:TrackPointExtension>
            <ns3:atemp>21.0</ns3:atemp>
            <ns3:hr>120</ns3:hr>
            <ns3:cad>58</ns3:cad>
          </ns3:TrackPointExtension>
        </extensions>
      </trkpt>
      <trkpt lat="47.25201898254454135894775390625" lon="7.02781685627996921539306640625">
        <ele>1043.199951171875</ele>
        <time>2021-12-05T15:35:24.000Z</time>
        <extensions>
          <ns3:TrackPointExtension>
            <ns3:atemp>21.0</ns3:atemp>
            <ns3:hr>120</ns3:hr>
            <ns3:cad>58</ns3:cad>
          </ns3:TrackPointExtension>
        </extensions>
      </trkpt>
      <trkpt lat="47.25202417932450771331787109375" lon="7.0277860946953296661376953125">
        <ele>1043.4000244140625</ele>
        <time>2021-12-05T15:35:26.000Z</time>
        <extensions>
          <ns3:TrackPointExtension>
            <ns3:atemp>21.0</ns3:atemp>
            <ns3:hr>119</ns3:hr>
            <ns3:cad>58</ns3:cad>
          </ns3:TrackPointExtension>
        </extensions>
      </trkpt>
      <trkpt lat="47.25202401168644428253173828125" lon="7.02772348187863826751708984375">
        <ele>1043.5999755859375</ele>
        <time>2021-12-05T15:35:29.000Z</time>
        <extensions>
          <ns3:TrackPointExtension>
            <ns3:atemp>21.0</ns3:atemp>
            <ns3:hr>119</ns3:hr>
            <ns3:cad>53</ns3:cad>
          </ns3:TrackPointExtension>
        </extensions>
      </trkpt>
      <trkpt lat="47.25202635861933231353759765625" lon="7.02758031897246837615966796875">
        <ele>1044</ele>
        <time>2021-12-05T15:35:36.000Z</time>
        <extensions>
          <ns3:TrackPointExtension>
            <ns3:atemp>21.0</ns3:atemp>
            <ns3:hr>118</ns3:hr>
            <ns3:cad>50</ns3:cad>
          </ns3:TrackPointExtension>
        </extensions>
      </trkpt>
      <trkpt lat="47.25200884044170379638671875" lon="7.02744134701788425445556640625">
        <ele>1044.199951171875</ele>
        <time>2021-12-05T15:35:43.000Z</time>
        <extensions>
          <ns3:TrackPointExtension>
            <ns3:atemp>21.0</ns3:atemp>
            <ns3:hr>116</ns3:hr>
            <ns3:cad>55</ns3:cad>
          </ns3:TrackPointExtension>
        </extensions>
      </trkpt>
      <trkpt lat="47.25200205110013484954833984375" lon="7.0274266786873340606689453125">
        <ele>1044</ele>
        <time>2021-12-05T15:35:44.000Z</time>
        <extensions>
          <ns3:TrackPointExtension>
            <ns3:atemp>21.0</ns3:atemp>
            <ns3:hr>118</ns3:hr>
            <ns3:cad>55</ns3:cad>
          </ns3:TrackPointExtension>
        </extensions>
      </trkpt>
      <trkpt lat="47.25199400447309017181396484375" lon="7.02741251327097415924072265625">
        <ele>1044</ele>
        <time>2021-12-05T15:35:46.000Z</time>
        <extensions>
          <ns3:TrackPointExtension>
            <ns3:atemp>21.0</ns3:atemp>
            <ns3:hr>116</ns3:hr>
            <ns3:cad>55</ns3:cad>
          </ns3:TrackPointExtension>
        </extensions>
      </trkpt>
      <trkpt lat="47.2519813477993011474609375" lon="7.0273975096642971038818359375">
        <ele>1044.4000244140625</ele>
        <time>2021-12-05T15:35:48.000Z</time>
        <extensions>
          <ns3:TrackPointExtension>
            <ns3:atemp>21.0</ns3:atemp>
            <ns3:hr>114</ns3:hr>
            <ns3:cad>53</ns3:cad>
          </ns3:TrackPointExtension>
        </extensions>
      </trkpt>
      <trkpt lat="47.25196483545005321502685546875" lon="7.0273663289844989776611328125">
        <ele>1044.800048828125</ele>
        <time>2021-12-05T15:35:51.000Z</time>
        <extensions>
          <ns3:TrackPointExtension>
            <ns3:atemp>21.0</ns3:atemp>
            <ns3:hr>114</ns3:hr>
            <ns3:cad>51</ns3:cad>
          </ns3:TrackPointExtension>
        </extensions>
      </trkpt>
      <trkpt lat="47.25193499587476253509521484375" lon="7.02733674086630344390869140625">
        <ele>1045</ele>
        <time>2021-12-05T15:35:55.000Z</time>
        <extensions>
          <ns3:TrackPointExtension>
            <ns3:atemp>21.0</ns3:atemp>
            <ns3:hr>114</ns3:hr>
            <ns3:cad>52</ns3:cad>
          </ns3:TrackPointExtension>
        </extensions>
      </trkpt>
      <trkpt lat="47.25188906304538249969482421875" lon="7.02730975113809108734130859375">
        <ele>1045</ele>
        <time>2021-12-05T15:36:00.000Z</time>
        <extensions>
          <ns3:TrackPointExtension>
            <ns3:atemp>21.0</ns3:atemp>
            <ns3:hr>113</ns3:hr>
            <ns3:cad>53</ns3:cad>
          </ns3:TrackPointExtension>
        </extensions>
      </trkpt>
      <trkpt lat="47.25182686932384967803955078125" lon="7.02729432843625545501708984375">
        <ele>1044.4000244140625</ele>
        <time>2021-12-05T15:36:06.000Z</time>
        <extensions>
          <ns3:TrackPointExtension>
            <ns3:atemp>21.0</ns3:atemp>
            <ns3:hr>115</ns3:hr>
            <ns3:cad>54</ns3:cad>
          </ns3:TrackPointExtension>
        </extensions>
      </trkpt>
      <trkpt lat="47.25182167254388332366943359375" lon="7.02728376723825931549072265625">
        <ele>1044.4000244140625</ele>
        <time>2021-12-05T15:36:07.000Z</time>
        <extensions>
          <ns3:TrackPointExtension>
            <ns3:atemp>21.0</ns3:atemp>
            <ns3:hr>115</ns3:hr>
            <ns3:cad>54</ns3:cad>
          </ns3:TrackPointExtension>
        </extensions>
      </trkpt>
      <trkpt lat="47.251801304519176483154296875" lon="7.02726549468934535980224609375">
        <ele>1044.800048828125</ele>
        <time>2021-12-05T15:36:10.000Z</time>
        <extensions>
          <ns3:TrackPointExtension>
            <ns3:atemp>21.0</ns3:atemp>
            <ns3:hr>107</ns3:hr>
            <ns3:cad>0</ns3:cad>
          </ns3:TrackPointExtension>
        </extensions>
      </trkpt>
      <trkpt lat="47.2517837025225162506103515625" lon="7.02724403701722621917724609375">
        <ele>1045.199951171875</ele>
        <time>2021-12-05T15:36:12.000Z</time>
        <extensions>
          <ns3:TrackPointExtension>
            <ns3:atemp>21.0</ns3:atemp>
            <ns3:hr>105</ns3:hr>
            <ns3:cad>0</ns3:cad>
          </ns3:TrackPointExtension>
        </extensions>
      </trkpt>
      <trkpt lat="47.2517619095742702484130859375" lon="7.027205564081668853759765625">
        <ele>1045.199951171875</ele>
        <time>2021-12-05T15:36:15.000Z</time>
        <extensions>
          <ns3:TrackPointExtension>
            <ns3:atemp>21.0</ns3:atemp>
            <ns3:hr>104</ns3:hr>
            <ns3:cad>49</ns3:cad>
          </ns3:TrackPointExtension>
        </extensions>
      </trkpt>
      <trkpt lat="47.25175042636692523956298828125" lon="7.02714957296848297119140625">
        <ele>1045.4000244140625</ele>
        <time>2021-12-05T15:36:19.000Z</time>
        <extensions>
          <ns3:TrackPointExtension>
            <ns3:atemp>21.0</ns3:atemp>
            <ns3:hr>104</ns3:hr>
            <ns3:cad>48</ns3:cad>
          </ns3:TrackPointExtension>
        </extensions>
      </trkpt>
      <trkpt lat="47.25173634476959705352783203125" lon="7.02712132595479488372802734375">
        <ele>1045.5999755859375</ele>
        <time>2021-12-05T15:36:22.000Z</time>
        <extensions>
          <ns3:TrackPointExtension>
            <ns3:atemp>21.0</ns3:atemp>
            <ns3:hr>104</ns3:hr>
            <ns3:cad>50</ns3:cad>
          </ns3:TrackPointExtension>
        </extensions>
      </trkpt>
      <trkpt lat="47.2517139650881290435791015625" lon="7.0270800031721591949462890625">
        <ele>1045</ele>
        <time>2021-12-05T15:36:26.000Z</time>
        <extensions>
          <ns3:TrackPointExtension>
            <ns3:atemp>21.0</ns3:atemp>
            <ns3:hr>105</ns3:hr>
            <ns3:cad>48</ns3:cad>
          </ns3:TrackPointExtension>
        </extensions>
      </trkpt>
      <trkpt lat="47.25169979967176914215087890625" lon="7.02700984664261341094970703125">
        <ele>1045.800048828125</ele>
        <time>2021-12-05T15:36:31.000Z</time>
        <extensions>
          <ns3:TrackPointExtension>
            <ns3:atemp>21.0</ns3:atemp>
            <ns3:hr>102</ns3:hr>
            <ns3:cad>48</ns3:cad>
          </ns3:TrackPointExtension>
        </extensions>
      </trkpt>
      <trkpt lat="47.25169577635824680328369140625" lon="7.0269935019314289093017578125">
        <ele>1045.800048828125</ele>
        <time>2021-12-05T15:36:32.000Z</time>
        <extensions>
          <ns3:TrackPointExtension>
            <ns3:atemp>21.0</ns3:atemp>
            <ns3:hr>102</ns3:hr>
            <ns3:cad>48</ns3:cad>
          </ns3:TrackPointExtension>
        </extensions>
      </trkpt>
      <trkpt lat="47.25169460289180278778076171875" lon="7.0269750617444515228271484375">
        <ele>1046</ele>
        <time>2021-12-05T15:36:33.000Z</time>
        <extensions>
          <ns3:TrackPointExtension>
            <ns3:atemp>21.0</ns3:atemp>
            <ns3:hr>102</ns3:hr>
            <ns3:cad>49</ns3:cad>
          </ns3:TrackPointExtension>
        </extensions>
      </trkpt>
      <trkpt lat="47.2516908310353755950927734375" lon="7.02695737592875957489013671875">
        <ele>1046.199951171875</ele>
        <time>2021-12-05T15:36:34.000Z</time>
        <extensions>
          <ns3:TrackPointExtension>
            <ns3:atemp>21.0</ns3:atemp>
            <ns3:hr>102</ns3:hr>
            <ns3:cad>49</ns3:cad>
          </ns3:TrackPointExtension>
        </extensions>
      </trkpt>
      <trkpt lat="47.25166778080165386199951171875" lon="7.0269039832055568695068359375">
        <ele>1046.199951171875</ele>
        <time>2021-12-05T15:36:39.000Z</time>
        <extensions>
          <ns3:TrackPointExtension>
            <ns3:atemp>21.0</ns3:atemp>
            <ns3:hr>103</ns3:hr>
            <ns3:cad>48</ns3:cad>
          </ns3:TrackPointExtension>
        </extensions>
      </trkpt>
      <trkpt lat="47.2516817785799503326416015625" lon="7.0269086770713329315185546875">
        <ele>1046</ele>
        <time>2021-12-05T15:36:43.000Z</time>
        <extensions>
          <ns3:TrackPointExtension>
            <ns3:atemp>21.0</ns3:atemp>
            <ns3:hr>103</ns3:hr>
            <ns3:cad>43</ns3:cad>
          </ns3:TrackPointExtension>
        </extensions>
      </trkpt>
      <trkpt lat="47.25170482881367206573486328125" lon="7.02687707729637622833251953125">
        <ele>1046.199951171875</ele>
        <time>2021-12-05T15:36:47.000Z</time>
        <extensions>
          <ns3:TrackPointExtension>
            <ns3:atemp>21.0</ns3:atemp>
            <ns3:hr>102</ns3:hr>
            <ns3:cad>45</ns3:cad>
          </ns3:TrackPointExtension>
        </extensions>
      </trkpt>
      <trkpt lat="47.25169929675757884979248046875" lon="7.02685511671006679534912109375">
        <ele>1047.4000244140625</ele>
        <time>2021-12-05T15:36:50.000Z</time>
        <extensions>
          <ns3:TrackPointExtension>
            <ns3:atemp>21.0</ns3:atemp>
            <ns3:hr>100</ns3:hr>
            <ns3:cad>45</ns3:cad>
          </ns3:TrackPointExtension>
        </extensions>
      </trkpt>
      <trkpt lat="47.2517102770507335662841796875" lon="7.02682645060122013092041015625">
        <ele>1048.199951171875</ele>
        <time>2021-12-05T15:36:53.000Z</time>
        <extensions>
          <ns3:TrackPointExtension>
            <ns3:atemp>21.0</ns3:atemp>
            <ns3:hr>101</ns3:hr>
            <ns3:cad>51</ns3:cad>
          </ns3:TrackPointExtension>
        </extensions>
      </trkpt>
      <trkpt lat="47.25172259844839572906494140625" lon="7.0268010534346103668212890625">
        <ele>1047.800048828125</ele>
        <time>2021-12-05T15:36:54.000Z</time>
        <extensions>
          <ns3:TrackPointExtension>
            <ns3:atemp>21.0</ns3:atemp>
            <ns3:hr>101</ns3:hr>
            <ns3:cad>47</ns3:cad>
          </ns3:TrackPointExtension>
        </extensions>
      </trkpt>
      <trkpt lat="47.25174372084438800811767578125" lon="7.02675738371908664703369140625">
        <ele>1048.5999755859375</ele>
        <time>2021-12-05T15:36:57.000Z</time>
        <extensions>
          <ns3:TrackPointExtension>
            <ns3:atemp>21.0</ns3:atemp>
            <ns3:hr>102</ns3:hr>
            <ns3:cad>47</ns3:cad>
          </ns3:TrackPointExtension>
        </extensions>
      </trkpt>
      <trkpt lat="47.25175000727176666259765625" lon="7.02673005871474742889404296875">
        <ele>1048.800048828125</ele>
        <time>2021-12-05T15:36:59.000Z</time>
        <extensions>
          <ns3:TrackPointExtension>
            <ns3:atemp>21.0</ns3:atemp>
            <ns3:hr>105</ns3:hr>
            <ns3:cad>45</ns3:cad>
          </ns3:TrackPointExtension>
        </extensions>
      </trkpt>
      <trkpt lat="47.2517488338053226470947265625" lon="7.0267165638506412506103515625">
        <ele>1049</ele>
        <time>2021-12-05T15:37:01.000Z</time>
        <extensions>
          <ns3:TrackPointExtension>
            <ns3:atemp>21.0</ns3:atemp>
            <ns3:hr>105</ns3:hr>
            <ns3:cad>45</ns3:cad>
          </ns3:TrackPointExtension>
        </extensions>
      </trkpt>
      <trkpt lat="47.25175797007977962493896484375" lon="7.026695944368839263916015625">
        <ele>1049</ele>
        <time>2021-12-05T15:37:02.000Z</time>
        <extensions>
          <ns3:TrackPointExtension>
            <ns3:atemp>21.0</ns3:atemp>
            <ns3:hr>102</ns3:hr>
            <ns3:cad>45</ns3:cad>
          </ns3:TrackPointExtension>
        </extensions>
      </trkpt>
      <trkpt lat="47.251765429973602294921875" lon="7.02666736207902431488037109375">
        <ele>1049</ele>
        <time>2021-12-05T15:37:03.000Z</time>
        <extensions>
          <ns3:TrackPointExtension>
            <ns3:atemp>21.0</ns3:atemp>
            <ns3:hr>105</ns3:hr>
            <ns3:cad>46</ns3:cad>
          </ns3:TrackPointExtension>
        </extensions>
      </trkpt>
      <trkpt lat="47.25178512744605541229248046875" lon="7.02662796713411808013916015625">
        <ele>1048.5999755859375</ele>
        <time>2021-12-05T15:37:06.000Z</time>
        <extensions>
          <ns3:TrackPointExtension>
            <ns3:atemp>21.0</ns3:atemp>
            <ns3:hr>104</ns3:hr>
            <ns3:cad>46</ns3:cad>
          </ns3:TrackPointExtension>
        </extensions>
      </trkpt>
      <trkpt lat="47.2517867200076580047607421875" lon="7.0266164839267730712890625">
        <ele>1048.5999755859375</ele>
        <time>2021-12-05T15:37:07.000Z</time>
        <extensions>
          <ns3:TrackPointExtension>
            <ns3:atemp>21.0</ns3:atemp>
            <ns3:hr>102</ns3:hr>
            <ns3:cad>46</ns3:cad>
          </ns3:TrackPointExtension>
        </extensions>
      </trkpt>
      <trkpt lat="47.25179837085306644439697265625" lon="7.02657314948737621307373046875">
        <ele>1048.800048828125</ele>
        <time>2021-12-05T15:37:10.000Z</time>
        <extensions>
          <ns3:TrackPointExtension>
            <ns3:atemp>21.0</ns3:atemp>
            <ns3:hr>99</ns3:hr>
            <ns3:cad>59</ns3:cad>
          </ns3:TrackPointExtension>
        </extensions>
      </trkpt>
      <trkpt lat="47.2518177330493927001953125" lon="7.02654900960624217987060546875">
        <ele>1049.199951171875</ele>
        <time>2021-12-05T15:37:12.000Z</time>
        <extensions>
          <ns3:TrackPointExtension>
            <ns3:atemp>21.0</ns3:atemp>
            <ns3:hr>99</ns3:hr>
            <ns3:cad>0</ns3:cad>
          </ns3:TrackPointExtension>
        </extensions>
      </trkpt>
      <trkpt lat="47.25182653404772281646728515625" lon="7.02653224579989910125732421875">
        <ele>1049.4000244140625</ele>
        <time>2021-12-05T15:37:14.000Z</time>
        <extensions>
          <ns3:TrackPointExtension>
            <ns3:atemp>21.0</ns3:atemp>
            <ns3:hr>102</ns3:hr>
            <ns3:cad>45</ns3:cad>
          </ns3:TrackPointExtension>
        </extensions>
      </trkpt>
      <trkpt lat="47.25183323957026004791259765625" lon="7.02651917003095149993896484375">
        <ele>1048</ele>
        <time>2021-12-05T15:37:15.000Z</time>
        <extensions>
          <ns3:TrackPointExtension>
            <ns3:atemp>21.0</ns3:atemp>
            <ns3:hr>101</ns3:hr>
            <ns3:cad>47</ns3:cad>
          </ns3:TrackPointExtension>
        </extensions>
      </trkpt>
      <trkpt lat="47.2518279589712619781494140625" lon="7.0264664478600025177001953125">
        <ele>1048</ele>
        <time>2021-12-05T15:37:19.000Z</time>
        <extensions>
          <ns3:TrackPointExtension>
            <ns3:atemp>21.0</ns3:atemp>
            <ns3:hr>101</ns3:hr>
            <ns3:cad>43</ns3:cad>
          </ns3:TrackPointExtension>
        </extensions>
      </trkpt>
      <trkpt lat="47.2518366761505603790283203125" lon="7.02642864547669887542724609375">
        <ele>1049.5999755859375</ele>
        <time>2021-12-05T15:37:23.000Z</time>
        <extensions>
          <ns3:TrackPointExtension>
            <ns3:atemp>21.0</ns3:atemp>
            <ns3:hr>100</ns3:hr>
            <ns3:cad>44</ns3:cad>
          </ns3:TrackPointExtension>
        </extensions>
      </trkpt>
      <trkpt lat="47.2518433816730976104736328125" lon="7.0264171622693538665771484375">
        <ele>1049.5999755859375</ele>
        <time>2021-12-05T15:37:24.000Z</time>
        <extensions>
          <ns3:TrackPointExtension>
            <ns3:atemp>21.0</ns3:atemp>
            <ns3:hr>98</ns3:hr>
            <ns3:cad>44</ns3:cad>
          </ns3:TrackPointExtension>
        </extensions>
      </trkpt>
      <trkpt lat="47.251845560967922210693359375" lon="7.0264050923287868499755859375">
        <ele>1049.4000244140625</ele>
        <time>2021-12-05T15:37:26.000Z</time>
        <extensions>
          <ns3:TrackPointExtension>
            <ns3:atemp>21.0</ns3:atemp>
            <ns3:hr>97</ns3:hr>
            <ns3:cad>0</ns3:cad>
          </ns3:TrackPointExtension>
        </extensions>
      </trkpt>
      <trkpt lat="47.25185059010982513427734375" lon="7.02640232630074024200439453125">
        <ele>1049.4000244140625</ele>
        <time>2021-12-05T15:37:27.000Z</time>
        <extensions>
          <ns3:TrackPointExtension>
            <ns3:atemp>21.0</ns3:atemp>
            <ns3:hr>100</ns3:hr>
            <ns3:cad>0</ns3:cad>
          </ns3:TrackPointExtension>
        </extensions>
      </trkpt>
      <trkpt lat="47.25185084156692028045654296875" lon="7.02640299685299396514892578125">
        <ele>1049.4000244140625</ele>
        <time>2021-12-05T15:37:28.000Z</time>
        <extensions>
          <ns3:TrackPointExtension>
            <ns3:atemp>21.0</ns3:atemp>
            <ns3:hr>104</ns3:hr>
            <ns3:cad>0</ns3:cad>
          </ns3:TrackPointExtension>
        </extensions>
      </trkpt>
      <trkpt lat="47.25185486488044261932373046875" lon="7.02639587223529815673828125">
        <ele>1049.4000244140625</ele>
        <time>2021-12-05T15:37:29.000Z</time>
        <extensions>
          <ns3:TrackPointExtension>
            <ns3:atemp>21.0</ns3:atemp>
            <ns3:hr>108</ns3:hr>
            <ns3:cad>0</ns3:cad>
          </ns3:TrackPointExtension>
        </extensions>
      </trkpt>
      <trkpt lat="47.25185771472752094268798828125" lon="7.02638589777052402496337890625">
        <ele>1049.4000244140625</ele>
        <time>2021-12-05T15:37:30.000Z</time>
        <extensions>
          <ns3:TrackPointExtension>
            <ns3:atemp>21.0</ns3:atemp>
            <ns3:hr>112</ns3:hr>
            <ns3:cad>0</ns3:cad>
          </ns3:TrackPointExtension>
        </extensions>
      </trkpt>
      <trkpt lat="47.25185067392885684967041015625" lon="7.02636393718421459197998046875">
        <ele>1050</ele>
        <time>2021-12-05T15:37:32.000Z</time>
        <extensions>
          <ns3:TrackPointExtension>
            <ns3:atemp>21.0</ns3:atemp>
            <ns3:hr>117</ns3:hr>
            <ns3:cad>0</ns3:cad>
          </ns3:TrackPointExtension>
        </extensions>
      </trkpt>
      <trkpt lat="47.25185520015656948089599609375" lon="7.0263407193124294281005859375">
        <ele>1050.4000244140625</ele>
        <time>2021-12-05T15:37:34.000Z</time>
        <extensions>
          <ns3:TrackPointExtension>
            <ns3:atemp>21.0</ns3:atemp>
            <ns3:hr>120</ns3:hr>
            <ns3:cad>0</ns3:cad>
          </ns3:TrackPointExtension>
        </extensions>
      </trkpt>
      <trkpt lat="47.2518598102033138275146484375" lon="7.0263242907822132110595703125">
        <ele>1050.4000244140625</ele>
        <time>2021-12-05T15:37:35.000Z</time>
        <extensions>
          <ns3:TrackPointExtension>
            <ns3:atemp>21.0</ns3:atemp>
            <ns3:hr>123</ns3:hr>
            <ns3:cad>47</ns3:cad>
          </ns3:TrackPointExtension>
        </extensions>
      </trkpt>
      <trkpt lat="47.2518735565245151519775390625" lon="7.02626938931643962860107421875">
        <ele>1050.4000244140625</ele>
        <time>2021-12-05T15:37:39.000Z</time>
        <extensions>
          <ns3:TrackPointExtension>
            <ns3:atemp>21.0</ns3:atemp>
            <ns3:hr>127</ns3:hr>
            <ns3:cad>48</ns3:cad>
          </ns3:TrackPointExtension>
        </extensions>
      </trkpt>
      <trkpt lat="47.25187967531383037567138671875" lon="7.0262173376977443695068359375">
        <ele>1050.4000244140625</ele>
        <time>2021-12-05T15:37:43.000Z</time>
        <extensions>
          <ns3:TrackPointExtension>
            <ns3:atemp>21.0</ns3:atemp>
            <ns3:hr>130</ns3:hr>
            <ns3:cad>47</ns3:cad>
          </ns3:TrackPointExtension>
        </extensions>
      </trkpt>
      <trkpt lat="47.2518795914947986602783203125" lon="7.02620702795684337615966796875">
        <ele>1050.5999755859375</ele>
        <time>2021-12-05T15:37:44.000Z</time>
        <extensions>
          <ns3:TrackPointExtension>
            <ns3:atemp>21.0</ns3:atemp>
            <ns3:hr>130</ns3:hr>
            <ns3:cad>45</ns3:cad>
          </ns3:TrackPointExtension>
        </extensions>
      </trkpt>
      <trkpt lat="47.2518822737038135528564453125" lon="7.0261945389211177825927734375">
        <ele>1050.800048828125</ele>
        <time>2021-12-05T15:37:45.000Z</time>
        <extensions>
          <ns3:TrackPointExtension>
            <ns3:atemp>21.0</ns3:atemp>
            <ns3:hr>131</ns3:hr>
            <ns3:cad>45</ns3:cad>
          </ns3:TrackPointExtension>
        </extensions>
      </trkpt>
      <trkpt lat="47.25188721902668476104736328125" lon="7.02618037350475788116455078125">
        <ele>1051</ele>
        <time>2021-12-05T15:37:46.000Z</time>
        <extensions>
          <ns3:TrackPointExtension>
            <ns3:atemp>21.0</ns3:atemp>
            <ns3:hr>132</ns3:hr>
            <ns3:cad>45</ns3:cad>
          </ns3:TrackPointExtension>
        </extensions>
      </trkpt>
      <trkpt lat="47.25189677439630031585693359375" lon="7.02615447342395782470703125">
        <ele>1051.4000244140625</ele>
        <time>2021-12-05T15:37:48.000Z</time>
        <extensions>
          <ns3:TrackPointExtension>
            <ns3:atemp>21.0</ns3:atemp>
            <ns3:hr>134</ns3:hr>
            <ns3:cad>45</ns3:cad>
          </ns3:TrackPointExtension>
        </extensions>
      </trkpt>
      <trkpt lat="47.2519131191074848175048828125" lon="7.0261175930500030517578125">
        <ele>1051.5999755859375</ele>
        <time>2021-12-05T15:37:51.000Z</time>
        <extensions>
          <ns3:TrackPointExtension>
            <ns3:atemp>21.0</ns3:atemp>
            <ns3:hr>133</ns3:hr>
            <ns3:cad>44</ns3:cad>
          </ns3:TrackPointExtension>
        </extensions>
      </trkpt>
      <trkpt lat="47.25192057900130748748779296875" lon="7.02607895247638225555419921875">
        <ele>1052</ele>
        <time>2021-12-05T15:37:55.000Z</time>
        <extensions>
          <ns3:TrackPointExtension>
            <ns3:atemp>21.0</ns3:atemp>
            <ns3:hr>134</ns3:hr>
            <ns3:cad>43</ns3:cad>
          </ns3:TrackPointExtension>
        </extensions>
      </trkpt>
      <trkpt lat="47.25191806443035602569580078125" lon="7.0260711573064327239990234375">
        <ele>1052.5999755859375</ele>
        <time>2021-12-05T15:37:56.000Z</time>
        <extensions>
          <ns3:TrackPointExtension>
            <ns3:atemp>21.0</ns3:atemp>
            <ns3:hr>135</ns3:hr>
            <ns3:cad>47</ns3:cad>
          </ns3:TrackPointExtension>
        </extensions>
      </trkpt>
      <trkpt lat="47.25192225538194179534912109375" lon="7.02605833299458026885986328125">
        <ele>1052.800048828125</ele>
        <time>2021-12-05T15:37:57.000Z</time>
        <extensions>
          <ns3:TrackPointExtension>
            <ns3:atemp>21.0</ns3:atemp>
            <ns3:hr>134</ns3:hr>
            <ns3:cad>47</ns3:cad>
          </ns3:TrackPointExtension>
        </extensions>
      </trkpt>
      <trkpt lat="47.25192393176257610321044921875" lon="7.0260478556156158447265625">
        <ele>1053.5999755859375</ele>
        <time>2021-12-05T15:37:58.000Z</time>
        <extensions>
          <ns3:TrackPointExtension>
            <ns3:atemp>21.0</ns3:atemp>
            <ns3:hr>135</ns3:hr>
            <ns3:cad>47</ns3:cad>
          </ns3:TrackPointExtension>
        </extensions>
      </trkpt>
      <trkpt lat="47.25192476995289325714111328125" lon="7.026037462055683135986328125">
        <ele>1054</ele>
        <time>2021-12-05T15:37:59.000Z</time>
        <extensions>
          <ns3:TrackPointExtension>
            <ns3:atemp>21.0</ns3:atemp>
            <ns3:hr>135</ns3:hr>
            <ns3:cad>47</ns3:cad>
          </ns3:TrackPointExtension>
        </extensions>
      </trkpt>
      <trkpt lat="47.251922003924846649169921875" lon="7.026024721562862396240234375">
        <ele>1054.199951171875</ele>
        <time>2021-12-05T15:38:00.000Z</time>
        <extensions>
          <ns3:TrackPointExtension>
            <ns3:atemp>21.0</ns3:atemp>
            <ns3:hr>135</ns3:hr>
            <ns3:cad>47</ns3:cad>
          </ns3:TrackPointExtension>
        </extensions>
      </trkpt>
      <trkpt lat="47.25192242302000522613525390625" lon="7.02601172961294651031494140625">
        <ele>1054.4000244140625</ele>
        <time>2021-12-05T15:38:01.000Z</time>
        <extensions>
          <ns3:TrackPointExtension>
            <ns3:atemp>21.0</ns3:atemp>
            <ns3:hr>134</ns3:hr>
            <ns3:cad>47</ns3:cad>
          </ns3:TrackPointExtension>
        </extensions>
      </trkpt>
      <trkpt lat="47.25192368030548095703125" lon="7.0260027609765529632568359375">
        <ele>1054.5999755859375</ele>
        <time>2021-12-05T15:38:02.000Z</time>
        <extensions>
          <ns3:TrackPointExtension>
            <ns3:atemp>21.0</ns3:atemp>
            <ns3:hr>133</ns3:hr>
            <ns3:cad>47</ns3:cad>
          </ns3:TrackPointExtension>
        </extensions>
      </trkpt>
      <trkpt lat="47.251915968954563140869140625" lon="7.02596864663064479827880859375">
        <ele>1056</ele>
        <time>2021-12-05T15:38:05.000Z</time>
        <extensions>
          <ns3:TrackPointExtension>
            <ns3:atemp>21.0</ns3:atemp>
            <ns3:hr>133</ns3:hr>
            <ns3:cad>44</ns3:cad>
          </ns3:TrackPointExtension>
        </extensions>
      </trkpt>
      <trkpt lat="47.2519116103649139404296875" lon="7.025955654680728912353515625">
        <ele>1056.199951171875</ele>
        <time>2021-12-05T15:38:06.000Z</time>
        <extensions>
          <ns3:TrackPointExtension>
            <ns3:atemp>21.0</ns3:atemp>
            <ns3:hr>134</ns3:hr>
            <ns3:cad>0</ns3:cad>
          </ns3:TrackPointExtension>
        </extensions>
      </trkpt>
      <trkpt lat="47.25191303528845310211181640625" lon="7.02593989670276641845703125">
        <ele>1056.4000244140625</ele>
        <time>2021-12-05T15:38:08.000Z</time>
        <extensions>
          <ns3:TrackPointExtension>
            <ns3:atemp>21.0</ns3:atemp>
            <ns3:hr>136</ns3:hr>
            <ns3:cad>0</ns3:cad>
          </ns3:TrackPointExtension>
        </extensions>
      </trkpt>
      <trkpt lat="47.251918315887451171875" lon="7.0259035192430019378662109375">
        <ele>1057.199951171875</ele>
        <time>2021-12-05T15:38:11.000Z</time>
        <extensions>
          <ns3:TrackPointExtension>
            <ns3:atemp>21.0</ns3:atemp>
            <ns3:hr>134</ns3:hr>
            <ns3:cad>0</ns3:cad>
          </ns3:TrackPointExtension>
        </extensions>
      </trkpt>
      <trkpt lat="47.25191890262067317962646484375" lon="7.025888599455356597900390625">
        <ele>1057.199951171875</ele>
        <time>2021-12-05T15:38:12.000Z</time>
        <extensions>
          <ns3:TrackPointExtension>
            <ns3:atemp>21.0</ns3:atemp>
            <ns3:hr>136</ns3:hr>
            <ns3:cad>40</ns3:cad>
          </ns3:TrackPointExtension>
        </extensions>
      </trkpt>
      <trkpt lat="47.2519225068390369415283203125" lon="7.02585540711879730224609375">
        <ele>1057.800048828125</ele>
        <time>2021-12-05T15:38:14.000Z</time>
        <extensions>
          <ns3:TrackPointExtension>
            <ns3:atemp>21.0</ns3:atemp>
            <ns3:hr>134</ns3:hr>
            <ns3:cad>40</ns3:cad>
          </ns3:TrackPointExtension>
        </extensions>
      </trkpt>
      <trkpt lat="47.25192678160965442657470703125" lon="7.0258307643234729766845703125">
        <ele>1058</ele>
        <time>2021-12-05T15:38:16.000Z</time>
        <extensions>
          <ns3:TrackPointExtension>
            <ns3:atemp>21.0</ns3:atemp>
            <ns3:hr>136</ns3:hr>
            <ns3:cad>40</ns3:cad>
          </ns3:TrackPointExtension>
        </extensions>
      </trkpt>
      <trkpt lat="47.25192368030548095703125" lon="7.02579933218657970428466796875">
        <ele>1058.199951171875</ele>
        <time>2021-12-05T15:38:18.000Z</time>
        <extensions>
          <ns3:TrackPointExtension>
            <ns3:atemp>21.0</ns3:atemp>
            <ns3:hr>135</ns3:hr>
            <ns3:cad>47</ns3:cad>
          </ns3:TrackPointExtension>
        </extensions>
      </trkpt>
      <trkpt lat="47.251924015581607818603515625" lon="7.025784663856029510498046875">
        <ele>1058.199951171875</ele>
        <time>2021-12-05T15:38:19.000Z</time>
        <extensions>
          <ns3:TrackPointExtension>
            <ns3:atemp>21.0</ns3:atemp>
            <ns3:hr>136</ns3:hr>
            <ns3:cad>47</ns3:cad>
          </ns3:TrackPointExtension>
        </extensions>
      </trkpt>
      <trkpt lat="47.25192225538194179534912109375" lon="7.02576689422130584716796875">
        <ele>1058.199951171875</ele>
        <time>2021-12-05T15:38:20.000Z</time>
        <extensions>
          <ns3:TrackPointExtension>
            <ns3:atemp>21.0</ns3:atemp>
            <ns3:hr>136</ns3:hr>
            <ns3:cad>47</ns3:cad>
          </ns3:TrackPointExtension>
        </extensions>
      </trkpt>
      <trkpt lat="47.25191521458327770233154296875" lon="7.02571593225002288818359375">
        <ele>1058.4000244140625</ele>
        <time>2021-12-05T15:38:24.000Z</time>
        <extensions>
          <ns3:TrackPointExtension>
            <ns3:atemp>21.0</ns3:atemp>
            <ns3:hr>137</ns3:hr>
            <ns3:cad>55</ns3:cad>
          </ns3:TrackPointExtension>
        </extensions>
      </trkpt>
      <trkpt lat="47.25189710967242717742919921875" lon="7.02568952925503253936767578125">
        <ele>1058.199951171875</ele>
        <time>2021-12-05T15:38:27.000Z</time>
        <extensions>
          <ns3:TrackPointExtension>
            <ns3:atemp>21.0</ns3:atemp>
            <ns3:hr>139</ns3:hr>
            <ns3:cad>56</ns3:cad>
          </ns3:TrackPointExtension>
        </extensions>
      </trkpt>
      <trkpt lat="47.25189006887376308441162109375" lon="7.02568215318024158477783203125">
        <ele>1058.4000244140625</ele>
        <time>2021-12-05T15:38:28.000Z</time>
        <extensions>
          <ns3:TrackPointExtension>
            <ns3:atemp>21.0</ns3:atemp>
            <ns3:hr>138</ns3:hr>
            <ns3:cad>56</ns3:cad>
          </ns3:TrackPointExtension>
        </extensions>
      </trkpt>
      <trkpt lat="47.25185855291783809661865234375" lon="7.02564829029142856597900390625">
        <ele>1058.199951171875</ele>
        <time>2021-12-05T15:38:32.000Z</time>
        <extensions>
          <ns3:TrackPointExtension>
            <ns3:atemp>21.0</ns3:atemp>
            <ns3:hr>136</ns3:hr>
            <ns3:cad>52</ns3:cad>
          </ns3:TrackPointExtension>
        </extensions>
      </trkpt>
      <trkpt lat="47.25185318849980831146240234375" lon="7.02563739381730556488037109375">
        <ele>1058</ele>
        <time>2021-12-05T15:38:33.000Z</time>
        <extensions>
          <ns3:TrackPointExtension>
            <ns3:atemp>21.0</ns3:atemp>
            <ns3:hr>134</ns3:hr>
            <ns3:cad>52</ns3:cad>
          </ns3:TrackPointExtension>
        </extensions>
      </trkpt>
      <trkpt lat="47.25184681825339794158935546875" lon="7.0256225578486919403076171875">
        <ele>1058</ele>
        <time>2021-12-05T15:38:34.000Z</time>
        <extensions>
          <ns3:TrackPointExtension>
            <ns3:atemp>21.0</ns3:atemp>
            <ns3:hr>133</ns3:hr>
            <ns3:cad>52</ns3:cad>
          </ns3:TrackPointExtension>
        </extensions>
      </trkpt>
      <trkpt lat="47.25182502530515193939208984375" lon="7.02556279487907886505126953125">
        <ele>1057.800048828125</ele>
        <time>2021-12-05T15:38:37.000Z</time>
        <extensions>
          <ns3:TrackPointExtension>
            <ns3:atemp>21.0</ns3:atemp>
            <ns3:hr>137</ns3:hr>
            <ns3:cad>53</ns3:cad>
          </ns3:TrackPointExtension>
        </extensions>
      </trkpt>
      <trkpt lat="47.2518132068216800689697265625" lon="7.0255407504737377166748046875">
        <ele>1057.800048828125</ele>
        <time>2021-12-05T15:38:39.000Z</time>
        <extensions>
          <ns3:TrackPointExtension>
            <ns3:atemp>21.0</ns3:atemp>
            <ns3:hr>137</ns3:hr>
            <ns3:cad>53</ns3:cad>
          </ns3:TrackPointExtension>
        </extensions>
      </trkpt>
      <trkpt lat="47.25180926732718944549560546875" lon="7.02553077600896358489990234375">
        <ele>1058</ele>
        <time>2021-12-05T15:38:40.000Z</time>
        <extensions>
          <ns3:TrackPointExtension>
            <ns3:atemp>21.0</ns3:atemp>
            <ns3:hr>136</ns3:hr>
            <ns3:cad>53</ns3:cad>
          </ns3:TrackPointExtension>
        </extensions>
      </trkpt>
      <trkpt lat="47.25180004723370075225830078125" lon="7.02550512738525867462158203125">
        <ele>1058</ele>
        <time>2021-12-05T15:38:42.000Z</time>
        <extensions>
          <ns3:TrackPointExtension>
            <ns3:atemp>21.0</ns3:atemp>
            <ns3:hr>136</ns3:hr>
            <ns3:cad>54</ns3:cad>
          </ns3:TrackPointExtension>
        </extensions>
      </trkpt>
      <trkpt lat="47.2517575509846210479736328125" lon="7.02544578351080417633056640625">
        <ele>1058</ele>
        <time>2021-12-05T15:38:46.000Z</time>
        <extensions>
          <ns3:TrackPointExtension>
            <ns3:atemp>21.0</ns3:atemp>
            <ns3:hr>135</ns3:hr>
            <ns3:cad>51</ns3:cad>
          </ns3:TrackPointExtension>
        </extensions>
      </trkpt>
      <trkpt lat="47.251739613711833953857421875" lon="7.02541359700262546539306640625">
        <ele>1058</ele>
        <time>2021-12-05T15:38:48.000Z</time>
        <extensions>
          <ns3:TrackPointExtension>
            <ns3:atemp>21.0</ns3:atemp>
            <ns3:hr>132</ns3:hr>
            <ns3:cad>51</ns3:cad>
          </ns3:TrackPointExtension>
        </extensions>
      </trkpt>
      <trkpt lat="47.2516894899308681488037109375" lon="7.02532407827675342559814453125">
        <ele>1057.800048828125</ele>
        <time>2021-12-05T15:38:53.000Z</time>
        <extensions>
          <ns3:TrackPointExtension>
            <ns3:atemp>21.0</ns3:atemp>
            <ns3:hr>130</ns3:hr>
            <ns3:cad>54</ns3:cad>
          </ns3:TrackPointExtension>
        </extensions>
      </trkpt>
      <trkpt lat="47.25168295204639434814453125" lon="7.0253130979835987091064453125">
        <ele>1057.4000244140625</ele>
        <time>2021-12-05T15:38:54.000Z</time>
        <extensions>
          <ns3:TrackPointExtension>
            <ns3:atemp>21.0</ns3:atemp>
            <ns3:hr>128</ns3:hr>
            <ns3:cad>54</ns3:cad>
          </ns3:TrackPointExtension>
        </extensions>
      </trkpt>
      <trkpt lat="47.251671887934207916259765625" lon="7.02530086040496826171875">
        <ele>1057.199951171875</ele>
        <time>2021-12-05T15:38:55.000Z</time>
        <extensions>
          <ns3:TrackPointExtension>
            <ns3:atemp>21.0</ns3:atemp>
            <ns3:hr>127</ns3:hr>
            <ns3:cad>52</ns3:cad>
          </ns3:TrackPointExtension>
        </extensions>
      </trkpt>
      <trkpt lat="47.25165504030883312225341796875" lon="7.02528535388410091400146484375">
        <ele>1057.199951171875</ele>
        <time>2021-12-05T15:38:57.000Z</time>
        <extensions>
          <ns3:TrackPointExtension>
            <ns3:atemp>21.0</ns3:atemp>
            <ns3:hr>123</ns3:hr>
            <ns3:cad>51</ns3:cad>
          </ns3:TrackPointExtension>
        </extensions>
      </trkpt>
      <trkpt lat="47.2516180761158466339111328125" lon="7.0252607949078083038330078125">
        <ele>1057.5999755859375</ele>
        <time>2021-12-05T15:39:00.000Z</time>
        <extensions>
          <ns3:TrackPointExtension>
            <ns3:atemp>21.0</ns3:atemp>
            <ns3:hr>119</ns3:hr>
            <ns3:cad>52</ns3:cad>
          </ns3:TrackPointExtension>
        </extensions>
      </trkpt>
      <trkpt lat="47.251604162156581878662109375" lon="7.02525014989078044891357421875">
        <ele>1057.800048828125</ele>
        <time>2021-12-05T15:39:01.000Z</time>
        <extensions>
          <ns3:TrackPointExtension>
            <ns3:atemp>21.0</ns3:atemp>
            <ns3:hr>116</ns3:hr>
            <ns3:cad>51</ns3:cad>
          </ns3:TrackPointExtension>
        </extensions>
      </trkpt>
      <trkpt lat="47.2515848837792873382568359375" lon="7.02523321844637393951416015625">
        <ele>1058.4000244140625</ele>
        <time>2021-12-05T15:39:03.000Z</time>
        <extensions>
          <ns3:TrackPointExtension>
            <ns3:atemp>21.0</ns3:atemp>
            <ns3:hr>113</ns3:hr>
            <ns3:cad>50</ns3:cad>
          </ns3:TrackPointExtension>
        </extensions>
      </trkpt>
      <trkpt lat="47.25157273001968860626220703125" lon="7.02522165141999721527099609375">
        <ele>1058</ele>
        <time>2021-12-05T15:39:04.000Z</time>
        <extensions>
          <ns3:TrackPointExtension>
            <ns3:atemp>21.0</ns3:atemp>
            <ns3:hr>112</ns3:hr>
            <ns3:cad>50</ns3:cad>
          </ns3:TrackPointExtension>
        </extensions>
      </trkpt>
      <trkpt lat="47.25153802894055843353271484375" lon="7.025173790752887725830078125">
        <ele>1057.5999755859375</ele>
        <time>2021-12-05T15:39:08.000Z</time>
        <extensions>
          <ns3:TrackPointExtension>
            <ns3:atemp>21.0</ns3:atemp>
            <ns3:hr>112</ns3:hr>
            <ns3:cad>52</ns3:cad>
          </ns3:TrackPointExtension>
        </extensions>
      </trkpt>
      <trkpt lat="47.25153140723705291748046875" lon="7.02515878714621067047119140625">
        <ele>1057.199951171875</ele>
        <time>2021-12-05T15:39:09.000Z</time>
        <extensions>
          <ns3:TrackPointExtension>
            <ns3:atemp>21.0</ns3:atemp>
            <ns3:hr>112</ns3:hr>
            <ns3:cad>52</ns3:cad>
          </ns3:TrackPointExtension>
        </extensions>
      </trkpt>
      <trkpt lat="47.251507937908172607421875" lon="7.02511302195489406585693359375">
        <ele>1057.199951171875</ele>
        <time>2021-12-05T15:39:12.000Z</time>
        <extensions>
          <ns3:TrackPointExtension>
            <ns3:atemp>21.0</ns3:atemp>
            <ns3:hr>109</ns3:hr>
            <ns3:cad>52</ns3:cad>
          </ns3:TrackPointExtension>
        </extensions>
      </trkpt>
      <trkpt lat="47.251478768885135650634765625" lon="7.02505250461399555206298828125">
        <ele>1057.199951171875</ele>
        <time>2021-12-05T15:39:16.000Z</time>
        <extensions>
          <ns3:TrackPointExtension>
            <ns3:atemp>21.0</ns3:atemp>
            <ns3:hr>110</ns3:hr>
            <ns3:cad>53</ns3:cad>
          </ns3:TrackPointExtension>
        </extensions>
      </trkpt>
      <trkpt lat="47.2514353506267070770263671875" lon="7.02495292760431766510009765625">
        <ele>1056.4000244140625</ele>
        <time>2021-12-05T15:39:23.000Z</time>
        <extensions>
          <ns3:TrackPointExtension>
            <ns3:atemp>21.0</ns3:atemp>
            <ns3:hr>108</ns3:hr>
            <ns3:cad>50</ns3:cad>
          </ns3:TrackPointExtension>
        </extensions>
      </trkpt>
      <trkpt lat="47.25143191404640674591064453125" lon="7.0249255187809467315673828125">
        <ele>1056.199951171875</ele>
        <time>2021-12-05T15:39:25.000Z</time>
        <extensions>
          <ns3:TrackPointExtension>
            <ns3:atemp>21.0</ns3:atemp>
            <ns3:hr>107</ns3:hr>
            <ns3:cad>50</ns3:cad>
          </ns3:TrackPointExtension>
        </extensions>
      </trkpt>
      <trkpt lat="47.25142990238964557647705078125" lon="7.02491219155490398406982421875">
        <ele>1056.199951171875</ele>
        <time>2021-12-05T15:39:26.000Z</time>
        <extensions>
          <ns3:TrackPointExtension>
            <ns3:atemp>21.0</ns3:atemp>
            <ns3:hr>106</ns3:hr>
            <ns3:cad>50</ns3:cad>
          </ns3:TrackPointExtension>
        </extensions>
      </trkpt>
      <trkpt lat="47.25138212554156780242919921875" lon="7.0248567871749401092529296875">
        <ele>1057</ele>
        <time>2021-12-05T15:39:32.000Z</time>
        <extensions>
          <ns3:TrackPointExtension>
            <ns3:atemp>21.0</ns3:atemp>
            <ns3:hr>104</ns3:hr>
            <ns3:cad>50</ns3:cad>
          </ns3:TrackPointExtension>
        </extensions>
      </trkpt>
      <trkpt lat="47.25131255574524402618408203125" lon="7.024768777191638946533203125">
        <ele>1056.4000244140625</ele>
        <time>2021-12-05T15:39:39.000Z</time>
        <extensions>
          <ns3:TrackPointExtension>
            <ns3:atemp>21.0</ns3:atemp>
            <ns3:hr>105</ns3:hr>
            <ns3:cad>51</ns3:cad>
          </ns3:TrackPointExtension>
        </extensions>
      </trkpt>
      <trkpt lat="47.25126125849783420562744140625" lon="7.024713121354579925537109375">
        <ele>1056</ele>
        <time>2021-12-05T15:39:45.000Z</time>
        <extensions>
          <ns3:TrackPointExtension>
            <ns3:atemp>21.0</ns3:atemp>
            <ns3:hr>103</ns3:hr>
            <ns3:cad>52</ns3:cad>
          </ns3:TrackPointExtension>
        </extensions>
      </trkpt>
      <trkpt lat="47.25124265067279338836669921875" lon="7.024702727794647216796875">
        <ele>1056</ele>
        <time>2021-12-05T15:39:47.000Z</time>
        <extensions>
          <ns3:TrackPointExtension>
            <ns3:atemp>21.0</ns3:atemp>
            <ns3:hr>104</ns3:hr>
            <ns3:cad>51</ns3:cad>
          </ns3:TrackPointExtension>
        </extensions>
      </trkpt>
      <trkpt lat="47.251233346760272979736328125" lon="7.0246941782534122467041015625">
        <ele>1056</ele>
        <time>2021-12-05T15:39:48.000Z</time>
        <extensions>
          <ns3:TrackPointExtension>
            <ns3:atemp>21.0</ns3:atemp>
            <ns3:hr>104</ns3:hr>
            <ns3:cad>51</ns3:cad>
          </ns3:TrackPointExtension>
        </extensions>
      </trkpt>
      <trkpt lat="47.25120979361236095428466796875" lon="7.024680264294147491455078125">
        <ele>1056.199951171875</ele>
        <time>2021-12-05T15:39:50.000Z</time>
        <extensions>
          <ns3:TrackPointExtension>
            <ns3:atemp>21.0</ns3:atemp>
            <ns3:hr>103</ns3:hr>
            <ns3:cad>51</ns3:cad>
          </ns3:TrackPointExtension>
        </extensions>
      </trkpt>
      <trkpt lat="47.25117559544742107391357421875" lon="7.02464849688112735748291015625">
        <ele>1055.5999755859375</ele>
        <time>2021-12-05T15:40:25.000Z</time>
        <extensions>
          <ns3:TrackPointExtension>
            <ns3:atemp>21.0</ns3:atemp>
            <ns3:hr>87</ns3:hr>
            <ns3:cad>0</ns3:cad>
          </ns3:TrackPointExtension>
        </extensions>
      </trkpt>
      <trkpt lat="47.2511875815689563751220703125" lon="7.0246646739542484283447265625">
        <ele>1055.5999755859375</ele>
        <time>2021-12-05T15:40:26.000Z</time>
        <extensions>
          <ns3:TrackPointExtension>
            <ns3:atemp>21.0</ns3:atemp>
            <ns3:hr>87</ns3:hr>
            <ns3:cad>47</ns3:cad>
          </ns3:TrackPointExtension>
        </extensions>
      </trkpt>
      <trkpt lat="47.25119671784341335296630859375" lon="7.02467925846576690673828125">
        <ele>1055.5999755859375</ele>
        <time>2021-12-05T15:40:27.000Z</time>
        <extensions>
          <ns3:TrackPointExtension>
            <ns3:atemp>21.0</ns3:atemp>
            <ns3:hr>86</ns3:hr>
            <ns3:cad>47</ns3:cad>
          </ns3:TrackPointExtension>
        </extensions>
      </trkpt>
      <trkpt lat="47.25125220604240894317626953125" lon="7.02471320517361164093017578125">
        <ele>1055.199951171875</ele>
        <time>2021-12-05T15:40:32.000Z</time>
        <extensions>
          <ns3:TrackPointExtension>
            <ns3:atemp>21.0</ns3:atemp>
            <ns3:hr>84</ns3:hr>
            <ns3:cad>52</ns3:cad>
          </ns3:TrackPointExtension>
        </extensions>
      </trkpt>
      <trkpt lat="47.251276262104511260986328125" lon="7.0247109420597553253173828125">
        <ele>1055.199951171875</ele>
        <time>2021-12-05T15:40:34.000Z</time>
        <extensions>
          <ns3:TrackPointExtension>
            <ns3:atemp>21.0</ns3:atemp>
            <ns3:hr>84</ns3:hr>
            <ns3:cad>50</ns3:cad>
          </ns3:TrackPointExtension>
        </extensions>
      </trkpt>
      <trkpt lat="47.25139050744473934173583984375" lon="7.02467699535191059112548828125">
        <ele>1056.4000244140625</ele>
        <time>2021-12-05T15:40:41.000Z</time>
        <extensions>
          <ns3:TrackPointExtension>
            <ns3:atemp>21.0</ns3:atemp>
            <ns3:hr>84</ns3:hr>
            <ns3:cad>50</ns3:cad>
          </ns3:TrackPointExtension>
        </extensions>
      </trkpt>
      <trkpt lat="47.25143392570316791534423828125" lon="7.02465352602303028106689453125">
        <ele>1056.4000244140625</ele>
        <time>2021-12-05T15:40:44.000Z</time>
        <extensions>
          <ns3:TrackPointExtension>
            <ns3:atemp>21.0</ns3:atemp>
            <ns3:hr>81</ns3:hr>
            <ns3:cad>49</ns3:cad>
          </ns3:TrackPointExtension>
        </extensions>
      </trkpt>
      <trkpt lat="47.25144683383405208587646484375" lon="7.0246452279388904571533203125">
        <ele>1056.4000244140625</ele>
        <time>2021-12-05T15:40:45.000Z</time>
        <extensions>
          <ns3:TrackPointExtension>
            <ns3:atemp>21.0</ns3:atemp>
            <ns3:hr>84</ns3:hr>
            <ns3:cad>49</ns3:cad>
          </ns3:TrackPointExtension>
        </extensions>
      </trkpt>
      <trkpt lat="47.2514611668884754180908203125" lon="7.02463625930249691009521484375">
        <ele>1056.199951171875</ele>
        <time>2021-12-05T15:40:46.000Z</time>
        <extensions>
          <ns3:TrackPointExtension>
            <ns3:atemp>21.0</ns3:atemp>
            <ns3:hr>84</ns3:hr>
            <ns3:cad>48</ns3:cad>
          </ns3:TrackPointExtension>
        </extensions>
      </trkpt>
      <trkpt lat="47.25147231481969356536865234375" lon="7.02462955377995967864990234375">
        <ele>1056</ele>
        <time>2021-12-05T15:40:47.000Z</time>
        <extensions>
          <ns3:TrackPointExtension>
            <ns3:atemp>21.0</ns3:atemp>
            <ns3:hr>88</ns3:hr>
            <ns3:cad>48</ns3:cad>
          </ns3:TrackPointExtension>
        </extensions>
      </trkpt>
      <trkpt lat="47.25150081329047679901123046875" lon="7.0246113650500774383544921875">
        <ele>1055.800048828125</ele>
        <time>2021-12-05T15:40:49.000Z</time>
        <extensions>
          <ns3:TrackPointExtension>
            <ns3:atemp>21.0</ns3:atemp>
            <ns3:hr>91</ns3:hr>
            <ns3:cad>48</ns3:cad>
          </ns3:TrackPointExtension>
        </extensions>
      </trkpt>
      <trkpt lat="47.25152604281902313232421875" lon="7.0246133767068386077880859375">
        <ele>1055.800048828125</ele>
        <time>2021-12-05T15:40:51.000Z</time>
        <extensions>
          <ns3:TrackPointExtension>
            <ns3:atemp>21.0</ns3:atemp>
            <ns3:hr>95</ns3:hr>
            <ns3:cad>48</ns3:cad>
          </ns3:TrackPointExtension>
        </extensions>
      </trkpt>
      <trkpt lat="47.25153937004506587982177734375" lon="7.0246140472590923309326171875">
        <ele>1055.800048828125</ele>
        <time>2021-12-05T15:40:52.000Z</time>
        <extensions>
          <ns3:TrackPointExtension>
            <ns3:atemp>21.0</ns3:atemp>
            <ns3:hr>100</ns3:hr>
            <ns3:cad>48</ns3:cad>
          </ns3:TrackPointExtension>
        </extensions>
      </trkpt>
      <trkpt lat="47.2515602409839630126953125" lon="7.024609185755252838134765625">
        <ele>1055.800048828125</ele>
        <time>2021-12-05T15:40:54.000Z</time>
        <extensions>
          <ns3:TrackPointExtension>
            <ns3:atemp>21.0</ns3:atemp>
            <ns3:hr>104</ns3:hr>
            <ns3:cad>49</ns3:cad>
          </ns3:TrackPointExtension>
        </extensions>
      </trkpt>
      <trkpt lat="47.25157725624740123748779296875" lon="7.0246086828410625457763671875">
        <ele>1055.800048828125</ele>
        <time>2021-12-05T15:40:56.000Z</time>
        <extensions>
          <ns3:TrackPointExtension>
            <ns3:atemp>21.0</ns3:atemp>
            <ns3:hr>107</ns3:hr>
            <ns3:cad>49</ns3:cad>
          </ns3:TrackPointExtension>
        </extensions>
      </trkpt>
      <trkpt lat="47.2516085207462310791015625" lon="7.02458538115024566650390625">
        <ele>1055.800048828125</ele>
        <time>2021-12-05T15:40:59.000Z</time>
        <extensions>
          <ns3:TrackPointExtension>
            <ns3:atemp>21.0</ns3:atemp>
            <ns3:hr>111</ns3:hr>
            <ns3:cad>47</ns3:cad>
          </ns3:TrackPointExtension>
        </extensions>
      </trkpt>
      <trkpt lat="47.25161463953554630279541015625" lon="7.0245753228664398193359375">
        <ele>1055.800048828125</ele>
        <time>2021-12-05T15:41:00.000Z</time>
        <extensions>
          <ns3:TrackPointExtension>
            <ns3:atemp>21.0</ns3:atemp>
            <ns3:hr>112</ns3:hr>
            <ns3:cad>47</ns3:cad>
          </ns3:TrackPointExtension>
        </extensions>
      </trkpt>
      <trkpt lat="47.2516180761158466339111328125" lon="7.024560235440731048583984375">
        <ele>1055.800048828125</ele>
        <time>2021-12-05T15:41:01.000Z</time>
        <extensions>
          <ns3:TrackPointExtension>
            <ns3:atemp>21.0</ns3:atemp>
            <ns3:hr>115</ns3:hr>
            <ns3:cad>47</ns3:cad>
          </ns3:TrackPointExtension>
        </extensions>
      </trkpt>
      <trkpt lat="47.25162352435290813446044921875" lon="7.02454514801502227783203125">
        <ele>1055.5999755859375</ele>
        <time>2021-12-05T15:41:02.000Z</time>
        <extensions>
          <ns3:TrackPointExtension>
            <ns3:atemp>21.0</ns3:atemp>
            <ns3:hr>116</ns3:hr>
            <ns3:cad>47</ns3:cad>
          </ns3:TrackPointExtension>
        </extensions>
      </trkpt>
      <trkpt lat="47.251658476889133453369140625" lon="7.02451908029615879058837890625">
        <ele>1055.800048828125</ele>
        <time>2021-12-05T15:41:06.000Z</time>
        <extensions>
          <ns3:TrackPointExtension>
            <ns3:atemp>21.0</ns3:atemp>
            <ns3:hr>118</ns3:hr>
            <ns3:cad>45</ns3:cad>
          </ns3:TrackPointExtension>
        </extensions>
      </trkpt>
      <trkpt lat="47.25170248188078403472900390625" lon="7.02450298704206943511962890625">
        <ele>1055.5999755859375</ele>
        <time>2021-12-05T15:41:10.000Z</time>
        <extensions>
          <ns3:TrackPointExtension>
            <ns3:atemp>21.0</ns3:atemp>
            <ns3:hr>115</ns3:hr>
            <ns3:cad>47</ns3:cad>
          </ns3:TrackPointExtension>
        </extensions>
      </trkpt>
      <trkpt lat="47.25172318518161773681640625" lon="7.02448588795959949493408203125">
        <ele>1055.5999755859375</ele>
        <time>2021-12-05T15:41:12.000Z</time>
        <extensions>
          <ns3:TrackPointExtension>
            <ns3:atemp>21.0</ns3:atemp>
            <ns3:hr>112</ns3:hr>
            <ns3:cad>47</ns3:cad>
          </ns3:TrackPointExtension>
        </extensions>
      </trkpt>
      <trkpt lat="47.251731567084789276123046875" lon="7.0244772545993328094482421875">
        <ele>1055.4000244140625</ele>
        <time>2021-12-05T15:41:13.000Z</time>
        <extensions>
          <ns3:TrackPointExtension>
            <ns3:atemp>21.0</ns3:atemp>
            <ns3:hr>110</ns3:hr>
            <ns3:cad>53</ns3:cad>
          </ns3:TrackPointExtension>
        </extensions>
      </trkpt>
      <trkpt lat="47.251739613711833953857421875" lon="7.02446426264941692352294921875">
        <ele>1055.199951171875</ele>
        <time>2021-12-05T15:41:14.000Z</time>
        <extensions>
          <ns3:TrackPointExtension>
            <ns3:atemp>21.0</ns3:atemp>
            <ns3:hr>113</ns3:hr>
            <ns3:cad>53</ns3:cad>
          </ns3:TrackPointExtension>
        </extensions>
      </trkpt>
      <trkpt lat="47.25174866616725921630859375" lon="7.024448923766613006591796875">
        <ele>1054.4000244140625</ele>
        <time>2021-12-05T15:41:15.000Z</time>
        <extensions>
          <ns3:TrackPointExtension>
            <ns3:atemp>21.0</ns3:atemp>
            <ns3:hr>110</ns3:hr>
            <ns3:cad>53</ns3:cad>
          </ns3:TrackPointExtension>
        </extensions>
      </trkpt>
      <trkpt lat="47.25175805389881134033203125" lon="7.024427466094493865966796875">
        <ele>1054</ele>
        <time>2021-12-05T15:41:17.000Z</time>
        <extensions>
          <ns3:TrackPointExtension>
            <ns3:atemp>21.0</ns3:atemp>
            <ns3:hr>109</ns3:hr>
            <ns3:cad>52</ns3:cad>
          </ns3:TrackPointExtension>
        </extensions>
      </trkpt>
      <trkpt lat="47.25176953710615634918212890625" lon="7.02440835535526275634765625">
        <ele>1053.5999755859375</ele>
        <time>2021-12-05T15:41:19.000Z</time>
        <extensions>
          <ns3:TrackPointExtension>
            <ns3:atemp>21.0</ns3:atemp>
            <ns3:hr>108</ns3:hr>
            <ns3:cad>50</ns3:cad>
          </ns3:TrackPointExtension>
        </extensions>
      </trkpt>
      <trkpt lat="47.2517796792089939117431640625" lon="7.024386562407016754150390625">
        <ele>1053.4000244140625</ele>
        <time>2021-12-05T15:41:21.000Z</time>
        <extensions>
          <ns3:TrackPointExtension>
            <ns3:atemp>21.0</ns3:atemp>
            <ns3:hr>106</ns3:hr>
            <ns3:cad>49</ns3:cad>
          </ns3:TrackPointExtension>
        </extensions>
      </trkpt>
      <trkpt lat="47.25177708081901073455810546875" lon="7.02429913915693759918212890625">
        <ele>1053.199951171875</ele>
        <time>2021-12-05T15:41:25.000Z</time>
        <extensions>
          <ns3:TrackPointExtension>
            <ns3:atemp>21.0</ns3:atemp>
            <ns3:hr>106</ns3:hr>
            <ns3:cad>63</ns3:cad>
          </ns3:TrackPointExtension>
        </extensions>
      </trkpt>
      <trkpt lat="47.25177858956158161163330078125" lon="7.024235688149929046630859375">
        <ele>1053</ele>
        <time>2021-12-05T15:41:30.000Z</time>
        <extensions>
          <ns3:TrackPointExtension>
            <ns3:atemp>21.0</ns3:atemp>
            <ns3:hr>108</ns3:hr>
            <ns3:cad>53</ns3:cad>
          </ns3:TrackPointExtension>
        </extensions>
      </trkpt>
      <trkpt lat="47.2517776675522327423095703125" lon="7.0242107100784778594970703125">
        <ele>1052.800048828125</ele>
        <time>2021-12-05T15:41:32.000Z</time>
        <extensions>
          <ns3:TrackPointExtension>
            <ns3:atemp>21.0</ns3:atemp>
            <ns3:hr>105</ns3:hr>
            <ns3:cad>49</ns3:cad>
          </ns3:TrackPointExtension>
        </extensions>
      </trkpt>
      <trkpt lat="47.25177892483770847320556640625" lon="7.02414575032889842987060546875">
        <ele>1052.800048828125</ele>
        <time>2021-12-05T15:41:37.000Z</time>
        <extensions>
          <ns3:TrackPointExtension>
            <ns3:atemp>21.0</ns3:atemp>
            <ns3:hr>109</ns3:hr>
            <ns3:cad>53</ns3:cad>
          </ns3:TrackPointExtension>
        </extensions>
      </trkpt>
      <trkpt lat="47.25177573971450328826904296875" lon="7.0241260528564453125">
        <ele>1052.5999755859375</ele>
        <time>2021-12-05T15:41:38.000Z</time>
        <extensions>
          <ns3:TrackPointExtension>
            <ns3:atemp>21.0</ns3:atemp>
            <ns3:hr>106</ns3:hr>
            <ns3:cad>52</ns3:cad>
          </ns3:TrackPointExtension>
        </extensions>
      </trkpt>
      <trkpt lat="47.2517733089625835418701171875" lon="7.0241040922701358795166015625">
        <ele>1052.199951171875</ele>
        <time>2021-12-05T15:41:39.000Z</time>
        <extensions>
          <ns3:TrackPointExtension>
            <ns3:atemp>21.0</ns3:atemp>
            <ns3:hr>105</ns3:hr>
            <ns3:cad>52</ns3:cad>
          </ns3:TrackPointExtension>
        </extensions>
      </trkpt>
      <trkpt lat="47.25177171640098094940185546875" lon="7.02408137731254100799560546875">
        <ele>1052</ele>
        <time>2021-12-05T15:41:40.000Z</time>
        <extensions>
          <ns3:TrackPointExtension>
            <ns3:atemp>21.0</ns3:atemp>
            <ns3:hr>107</ns3:hr>
            <ns3:cad>53</ns3:cad>
          </ns3:TrackPointExtension>
        </extensions>
      </trkpt>
      <trkpt lat="47.25177691318094730377197265625" lon="7.024003006517887115478515625">
        <ele>1051.800048828125</ele>
        <time>2021-12-05T15:41:44.000Z</time>
        <extensions>
          <ns3:TrackPointExtension>
            <ns3:atemp>21.0</ns3:atemp>
            <ns3:hr>109</ns3:hr>
            <ns3:cad>55</ns3:cad>
          </ns3:TrackPointExtension>
        </extensions>
      </trkpt>
      <trkpt lat="47.251783870160579681396484375" lon="7.02399034984409809112548828125">
        <ele>1051.800048828125</ele>
        <time>2021-12-05T15:41:45.000Z</time>
        <extensions>
          <ns3:TrackPointExtension>
            <ns3:atemp>21.0</ns3:atemp>
            <ns3:hr>110</ns3:hr>
            <ns3:cad>55</ns3:cad>
          </ns3:TrackPointExtension>
        </extensions>
      </trkpt>
      <trkpt lat="47.25180541165173053741455078125" lon="7.02395908534526824951171875">
        <ele>1052</ele>
        <time>2021-12-05T15:41:48.000Z</time>
        <extensions>
          <ns3:TrackPointExtension>
            <ns3:atemp>21.0</ns3:atemp>
            <ns3:hr>107</ns3:hr>
            <ns3:cad>55</ns3:cad>
          </ns3:TrackPointExtension>
        </extensions>
      </trkpt>
      <trkpt lat="47.25182376801967620849609375" lon="7.02389060519635677337646484375">
        <ele>1051.4000244140625</ele>
        <time>2021-12-05T15:41:53.000Z</time>
        <extensions>
          <ns3:TrackPointExtension>
            <ns3:atemp>21.0</ns3:atemp>
            <ns3:hr>108</ns3:hr>
            <ns3:cad>57</ns3:cad>
          </ns3:TrackPointExtension>
        </extensions>
      </trkpt>
      <trkpt lat="47.2518284618854522705078125" lon="7.023876272141933441162109375">
        <ele>1050.800048828125</ele>
        <time>2021-12-05T15:41:54.000Z</time>
        <extensions>
          <ns3:TrackPointExtension>
            <ns3:atemp>21.0</ns3:atemp>
            <ns3:hr>107</ns3:hr>
            <ns3:cad>57</ns3:cad>
          </ns3:TrackPointExtension>
        </extensions>
      </trkpt>
      <trkpt lat="47.25184857845306396484375" lon="7.0238189399242401123046875">
        <ele>1050</ele>
        <time>2021-12-05T15:41:58.000Z</time>
        <extensions>
          <ns3:TrackPointExtension>
            <ns3:atemp>21.0</ns3:atemp>
            <ns3:hr>104</ns3:hr>
            <ns3:cad>55</ns3:cad>
          </ns3:TrackPointExtension>
        </extensions>
      </trkpt>
      <trkpt lat="47.2518467344343662261962890625" lon="7.0237969793379306793212890625">
        <ele>1050</ele>
        <time>2021-12-05T15:41:59.000Z</time>
        <extensions>
          <ns3:TrackPointExtension>
            <ns3:atemp>21.0</ns3:atemp>
            <ns3:hr>102</ns3:hr>
            <ns3:cad>55</ns3:cad>
          </ns3:TrackPointExtension>
        </extensions>
      </trkpt>
      <trkpt lat="47.2518427111208438873291015625" lon="7.0237785391509532928466796875">
        <ele>1050</ele>
        <time>2021-12-05T15:42:00.000Z</time>
        <extensions>
          <ns3:TrackPointExtension>
            <ns3:atemp>21.0</ns3:atemp>
            <ns3:hr>105</ns3:hr>
            <ns3:cad>55</ns3:cad>
          </ns3:TrackPointExtension>
        </extensions>
      </trkpt>
      <trkpt lat="47.25184581242501735687255859375" lon="7.0237587578594684600830078125">
        <ele>1049.5999755859375</ele>
        <time>2021-12-05T15:42:01.000Z</time>
        <extensions>
          <ns3:TrackPointExtension>
            <ns3:atemp>21.0</ns3:atemp>
            <ns3:hr>103</ns3:hr>
            <ns3:cad>55</ns3:cad>
          </ns3:TrackPointExtension>
        </extensions>
      </trkpt>
      <trkpt lat="47.2518457286059856414794921875" lon="7.02373101375997066497802734375">
        <ele>1049.4000244140625</ele>
        <time>2021-12-05T15:42:03.000Z</time>
        <extensions>
          <ns3:TrackPointExtension>
            <ns3:atemp>21.0</ns3:atemp>
            <ns3:hr>104</ns3:hr>
            <ns3:cad>55</ns3:cad>
          </ns3:TrackPointExtension>
        </extensions>
      </trkpt>
      <trkpt lat="47.25184011273086071014404296875" lon="7.0237044431269168853759765625">
        <ele>1049</ele>
        <time>2021-12-05T15:42:05.000Z</time>
        <extensions>
          <ns3:TrackPointExtension>
            <ns3:atemp>21.0</ns3:atemp>
            <ns3:hr>103</ns3:hr>
            <ns3:cad>64</ns3:cad>
          </ns3:TrackPointExtension>
        </extensions>
      </trkpt>
      <trkpt lat="47.2518289647996425628662109375" lon="7.02367074787616729736328125">
        <ele>1049.199951171875</ele>
        <time>2021-12-05T15:42:07.000Z</time>
        <extensions>
          <ns3:TrackPointExtension>
            <ns3:atemp>21.0</ns3:atemp>
            <ns3:hr>104</ns3:hr>
            <ns3:cad>57</ns3:cad>
          </ns3:TrackPointExtension>
        </extensions>
      </trkpt>
      <trkpt lat="47.2518150508403778076171875" lon="7.02363730408251285552978515625">
        <ele>1049.4000244140625</ele>
        <time>2021-12-05T15:42:10.000Z</time>
        <extensions>
          <ns3:TrackPointExtension>
            <ns3:atemp>21.0</ns3:atemp>
            <ns3:hr>103</ns3:hr>
            <ns3:cad>55</ns3:cad>
          </ns3:TrackPointExtension>
        </extensions>
      </trkpt>
      <trkpt lat="47.2518195770680904388427734375" lon="7.02362489886581897735595703125">
        <ele>1049.199951171875</ele>
        <time>2021-12-05T15:42:11.000Z</time>
        <extensions>
          <ns3:TrackPointExtension>
            <ns3:atemp>21.0</ns3:atemp>
            <ns3:hr>100</ns3:hr>
            <ns3:cad>55</ns3:cad>
          </ns3:TrackPointExtension>
        </extensions>
      </trkpt>
      <trkpt lat="47.2518259473145008087158203125" lon="7.02360645867884159088134765625">
        <ele>1049.199951171875</ele>
        <time>2021-12-05T15:42:12.000Z</time>
        <extensions>
          <ns3:TrackPointExtension>
            <ns3:atemp>21.0</ns3:atemp>
            <ns3:hr>101</ns3:hr>
            <ns3:cad>55</ns3:cad>
          </ns3:TrackPointExtension>
        </extensions>
      </trkpt>
      <trkpt lat="47.2518504224717617034912109375" lon="7.0235287584364414215087890625">
        <ele>1048.4000244140625</ele>
        <time>2021-12-05T15:42:16.000Z</time>
        <extensions>
          <ns3:TrackPointExtension>
            <ns3:atemp>21.0</ns3:atemp>
            <ns3:hr>101</ns3:hr>
            <ns3:cad>55</ns3:cad>
          </ns3:TrackPointExtension>
        </extensions>
      </trkpt>
      <trkpt lat="47.25186659954488277435302734375" lon="7.023476622998714447021484375">
        <ele>1048.199951171875</ele>
        <time>2021-12-05T15:42:18.000Z</time>
        <extensions>
          <ns3:TrackPointExtension>
            <ns3:atemp>21.0</ns3:atemp>
            <ns3:hr>100</ns3:hr>
            <ns3:cad>55</ns3:cad>
          </ns3:TrackPointExtension>
        </extensions>
      </trkpt>
      <trkpt lat="47.25188101641833782196044921875" lon="7.0234194584190845489501953125">
        <ele>1047.199951171875</ele>
        <time>2021-12-05T15:42:20.000Z</time>
        <extensions>
          <ns3:TrackPointExtension>
            <ns3:atemp>21.0</ns3:atemp>
            <ns3:hr>101</ns3:hr>
            <ns3:cad>55</ns3:cad>
          </ns3:TrackPointExtension>
        </extensions>
      </trkpt>
      <trkpt lat="47.2519060783088207244873046875" lon="7.02332650311291217803955078125">
        <ele>1047.199951171875</ele>
        <time>2021-12-05T15:42:24.000Z</time>
        <extensions>
          <ns3:TrackPointExtension>
            <ns3:atemp>21.0</ns3:atemp>
            <ns3:hr>101</ns3:hr>
            <ns3:cad>57</ns3:cad>
          </ns3:TrackPointExtension>
        </extensions>
      </trkpt>
      <trkpt lat="47.251918651163578033447265625" lon="7.0232615433633327484130859375">
        <ele>1045.800048828125</ele>
        <time>2021-12-05T15:42:27.000Z</time>
        <extensions>
          <ns3:TrackPointExtension>
            <ns3:atemp>21.0</ns3:atemp>
            <ns3:hr>103</ns3:hr>
            <ns3:cad>59</ns3:cad>
          </ns3:TrackPointExtension>
        </extensions>
      </trkpt>
      <trkpt lat="47.2519251890480518341064453125" lon="7.023198343813419342041015625">
        <ele>1044.5999755859375</ele>
        <time>2021-12-05T15:42:30.000Z</time>
        <extensions>
          <ns3:TrackPointExtension>
            <ns3:atemp>21.0</ns3:atemp>
            <ns3:hr>104</ns3:hr>
            <ns3:cad>61</ns3:cad>
          </ns3:TrackPointExtension>
        </extensions>
      </trkpt>
      <trkpt lat="47.25191622041165828704833984375" lon="7.023160122334957122802734375">
        <ele>1044</ele>
        <time>2021-12-05T15:42:32.000Z</time>
        <extensions>
          <ns3:TrackPointExtension>
            <ns3:atemp>21.0</ns3:atemp>
            <ns3:hr>102</ns3:hr>
            <ns3:cad>60</ns3:cad>
          </ns3:TrackPointExtension>
        </extensions>
      </trkpt>
      <trkpt lat="47.2518970258533954620361328125" lon="7.0231215655803680419921875">
        <ele>1043.800048828125</ele>
        <time>2021-12-05T15:42:35.000Z</time>
        <extensions>
          <ns3:TrackPointExtension>
            <ns3:atemp>21.0</ns3:atemp>
            <ns3:hr>102</ns3:hr>
            <ns3:cad>55</ns3:cad>
          </ns3:TrackPointExtension>
        </extensions>
      </trkpt>
      <trkpt lat="47.25188503973186016082763671875" lon="7.02307839877903461456298828125">
        <ele>1043.800048828125</ele>
        <time>2021-12-05T15:42:38.000Z</time>
        <extensions>
          <ns3:TrackPointExtension>
            <ns3:atemp>21.0</ns3:atemp>
            <ns3:hr>100</ns3:hr>
            <ns3:cad>54</ns3:cad>
          </ns3:TrackPointExtension>
        </extensions>
      </trkpt>
      <trkpt lat="47.25188654847443103790283203125" lon="7.023011930286884307861328125">
        <ele>1043.5999755859375</ele>
        <time>2021-12-05T15:42:42.000Z</time>
        <extensions>
          <ns3:TrackPointExtension>
            <ns3:atemp>21.0</ns3:atemp>
            <ns3:hr>101</ns3:hr>
            <ns3:cad>55</ns3:cad>
          </ns3:TrackPointExtension>
        </extensions>
      </trkpt>
      <trkpt lat="47.25187380798161029815673828125" lon="7.02300178818404674530029296875">
        <ele>1043.5999755859375</ele>
        <time>2021-12-05T15:42:43.000Z</time>
        <extensions>
          <ns3:TrackPointExtension>
            <ns3:atemp>21.0</ns3:atemp>
            <ns3:hr>101</ns3:hr>
            <ns3:cad>53</ns3:cad>
          </ns3:TrackPointExtension>
        </extensions>
      </trkpt>
      <trkpt lat="47.25187246687710285186767578125" lon="7.0228991098701953887939453125">
        <ele>1043.4000244140625</ele>
        <time>2021-12-05T15:42:49.000Z</time>
        <extensions>
          <ns3:TrackPointExtension>
            <ns3:atemp>21.0</ns3:atemp>
            <ns3:hr>99</ns3:hr>
            <ns3:cad>55</ns3:cad>
          </ns3:TrackPointExtension>
        </extensions>
      </trkpt>
      <trkpt lat="47.251865677535533905029296875" lon="7.022787965834140777587890625">
        <ele>1042.800048828125</ele>
        <time>2021-12-05T15:42:56.000Z</time>
        <extensions>
          <ns3:TrackPointExtension>
            <ns3:atemp>21.0</ns3:atemp>
            <ns3:hr>98</ns3:hr>
            <ns3:cad>57</ns3:cad>
          </ns3:TrackPointExtension>
        </extensions>
      </trkpt>
      <trkpt lat="47.25184732116758823394775390625" lon="7.02274731360375881195068359375">
        <ele>1043</ele>
        <time>2021-12-05T15:42:59.000Z</time>
        <extensions>
          <ns3:TrackPointExtension>
            <ns3:atemp>21.0</ns3:atemp>
            <ns3:hr>96</ns3:hr>
            <ns3:cad>51</ns3:cad>
          </ns3:TrackPointExtension>
        </extensions>
      </trkpt>
      <trkpt lat="47.2518225945532321929931640625" lon="7.02270657755434513092041015625">
        <ele>1042.199951171875</ele>
        <time>2021-12-05T15:43:01.000Z</time>
        <extensions>
          <ns3:TrackPointExtension>
            <ns3:atemp>21.0</ns3:atemp>
            <ns3:hr>97</ns3:hr>
            <ns3:cad>50</ns3:cad>
          </ns3:TrackPointExtension>
        </extensions>
      </trkpt>
      <trkpt lat="47.25181848742067813873291015625" lon="7.022682689130306243896484375">
        <ele>1042.199951171875</ele>
        <time>2021-12-05T15:43:02.000Z</time>
        <extensions>
          <ns3:TrackPointExtension>
            <ns3:atemp>21.0</ns3:atemp>
            <ns3:hr>96</ns3:hr>
            <ns3:cad>50</ns3:cad>
          </ns3:TrackPointExtension>
        </extensions>
      </trkpt>
      <trkpt lat="47.251814045011997222900390625" lon="7.0226074196398258209228515625">
        <ele>1041.800048828125</ele>
        <time>2021-12-05T15:43:06.000Z</time>
        <extensions>
          <ns3:TrackPointExtension>
            <ns3:atemp>21.0</ns3:atemp>
            <ns3:hr>98</ns3:hr>
            <ns3:cad>53</ns3:cad>
          </ns3:TrackPointExtension>
        </extensions>
      </trkpt>
      <trkpt lat="47.2517935931682586669921875" lon="7.022503316402435302734375">
        <ele>1042.199951171875</ele>
        <time>2021-12-05T15:43:11.000Z</time>
        <extensions>
          <ns3:TrackPointExtension>
            <ns3:atemp>21.0</ns3:atemp>
            <ns3:hr>97</ns3:hr>
            <ns3:cad>55</ns3:cad>
          </ns3:TrackPointExtension>
        </extensions>
      </trkpt>
      <trkpt lat="47.25178621709346771240234375" lon="7.02246484346687793731689453125">
        <ele>1041.5999755859375</ele>
        <time>2021-12-05T15:43:13.000Z</time>
        <extensions>
          <ns3:TrackPointExtension>
            <ns3:atemp>21.0</ns3:atemp>
            <ns3:hr>100</ns3:hr>
            <ns3:cad>55</ns3:cad>
          </ns3:TrackPointExtension>
        </extensions>
      </trkpt>
      <trkpt lat="47.2518008016049861907958984375" lon="7.0224143005907535552978515625">
        <ele>1041</ele>
        <time>2021-12-05T15:43:17.000Z</time>
        <extensions>
          <ns3:TrackPointExtension>
            <ns3:atemp>21.0</ns3:atemp>
            <ns3:hr>98</ns3:hr>
            <ns3:cad>64</ns3:cad>
          </ns3:TrackPointExtension>
        </extensions>
      </trkpt>
      <trkpt lat="47.25180499255657196044921875" lon="7.0223995484411716461181640625">
        <ele>1041.199951171875</ele>
        <time>2021-12-05T15:43:18.000Z</time>
        <extensions>
          <ns3:TrackPointExtension>
            <ns3:atemp>21.0</ns3:atemp>
            <ns3:hr>99</ns3:hr>
            <ns3:cad>57</ns3:cad>
          </ns3:TrackPointExtension>
        </extensions>
      </trkpt>
      <trkpt lat="47.2518363408744335174560546875" lon="7.022294104099273681640625">
        <ele>1041.5999755859375</ele>
        <time>2021-12-05T15:43:24.000Z</time>
        <extensions>
          <ns3:TrackPointExtension>
            <ns3:atemp>21.0</ns3:atemp>
            <ns3:hr>97</ns3:hr>
            <ns3:cad>51</ns3:cad>
          </ns3:TrackPointExtension>
        </extensions>
      </trkpt>
      <trkpt lat="47.25186442025005817413330078125" lon="7.0222096145153045654296875">
        <ele>1041</ele>
        <time>2021-12-05T15:43:29.000Z</time>
        <extensions>
          <ns3:TrackPointExtension>
            <ns3:atemp>21.0</ns3:atemp>
            <ns3:hr>95</ns3:hr>
            <ns3:cad>54</ns3:cad>
          </ns3:TrackPointExtension>
        </extensions>
      </trkpt>
      <trkpt lat="47.25186894647777080535888671875" lon="7.022201232612133026123046875">
        <ele>1041.5999755859375</ele>
        <time>2021-12-05T15:43:30.000Z</time>
        <extensions>
          <ns3:TrackPointExtension>
            <ns3:atemp>21.0</ns3:atemp>
            <ns3:hr>95</ns3:hr>
            <ns3:cad>51</ns3:cad>
          </ns3:TrackPointExtension>
        </extensions>
      </trkpt>
      <trkpt lat="47.251884452998638153076171875" lon="7.02217407524585723876953125">
        <ele>1042.199951171875</ele>
        <time>2021-12-05T15:43:32.000Z</time>
        <extensions>
          <ns3:TrackPointExtension>
            <ns3:atemp>21.0</ns3:atemp>
            <ns3:hr>97</ns3:hr>
            <ns3:cad>51</ns3:cad>
          </ns3:TrackPointExtension>
        </extensions>
      </trkpt>
      <trkpt lat="47.25192259065806865692138671875" lon="7.0221103727817535400390625">
        <ele>1042.199951171875</ele>
        <time>2021-12-05T15:43:36.000Z</time>
        <extensions>
          <ns3:TrackPointExtension>
            <ns3:atemp>21.0</ns3:atemp>
            <ns3:hr>97</ns3:hr>
            <ns3:cad>53</ns3:cad>
          </ns3:TrackPointExtension>
        </extensions>
      </trkpt>
      <trkpt lat="47.2519221715629100799560546875" lon="7.0220864005386829376220703125">
        <ele>1042.199951171875</ele>
        <time>2021-12-05T15:43:37.000Z</time>
        <extensions>
          <ns3:TrackPointExtension>
            <ns3:atemp>21.0</ns3:atemp>
            <ns3:hr>97</ns3:hr>
            <ns3:cad>53</ns3:cad>
          </ns3:TrackPointExtension>
        </extensions>
      </trkpt>
      <trkpt lat="47.2519437968730926513671875" lon="7.02200903557240962982177734375">
        <ele>1041.800048828125</ele>
        <time>2021-12-05T15:43:41.000Z</time>
        <extensions>
          <ns3:TrackPointExtension>
            <ns3:atemp>21.0</ns3:atemp>
            <ns3:hr>94</ns3:hr>
            <ns3:cad>53</ns3:cad>
          </ns3:TrackPointExtension>
        </extensions>
      </trkpt>
      <trkpt lat="47.2519506700336933135986328125" lon="7.02199428342282772064208984375">
        <ele>1041.5999755859375</ele>
        <time>2021-12-05T15:43:42.000Z</time>
        <extensions>
          <ns3:TrackPointExtension>
            <ns3:atemp>21.0</ns3:atemp>
            <ns3:hr>96</ns3:hr>
            <ns3:cad>53</ns3:cad>
          </ns3:TrackPointExtension>
        </extensions>
      </trkpt>
      <trkpt lat="47.2519624046981334686279296875" lon="7.0219915173947811126708984375">
        <ele>1041.4000244140625</ele>
        <time>2021-12-05T15:43:44.000Z</time>
        <extensions>
          <ns3:TrackPointExtension>
            <ns3:atemp>21.0</ns3:atemp>
            <ns3:hr>96</ns3:hr>
            <ns3:cad>50</ns3:cad>
          </ns3:TrackPointExtension>
        </extensions>
      </trkpt>
      <trkpt lat="47.25196835584938526153564453125" lon="7.02198556624352931976318359375">
        <ele>1041.199951171875</ele>
        <time>2021-12-05T15:43:45.000Z</time>
        <extensions>
          <ns3:TrackPointExtension>
            <ns3:atemp>21.0</ns3:atemp>
            <ns3:hr>96</ns3:hr>
            <ns3:cad>0</ns3:cad>
          </ns3:TrackPointExtension>
        </extensions>
      </trkpt>
      <trkpt lat="47.25195662118494510650634765625" lon="7.021969892084598541259765625">
        <ele>1041.199951171875</ele>
        <time>2021-12-05T15:43:47.000Z</time>
        <extensions>
          <ns3:TrackPointExtension>
            <ns3:atemp>21.0</ns3:atemp>
            <ns3:hr>97</ns3:hr>
            <ns3:cad>0</ns3:cad>
          </ns3:TrackPointExtension>
        </extensions>
      </trkpt>
      <trkpt lat="47.25193667225539684295654296875" lon="7.02192999422550201416015625">
        <ele>1041.5999755859375</ele>
        <time>2021-12-05T15:43:51.000Z</time>
        <extensions>
          <ns3:TrackPointExtension>
            <ns3:atemp>21.0</ns3:atemp>
            <ns3:hr>98</ns3:hr>
            <ns3:cad>52</ns3:cad>
          </ns3:TrackPointExtension>
        </extensions>
      </trkpt>
      <trkpt lat="47.25190448574721813201904296875" lon="7.0218932814896106719970703125">
        <ele>1041.4000244140625</ele>
        <time>2021-12-05T15:43:55.000Z</time>
        <extensions>
          <ns3:TrackPointExtension>
            <ns3:atemp>21.0</ns3:atemp>
            <ns3:hr>95</ns3:hr>
            <ns3:cad>50</ns3:cad>
          </ns3:TrackPointExtension>
        </extensions>
      </trkpt>
      <trkpt lat="47.25189543329179286956787109375" lon="7.021862603724002838134765625">
        <ele>1041.4000244140625</ele>
        <time>2021-12-05T15:43:57.000Z</time>
        <extensions>
          <ns3:TrackPointExtension>
            <ns3:atemp>21.0</ns3:atemp>
            <ns3:hr>97</ns3:hr>
            <ns3:cad>50</ns3:cad>
          </ns3:TrackPointExtension>
        </extensions>
      </trkpt>
      <trkpt lat="47.2518819384276866912841796875" lon="7.0217749290168285369873046875">
        <ele>1042.4000244140625</ele>
        <time>2021-12-05T15:44:03.000Z</time>
        <extensions>
          <ns3:TrackPointExtension>
            <ns3:atemp>21.0</ns3:atemp>
            <ns3:hr>97</ns3:hr>
            <ns3:cad>50</ns3:cad>
          </ns3:TrackPointExtension>
        </extensions>
      </trkpt>
      <trkpt lat="47.25187498144805431365966796875" lon="7.02174282632768154144287109375">
        <ele>1042.4000244140625</ele>
        <time>2021-12-05T15:44:05.000Z</time>
        <extensions>
          <ns3:TrackPointExtension>
            <ns3:atemp>21.0</ns3:atemp>
            <ns3:hr>96</ns3:hr>
            <ns3:cad>50</ns3:cad>
          </ns3:TrackPointExtension>
        </extensions>
      </trkpt>
      <trkpt lat="47.25183374248445034027099609375" lon="7.02162765897810459136962890625">
        <ele>1041.5999755859375</ele>
        <time>2021-12-05T15:44:12.000Z</time>
        <extensions>
          <ns3:TrackPointExtension>
            <ns3:atemp>21.0</ns3:atemp>
            <ns3:hr>99</ns3:hr>
            <ns3:cad>53</ns3:cad>
          </ns3:TrackPointExtension>
        </extensions>
      </trkpt>
      <trkpt lat="47.2518319822847843170166015625" lon="7.021608464419841766357421875">
        <ele>1041.5999755859375</ele>
        <time>2021-12-05T15:44:13.000Z</time>
        <extensions>
          <ns3:TrackPointExtension>
            <ns3:atemp>21.0</ns3:atemp>
            <ns3:hr>97</ns3:hr>
            <ns3:cad>53</ns3:cad>
          </ns3:TrackPointExtension>
        </extensions>
      </trkpt>
      <trkpt lat="47.25182586349546909332275390625" lon="7.02158926986157894134521484375">
        <ele>1041.4000244140625</ele>
        <time>2021-12-05T15:44:14.000Z</time>
        <extensions>
          <ns3:TrackPointExtension>
            <ns3:atemp>21.0</ns3:atemp>
            <ns3:hr>100</ns3:hr>
            <ns3:cad>53</ns3:cad>
          </ns3:TrackPointExtension>
        </extensions>
      </trkpt>
      <trkpt lat="47.25182368420064449310302734375" lon="7.02157166786491870880126953125">
        <ele>1041.4000244140625</ele>
        <time>2021-12-05T15:44:15.000Z</time>
        <extensions>
          <ns3:TrackPointExtension>
            <ns3:atemp>21.0</ns3:atemp>
            <ns3:hr>97</ns3:hr>
            <ns3:cad>53</ns3:cad>
          </ns3:TrackPointExtension>
        </extensions>
      </trkpt>
      <trkpt lat="47.25179937668144702911376953125" lon="7.02149505726993083953857421875">
        <ele>1041.4000244140625</ele>
        <time>2021-12-05T15:44:19.000Z</time>
        <extensions>
          <ns3:TrackPointExtension>
            <ns3:atemp>21.0</ns3:atemp>
            <ns3:hr>100</ns3:hr>
            <ns3:cad>53</ns3:cad>
          </ns3:TrackPointExtension>
        </extensions>
      </trkpt>
      <trkpt lat="47.2517910785973072052001953125" lon="7.0214704982936382293701171875">
        <ele>1041.5999755859375</ele>
        <time>2021-12-05T15:44:20.000Z</time>
        <extensions>
          <ns3:TrackPointExtension>
            <ns3:atemp>21.0</ns3:atemp>
            <ns3:hr>96</ns3:hr>
            <ns3:cad>51</ns3:cad>
          </ns3:TrackPointExtension>
        </extensions>
      </trkpt>
      <trkpt lat="47.25178194232285022735595703125" lon="7.0214507170021533966064453125">
        <ele>1041.5999755859375</ele>
        <time>2021-12-05T15:44:21.000Z</time>
        <extensions>
          <ns3:TrackPointExtension>
            <ns3:atemp>21.0</ns3:atemp>
            <ns3:hr>97</ns3:hr>
            <ns3:cad>51</ns3:cad>
          </ns3:TrackPointExtension>
        </extensions>
      </trkpt>
      <trkpt lat="47.25177540443837642669677734375" lon="7.0214342884719371795654296875">
        <ele>1041.800048828125</ele>
        <time>2021-12-05T15:44:22.000Z</time>
        <extensions>
          <ns3:TrackPointExtension>
            <ns3:atemp>21.0</ns3:atemp>
            <ns3:hr>94</ns3:hr>
            <ns3:cad>50</ns3:cad>
          </ns3:TrackPointExtension>
        </extensions>
      </trkpt>
      <trkpt lat="47.25175444968044757843017578125" lon="7.0213459432125091552734375">
        <ele>1041.199951171875</ele>
        <time>2021-12-05T15:44:26.000Z</time>
        <extensions>
          <ns3:TrackPointExtension>
            <ns3:atemp>21.0</ns3:atemp>
            <ns3:hr>94</ns3:hr>
            <ns3:cad>51</ns3:cad>
          </ns3:TrackPointExtension>
        </extensions>
      </trkpt>
      <trkpt lat="47.25174640305340290069580078125" lon="7.02128416858613491058349609375">
        <ele>1041</ele>
        <time>2021-12-05T15:44:29.000Z</time>
        <extensions>
          <ns3:TrackPointExtension>
            <ns3:atemp>21.0</ns3:atemp>
            <ns3:hr>96</ns3:hr>
            <ns3:cad>54</ns3:cad>
          </ns3:TrackPointExtension>
        </extensions>
      </trkpt>
      <trkpt lat="47.251749671995639801025390625" lon="7.02110831625759601593017578125">
        <ele>1042.5999755859375</ele>
        <time>2021-12-05T15:44:37.000Z</time>
        <extensions>
          <ns3:TrackPointExtension>
            <ns3:atemp>21.0</ns3:atemp>
            <ns3:hr>96</ns3:hr>
            <ns3:cad>52</ns3:cad>
          </ns3:TrackPointExtension>
        </extensions>
      </trkpt>
      <trkpt lat="47.25173793733119964599609375" lon="7.0209652371704578399658203125">
        <ele>1042.800048828125</ele>
        <time>2021-12-05T15:44:44.000Z</time>
        <extensions>
          <ns3:TrackPointExtension>
            <ns3:atemp>21.0</ns3:atemp>
            <ns3:hr>99</ns3:hr>
            <ns3:cad>52</ns3:cad>
          </ns3:TrackPointExtension>
        </extensions>
      </trkpt>
      <trkpt lat="47.251735590398311614990234375" lon="7.020939923822879791259765625">
        <ele>1042.800048828125</ele>
        <time>2021-12-05T15:44:45.000Z</time>
        <extensions>
          <ns3:TrackPointExtension>
            <ns3:atemp>21.0</ns3:atemp>
            <ns3:hr>96</ns3:hr>
            <ns3:cad>52</ns3:cad>
          </ns3:TrackPointExtension>
        </extensions>
      </trkpt>
      <trkpt lat="47.25175076164305210113525390625" lon="7.02081746421754360198974609375">
        <ele>1042.5999755859375</ele>
        <time>2021-12-05T15:44:51.000Z</time>
        <extensions>
          <ns3:TrackPointExtension>
            <ns3:atemp>21.0</ns3:atemp>
            <ns3:hr>96</ns3:hr>
            <ns3:cad>54</ns3:cad>
          </ns3:TrackPointExtension>
        </extensions>
      </trkpt>
      <trkpt lat="47.25175805389881134033203125" lon="7.02076449058949947357177734375">
        <ele>1042.199951171875</ele>
        <time>2021-12-05T15:44:54.000Z</time>
        <extensions>
          <ns3:TrackPointExtension>
            <ns3:atemp>21.0</ns3:atemp>
            <ns3:hr>96</ns3:hr>
            <ns3:cad>54</ns3:cad>
          </ns3:TrackPointExtension>
        </extensions>
      </trkpt>
      <trkpt lat="47.2517826966941356658935546875" lon="7.02069642953574657440185546875">
        <ele>1042.800048828125</ele>
        <time>2021-12-05T15:44:58.000Z</time>
        <extensions>
          <ns3:TrackPointExtension>
            <ns3:atemp>21.0</ns3:atemp>
            <ns3:hr>96</ns3:hr>
            <ns3:cad>53</ns3:cad>
          </ns3:TrackPointExtension>
        </extensions>
      </trkpt>
      <trkpt lat="47.25180474109947681427001953125" lon="7.0205761492252349853515625">
        <ele>1043.199951171875</ele>
        <time>2021-12-05T15:45:05.000Z</time>
        <extensions>
          <ns3:TrackPointExtension>
            <ns3:atemp>21.0</ns3:atemp>
            <ns3:hr>98</ns3:hr>
            <ns3:cad>55</ns3:cad>
          </ns3:TrackPointExtension>
        </extensions>
      </trkpt>
      <trkpt lat="47.2518135420978069305419921875" lon="7.02056868933141231536865234375">
        <ele>1043.199951171875</ele>
        <time>2021-12-05T15:45:06.000Z</time>
        <extensions>
          <ns3:TrackPointExtension>
            <ns3:atemp>21.0</ns3:atemp>
            <ns3:hr>95</ns3:hr>
            <ns3:cad>55</ns3:cad>
          </ns3:TrackPointExtension>
        </extensions>
      </trkpt>
      <trkpt lat="47.25184598006308078765869140625" lon="7.020544297993183135986328125">
        <ele>1043.5999755859375</ele>
        <time>2021-12-05T15:45:10.000Z</time>
        <extensions>
          <ns3:TrackPointExtension>
            <ns3:atemp>21.0</ns3:atemp>
            <ns3:hr>95</ns3:hr>
            <ns3:cad>53</ns3:cad>
          </ns3:TrackPointExtension>
        </extensions>
      </trkpt>
      <trkpt lat="47.2518557868897914886474609375" lon="7.0205313898622989654541015625">
        <ele>1043.5999755859375</ele>
        <time>2021-12-05T15:45:12.000Z</time>
        <extensions>
          <ns3:TrackPointExtension>
            <ns3:atemp>21.0</ns3:atemp>
            <ns3:hr>96</ns3:hr>
            <ns3:cad>53</ns3:cad>
          </ns3:TrackPointExtension>
        </extensions>
      </trkpt>
      <trkpt lat="47.25186509080231189727783203125" lon="7.02048604376614093780517578125">
        <ele>1043.5999755859375</ele>
        <time>2021-12-05T15:45:15.000Z</time>
        <extensions>
          <ns3:TrackPointExtension>
            <ns3:atemp>21.0</ns3:atemp>
            <ns3:hr>97</ns3:hr>
            <ns3:cad>47</ns3:cad>
          </ns3:TrackPointExtension>
        </extensions>
      </trkpt>
      <trkpt lat="47.25188420154154300689697265625" lon="7.02044396661221981048583984375">
        <ele>1043.5999755859375</ele>
        <time>2021-12-05T15:45:18.000Z</time>
        <extensions>
          <ns3:TrackPointExtension>
            <ns3:atemp>21.0</ns3:atemp>
            <ns3:hr>99</ns3:hr>
            <ns3:cad>52</ns3:cad>
          </ns3:TrackPointExtension>
        </extensions>
      </trkpt>
      <trkpt lat="47.25192460231482982635498046875" lon="7.02044581063091754913330078125">
        <ele>1043.800048828125</ele>
        <time>2021-12-05T15:45:21.000Z</time>
        <extensions>
          <ns3:TrackPointExtension>
            <ns3:atemp>21.0</ns3:atemp>
            <ns3:hr>97</ns3:hr>
            <ns3:cad>51</ns3:cad>
          </ns3:TrackPointExtension>
        </extensions>
      </trkpt>
      <trkpt lat="47.25200490094721317291259765625" lon="7.02044413425028324127197265625">
        <ele>1044</ele>
        <time>2021-12-05T15:45:28.000Z</time>
        <extensions>
          <ns3:TrackPointExtension>
            <ns3:atemp>21.0</ns3:atemp>
            <ns3:hr>99</ns3:hr>
            <ns3:cad>50</ns3:cad>
          </ns3:TrackPointExtension>
        </extensions>
      </trkpt>
      <trkpt lat="47.25207388401031494140625" lon="7.0203781686723232269287109375">
        <ele>1044.5999755859375</ele>
        <time>2021-12-05T15:45:36.000Z</time>
        <extensions>
          <ns3:TrackPointExtension>
            <ns3:atemp>21.0</ns3:atemp>
            <ns3:hr>100</ns3:hr>
            <ns3:cad>57</ns3:cad>
          </ns3:TrackPointExtension>
        </extensions>
      </trkpt>
      <trkpt lat="47.25207857787609100341796875" lon="7.0203644223511219024658203125">
        <ele>1044.5999755859375</ele>
        <time>2021-12-05T15:45:37.000Z</time>
        <extensions>
          <ns3:TrackPointExtension>
            <ns3:atemp>21.0</ns3:atemp>
            <ns3:hr>103</ns3:hr>
            <ns3:cad>56</ns3:cad>
          </ns3:TrackPointExtension>
        </extensions>
      </trkpt>
      <trkpt lat="47.25209291093051433563232421875" lon="7.0203278772532939910888671875">
        <ele>1044.5999755859375</ele>
        <time>2021-12-05T15:45:39.000Z</time>
        <extensions>
          <ns3:TrackPointExtension>
            <ns3:atemp>21.0</ns3:atemp>
            <ns3:hr>100</ns3:hr>
            <ns3:cad>55</ns3:cad>
          </ns3:TrackPointExtension>
        </extensions>
      </trkpt>
      <trkpt lat="47.25211487151682376861572265625" lon="7.020280100405216217041015625">
        <ele>1044</ele>
        <time>2021-12-05T15:45:42.000Z</time>
        <extensions>
          <ns3:TrackPointExtension>
            <ns3:atemp>21.0</ns3:atemp>
            <ns3:hr>97</ns3:hr>
            <ns3:cad>51</ns3:cad>
          </ns3:TrackPointExtension>
        </extensions>
      </trkpt>
      <trkpt lat="47.252173461019992828369140625" lon="7.02024514786899089813232421875">
        <ele>1043.5999755859375</ele>
        <time>2021-12-05T15:45:47.000Z</time>
        <extensions>
          <ns3:TrackPointExtension>
            <ns3:atemp>21.0</ns3:atemp>
            <ns3:hr>97</ns3:hr>
            <ns3:cad>53</ns3:cad>
          </ns3:TrackPointExtension>
        </extensions>
      </trkpt>
      <trkpt lat="47.252188883721828460693359375" lon="7.0202220976352691650390625">
        <ele>1043.199951171875</ele>
        <time>2021-12-05T15:45:50.000Z</time>
        <extensions>
          <ns3:TrackPointExtension>
            <ns3:atemp>21.0</ns3:atemp>
            <ns3:hr>98</ns3:hr>
            <ns3:cad>54</ns3:cad>
          </ns3:TrackPointExtension>
        </extensions>
      </trkpt>
      <trkpt lat="47.2522309608757495880126953125" lon="7.02021731995046138763427734375">
        <ele>1042.199951171875</ele>
        <time>2021-12-05T15:46:06.000Z</time>
        <extensions>
          <ns3:TrackPointExtension>
            <ns3:atemp>21.0</ns3:atemp>
            <ns3:hr>98</ns3:hr>
            <ns3:cad>0</ns3:cad>
          </ns3:TrackPointExtension>
        </extensions>
      </trkpt>
      <trkpt lat="47.2522665001451969146728515625" lon="7.020200304687023162841796875">
        <ele>1042</ele>
        <time>2021-12-05T15:46:08.000Z</time>
        <extensions>
          <ns3:TrackPointExtension>
            <ns3:atemp>21.0</ns3:atemp>
            <ns3:hr>100</ns3:hr>
            <ns3:cad>50</ns3:cad>
          </ns3:TrackPointExtension>
        </extensions>
      </trkpt>
      <trkpt lat="47.25228083319962024688720703125" lon="7.020168788731098175048828125">
        <ele>1041.800048828125</ele>
        <time>2021-12-05T15:46:11.000Z</time>
        <extensions>
          <ns3:TrackPointExtension>
            <ns3:atemp>21.0</ns3:atemp>
            <ns3:hr>97</ns3:hr>
            <ns3:cad>0</ns3:cad>
          </ns3:TrackPointExtension>
        </extensions>
      </trkpt>
      <trkpt lat="47.2522871196269989013671875" lon="7.0201585628092288970947265625">
        <ele>1041.800048828125</ele>
        <time>2021-12-05T15:46:12.000Z</time>
        <extensions>
          <ns3:TrackPointExtension>
            <ns3:atemp>21.0</ns3:atemp>
            <ns3:hr>97</ns3:hr>
            <ns3:cad>50</ns3:cad>
          </ns3:TrackPointExtension>
        </extensions>
      </trkpt>
      <trkpt lat="47.25230212323367595672607421875" lon="7.0201414637267589569091796875">
        <ele>1041.800048828125</ele>
        <time>2021-12-05T15:46:14.000Z</time>
        <extensions>
          <ns3:TrackPointExtension>
            <ns3:atemp>21.0</ns3:atemp>
            <ns3:hr>98</ns3:hr>
            <ns3:cad>51</ns3:cad>
          </ns3:TrackPointExtension>
        </extensions>
      </trkpt>
      <trkpt lat="47.25233070552349090576171875" lon="7.02006854116916656494140625">
        <ele>1042</ele>
        <time>2021-12-05T15:46:19.000Z</time>
        <extensions>
          <ns3:TrackPointExtension>
            <ns3:atemp>20.0</ns3:atemp>
            <ns3:hr>98</ns3:hr>
            <ns3:cad>68</ns3:cad>
          </ns3:TrackPointExtension>
        </extensions>
      </trkpt>
      <trkpt lat="47.25239398889243602752685546875" lon="7.0199577324092388153076171875">
        <ele>1041.199951171875</ele>
        <time>2021-12-05T15:46:25.000Z</time>
        <extensions>
          <ns3:TrackPointExtension>
            <ns3:atemp>20.0</ns3:atemp>
            <ns3:hr>97</ns3:hr>
            <ns3:cad>0</ns3:cad>
          </ns3:TrackPointExtension>
        </extensions>
      </trkpt>
      <trkpt lat="47.2524257563054561614990234375" lon="7.01991070993244647979736328125">
        <ele>1040.800048828125</ele>
        <time>2021-12-05T15:46:28.000Z</time>
        <extensions>
          <ns3:TrackPointExtension>
            <ns3:atemp>20.0</ns3:atemp>
            <ns3:hr>99</ns3:hr>
            <ns3:cad>77</ns3:cad>
          </ns3:TrackPointExtension>
        </extensions>
      </trkpt>
      <trkpt lat="47.252447716891765594482421875" lon="7.019899897277355194091796875">
        <ele>1040</ele>
        <time>2021-12-05T15:46:30.000Z</time>
        <extensions>
          <ns3:TrackPointExtension>
            <ns3:atemp>20.0</ns3:atemp>
            <ns3:hr>98</ns3:hr>
            <ns3:cad>73</ns3:cad>
          </ns3:TrackPointExtension>
        </extensions>
      </trkpt>
      <trkpt lat="47.25245542824268341064453125" lon="7.01989947818219661712646484375">
        <ele>1039.800048828125</ele>
        <time>2021-12-05T15:46:31.000Z</time>
        <extensions>
          <ns3:TrackPointExtension>
            <ns3:atemp>20.0</ns3:atemp>
            <ns3:hr>98</ns3:hr>
            <ns3:cad>73</ns3:cad>
          </ns3:TrackPointExtension>
        </extensions>
      </trkpt>
      <trkpt lat="47.25247898139059543609619140625" lon="7.01990216039121150970458984375">
        <ele>1039.4000244140625</ele>
        <time>2021-12-05T15:46:33.000Z</time>
        <extensions>
          <ns3:TrackPointExtension>
            <ns3:atemp>20.0</ns3:atemp>
            <ns3:hr>102</ns3:hr>
            <ns3:cad>73</ns3:cad>
          </ns3:TrackPointExtension>
        </extensions>
      </trkpt>
      <trkpt lat="47.2524928115308284759521484375" lon="7.01989947818219661712646484375">
        <ele>1039.199951171875</ele>
        <time>2021-12-05T15:46:34.000Z</time>
        <extensions>
          <ns3:TrackPointExtension>
            <ns3:atemp>20.0</ns3:atemp>
            <ns3:hr>106</ns3:hr>
            <ns3:cad>73</ns3:cad>
          </ns3:TrackPointExtension>
        </extensions>
      </trkpt>
      <trkpt lat="47.2525043785572052001953125" lon="7.019896544516086578369140625">
        <ele>1039</ele>
        <time>2021-12-05T15:46:35.000Z</time>
        <extensions>
          <ns3:TrackPointExtension>
            <ns3:atemp>20.0</ns3:atemp>
            <ns3:hr>110</ns3:hr>
            <ns3:cad>73</ns3:cad>
          </ns3:TrackPointExtension>
        </extensions>
      </trkpt>
      <trkpt lat="47.25251887924969196319580078125" lon="7.019896209239959716796875">
        <ele>1038.5999755859375</ele>
        <time>2021-12-05T15:46:36.000Z</time>
        <extensions>
          <ns3:TrackPointExtension>
            <ns3:atemp>20.0</ns3:atemp>
            <ns3:hr>114</ns3:hr>
            <ns3:cad>73</ns3:cad>
          </ns3:TrackPointExtension>
        </extensions>
      </trkpt>
      <trkpt lat="47.25255190394818782806396484375" lon="7.0198853127658367156982421875">
        <ele>1037.800048828125</ele>
        <time>2021-12-05T15:46:38.000Z</time>
        <extensions>
          <ns3:TrackPointExtension>
            <ns3:atemp>20.0</ns3:atemp>
            <ns3:hr>115</ns3:hr>
            <ns3:cad>64</ns3:cad>
          </ns3:TrackPointExtension>
        </extensions>
      </trkpt>
      <trkpt lat="47.25256581790745258331298828125" lon="7.0198776014149188995361328125">
        <ele>1037.199951171875</ele>
        <time>2021-12-05T15:46:39.000Z</time>
        <extensions>
          <ns3:TrackPointExtension>
            <ns3:atemp>20.0</ns3:atemp>
            <ns3:hr>117</ns3:hr>
            <ns3:cad>63</ns3:cad>
          </ns3:TrackPointExtension>
        </extensions>
      </trkpt>
      <trkpt lat="47.2525799833238124847412109375" lon="7.01986494474112987518310546875">
        <ele>1037</ele>
        <time>2021-12-05T15:46:40.000Z</time>
        <extensions>
          <ns3:TrackPointExtension>
            <ns3:atemp>20.0</ns3:atemp>
            <ns3:hr>117</ns3:hr>
            <ns3:cad>63</ns3:cad>
          </ns3:TrackPointExtension>
        </extensions>
      </trkpt>
      <trkpt lat="47.25260454230010509490966796875" lon="7.0198387093842029571533203125">
        <ele>1036.4000244140625</ele>
        <time>2021-12-05T15:46:42.000Z</time>
        <extensions>
          <ns3:TrackPointExtension>
            <ns3:atemp>20.0</ns3:atemp>
            <ns3:hr>119</ns3:hr>
            <ns3:cad>58</ns3:cad>
          </ns3:TrackPointExtension>
        </extensions>
      </trkpt>
      <trkpt lat="47.25263153202831745147705078125" lon="7.01981666497886180877685546875">
        <ele>1036.4000244140625</ele>
        <time>2021-12-05T15:46:44.000Z</time>
        <extensions>
          <ns3:TrackPointExtension>
            <ns3:atemp>20.0</ns3:atemp>
            <ns3:hr>119</ns3:hr>
            <ns3:cad>58</ns3:cad>
          </ns3:TrackPointExtension>
        </extensions>
      </trkpt>
      <trkpt lat="47.25271266885101795196533203125" lon="7.01976117677986621856689453125">
        <ele>1036.5999755859375</ele>
        <time>2021-12-05T15:46:49.000Z</time>
        <extensions>
          <ns3:TrackPointExtension>
            <ns3:atemp>20.0</ns3:atemp>
            <ns3:hr>119</ns3:hr>
            <ns3:cad>66</ns3:cad>
          </ns3:TrackPointExtension>
        </extensions>
      </trkpt>
      <trkpt lat="47.252747118473052978515625" lon="7.01970510184764862060546875">
        <ele>1035.4000244140625</ele>
        <time>2021-12-05T15:46:52.000Z</time>
        <extensions>
          <ns3:TrackPointExtension>
            <ns3:atemp>20.0</ns3:atemp>
            <ns3:hr>118</ns3:hr>
            <ns3:cad>63</ns3:cad>
          </ns3:TrackPointExtension>
        </extensions>
      </trkpt>
      <trkpt lat="47.25276011042296886444091796875" lon="7.0196771062910556793212890625">
        <ele>1035</ele>
        <time>2021-12-05T15:46:54.000Z</time>
        <extensions>
          <ns3:TrackPointExtension>
            <ns3:atemp>20.0</ns3:atemp>
            <ns3:hr>116</ns3:hr>
            <ns3:cad>62</ns3:cad>
          </ns3:TrackPointExtension>
        </extensions>
      </trkpt>
      <trkpt lat="47.25278324447572231292724609375" lon="7.01967291533946990966796875">
        <ele>1034.4000244140625</ele>
        <time>2021-12-05T15:46:56.000Z</time>
        <extensions>
          <ns3:TrackPointExtension>
            <ns3:atemp>20.0</ns3:atemp>
            <ns3:hr>114</ns3:hr>
            <ns3:cad>62</ns3:cad>
          </ns3:TrackPointExtension>
        </extensions>
      </trkpt>
      <trkpt lat="47.25280755199491977691650390625" lon="7.01967232860624790191650390625">
        <ele>1034.199951171875</ele>
        <time>2021-12-05T15:46:58.000Z</time>
        <extensions>
          <ns3:TrackPointExtension>
            <ns3:atemp>20.0</ns3:atemp>
            <ns3:hr>117</ns3:hr>
            <ns3:cad>63</ns3:cad>
          </ns3:TrackPointExtension>
        </extensions>
      </trkpt>
      <trkpt lat="47.2528317756950855255126953125" lon="7.01966813765466213226318359375">
        <ele>1033.800048828125</ele>
        <time>2021-12-05T15:47:00.000Z</time>
        <extensions>
          <ns3:TrackPointExtension>
            <ns3:atemp>20.0</ns3:atemp>
            <ns3:hr>114</ns3:hr>
            <ns3:cad>61</ns3:cad>
          </ns3:TrackPointExtension>
        </extensions>
      </trkpt>
      <trkpt lat="47.2528585977852344512939453125" lon="7.0196506194770336151123046875">
        <ele>1033.4000244140625</ele>
        <time>2021-12-05T15:47:02.000Z</time>
        <extensions>
          <ns3:TrackPointExtension>
            <ns3:atemp>20.0</ns3:atemp>
            <ns3:hr>110</ns3:hr>
            <ns3:cad>61</ns3:cad>
          </ns3:TrackPointExtension>
        </extensions>
      </trkpt>
      <trkpt lat="47.2528726793825626373291015625" lon="7.0196378789842128753662109375">
        <ele>1033.4000244140625</ele>
        <time>2021-12-05T15:47:03.000Z</time>
        <extensions>
          <ns3:TrackPointExtension>
            <ns3:atemp>20.0</ns3:atemp>
            <ns3:hr>111</ns3:hr>
            <ns3:cad>61</ns3:cad>
          </ns3:TrackPointExtension>
        </extensions>
      </trkpt>
      <trkpt lat="47.25296043790876865386962890625" lon="7.0196120627224445343017578125">
        <ele>1033.5999755859375</ele>
        <time>2021-12-05T15:47:09.000Z</time>
        <extensions>
          <ns3:TrackPointExtension>
            <ns3:atemp>20.0</ns3:atemp>
            <ns3:hr>111</ns3:hr>
            <ns3:cad>61</ns3:cad>
          </ns3:TrackPointExtension>
        </extensions>
      </trkpt>
      <trkpt lat="47.25300251506268978118896484375" lon="7.0196174271404743194580078125">
        <ele>1033.4000244140625</ele>
        <time>2021-12-05T15:47:12.000Z</time>
        <extensions>
          <ns3:TrackPointExtension>
            <ns3:atemp>20.0</ns3:atemp>
            <ns3:hr>114</ns3:hr>
            <ns3:cad>61</ns3:cad>
          </ns3:TrackPointExtension>
        </extensions>
      </trkpt>
      <trkpt lat="47.25303604267537593841552734375" lon="7.0196258090436458587646484375">
        <ele>1032.199951171875</ele>
        <time>2021-12-05T15:47:15.000Z</time>
        <extensions>
          <ns3:TrackPointExtension>
            <ns3:atemp>20.0</ns3:atemp>
            <ns3:hr>115</ns3:hr>
            <ns3:cad>61</ns3:cad>
          </ns3:TrackPointExtension>
        </extensions>
      </trkpt>
      <trkpt lat="47.2530835680663585662841796875" lon="7.01964617706835269927978515625">
        <ele>1032.4000244140625</ele>
        <time>2021-12-05T15:47:20.000Z</time>
        <extensions>
          <ns3:TrackPointExtension>
            <ns3:atemp>20.0</ns3:atemp>
            <ns3:hr>111</ns3:hr>
            <ns3:cad>57</ns3:cad>
          </ns3:TrackPointExtension>
        </extensions>
      </trkpt>
      <trkpt lat="47.25309572182595729827880859375" lon="7.0196509547531604766845703125">
        <ele>1032.5999755859375</ele>
        <time>2021-12-05T15:47:21.000Z</time>
        <extensions>
          <ns3:TrackPointExtension>
            <ns3:atemp>20.0</ns3:atemp>
            <ns3:hr>114</ns3:hr>
            <ns3:cad>57</ns3:cad>
          </ns3:TrackPointExtension>
        </extensions>
      </trkpt>
      <trkpt lat="47.2531234659254550933837890625" lon="7.01965925283730030059814453125">
        <ele>1032.800048828125</ele>
        <time>2021-12-05T15:47:24.000Z</time>
        <extensions>
          <ns3:TrackPointExtension>
            <ns3:atemp>20.0</ns3:atemp>
            <ns3:hr>108</ns3:hr>
            <ns3:cad>55</ns3:cad>
          </ns3:TrackPointExtension>
        </extensions>
      </trkpt>
      <trkpt lat="47.2531301714479923248291015625" lon="7.0196596719324588775634765625">
        <ele>1032.800048828125</ele>
        <time>2021-12-05T15:47:25.000Z</time>
        <extensions>
          <ns3:TrackPointExtension>
            <ns3:atemp>20.0</ns3:atemp>
            <ns3:hr>104</ns3:hr>
            <ns3:cad>55</ns3:cad>
          </ns3:TrackPointExtension>
        </extensions>
      </trkpt>
      <trkpt lat="47.2531398944556713104248046875" lon="7.01966679655015468597412109375">
        <ele>1032.800048828125</ele>
        <time>2021-12-05T15:47:26.000Z</time>
        <extensions>
          <ns3:TrackPointExtension>
            <ns3:atemp>20.0</ns3:atemp>
            <ns3:hr>101</ns3:hr>
            <ns3:cad>54</ns3:cad>
          </ns3:TrackPointExtension>
        </extensions>
      </trkpt>
      <trkpt lat="47.2531489469110965728759765625" lon="7.01966620981693267822265625">
        <ele>1032.800048828125</ele>
        <time>2021-12-05T15:47:27.000Z</time>
        <extensions>
          <ns3:TrackPointExtension>
            <ns3:atemp>20.0</ns3:atemp>
            <ns3:hr>100</ns3:hr>
            <ns3:cad>54</ns3:cad>
          </ns3:TrackPointExtension>
        </extensions>
      </trkpt>
      <trkpt lat="47.25314869545400142669677734375" lon="7.0196695625782012939453125">
        <ele>1032.800048828125</ele>
        <time>2021-12-05T15:47:28.000Z</time>
        <extensions>
          <ns3:TrackPointExtension>
            <ns3:atemp>20.0</ns3:atemp>
            <ns3:hr>100</ns3:hr>
            <ns3:cad>54</ns3:cad>
          </ns3:TrackPointExtension>
        </extensions>
      </trkpt>
      <trkpt lat="47.25314483977854251861572265625" lon="7.0196754299104213714599609375">
        <ele>1032.800048828125</ele>
        <time>2021-12-05T15:47:29.000Z</time>
        <extensions>
          <ns3:TrackPointExtension>
            <ns3:atemp>20.0</ns3:atemp>
            <ns3:hr>100</ns3:hr>
            <ns3:cad>53</ns3:cad>
          </ns3:TrackPointExtension>
        </extensions>
      </trkpt>
      <trkpt lat="47.25313964299857616424560546875" lon="7.01967232860624790191650390625">
        <ele>1032.199951171875</ele>
        <time>2021-12-05T15:47:34.000Z</time>
        <extensions>
          <ns3:TrackPointExtension>
            <ns3:atemp>20.0</ns3:atemp>
            <ns3:hr>97</ns3:hr>
            <ns3:cad>0</ns3:cad>
          </ns3:TrackPointExtension>
        </extensions>
      </trkpt>
      <trkpt lat="47.25313268601894378662109375" lon="7.01966595835983753204345703125">
        <ele>1032</ele>
        <time>2021-12-05T15:47:35.000Z</time>
        <extensions>
          <ns3:TrackPointExtension>
            <ns3:atemp>20.0</ns3:atemp>
            <ns3:hr>98</ns3:hr>
            <ns3:cad>0</ns3:cad>
          </ns3:TrackPointExtension>
        </extensions>
      </trkpt>
      <trkpt lat="47.25313461385667324066162109375" lon="7.01965606771409511566162109375">
        <ele>1032</ele>
        <time>2021-12-05T15:47:39.000Z</time>
        <extensions>
          <ns3:TrackPointExtension>
            <ns3:atemp>20.0</ns3:atemp>
            <ns3:hr>96</ns3:hr>
            <ns3:cad>0</ns3:cad>
          </ns3:TrackPointExtension>
        </extensions>
      </trkpt>
      <trkpt lat="47.25313805043697357177734375" lon="7.01965413987636566162109375">
        <ele>1032.199951171875</ele>
        <time>2021-12-05T15:47:40.000Z</time>
        <extensions>
          <ns3:TrackPointExtension>
            <ns3:atemp>20.0</ns3:atemp>
            <ns3:hr>99</ns3:hr>
            <ns3:cad>0</ns3:cad>
          </ns3:TrackPointExtension>
        </extensions>
      </trkpt>
      <trkpt lat="47.25313805043697357177734375" lon="7.01965355314314365386962890625">
        <ele>1032.199951171875</ele>
        <time>2021-12-05T15:47:41.000Z</time>
        <extensions>
          <ns3:TrackPointExtension>
            <ns3:atemp>20.0</ns3:atemp>
            <ns3:hr>97</ns3:hr>
            <ns3:cad>0</ns3:cad>
          </ns3:TrackPointExtension>
        </extensions>
      </trkpt>
      <trkpt lat="47.25314048118889331817626953125" lon="7.019658498466014862060546875">
        <ele>1032.4000244140625</ele>
        <time>2021-12-05T15:47:44.000Z</time>
        <extensions>
          <ns3:TrackPointExtension>
            <ns3:atemp>20.0</ns3:atemp>
            <ns3:hr>98</ns3:hr>
            <ns3:cad>0</ns3:cad>
          </ns3:TrackPointExtension>
        </extensions>
      </trkpt>
      <trkpt lat="47.2531469352543354034423828125" lon="7.0196670480072498321533203125">
        <ele>1032.199951171875</ele>
        <time>2021-12-05T15:47:48.000Z</time>
        <extensions>
          <ns3:TrackPointExtension>
            <ns3:atemp>20.0</ns3:atemp>
            <ns3:hr>100</ns3:hr>
            <ns3:cad>0</ns3:cad>
          </ns3:TrackPointExtension>
        </extensions>
      </trkpt>
      <trkpt lat="47.2531516291201114654541015625" lon="7.019675932824611663818359375">
        <ele>1031.5999755859375</ele>
        <time>2021-12-05T15:47:51.000Z</time>
        <extensions>
          <ns3:TrackPointExtension>
            <ns3:atemp>20.0</ns3:atemp>
            <ns3:hr>97</ns3:hr>
            <ns3:cad>0</ns3:cad>
          </ns3:TrackPointExtension>
        </extensions>
      </trkpt>
      <trkpt lat="47.25317082367837429046630859375" lon="7.0197312533855438232421875">
        <ele>1031.199951171875</ele>
        <time>2021-12-05T15:47:56.000Z</time>
        <extensions>
          <ns3:TrackPointExtension>
            <ns3:atemp>20.0</ns3:atemp>
            <ns3:hr>98</ns3:hr>
            <ns3:cad>0</ns3:cad>
          </ns3:TrackPointExtension>
        </extensions>
      </trkpt>
      <trkpt lat="47.25319479592144489288330078125" lon="7.019771821796894073486328125">
        <ele>1031.4000244140625</ele>
        <time>2021-12-05T15:48:03.000Z</time>
        <extensions>
          <ns3:TrackPointExtension>
            <ns3:atemp>20.0</ns3:atemp>
            <ns3:hr>96</ns3:hr>
            <ns3:cad>0</ns3:cad>
          </ns3:TrackPointExtension>
        </extensions>
      </trkpt>
      <trkpt lat="47.25320133380591869354248046875" lon="7.019777186214923858642578125">
        <ele>1031.4000244140625</ele>
        <time>2021-12-05T15:48:05.000Z</time>
        <extensions>
          <ns3:TrackPointExtension>
            <ns3:atemp>20.0</ns3:atemp>
            <ns3:hr>96</ns3:hr>
            <ns3:cad>0</ns3:cad>
          </ns3:TrackPointExtension>
        </extensions>
      </trkpt>
    </trkseg>
  </trk>
</gpx>
